SpeciesName,Phylum,Class,Order,Family,Genus,Species,Subspecies,Authorship,CommonName,ITI,P-Name,P-code,Category,Source
?Barantolla sp.,,,,,?Barantolla,sp.,,,,,,,,RH_CERCLA_EPA
Acanthina spirata,Mollusca,Gastropoda,Neogastropoda,Muricidae,Acanthina,spirata,,,,,,,,SQO 2005
Acanthodoris hudsoni,Mollusca,Gastropoda,Nudibranchia,Onchidorididae,Acanthodoris,hudsoni,,MacFarland 1905,,,,,,"SCAMIT, SQO2005"
Acanthodoris rhodoceras,Mollusca,Gastropoda,Nudibranchia,Onchidorididae,Acanthodoris,rhodoceras,,Cockerell in Cockerell & Eliot 1905,,,,,Gastropods,"SCAMIT, SQO2005"
Acanthomysis sp,Arthropoda,Malacostraca,Mysidacea,Mysidae,Acanthomysis,sp,,,,,,,,"SCAMIT, SQO2005"
Acanthoptilum sp,Cnidaria,Anthozoa,Pennatulacea,Virgulariidae,Acanthoptilum,sp,,,,,,,,SCAMIT
Achelia nudiuscula,Arthropoda,Pycnogonida,Pegmata,Ammotheidae,Achelia,nudiuscula,,,,,,,,"LEMP, SQO2005"
Achelia simplissima,Arthropoda,Pycnogonida,Pegmata,Ammotheidae,Achelia,simplissima,,,,,,,,SQO 2005
Achelia sp,Arthropoda,Pycnogonida,Pegmata,Ammotheidae,Achelia,sp,,,,,,,,"NASSCO, SQO2005"
Acidostoma hancocki,Arthropoda,Malacostraca,Amphipoda,Lysianassidae,Acidostoma,hancocki,,Hurley 1963,,,ACIDOSTOMA HANCOCKI,P002,Crustaceans,"SCAMIT, SQO2005"
Acila castrensis,Mollusca,Bivalvia,Nuculoida,Nuculidae,Acila,castrensis,,(Hinds 1843),,,ACILA CASTRENSIS,P003,Bivalves,SCAMIT
Aclis occidentalis,Mollusca,Gastropoda,Neotaenioglossa,Aclididae,Aclis,occidentalis,,(Hemphill 1894),,,,,,"SCAMIT, SQO2005"
Acmira catherinae ,Annelida,Polychaeta,,Paraonidae,Acmira,catherinae,,,,,,,Polychaetes,SCAMIT
Acmira horikoshii ,,,,,Acmira,horikoshii,,,,,,,,SCAMIT
Acmira lopezi ,Annelida,Polychaeta,,Paraonidae,Acmira,lopezi,,,,,,,Polychaetes,SCAMIT
Acmira simplex ,,,,,Acmira,simplex,,,,,,,,SCAMIT
Acmira sp ,,,,,Acmira,sp,,,,,,,,SCAMIT
Acmira sp C,,,,,Acmira,sp C,,,,,,,,SCAMIT
Acoetes pacifica,Annelida,Polychaeta,Phyllodocida,Acoetidae,Acoetes,pacifica,,(Treadwell 1914),,,ACOETES PACIFICA,P005, ,SCAMIT
Acrocirrus frontifilis,Annelida,Polychaeta,Spionida,Acrocirridae,Acrocirrus,frontifilis,,(Grube 1860),,,,,,SCAMIT
Acrocirrus sp,Annelida,Polychaeta,Spionida,Acrocirridae,Acrocirrus,sp,,,,,,,,SCAMIT
Acteocina carinata,Mollusca,Gastropoda,Cephalaspidea,Scaphandridae,Acteocina,carinata,,(Carpenter 1856),,,,,,"SCAMIT, SQO2005"
Acteocina culcitella,Mollusca,Gastropoda,Cephalaspidea,Scaphandridae,Acteocina,culcitella,,(Gould 1853),,,ACTEOCINA CULCITELLA,P006,Gastropods,"SCAMIT, SQO2005"
Acteocina eximia,Mollusca,Gastropoda,Cephalaspidea,Scaphandridae,Acteocina,eximia,,(Baird 1863),,,,,Gastropods,SCAMIT
Acteocina harpa,Mollusca,Gastropoda,Cephalaspidea,Scaphandridae,Acteocina,harpa,,(Dall 1871),,,ACTEOCINA HARPA,P007,Gastropods,"SCAMIT, SQO2005"
Acteocina inculta,Mollusca,Gastropoda,Cephalaspidea,Scaphandridae,Acteocina,inculta,,(Gould 1855),,,ACTEOCINA INCULTA,P008,Gastropods,"SCAMIT, SQO2005"
Acteocina sp,Mollusca,Gastropoda,Cephalaspidea,Scaphandridae,Acteocina,sp,,,,,,,,"SCAMIT, SQO2005"
Acteon traskii,Mollusca,Gastropoda,"""Lower Heterobranchia""",Acteonidae,Acteon,traskii,,Stearns 1898,,,ACTEON TRASKII,P009,Gastropods,SCAMIT
Actinaria sp. A,,,,,Actinaria,sp. A,,,,,,,,RH_CERCLA_EPA
Actiniaria,Cnidaria,Anthozoa,Actiniaria,Edwardsiidae,Actiniaria,0,,,anemones,,,,,"SCAMIT, SQO2005"
Acuminodeutopus heteruropus,Arthropoda,Malacostraca,Amphipoda,Aoridae,Acuminodeutopus,heteruropus,,J. L. Barnard 1959,,,ACUMINODEUTOPUS HETERUROPUS,P010,Crustaceans,"SCAMIT, SQO2005"
Acuminodeutopus oculatus,,,,,Acuminodeutopus,oculatus,,,,,,,,BPTCP
Admete couthoyi ,,,,,Admete,couthoyi,,,,,,,,SCAMIT
Admete sp,Mollusca,Gastropoda,Neogastropoda,Cancellariidae,Admete,sp,,,,,,,,SCAMIT
Adontorhina cyclia,Mollusca,Bivalvia,Veneroida,Thyasiridae,Adontorhina,cyclia,,Berry 1947,,,ADONTORHINA CYCLIA,P011,Bivalves,SCAMIT
Adula diegensis,Mollusca,Bivalvia,Mytiloida,Mytilidae,Adula,diegensis,,,,,,,,SQO 2005
Adula sp,Mollusca,Bivalvia,Mytiloida,Mytilidae,Adula,sp,,,,,,,,SCAMIT
Aedicira pacifica ,,,,,Aedicira,pacifica,,,,,,,,SCAMIT
Aegires albopunctatus,Mollusca,Gastropoda,Nudibranchia,Notodorididae,Aegires,albopunctatus,,MacFarland 1905,,,,,Gastropods,"SCAMIT, SQO2005"
Aeolidoida,Mollusca,Gastropoda,Nudibranchia,,Aeolidoida,0,,,,,,, ,SCAMIT
Aglaja ocelligera,Mollusca,Gastropoda,Cephalaspidea,Aglajidae,Aglaja,ocelligera,,(Bergh 1893),,,AGLAJA OCELLIGERA,P013,Gastropods,"SCAMIT, SQO2005"
Aglaja sp,Mollusca,Gastropoda,Cephalaspidea,Aglajidae,Aglaja,sp,,,,,,,,SCAMIT
Aglajidae,Mollusca,Gastropoda,Cephalaspidea,Aglajidae,Aglajidae,0,,,,,,,Gastropods,SCAMIT
Aglaophamus dicirris ,,,,,Aglaophamus,dicirris,,,,,,,,SCAMIT
Aglaophamus erectans,Annelida,Polychaeta,Phyllodocida,Nephtyidae,Aglaophamus,erectans,,Hartman 1950,,,AGLAOPHAMUS ERECTANS,P014,Polychaetes,SCAMIT
Aglaophamus paucilamellata,Annelida,Polychaeta,Phyllodocida,Nephtyidae,Aglaophamus,paucilamellata,,Fauchald 1972,,,,, ,SCAMIT
Aglaophamus sp,Annelida,Polychaeta,Phyllodocida,Nephtyidae,Aglaophamus,sp,,,,,,,,SCAMIT
Aglaophamus verrilli,Annelida,Polychaeta,Phyllodocida,Nephtyidae,Aglaophamus,verrilli,,(McIntosh 1885),,,AGLAOPHAMUS VERRILLI,P015,Polychaetes,"SCAMIT, SQO2005"
Agnezia septentrionalis,Chordata,Ascidiacea,Phlebobranchiata,Agneziidae,Agnezia,septentrionalis,,(Huntsman 1912),,,,, ,"SCAMIT, SQO2005"
Agrissa hamatipes,,,,,Agrissa,hamatipes,,,,,,,,BPTCP
Akera sp,Mollusca,Gastropoda,Anaspidea,Akeridae,Akera,sp,,,,,,,,SCAMIT
Alabina phalacra,Mollusca,Gastropoda,Neotaenioglossa,Obtortionidae,Alabina,phalacra,,Bartsch 1911,,,,,,"SCAMIT, SQO2005"
Alderia modesta,Mollusca,Gastropoda,Sacoglossa,Hermaeidae,Alderia,modesta,,(Lóven 1844),,,,,Gastropods,"SCAMIT, SQO2005"
Alia carinata,Mollusca,Gastropoda,Neogastropoda,Columbellidae,Alia,carinata,,(Hinds 1844),,,,,Gastropods,"SCAMIT, SQO2005"
Alia sp,Mollusca,Gastropoda,Neogastropoda,Columbellidae,Alia,sp,,,,,,,,SCAMIT
Alia tuberosa,Mollusca,Gastropoda,Neogastropoda,Columbellidae,Alia,tuberosa,,(Carpenter 1864),,,ALIA TUBEROSA,P016,Gastropods,"SCAMIT, SQO2005"
Alienacanthomysis macropsis,Arthropoda,Malacostraca,Mysidacea,Mysidae,Alienacanthomysis,macropsis,,(W. Tattersall 1932),,,,,Crustaceans,"SCAMIT, SQO2005"
Allia antennata ,,,,,Allia,antennata,,,,,,,,SCAMIT
Allia ramosa ,,,,,Allia,ramosa,,,,,,,,SCAMIT
Allia sp ,,,,,Allia,sp,,,,,,,,SCAMIT
Allia sp A,,,,,Allia,sp A,,,,,,,,SCAMIT
Allorchestes angusta,Arthropoda,Malacostraca,Amphipoda,Hyalellidae,Allorchestes,angusta,,,,NR,,,Crustaceans,"WEMAP99, SQO2005"
Alpheidae,Arthropoda,Malacostraca,Decapoda,Alpheidae,Alpheidae,0,,,,,,,Crustaceans,"SCAMIT, SQO2005"
Alpheopsis equidactylus,Arthropoda,Malacostraca,Decapoda,Alpheidae,Alpheopsis,equidactylus,,(Lockington 1877),,,,,Crustaceans,"SCAMIT, SQO2005"
Alpheus bellimanus,Arthropoda,Malacostraca,Decapoda,Alpheidae,Alpheus,bellimanus,,Lockington 1877,,,,,Crustaceans,"SCAMIT, SQO2005"
Alpheus californiensis,Arthropoda,Malacostraca,Decapoda,Alpheidae,Alpheus,californiensis,,Holmes 1900,,,,,Crustaceans,"SCAMIT, SQO2005"
Alpheus clamator,Arthropoda,Malacostraca,Decapoda,Alpheidae,Alpheus,clamator,,Lockington 1877,,,,,Crustaceans,"SCAMIT, SQO2005"
Alpheus sp,Arthropoda,Malacostraca,Decapoda,Alpheidae,Alpheus,sp,,,,,,,,"SCAMIT, SQO2005"
Alvania acutelirata,Mollusca,Gastropoda,Neotaenioglossa,Rissoidae,Alvania,acutelirata,,(Carpenter 1864),,,ALVANIA ACUTELIRATA,P021,Gastropods,SCAMIT
Alvania compacta,Mollusca,Gastropoda,Neotaenioglossa,Rissoidae,Alvania,compacta,,(Carpenter 1864),,,ALVANIA ACUTELIRATA,,Gastropods,"SCAMIT, SQO2005"
Alvania rosana,Mollusca,Gastropoda,Neotaenioglossa,Rissoidae,Alvania,rosana,,Bartsch 1911,,,ALVANIA ROSANA,P022,Gastropods,SCAMIT
Amaeana occidentalis,Annelida,Polychaeta,Terebellida,Terebellidae,Amaeana,occidentalis,,(Hartman 1944),,1,AMAEANA OCCIDENTALIS,P023,Polychaetes,"SCAMIT, SQO2005"
Amage anops,Annelida,Polychaeta,Terebellida,Ampharetidae,Amage,anops,,(Johnson 1901),,1,AMAGE ANOPS,P024,Polychaetes,SCAMIT
Amakusanthura californiensis,Arthropoda,Malacostraca,Isopoda,Anthuridae,Amakusanthura,californiensis,,(Schultz 1964),,,,, ,SCAMIT
Amastigos acutus,Annelida,Polychaeta,Capitellida,Capitellidae,Amastigos,acutus,,Piltz 1977,,,,,,SCAMIT
Amathia sp,Ectoprocta,Gymnolaemata,Ctenostomata,Vesiculariidae,Amathia,sp,,,,,,,,"SCAMIT, SQO2005"
Amathimysis trigibba,Arthropoda,Malacostraca,Mysidacea,Mysidae,Amathimysis,trigibba,,Murano & Chess 1987,,,,,Crustaceans,"SCAMIT, SQO2005"
Ambidexter panamensis,Arthropoda,Malacostraca,Decapoda,Processidae,Ambidexter,panamensis,,Abele 1972,,,,,,"SCAMIT, SQO2005"
Amblyosyllis sp,Annelida,Polychaeta,Phyllodocida,Syllidae,Amblyosyllis,sp,,,,,,,,SQO 2005
Americardia biangulata,Mollusca,Bivalvia,Veneroida,Cardiidae,Americardia,biangulata,,(Broderip & G. B. Sowerby I 1829),,,,,Bivalves,SCAMIT
Americhelidium rectipalmum,Arthropoda,Malacostraca,Amphipoda,Oedicerotidae,Americhelidium,rectipalmum,,(Mills 1962),,,SYNCHELIDIUM SP,,,SCAMIT
Americhelidium sp,Arthropoda,Malacostraca,Amphipoda,Oedicerotidae,Americhelidium,sp,,,,,,,,SQO 2005
Americorophium salmonis,Arthropoda,Malacostraca,Amphipoda,Corophiidae,Americorophium,salmonis,,,,NR,,, ,"WEMAP99, SQO2005"
Americorophium spinicorne,Arthropoda,Malacostraca,Amphipoda,Corophiidae,Americorophium,spinicorne,,,,NR,,,,"WEMAP99, SQO2005"
Americorophium stimpsoni,Arthropoda,Malacostraca,Amphipoda,Corophiidae,Americorophium,stimpsoni,,,,NR,,, ,"WEMAP99, SQO2005"
Ammothea hilgendorfi,Arthropoda,Pycnogonida,Pegmata,Ammotheidae,Ammothea,hilgendorfi,,(Bvhm 1879),,,,,,"SCAMIT, SQO2005"
Ampelisca abdita,Arthropoda,Malacostraca,Amphipoda,Ampeliscidae,Ampelisca,abdita,,,,,,,Crustaceans,"CISNET, SQO2005"
Ampelisca agassizi,Arthropoda,Malacostraca,Amphipoda,Ampeliscidae,Ampelisca,agassizi,,(Judd 1896),,1,AMPELISCA AGASSIZI,P025,Crustaceans,"SCAMIT, SQO2005"
Ampelisca brachycladus,Arthropoda,Malacostraca,Amphipoda,Ampeliscidae,Ampelisca,brachycladus,,Roney 1990,,1,AMPELISCA BRACHYCLADUS,P026,Crustaceans,"SCAMIT, SQO2005"
Ampelisca brevisimulata,Arthropoda,Malacostraca,Amphipoda,Ampeliscidae,Ampelisca,brevisimulata,,J. L. Barnard 1954,,1,AMPELISCA BREVISIMULATA,P027,Crustaceans,"SCAMIT, SQO2005"
Ampelisca careyi,Arthropoda,Malacostraca,Amphipoda,Ampeliscidae,Ampelisca,careyi,,Dickinson 1982,,1,AMPELISCA CAREYI,P028,Crustaceans,"SCAMIT, SQO2005"
Ampelisca cristata ,Arthropoda,Malacostraca,Amphipoda,Ampeliscidae,Ampelisca,cristata,,,,,,,Crustaceans,"SCAMIT, SQO2005"
Ampelisca cristata cristata,Arthropoda,Malacostraca,Amphipoda,Ampeliscidae,Ampelisca,cristata,cristata,Holmes 1908,,1,AMPELISCA CRISTATA,P029,Crustaceans,SCAMIT
Ampelisca cristata microdentata,Arthropoda,Malacostraca,Amphipoda,Ampeliscidae,Ampelisca,cristata,microdentata,J. L. Barnard 1954,,1,AMPELISCA CRISTATA,P029,Crustaceans,SCAMIT
Ampelisca cucullata,Arthropoda,Malacostraca,Amphipoda,Ampeliscidae,Ampelisca,cucullata,,J. L. Barnard 1954,,1,,,,SCAMIT
Ampelisca hancocki ,Arthropoda,Malacostraca,Amphipoda,Ampeliscidae,Ampelisca,hancocki,,,,,,,Crustaceans,SCAMIT
Ampelisca hancocki Cmplx,Arthropoda,Malacostraca,Amphipoda,Ampeliscidae,Ampelisca,hancocki Cmplx,,,,1,AMPELISCA HANCOCKI COMPLEX,P030, ,SCAMIT
Ampelisca indentata,Arthropoda,Malacostraca,Amphipoda,Ampeliscidae,Ampelisca,indentata,,J. L. Barnard 1954,,1,AMPELISCA INDENTATA,P031,Crustaceans,SCAMIT
Ampelisca lobata,Arthropoda,Malacostraca,Amphipoda,Ampeliscidae,Ampelisca,lobata,,Holmes 1908,,1,,,Crustaceans,"SCAMIT, SQO2005"
Ampelisca milleri,Arthropoda,Malacostraca,Amphipoda,Ampeliscidae,Ampelisca,milleri,,J. L. Barnard 1954,,1,AMPELISCA MILLERI,P032,Crustaceans,"SCAMIT, SQO2005"
Ampelisca pacifica,Arthropoda,Malacostraca,Amphipoda,Ampeliscidae,Ampelisca,pacifica,,Holmes 1908,,1,AMPELISCA PACIFICA,P033,Crustaceans,SCAMIT
Ampelisca pugetica,Arthropoda,Malacostraca,Amphipoda,Ampeliscidae,Ampelisca,pugetica,,Stimpson 1864,,1,AMPELISCA PUGETICA,P034,Crustaceans,"SCAMIT, SQO2005"
Ampelisca romigi,Arthropoda,Malacostraca,Amphipoda,Ampeliscidae,Ampelisca,romigi,,J. L. Barnard 1954,,1,AMPELISCA ROMIGI,P035,Crustaceans,"SCAMIT, SQO2005"
Ampelisca sp,Arthropoda,Malacostraca,Amphipoda,Ampeliscidae,Ampelisca,sp,,,,1,,,,"SCAMIT, SQO2005"
Ampelisca unsocalae,Arthropoda,Malacostraca,Amphipoda,Ampeliscidae,Ampelisca,unsocalae,,J. L. Barnard 1960,,1,AMPELISCA UNSOCALAE,P037,Crustaceans,SCAMIT
Ampeliscidae,Arthropoda,Malacostraca,Amphipoda,Ampeliscidae,Ampeliscidae,0,,,,,,,Crustaceans,SCAMIT
Ampelisciphotis podophthalma,Arthropoda,Malacostraca,Amphipoda,Isaeidae,Ampelisciphotis,podophthalma,,(J. L. Barnard 1958),,,AMPELISCIPHOTIS PODOPHTHALMA,P038,Crustaceans,SCAMIT
Ampharete acutifrons,Annelida,Polychaeta,Terebellida,Ampharetidae,Ampharete,acutifrons,,(Grube 1860),,1,AMPHARETE ACUTIFRONS,P039,Polychaetes,"SCAMIT, SQO2005"
Ampharete arctica,Annelida,Polychaeta,Terebellida,Ampharetidae,Ampharete,arctica,,Malmgren 1866,,1,AMPHARETE ARCTICA,P040,Polychaetes,SCAMIT
Ampharete finmarchica,Annelida,Polychaeta,Terebellida,Ampharetidae,Ampharete,finmarchica,,(M. Sars 1864),,1,AMPHARETE ARCTICA,,Polychaetes,"SCAMIT, SQO2005"
Ampharete goesi,Annelida,Polychaeta,Terebellida,Ampharetidae,Ampharete,goesi,,Malmgren 1866,,1,,,Polychaetes,SCAMIT
Ampharete labrops,Annelida,Polychaeta,Terebellida,Ampharetidae,Ampharete,labrops,,Hartman 1961,,1,AMPHARETE LABROPS,P041,Polychaetes,"SCAMIT, SQO2005"
Ampharete sp,Annelida,Polychaeta,Terebellida,Ampharetidae,Ampharete,sp,,,,1,,,,"SCAMIT, SQO2005"
Ampharetidae,Annelida,Polychaeta,Terebellida,Ampharetidae,Ampharetidae,0,,,,1,,,Polychaetes,"SCAMIT, SQO2005"
Ampharetidae sp 1,Annelida,Polychaeta,Terebellida,Ampharetidae,Ampharetidae,sp 1,,Pt. Loma 1994  §,,1,,,,SCAMIT
Ampharetidae sp SD1,Annelida,Polychaeta,Terebellida,Ampharetidae,Ampharetidae,sp SD1,,,,1,,,,SCAMIT
Ampharetidae spp. juv.,,,,,Ampharetidae,spp. juv.,,,,,,,,BPTCP
"Ampharetidae, unident.(juv)",,,,,"Ampharetidae,",unident.(juv),,,,,,,,BPTCP
Ampharetinae,Annelida,Polychaeta,Terebellida,Ampharetidae,Ampharetinae,0,,,,1,,,,SCAMIT
Amphichondrius granulatus,Echinodermata,Ophiuroidea,Ophiurida,Amphiuridae,Amphichondrius,granulatus,,(Lütken & Mortensen 1899),,,AMPHICHONDRIUS GRANULOSUS,P042, ,SCAMIT
Amphichondrius granulosus ,Echinodermata,Stelleroidea,Ophiurida,Amphiuridae,Amphichondrius,granulosus,,,,,,,Echinoderms,SCAMIT
Amphicteis glabra,Annelida,Polychaeta,Terebellida,Ampharetidae,Amphicteis,glabra,,Moore 1905,,1,AMPHICTEIS GLABRA,P043,Polychaetes,SCAMIT
Amphicteis mucronata,Annelida,Polychaeta,Terebellida,Ampharetidae,Amphicteis,mucronata,,Moore 1923,,1,,, ,SCAMIT
Amphicteis scaphobranchiata,Annelida,Polychaeta,Terebellida,Ampharetidae,Amphicteis,scaphobranchiata,,Moore 1906,,1,AMPHICTEIS SCAPHOBRANCHIATA,P044,Polychaetes,"SCAMIT, SQO2005"
Amphicteis sp,Annelida,Polychaeta,Terebellida,Ampharetidae,Amphicteis,sp,,,,1,,,,SCAMIT
Amphideutopus oculatus,Arthropoda,Malacostraca,Amphipoda,Isaeidae,Amphideutopus,oculatus,,J. L. Barnard 1959,,,AMPHIDEUTOPUS OCULATUS,P045,Crustaceans,"SCAMIT, SQO2005"
Amphiduros sp,Annelida,Polychaeta,Phyllodocida,Hesionidae,Amphiduros,sp,,,,,,,,"SCAMIT, SQO2005"
Amphilochidae,Arthropoda,Malacostraca,Amphipoda,Amphilochidae,Amphilochidae,0,,,,,,,Crustaceans,SCAMIT
Amphilochus picadurus,Arthropoda,Malacostraca,Amphipoda,Amphilochidae,Amphilochus,picadurus,,J. L. Barnard 1962,,,,,Crustaceans,SCAMIT
Amphinemertes caeca,Nemertea,Enopla,Hoplonemertea,Tetrastemmatidae,Amphinemertes,caeca,,(Coe 1901),,,,,,SCAMIT
Amphiodia digitata,Echinodermata,Ophiuroidea,Ophiurida,Amphiuridae,Amphiodia,digitata,,Nielsen 1932,,1,AMPHIODIA COMPLEX,P046,Echinoderms,SCAMIT
Amphiodia psara,Echinodermata,Ophiuroidea,Ophiurida,Amphiuridae,Amphiodia,psara,,H. L. Clark 1935,,1,AMPHIODIA COMPLEX,P046,Echinoderms,SCAMIT
Amphiodia sp,Echinodermata,Ophiuroidea,Ophiurida,Amphiuridae,Amphiodia,sp,,,,1,AMPHIODIA COMPLEX,P046,,"SCAMIT, SQO2005"
Amphiodia urtica,Echinodermata,Ophiuroidea,Ophiurida,Amphiuridae,Amphiodia,urtica,,(Lyman 1860),,1,AMPHIODIA COMPLEX,P046,Echinoderms,SCAMIT
Amphioplus hexacanthus ,,,,,Amphioplus,hexacanthus,,,,,,,,SCAMIT
Amphioplus macraspis,Echinodermata,Ophiuroidea,Ophiurida,Amphiuridae,Amphioplus,macraspis,,(H. L. Clark 1911),,1,AMPHIOPLUS SP,,,SCAMIT
Amphioplus sp,Echinodermata,Ophiuroidea,Ophiurida,Amphiuridae,Amphioplus,sp,,,,,AMPHIOPLUS SP,P047,,SCAMIT
Amphioplus sp LA1,Echinodermata,Ophiuroidea,Ophiurida,Amphiuridae,Amphioplus,sp LA1,,,,,AMPHIOPLUS SP,,,SCAMIT
Amphioplus strongyloplax,Echinodermata,Ophiuroidea,Ophiurida,Amphiuridae,Amphioplus,strongyloplax,,(H. L. Clark 1911),,,AMPHIOPLUS SP,P047,Echinoderms,"SCAMIT, SQO2005"
Amphipholis pugetana,Echinodermata,Ophiuroidea,Ophiurida,Amphiuridae,Amphipholis,pugetana,,(Lyman 1860),,1,AMPHIPHOLIS SP,P048,Echinoderms,SCAMIT
Amphipholis sp,Echinodermata,Ophiuroidea,Ophiurida,Amphiuridae,Amphipholis,sp,,,,1,AMPHIPHOLIS SP,P048,,"SCAMIT, SQO2005"
Amphipholis squamata,Echinodermata,Ophiuroidea,Ophiurida,Amphiuridae,Amphipholis,squamata,,(Delle Chiaje 1828),,1,AMPHIPHOLIS SP,P048,Echinoderms,"SCAMIT, SQO2005"
Amphipoda,Arthropoda,Malacostraca,Amphipoda,,Amphipoda,0,,,,,,,Crustaceans,"SCAMIT, SQO2005"
Amphiporus californicus,Nemertea,Enopla,Hoplonemertea,Amphiporidae,Amphiporus,californicus,,Coe 1905,,,,,,"SCAMIT, SQO2005"
Amphiporus cruentatus,Nemertea,Enopla,Hoplonemertea,Amphiporidae,Amphiporus,cruentatus,,(Hubrecht 1879),,,,,,"SCAMIT, SQO2005"
Amphiporus sp,Nemertea,Enopla,Hoplonemertea,Amphiporidae,Amphiporus,sp,,,,,,,,SCAMIT
Amphissa sp,Mollusca,Gastropoda,Neogastropoda,Columbellidae,Amphissa,sp,,,,,,,,SCAMIT
Amphissa undata,Mollusca,Gastropoda,Neogastropoda,Columbellidae,Amphissa,undata,,(Carpenter 1864),,,AMPHISSA UNDATA,P049,Gastropods,"SCAMIT, SQO2005"
Amphissa versicolor,Mollusca,Gastropoda,Neogastropoda,Columbellidae,Amphissa,versicolor,,Dall 1871,,,AMPHISSA VERSICOLOR,P050,Gastropods,SCAMIT
Amphitrite robusta,Annelida,Polychaeta,Terebellida,Terebellidae,Amphitrite,robusta,,Johnson 1901,,1,,, ,"SCAMIT, SQO2005"
Amphitrite sp,Annelida,Polychaeta,Terebellida,Terebellidae,Amphitrite,sp,,,,1,,,,SCAMIT
Amphitritinae,Annelida,Polychaeta,Terebellida,Terebellidae,Amphitritinae,0,,,,1,,, ,"SCAMIT, SQO2005"
Amphitritinae sp SD1,Annelida,Polychaeta,Terebellida,Terebellidae,Amphitritinae,sp SD1,,,,1,,,,SCAMIT
Amphiura arcystata,Echinodermata,Ophiuroidea,Ophiurida,Amphiuridae,Amphiura,arcystata,,H. L. Clark 1911,,,AMPHIURA ACRYSTATA,P051,Echinoderms,SCAMIT
Amphiura sp,Echinodermata,Ophiuroidea,Ophiurida,Amphiuridae,Amphiura,sp,,,,,,,,SCAMIT
Amphiuridae,Echinodermata,Ophiuroidea,Ophiurida,Amphiuridae,Amphiuridae,0,,,,1,AMPHIODIA COMPLEX,P046,Echinoderms,"SCAMIT, SQO2005"
Ampithoe lacertosa ,Arthropoda,Malacostraca,Amphipoda,Ampithoidae,Ampithoe,lacertosa,,,,,,,Crustaceans,"SCAMIT, SQO2005"
Ampithoe longimana,Arthropoda,Malacostraca,Amphipoda,Ampithoidae,Ampithoe,longimana,,,,,,,,SQO 2005
Ampithoe plumulosa,Arthropoda,Malacostraca,Amphipoda,Ampithoidae,Ampithoe,plumulosa,,Shoemaker 1938,,,,,Crustaceans,"SCAMIT, SQO2005"
Ampithoe sp,Arthropoda,Malacostraca,Amphipoda,Ampithoidae,Ampithoe,sp,,,,,,,,"SCAMIT, SQO2005"
Ampithoe valida,Arthropoda,Malacostraca,Amphipoda,Ampithoidae,Ampithoe,valida,,Smith 1873,,,,,Crustaceans,"SCAMIT, SQO2005"
Amygdalum pallidulum ,,,,,Amygdalum,pallidulum,,,,,,,,SCAMIT
Amygdalum politum,Mollusca,Bivalvia,Mytiloida,Mytilidae,Amygdalum,politum,,(Verrill & Smith in Verrill 1880),,,AMYGDALUM PALLIDULUM,P052,Bivalves,SCAMIT
Anadara multicostata,Mollusca,Bivalvia,Arcoida,Arcidae,Anadara,multicostata,,(G. B. Sowerby I 1833),,,,,,"SCAMIT, SQO2005"
Anasca sp. SF1,,,,,Anasca,sp. SF1,,,,,,,,RMP
Anatanais pseudonormani,,,,,Anatanais,pseudonormani,,,,,,,,BPTCP
Anchicolurus occidentalis,Arthropoda,Malacostraca,Cumacea,Diastylidae,Anchicolurus,occidentalis,,(Calman 1912),,2,ANCHICOLURUS OCCIDENTALIS,P053, ,"SCAMIT, SQO2005"
Ancinus granulatus,Arthropoda,Malacostraca,Isopoda,Ancinidae,Ancinus,granulatus,,Holmes & Gay 1909,,,,,Crustaceans,"SCAMIT, SQO2005"
Ancistrosyllis groenlandica,Annelida,Polychaeta,Phyllodocida,Pilargidae,Ancistrosyllis,groenlandica,,McIntosh 1879,,,ANCISTROSYLLIS SP,P054,Polychaetes,"SCAMIT, SQO2005"
Ancistrosyllis hamata,Annelida,Polychaeta,Phyllodocida,Pilargidae,Ancistrosyllis,hamata,,(Hartman 1960),,,ANCISTROSYLLIS SP,P054,Polychaetes,SCAMIT
Ancula sp,Mollusca,Gastropoda,Nudibranchia,Goniodorididae,Ancula,sp,,,,,,,,"SCAMIT, SQO2005"
Anemonactis sp,Cnidaria,Anthozoa,Actiniaria,Haloclavidae,Anemonactis,sp,,,,,,,,"SCAMIT, SQO2005"
anemone,,,,,anemone,0,,,,,,,,BPTCP
Anisogammarus pugettensis,Arthropoda,Malacostraca,Amphipoda,Anisogammaridae,Anisogammarus,pugettensis,,,,NR,,,Crustaceans,"WEMAP99, SQO2005"
Anobothrus gracilis,Annelida,Polychaeta,Terebellida,Ampharetidae,Anobothrus,gracilis,,(Malmgren 1866),,1,ANOBOTHRUS GRACILIS,P055,Polychaetes,SCAMIT
Anobothrus sp,Annelida,Polychaeta,Terebellida,Ampharetidae,Anobothrus,sp,,,,1,,,,SCAMIT
Anomura,Arthropoda,Malacostraca,Decapoda,,Anomura,0,,,,,,,Crustaceans,SCAMIT
Anonyx lilljeborgi,Arthropoda,Malacostraca,Amphipoda,Lysianassidae,Anonyx,lilljeborgi,,Boeck 1871,,,ANONYX LILLJEBORGI,P056,Crustaceans,SCAMIT
Anopla,Nemertea,Anopla,,,Anopla,0,,,,,,,,SCAMIT
Anopla sp A,Nemertea,Anopla,uncertain,uncertain,Anopla,sp A,,Phillips 1987  §,,,,,,SCAMIT
Anopla sp D,Nemertea,Anopla,uncertain,uncertain,Anopla,sp D,,SCAMIT 1995  §,,,,,,SCAMIT
Anoplodactylus californicus,Arthropoda,Pycnogonida,Pegmata,Phoxichilidiidae,Anoplodactylus,californicus,,Hall 1912,,,,, ,SCAMIT
Anoplodactylus erectus,Arthropoda,Pycnogonida,Pegmata,Phoxichilidiidae,Anoplodactylus,erectus,,Cole 1904,,,,,,"SCAMIT, SQO2005"
Anoplodactylus nodosus,Arthropoda,Pycnogonida,Pegmata,Phoxichilidiidae,Anoplodactylus,nodosus,,Hilton 1939,,,,,,"SCAMIT, SQO2005"
Anoplodactylus pacificus,Arthropoda,Pycnogonida,Pegmata,Phoxichilidiidae,Anoplodactylus,pacificus,,Hilton 1942,,,,, ,"SCAMIT, SQO2005"
Anoplodactylus sp,Arthropoda,Pycnogonida,Pegmata,Phoxichilidiidae,Anoplodactylus,sp,,,,,,,,"SCAMIT, SQO2005"
Anoplodactylus viridintestinalis,Arthropoda,Pycnogonida,Pegmata,Phoxichilidiidae,Anoplodactylus,viridintestinalis,,,,E00300,,,,"WEMAP99, SQO2005"
Anoropallene palpida,Arthropoda,Pycnogonida,Pegmata,Callipallenidae,Anoropallene,palpida,,(Hilton 1939),,,,,,"SCAMIT, SQO2005"
Anotomastus gordiodes,Annelida,Polychaeta,Capitellida,Capitellidae,Anotomastus,gordiodes,,(Moore 1909),,,ANOTOMASTUS GORDIODES,P057,Polychaetes,"SCAMIT, SQO2005"
Antalis pretiosum ,,,,,Antalis,pretiosum,,,,,,,,SCAMIT
Anthozoa,Cnidaria,Anthozoa,,,Anthozoa,0,,,,,,,,"SCAMIT, SQO2005"
Anthozoa #49,Cnidaria,Anthozoa,Actiniaria,uncertain,Anthozoa,#49,,Ljubenkov 1984  §,,,,,,SCAMIT
Anthuridae,Arthropoda,Malacostraca,Isopoda,Anthuridae,Anthuridae,0,,,,,,,Crustaceans,"SCAMIT, SQO2005"
Antinoe sp ,,,,,Antinoe,sp,,,,,,,,SCAMIT
Antiplanes catalinae,Mollusca,Gastropoda,Neogastropoda,Turridae,Antiplanes,catalinae,,(Raymond 1904),,,,,Gastropods,SCAMIT
Antiplanes perversus,Mollusca,Gastropoda,Neogastropoda,Turridae,Antiplanes,perversus,,(Raymond 1904),,,,,Gastropods,SCAMIT
Antiplanes thalea,Mollusca,Gastropoda,Neogastropoda,Turridae,Antiplanes,thalea,,(Dall 1902),,,,,Gastropods,SCAMIT
Aonides sp,Annelida,Polychaeta,Spionida,Spionidae,Aonides,sp,,,,2,,,,"SCAMIT, SQO2005"
Aonides sp SD1,Annelida,Polychaeta,Spionida,Spionidae,Aonides,sp SD1,,,,2,,,,SCAMIT
Aoridae,Arthropoda,Malacostraca,Amphipoda,Aoridae,Aoridae,0,,,,,,,Crustaceans,"SCAMIT, SQO2005"
Aoroides columbiae,Arthropoda,Malacostraca,Amphipoda,Aoridae,Aoroides,columbiae,,Walker 1898,,,AOROIDES SP,P058,Crustaceans,SCAMIT
Aoroides exilis,Arthropoda,Malacostraca,Amphipoda,Aoridae,Aoroides,exilis,,Conlan & Bousfield 1982,,,AOROIDES SP,P058,Crustaceans,"SCAMIT, SQO2005"
Aoroides inermis,Arthropoda,Malacostraca,Amphipoda,Aoridae,Aoroides,inermis,,Conlan & Bousfield 1982,,,AOROIDES SP,P058,Crustaceans,"SCAMIT, SQO2005"
Aoroides intermedia,Arthropoda,Malacostraca,Amphipoda,Aoridae,Aoroides,intermedia,,Conlan & Bousfield 1982,,,AOROIDES SP,P058, ,"SCAMIT, SQO2005"
Aoroides secundus,Arthropoda,Malacostraca,Amphipoda,Aoridae,Aoroides,secundus,,Gurjanova 1938,,,AOROIDES SP,,,"SCAMIT, SQO2005"
Aoroides sp,Arthropoda,Malacostraca,Amphipoda,Aoridae,Aoroides,sp,,,,,AOROIDES SP,P058,,"SCAMIT, SQO2005"
Aoroides sp A,Arthropoda,Malacostraca,Amphipoda,Aoridae,Aoroides,sp A,,SCAMIT 1996  §,,,AOROIDES SP,P058,,SCAMIT
Aoroides spinosa,Arthropoda,Malacostraca,Amphipoda,Aoridae,Aoroides,spinosa,,Conlan & Bousfield 1982,,,AOROIDES SP,P058, ,"SCAMIT, SQO2005"
Aphelochaeta cf. parva,,,,,Aphelochaeta,cf. parva,,,,,,,,BPTCP
Aphelochaeta elongata,,,,,Aphelochaeta,elongata,,,,,,,,BPTCP
Aphelochaeta glandaria,Annelida,Polychaeta,Spionida,Cirratulidae,Aphelochaeta,glandaria,,Blake 1996,,2,APHELOCHAETA/MONTICELLINA COMPLEX,P059, ,SCAMIT
Aphelochaeta glandaria Cmplx,Annelida,Polychaeta,Spionida,Cirratulidae,Aphelochaeta,glandaria Cmplx,,,,,,,,SQO 2005
Aphelochaeta marioni ,Annelida,Polychaeta,Canalipalpata,Cirratulidae,Aphelochaeta,marioni,,,,,,,Polychaetes,SCAMIT
Aphelochaeta monilaris,Annelida,Polychaeta,Spionida,Cirratulidae,Aphelochaeta,monilaris,,(Hartman 1960),,2,APHELOCHAETA/MONTICELLINA COMPLEX,P059, ,"SCAMIT, SQO2005"
Aphelochaeta multifilis ,,,,,Aphelochaeta,multifilis,,,,,,,,SCAMIT
Aphelochaeta parva ,,,,,Aphelochaeta,parva,,,,,,,,SCAMIT
Aphelochaeta petersenae,Annelida,Polychaeta,Spionida,Cirratulidae,Aphelochaeta,petersenae,,Blake 1996,,2,APHELOCHAETA/MONTICELLINA COMPLEX,P059, ,"SCAMIT, SQO2005"
Aphelochaeta phillipsi,Annelida,Polychaeta,Spionida,Cirratulidae,Aphelochaeta,phillipsi,,Blake 1996,,2,APHELOCHAETA/MONTICELLINA COMPLEX,P059, ,SCAMIT
Aphelochaeta sp,Annelida,Polychaeta,Spionida,Cirratulidae,Aphelochaeta,sp,,,,2,APHELOCHAETA/MONTICELLINA COMPLEX,P059,,"SCAMIT, SQO2005"
Aphelochaeta sp 1,,,,,Aphelochaeta,sp 1,,,,,,,,SCAMIT
Aphelochaeta sp A,Annelida,Polychaeta,Spionida,Cirratulidae,Aphelochaeta,sp A,,SCAMIT 1998  §,,2,APHELOCHAETA/MONTICELLINA COMPLEX,P059,,SCAMIT
Aphelochaeta sp C,,,,,Aphelochaeta,sp C,,,,,,,,SCAMIT
Aphelochaeta sp LA1,Annelida,Polychaeta,Spionida,Cirratulidae,Aphelochaeta,sp LA1,,,,2,APHELOCHAETA/MONTICELLINA COMPLEX,,,SCAMIT
Aphelochaeta sp LA2,Annelida,Polychaeta,Spionida,Cirratulidae,Aphelochaeta,sp LA2,,,,2,APHELOCHAETA/MONTICELLINA COMPLEX,,,SCAMIT
Aphelochaeta sp SD2,Annelida,Polychaeta,Spionida,Cirratulidae,Aphelochaeta,sp SD2,,,,2,APHELOCHAETA/MONTICELLINA COMPLEX,,,SCAMIT
Aphelochaeta sp SD3,Annelida,Polychaeta,Spionida,Cirratulidae,Aphelochaeta,sp SD3,,,,2,APHELOCHAETA/MONTICELLINA COMPLEX,,,SCAMIT
Aphelochaeta sp SD5,Annelida,Polychaeta,Spionida,Cirratulidae,Aphelochaeta,sp SD5,,,,2,APHELOCHAETA/MONTICELLINA COMPLEX,,,SCAMIT
Aphelochaeta sp(p),,,,,Aphelochaeta,sp(p),,,,,,,,BPTCP
Aphelochaeta sp(p).,,,,,Aphelochaeta,sp(p).,,,,,,,,BPTCP
Aphelochaeta tigrina,Annelida,Polychaeta,Spionida,Cirratulidae,Aphelochaeta,tigrina,,Blake 1996,,2,APHELOCHAETA/MONTICELLINA COMPLEX,P059, ,SCAMIT
Aphelochaeta williamsae,Annelida,Polychaeta,Spionida,Cirratulidae,Aphelochaeta,williamsae,,Blake 1996,,2,APHELOCHAETA/MONTICELLINA COMPLEX,P059, ,SCAMIT
Aphrodita brevitentaculata,Annelida,Polychaeta,Phyllodocida,Aphroditidae,Aphrodita,brevitentaculata,,Essenberg 1917,,,APHRODITA SP,P060,Polychaetes,"SCAMIT, SQO2005"
Aphrodita sp,Annelida,Polychaeta,Phyllodocida,Aphroditidae,Aphrodita,sp,,,,,APHRODITA SP,P060,,"SCAMIT, SQO2005"
Apionsoma misakiana ,,,,,Apionsoma,misakiana,,,,,,,,SCAMIT
Apionsoma misakianum,Sipuncula,Phascolosomatidea,Phascolosomatiformes,Phascolosomatidae,Apionsoma,misakianum,,(Ikeda 1904),,,,, ,"SCAMIT, SQO2005"
Apionsoma murinae,Sipuncula,Phascolosomatidea,Phascolosomatiformes,Phascolosomatidae,Apionsoma,murinae,,,,,,,,SQO 2005
Apistobranchus ornatus,Annelida,Polychaeta,Spionida,Apistobranchidae,Apistobranchus,ornatus,,Hartman 1965,,,APISTOBRANCHUS ORNATUS,P061,Polychaetes,"SCAMIT, SQO2005"
Apistobranchus sp(p).,,,,,Apistobranchus,sp(p).,,,,,,,,BPTCP
Aplousobranchiata,Chordata,Ascidiacea,Aplousobranchiata,,Aplousobranchiata,0,,,,,,, ,"SCAMIT, SQO2005"
Aplysiopsis enteromorphae,Mollusca,Gastropoda,Sacoglossa,Oleidae,Aplysiopsis,enteromorphae,,(Cockerell & Eliot 1905),,,,,,"SCAMIT, SQO2005"
Apolochus barnardi,Arthropoda,Malacostraca,Amphipoda,Amphilochidae,Apolochus,barnardi,,Hoover & Bousfield 2001,,,,,,"SCAMIT, SQO2005"
Apomatus timsii,Annelida,Polychaeta,Sabellida,Serpulidae,Apomatus,timsii,,Pixell 1912,,1,,,,SCAMIT
Apoprionospio pygmaea,Annelida,Polychaeta,Spionida,Spionidae,Apoprionospio,pygmaea,,(Hartman 1961),,2,APOPRIONOSPIO PYGMAEA,P063,Polychaetes,"SCAMIT, SQO2005"
Arabella endonata,Annelida,Polychaeta,Eunicida,Oenonidae,Arabella,endonata,,Emerson 1974,,,ARABELLA SP,P064,Polychaetes,SCAMIT
Arabella sp,Annelida,Polychaeta,Eunicida,Oenonidae,Arabella,sp,,,,,ARABELLA SP,P064,,"SCAMIT, SQO2005"
Arabellidae  ,Annelida,Polychaeta,Aciculata,Arabellidae,Arabellidae,0,,,,,,,Polychaetes,SCAMIT
Arachnanthus sp A,Cnidaria,Anthozoa,Ceriantharia,Cerianthidae,Arachnanthus,sp A,,Ljubenkov 1993  §,,,CERIANTHARIA,P111,,SCAMIT
Araphura breviaria,Arthropoda,Malacostraca,Tanaidacea,Anarthruridae,Araphura,breviaria,,Dojiri & Sieg 1997,,2,ARAPHURA SP A,P065, ,"SCAMIT, SQO2005"
Araphura cuspirostris,Arthropoda,Malacostraca,Tanaidacea,Anarthruridae,Araphura,cuspirostris,,Dojiri & Sieg 1997,,2,ARAPHURA SP B,P066, ,SCAMIT
Araphura sp,Arthropoda,Malacostraca,Tanaidacea,Anarthruridae,Araphura,sp,,,,2,,,,SCAMIT
Araphura sp A,,,,,Araphura,sp A,,,,,,,,SCAMIT
Araphura sp B,,,,,Araphura,sp B,,,,,,,,SCAMIT
Araphura sp C,,,,,Araphura,sp C,,,,,,,,SCAMIT
Archaeomysis grebnitzkii,Arthropoda,Malacostraca,Mysidacea,Mysidae,Archaeomysis,grebnitzkii,,Czerniavsky 1882,,,,,,"SCAMIT, SQO2005"
Arenicolidae sp. a,,,,,Arenicolidae,sp. a,,,,,,,,RH_CERCLA_EPA
Argissa hamatipes,Arthropoda,Malacostraca,Amphipoda,Argissidae,Argissa,hamatipes,,(Norman 1869),,,ARGISSA HAMATIPES,P067,Crustaceans,"SCAMIT, SQO2005"
Argopecten ventricosus,Mollusca,Bivalvia,Ostreoida,Pectinidae,Argopecten,ventricosus,,(G. B. Sowerby II 1842),,,,,Bivalves,"SCAMIT, SQO2005"
Arhynchite californicus,Echiura,Echiurida,Echiuroinea,Thalassematidae,Arhynchite,californicus,,Fisher 1947,,,ARHYNCHITE CALIFORNICUS,P068,,SCAMIT
Aricidea (Acmira) catherinae,Annelida,Polychaeta,Orbiniida,Paraonidae,Aricidea,(Acmira) catherinae,,Laubier 1967,,,ACMIRA SP,P004, ,"SCAMIT, SQO2005"
Aricidea (Acmira) cerrutii,Annelida,Polychaeta,Orbiniida,Paraonidae,Aricidea,(Acmira) cerrutii,,Laubier 1966,,,ACMIRA SP,P004,,SCAMIT
Aricidea (Acmira) horikoshii,Annelida,Polychaeta,Orbiniida,Paraonidae,Aricidea,(Acmira) horikoshii,,Imajima 1973,,,ACMIRA SP,P004, ,"SCAMIT, SQO2005"
Aricidea (Acmira) lopezi,Annelida,Polychaeta,Orbiniida,Paraonidae,Aricidea,(Acmira) lopezi,,Berkeley & Berkeley 1956,,,ACMIRA SP,P004, ,"SCAMIT, SQO2005"
Aricidea (Acmira) rubra,Annelida,Polychaeta,Orbiniida,Paraonidae,Aricidea,(Acmira) rubra,,Hartman 1963,,,ACMIRA SP,P004,,SCAMIT
Aricidea (Acmira) simplex,Annelida,Polychaeta,Orbiniida,Paraonidae,Aricidea,(Acmira) simplex,,Day 1963,,,ACMIRA SP,P004,,"SCAMIT, SQO2005"
Aricidea (Acmira) sp,Annelida,Polychaeta,Orbiniida,Paraonidae,Aricidea,(Acmira) sp,,,,,ACMIRA SP,,,"SCAMIT, SQO2005"
Aricidea (Acmira) sp LA1,Annelida,Polychaeta,Orbiniida,Paraonidae,Aricidea,(Acmira) sp LA1,,,,,ACMIRA SP,,,SCAMIT
Aricidea (Acmira) sp SD1,Annelida,Polychaeta,Orbiniida,Paraonidae,Aricidea,(Acmira) sp SD1,,,,,ACMIRA SP,,,SCAMIT
Aricidea (Acmira) taylori,Annelida,Polychaeta,Orbiniida,Paraonidae,Aricidea,(Acmira) taylori,,Pettibone 1965,,,ACMIRA SP,,,SCAMIT
Aricidea (Aedicira) sp,Annelida,Polychaeta,Orbiniida,Paraonidae,Aricidea,(Aedicira) sp,,,,,,,,SQO 2005
Aricidea (Allia) antennata,Annelida,Polychaeta,Orbiniida,Paraonidae,Aricidea,(Allia) antennata,,Annenkova 1934,,,ALLIA ANTENNATA,P017,,"SCAMIT, SQO2005"
Aricidea (Allia) hartleyi,Annelida,Polychaeta,Orbiniida,Paraonidae,Aricidea,(Allia) hartleyi,,Blake 1996,,,ALLIA CF NOLANI,P018,,SCAMIT
Aricidea (Allia) sp A,Annelida,Polychaeta,Orbiniida,Paraonidae,Aricidea,(Allia) sp A,,SCAMIT 1996 ',,,ALLIA RAMOSA,,,SCAMIT
Aricidea (Allia) sp LA1,Annelida,Polychaeta,Orbiniida,Paraonidae,Aricidea,(Allia) sp LA1,,,,,,,,SCAMIT
Aricidea (Allia) sp SD1,Annelida,Polychaeta,Orbiniida,Paraonidae,Aricidea,(Allia) sp SD1,,Pt Loma 2000 ',,,,,,SCAMIT
Aricidea (Aricidea) pseudoarticulata,Annelida,Polychaeta,Orbiniida,Paraonidae,Aricidea,(Aricidea) pseudoarticulata,,Hobson 1972,,,,,,SCAMIT
Aricidea (Aricidea) sp SD1,Annelida,Polychaeta,Orbiniida,Paraonidae,Aricidea,(Aricidea) sp SD1,,,,,,,,SCAMIT
Aricidea (Aricidea) sp SD2,Annelida,Polychaeta,Orbiniida,Paraonidae,Aricidea,(Aricidea) sp SD2,,,,,,,,SCAMIT
Aricidea (Aricidea) wassi,Annelida,Polychaeta,Orbiniida,Paraonidae,Aricidea,(Aricidea) wassi,,Pettibone 1965,,,ARICIDEA WASSI,P069, ,"SCAMIT, SQO2005"
Aricidea wassi ,Annelida,Polychaeta,Aciculata,Paraonidae,Aricidea,wassi,,,,,,,Polychaetes,SCAMIT
Armandia brevis,Annelida,Polychaeta,Opheliida,Opheliidae,Armandia,brevis,,(Moore 1906),,4,ARMANDIA BREVIS,P070,Polychaetes,"SCAMIT, SQO2005"
Armandia sp SD1,Annelida,Polychaeta,Opheliida,Opheliidae,Armandia,sp SD1,,,,,,,,SCAMIT
Armina californica,Mollusca,Gastropoda,Nudibranchia,Arminidae,Armina,californica,,(J. G. Cooper 1863),,,ARMINA CALIFORNICA,P071,Gastropods,"SCAMIT, SQO2005"
Artacama coniferi,Annelida,Polychaeta,Terebellida,Terebellidae,Artacama,coniferi,,Moore 1905,,1,,,Polychaetes,SCAMIT
Artacamella hancocki,Annelida,Polychaeta,Terebellida,Trichobranchidae,Artacamella,hancocki,,Hartman 1955,,1,ARTACAMELLA HANCOCKI,P072,Polychaetes,SCAMIT
Aruga holmesi,Arthropoda,Malacostraca,Amphipoda,Lysianassidae,Aruga,holmesi,,J. L. Barnard 1955,,,ARUGA HOLMESI,P073,Crustaceans,SCAMIT
Aruga oculata,Arthropoda,Malacostraca,Amphipoda,Lysianassidae,Aruga,oculata,,Holmes 1908,,,ARUGA OCULATA,P074,Crustaceans,SCAMIT
Aruga sp,Arthropoda,Malacostraca,Amphipoda,Lysianassidae,Aruga,sp,,,,,,,,"SCAMIT, SQO2005"
Asabellides lineata,Annelida,Polychaeta,Terebellida,Ampharetidae,Asabellides,lineata,,(Berkeley & Berkeley 1943),,1,ASABELLIDES LINEATA,P075,Polychaetes,SCAMIT
Ascidiacea,Chordata,Ascidiacea,,,Ascidiacea,0,,,,,,,,"SCAMIT, SQO2005"
Asclerocheilus californicus,Annelida,Polychaeta,Opheliida,Scalibregmatidae,Asclerocheilus,californicus,,Hartman 1963,,,,, ,SCAMIT
Ascophora,Ectoprocta,Gymnolaemata,Ctenostomata,Typhloplanidae,Ascophora,,,,,,,,,SCAMIT
Asperiscala sp ,,,,,Asperiscala,sp,,,,,,,,SCAMIT
Assiminea californica,Mollusca,Gastropoda,Neotaenioglossa,Assimineidae,Assiminea,californica,,(Tryon 1865),,,,,,"SCAMIT, SQO2005"
Asteroidea,Echinodermata,Asteroidea,,,Asteroidea,0,,,,,,,Echinoderms,SCAMIT
Asteropella slatteryi,Arthropoda,Ostracoda,Myodocopida,Cylindroleberididae,Asteropella,slatteryi,,Kornicker 1981,,,ASTEROPELLA SLATTERYI,P076,,"SCAMIT, SQO2005"
Asthenothaerus diegensis,Mollusca,Bivalvia,Pholadomyoida,Thraciidae,Asthenothaerus,diegensis,,(Dall 1915),,,PERIPLOMA/THRACIA COMPLEX,P379,Bivalves,"SCAMIT, SQO2005"
Astropecten armatus,Echinodermata,Asteroidea,Paxillosida,Astropectinidae,Astropecten,armatus,,Gray 1840,,,,,Echinoderms,SCAMIT
Astropecten ornatissimus,Echinodermata,Asteroidea,Paxillosida,Astropectinidae,Astropecten,ornatissimus,,Fisher 1906,,,,,Echinoderms,SCAMIT
Astropecten sp,Echinodermata,Asteroidea,Paxillosida,Astropectinidae,Astropecten,sp,,,,,,,,SCAMIT
Astropecten verrilli,Echinodermata,Asteroidea,Paxillosida,Astropectinidae,Astropecten,verrilli,,de Loriol 1899,,,ASTROPECTEN VERRILLI,P077,Echinoderms,"SCAMIT, SQO2005"
Astyris aurantiaca,Mollusca,Gastropoda,Neogastropoda,Columbellidae,Astyris,aurantiaca,,Dall 1871,,,,,Gastropods,"SCAMIT, SQO2005"
Astyris gausapata,Mollusca,Gastropoda,Neogastropoda,Columbellidae,Astyris,gausapata,,(Gould 1850),,,,,Gastropods,"SCAMIT, SQO2005"
Atylus tridens,Arthropoda,Malacostraca,Amphipoda,Dexaminidae,Atylus,tridens,,(Alderman 1936),,,,,Crustaceans,"SCAMIT, SQO2005"
Austrotrophon carrosensis catalinensis,,,,,Austrotrophon,carrosensis catalinensis,,,,,,,,SCAMIT
Autolytus sp,Annelida,Polychaeta,Phyllodocida,Syllidae,Autolytus,sp,,,,,AUTOLYTUS SP,P078,,"SCAMIT, SQO2005"
Autolytus sp(p).,,,,,Autolytus,sp(p).,,,,,,,,BPTCP
Autolytus sp. a,,,,,Autolytus,sp. a,,,,,,,,RH_CERCLA_EPA
Axinopsida serricata,Mollusca,Bivalvia,Veneroida,Thyasiridae,Axinopsida,serricata,,(Carpenter 1864),,2,AXINOPSIDA SERRICATA,P079,Bivalves,"SCAMIT, SQO2005"
Axiothella rubrocincta,Annelida,Polychaeta,Capitellida,Maldanidae,Axiothella,rubrocincta,,(Johnson 1901),,1,,,Polychaetes,SCAMIT
Axiothella sp,Annelida,Polychaeta,Capitellida,Maldanidae,Axiothella,sp,,,,1,,,,"SCAMIT, SQO2005"
Balanidae,Arthropoda,Cirripedia,Thoracica,Balanidae,Balanidae,0,,,,,,,Crustaceans,SCAMIT
Balanus pacificus,Arthropoda,Cirripedia,Thoracica,Balanidae,Balanus,pacificus,,Pilsbry 1916,,,,,Crustaceans,SCAMIT
Balanus sp,Arthropoda,Cirripedia,Thoracica,Balanidae,Balanus,sp,,,,,,,,SCAMIT
Balcis micans,Mollusca,Gastropoda,Neotaenioglossa,Eulimidae,Balcis,micans,,(Carpenter 1864),,,MELANELLA SP,P291, ,SCAMIT
Balcis oldroydae,Mollusca,Gastropoda,Neotaenioglossa,Eulimidae,Balcis,oldroydae,,(Bartsch 1917),,,MELANELLA SP,P291, ,SCAMIT
Balcis sp,Mollusca,Gastropoda,Neotaenioglossa,Eulimidae,Balcis,sp,,,,,MELANELLA SP,P291,,SCAMIT
Barantolla nr americana,Annelida,Polychaeta,Capitellida,Capitellidae,Barantolla,nr americana,,,,NR,,,,"WEMAP99, SQO2005"
Barleeia sp,Mollusca,Gastropoda,Neotaenioglossa,Barleeidae,Barleeia,sp,,,,,,,,"SCAMIT, SQO2005"
Barleeia subtenuis,Mollusca,Gastropoda,Neotaenioglossa,Barleeidae,Barleeia,subtenuis,,Carpenter 1864,,,,,Gastropods,SCAMIT
Bataeus sp.,,,,,Bataeus,sp.,,,,,,,,BPTCP
Batea transversa,Arthropoda,Malacostraca,Amphipoda,Bateidae,Batea,transversa,,Shoemaker 1926,,,,,Crustaceans,SCAMIT
Bathycopea daltonae,Arthropoda,Malacostraca,Isopoda,Sphaeromatidae,Bathycopea,daltonae,,(Menzies & Barnard 1959),,,,,Crustaceans,"SCAMIT, SQO2005"
Bathyleberis = Cylindrolebridae,,,,,Bathyleberis,= Cylindrolebridae,,,,,,,,BPTCP
Bathyleberis californica,,,,,Bathyleberis,californica,,,,,,,,BPTCP
Bathyleberis carcharodonta,,,,,Bathyleberis,carcharodonta,,,,,,,,BPTCP
Bathyleberis garthi,Arthropoda,Ostracoda,Myodocopida,Cylindroleberididae,Bathyleberis,garthi,,Baker 1979,,,BATHYLEBERIS SP,P080,,SCAMIT
Bathyleberis sp,Arthropoda,Ostracoda,Myodocopida,Cylindroleberididae,Bathyleberis,sp,,,,,BATHYLEBERIS SP,P080,,"SCAMIT, SQO2005"
Bathymedon pumilus,Arthropoda,Malacostraca,Amphipoda,Oedicerotidae,Bathymedon,pumilus,,J. L. Barnard 1962,,,BATHYMEDON PUMILUS,P081,Crustaceans,SCAMIT
Bathymedon vulpeculus,Arthropoda,Malacostraca,Amphipoda,Oedicerotidae,Bathymedon,vulpeculus,,J. L. Barnard 1971,,,BATHYMEDON VULPECULUS,P082,Crustaceans,SCAMIT
Bemlos audbettius,Arthropoda,Malacostraca,Amphipoda,Aoridae,Bemlos,audbettius,,(J. L. Barnard 1962),,,BEMLOS AUDBETTIUS,P083,Crustaceans,SCAMIT
Bemlos concavus,Arthropoda,Malacostraca,Amphipoda,Aoridae,Bemlos,concavus,,(Stout 1913),,,,,Crustaceans,SCAMIT
Bemlos macromanus,Arthropoda,Malacostraca,Amphipoda,Aoridae,Bemlos,macromanus,,Shoemaker 1925,,,,,,"SCAMIT, SQO2005"
Bemlos sp,Arthropoda,Malacostraca,Amphipoda,Aoridae,Bemlos,sp,,,,,,,,"SCAMIT, SQO2005"
Berthella sp,Mollusca,Gastropoda,Notaspidea,Pleurobranchidae,Berthella,sp,,,,,,,,"SCAMIT, SQO2005"
Betaeus ensenadensis,Arthropoda,Malacostraca,Decapoda,Alpheidae,Betaeus,ensenadensis,,Glassell 1938,,,,,Crustaceans,"SCAMIT, SQO2005"
Betaeus harrimani,Arthropoda,Malacostraca,Decapoda,Alpheidae,Betaeus,harrimani,,Rathbun 1904,,,,,Crustaceans,"SCAMIT, SQO2005"
Betaeus longidactylus,Arthropoda,Malacostraca,Decapoda,Alpheidae,Betaeus,longidactylus,,Lockington 1877,,,,,Crustaceans,"SCAMIT, SQO2005"
Betaeus sp,Arthropoda,Malacostraca,Decapoda,Alpheidae,Betaeus,sp,,,,,,,,"SCAMIT, SQO2005"
Bispira sp,Annelida,Polychaeta,Sabellida,Sabellidae,Bispira,sp,,,,1,,,,"SCAMIT, SQO2005"
Bittium sp ,,,,,Bittium,sp,,,,,,,,SCAMIT
Bivalve,,,,,Bivalve,0,,,,,,,,BPTCP
Bivalvia,Mollusca,Bivalvia,,,Bivalvia,0,,,,,,,Bivalves,"SCAMIT, SQO2005"
Blepharipoda occidentalis,Arthropoda,Malacostraca,Decapoda,Albuneidae,Blepharipoda,occidentalis,,Randall 1839,,,BLEPHARIPODA OCCIDENTALIS,P085,Crustaceans,SCAMIT
Boccardia basilaria,Annelida,Polychaeta,Spionida,Spionidae,Boccardia,basilaria,,Hartman 1961,,2,BOCCARDIA BASILARIA,P086,Polychaetes,"SCAMIT, SQO2005"
Boccardia columbiana,Annelida,Polychaeta,Spionida,Spionidae,Boccardia,columbiana,,,,NR,,,Polychaetes,"WEMAP99, SQO2005"
Boccardia proboscidea,Annelida,Polychaeta,Spionida,Spionidae,Boccardia,proboscidea,,,,NR,,,Polychaetes,"WEMAP99, SQO2005"
Boccardia sp,Annelida,Polychaeta,Spionida,Spionidae,Boccardia,sp,,,,2,,,,"SCAMIT, SQO2005"
Boccardiella hamata,Annelida,Polychaeta,Spionida,Spionidae,Boccardiella,hamata,,(Webster 1879),,2,BOCCARDIELLA HAMATA,P087,Polychaetes,"SCAMIT, SQO2005"
Boccardiella ligerica,Annelida,Polychaeta,Spionida,Spionidae,Boccardiella,ligerica,,,,,,,,"BPTCP, SQO2005"
Boccardiella sp,Annelida,Polychaeta,Spionida,Spionidae,Boccardiella,sp,,,,2,,,,"SCAMIT, SQO2005"
Boreocingula martyni,Mollusca,Gastropoda,Neotaenioglossa,Rissoidae,Boreocingula,martyni,,,,,,,,SQO 2005
Botryllus sp,Chordata,Ascidiacea,Stolidobranchiata,Styelidae,Botryllus,sp,,,,,,,,"NASSCO, SQO2005"
Brachyura,Arthropoda,Malacostraca,Decapoda,,Brachyura,0,,,,,,,Crustaceans,"SCAMIT, SQO2005"
Brada pluribranchiata,Annelida,Polychaeta,Flabelligerida,Flabelligeridae,Brada,pluribranchiata,,(Moore 1923),,,BRADA PLURIBRANCHIATA,P088,Polychaetes,SCAMIT
Brada villosa,Annelida,Polychaeta,Flabelligerida,Flabelligeridae,Brada,villosa,,(Rathke 1843),,,BRADA VILLOSA,P089,Polychaetes,SCAMIT
Branchiostoma californiense,Chordata,Cephalochordata,Amphioxiformes,Branchiostomatidae,Branchiostoma,californiense,,J. G. Cooper 1893,,,BRANCHIOSTOMA CALIFORNIENSE,P090,,"SCAMIT, SQO2005"
Branchiosyllis sp,Annelida,Polychaeta,Phyllodocida,Syllidae,Branchiosyllis,sp,,,,,,,,"NASSCO, SQO2005"
Brania brevibranchiata,,,,,Brania,brevibranchiata,,,,,,,,BPTCP
Brania brevipharyngea,,,,,Brania,brevipharyngea,,,,,,,,BPTCP
Brania californiensis,Annelida,Polychaeta,Phyllodocida,Syllidae,Brania,californiensis,,Kudenov & Harris 1995,,,,, ,SCAMIT
Brania mediodentata,Annelida,Polychaeta,Phyllodocida,Syllidae,Brania,mediodentata,,Westheide 1974,,,,,,SCAMIT
Brania sp,Annelida,Polychaeta,Phyllodocida,Syllidae,Brania,sp,,,,,,,,"SCAMIT, SQO2005"
Brania sp SD 1,,,,,Brania,sp SD 1,,,,,,,,SCAMIT
Brisaster latifrons,Echinodermata,Echinoidea,Spatangoida,Schizasteridae,Brisaster,latifrons,,(A. Agassiz 1898),,,BRISASTER LATIFRONS,P091,Echinoderms,SCAMIT
Brissopsis pacifica,Echinodermata,Echinoidea,Spatangoida,Brissidae,Brissopsis,pacifica,,(A. Agassiz 1898),,,BRISSOPSIS PACIFICA,P092,Echinoderms,SCAMIT
Bulla gouldiana,Mollusca,Gastropoda,Cephalaspidea,Bullidae,Bulla,gouldiana,,Pilsbry 1895,,,,,Gastropods,"SCAMIT, SQO2005"
Bulla sp,Mollusca,Gastropoda,Cephalaspidea,Bullidae,Bulla,sp,,,,,,,,SCAMIT
Bullomorpha sp A,Mollusca,Gastropoda,Cephalaspidea,uncertain,Bullomorpha,sp A,,Ljubenkov 1994,,,,,,"SCAMIT, SQO2005"
Bunodeopsis sp A,Cnidaria,Anthozoa,Actiniaria,Boloceroididae,Bunodeopsis,sp A,,,,,,,,"SCAMIT, SQO2005"
Busycotypus canaliculatus,Mollusca,Gastropoda,,Melongenidae,Busycotypus,canaliculatus,,,,,,,,"WEMAP00, SQO2005"
Byblis millsi,Arthropoda,Malacostraca,Amphipoda,Ampeliscidae,Byblis,millsi,,Dickinson 1983,,1,,,Crustaceans,SCAMIT
Byblis sp,Arthropoda,Malacostraca,Amphipoda,Ampeliscidae,Byblis,sp,,,,1,,,,SCAMIT
Byblis veleronis,Arthropoda,Malacostraca,Amphipoda,Ampeliscidae,Byblis,veleronis,,J. L. Barnard 1954,,1,BYBLIS VELERONIS,P093,Crustaceans,SCAMIT
Cadulus aberrans,Mollusca,Scaphopoda,Gadilida,Gadilidae,Cadulus,aberrans,,Whiteaves 1887,,,GADILA ABERRANS,,,"SCAMIT, SQO2005"
Cadulus quadrifissatus,,,,,Cadulus,quadrifissatus,,,,,,,,BPTCP
Cadulus sp.,,,,,Cadulus,sp.,,,,,,,,BPTCP
Caecianiropsis sp,Arthropoda,Malacostraca,Isopoda,Janiridae,Caecianiropsis,sp,,,,,,,,SCAMIT
Caecianiropsis sp LA1,Arthropoda,Malacostraca,Isopoda,Janiridae,Caecianiropsis,sp LA1,,,,,,,,SCAMIT
Caecidae,Mollusca,Gastropoda,Neotaenioglossa,Caecidae,Caecidae,0,,,,,,,Gastropods,SCAMIT
Caecognathia crenulatifrons ,Arthropoda,Malacostraca,Isopoda,Gnathiidae,Caecognathia,,,,,,,,Crustaceans,SCAMIT
Caecognathia sp,Arthropoda,Malacostraca,Isopoda,Gnathiidae,Caecognathia,sp,,,,,,,,"HUNT, SQO2005"
Caecum californicum,Mollusca,Gastropoda,Neotaenioglossa,Caecidae,Caecum,californicum,,Dall in Orcutt 1885,,,,,Gastropods,"SCAMIT, SQO2005"
Caecum crebricinctum,Mollusca,Gastropoda,Neotaenioglossa,Caecidae,Caecum,crebricinctum,,Carpenter 1864,,,CAECUM CREBRICINCTUM,P094,Gastropods,"SCAMIT, SQO2005"
Caecum occidentale,Mollusca,Gastropoda,Neotaenioglossa,Caecidae,Caecum,occidentale,,Bartsch 1920,,,,,Gastropods,"SCAMIT, SQO2005"
Calanoida,Arthropoda,,Calanoida,,Calanoida,,,,,,,,,CISNET
Callianassidae,Arthropoda,Malacostraca,Decapoda,Callianassidae,Callianassidae,0,,,,,,,Crustaceans,"SCAMIT, SQO2005"
Calliopiid amphipod,,,,,Calliopiid,amphipod,,,,,,,,BPTCP
Callipallene brevirostris,Arthropoda,Pycnogonida,Pegmata,Callipallenidae,Callipallene,brevirostris,,,,,,,,"LEMP, SQO2005"
Callipallene pacifica,Arthropoda,Pycnogonida,Pegmata,Callipallenidae,Callipallene,pacifica,,(Hedgpeth 1939),,,,,,SCAMIT
Calocarides sp,Arthropoda,Malacostraca,Decapoda,Axiidae,Calocarides,sp,,,,,,,,"SCAMIT, SQO2005"
Calocarides spinulicauda,Arthropoda,Malacostraca,Decapoda,Axiidae,Calocarides,spinulicauda,,(Rathbun 1902),,,ACANTHAXIUS SPINULICAUDUS,P001,Crustaceans,SCAMIT
Calyptraea fastigiata,Mollusca,Gastropoda,Neotaenioglossa,Calyptraeidae,Calyptraea,fastigiata,,Gould 1856,,,CALYPTRAEA FASTIGIATA,P096,Gastropods,"SCAMIT, SQO2005"
Calyptraea sp,Mollusca,Gastropoda,Neotaenioglossa,Calyptraeidae,Calyptraea,sp,,,,,,,,SCAMIT
Calyptraeidae,Mollusca,Gastropoda,Neotaenioglossa,Calyptraeidae,Calyptraeidae,0,,,,,,,Gastropods,SCAMIT
Campanularia sp,Cnidaria,Hydrozoa,Thecatae,Campanulariidae,Campanularia,sp,,,,,,,,SCAMIT
Campylaspis biplicata,Arthropoda,Malacostraca,Cumacea,Nannastacidae,Campylaspis,biplicata,,Watling & McCann 1997,,2,,, ,"SCAMIT, SQO2005"
Campylaspis blakei,Arthropoda,Malacostraca,Cumacea,Nannastacidae,Campylaspis,blakei,,Watling & McCann 1997,,2,,, ,SCAMIT
Campylaspis canaliculata,Arthropoda,Malacostraca,Cumacea,Nannastacidae,Campylaspis,canaliculata,,Zimmer 1936,,2,CAMPYLASPIS CANALICULATA,P097,Crustaceans,"SCAMIT, SQO2005"
Campylaspis cf maculinodulosa,Arthropoda,Malacostraca,Cumacea,Nannastacidae,Campylaspis,cf maculinodulosa,,,,,,,,SCAMIT
Campylaspis hartae,Arthropoda,Malacostraca,Cumacea,Nannastacidae,Campylaspis,hartae,,Lie 1969,,2,CAMPYLASPIS HARTAE,P098,Crustaceans,SCAMIT
Campylaspis rubromaculata,Arthropoda,Malacostraca,Cumacea,Nannastacidae,Campylaspis,rubromaculata,,Lie 1971,,2,CAMPYLASPIS RUBROMACULATA,P099,Crustaceans,"SCAMIT, SQO2005"
Campylaspis rufa,Arthropoda,Malacostraca,Cumacea,Nannastacidae,Campylaspis,rufa,,Hart 1930,,2,,,Crustaceans,SCAMIT
Campylaspis sp,Arthropoda,Malacostraca,Cumacea,Nannastacidae,Campylaspis,sp,,,,2,,,,SCAMIT
Campylaspis sp B,,,,,Campylaspis,sp B,,,,,,,,SCAMIT
Campylaspis sp D,,,,,Campylaspis,sp D,,,,,,,,SCAMIT
Campylaspis sp E,,,,,Campylaspis,sp E,,,,,,,,SCAMIT
Cancellaria cooperii,Mollusca,Gastropoda,Neogastropoda,Cancellariidae,Cancellaria,cooperii,,Gabb 1865,,,,,Gastropods,SCAMIT
Cancellaria crawfordiana,Mollusca,Gastropoda,Neogastropoda,Cancellariidae,Cancellaria,crawfordiana,,Dall 1891,,,,,Gastropods,SCAMIT
Cancer antennarius,Arthropoda,Malacostraca,Decapoda,Cancridae,Cancer,antennarius,,Stimpson 1856,,,,,Crustaceans,"SCAMIT, SQO2005"
Cancer gracilis,Arthropoda,Malacostraca,Decapoda,Cancridae,Cancer,gracilis,,Dana 1852,,,CANCER GRACILIS,P101,Crustaceans,"SCAMIT, SQO2005"
Cancer jordani,Arthropoda,Malacostraca,Decapoda,Cancridae,Cancer,jordani,,Rathbun 1900,,,CANCER JORDANI,P102,Crustaceans,"SCAMIT, SQO2005"
Cancer magister,Arthropoda,Malacostraca,Decapoda,Cancridae,Cancer,magister,,,,NR,,,Crustaceans,"WEMAP99, SQO2005"
Cancer productus,Arthropoda,Malacostraca,Decapoda,Cancridae,Cancer,productus,,Randall 1839,,,,,Crustaceans,SCAMIT
Cancer sp,Arthropoda,Malacostraca,Decapoda,Cancridae,Cancer,sp,,,,,,,,"SCAMIT, SQO2005"
Capitella capitata ,Annelida,Polychaeta,Aciculata,Capitellidae,Capitella,capitata,,,,,,,Polychaetes,SCAMIT
Capitella capitata Cmplx,Annelida,Polychaeta,Capitellida,Capitellidae,Capitella,capitata Cmplx,,,,4,CAPITELLA CAPITATA COMPLEX,P103, ,"SCAMIT, SQO2005"
Capitellidae,Annelida,Polychaeta,Capitellida,Capitellidae,Capitellidae,0,,,,,,,Polychaetes,"SCAMIT, SQO2005"
Caprella alaskana,Arthropoda,Malacostraca,Amphipoda,Caprellidae,Caprella,alaskana,,,,,,,,SQO 2005
Caprella californica,Arthropoda,Malacostraca,Amphipoda,Caprellidae,Caprella,californica,,Stimpson 1857,,1,,,Crustaceans,"SCAMIT, SQO2005"
Caprella drepanochir,Arthropoda,Malacostraca,Amphipoda,Caprellidae,Caprella,drepanochir,,,,NR,,,Crustaceans,"WEMAP99, SQO2005"
Caprella equilibra,Arthropoda,Malacostraca,Amphipoda,Caprellidae,Caprella,equilibra,,Say 1818,,1,,,Crustaceans,"SCAMIT, SQO2005"
Caprella gracilior,Arthropoda,Malacostraca,Amphipoda,Caprellidae,Caprella,gracilior,,Mayer 1903,,1,,,Crustaceans,"SCAMIT, SQO2005"
Caprella incisa,,,,,Caprella,incisa,,,,,,,,RH_CERCLA_EPA
Caprella mendax,Arthropoda,Malacostraca,Amphipoda,Caprellidae,Caprella,mendax,,Mayer 1903,,1,,,Crustaceans,"SCAMIT, SQO2005"
Caprella mutica,,,,,Caprella,mutica,,,,,,,,RH_CERCLA_EPA
Caprella natalensis,Arthropoda,Malacostraca,Amphipoda,Caprellidae,Caprella,natalensis,,(Mayer 1903),,1,,,Crustaceans,"SCAMIT, SQO2005"
Caprella sp,Arthropoda,Malacostraca,Amphipoda,Caprellidae,Caprella,sp,,,,1,,,,"SCAMIT, SQO2005"
Caprella verrucosa,Arthropoda,Malacostraca,Amphipoda,Caprellidae,Caprella,verrucosa,,Boeck 1872,,1,,,Crustaceans,"SCAMIT, SQO2005"
Caprellidae,Arthropoda,Malacostraca,Amphipoda,Caprellidae,Caprellidae,0,,,,1,,,Crustaceans,"SCAMIT, SQO2005"
Caprellidea,Arthropoda,Malacostraca,Amphipoda,,Caprellidea,0,,,,,,,Crustaceans,"SCAMIT, SQO2005"
Carazziella calafia,Annelida,Polychaeta,Canalipalpata,Spionidae,Carazziella,calafia,,,,NR,,,Polychaetes,WEMAP99
Carazziella califia,,,,,Carazziella,califia,,,,,,,,BPTCP
Carazziella sp,Annelida,Polychaeta,Spionida,Spionidae,Carazziella,sp,,,,2,CARAZZIELLA SP,P104,,"SCAMIT, SQO2005"
Carazziella sp A,Annelida,Polychaeta,Spionida,Spionidae,Carazziella,sp A,,SCAMIT 1995  §,,2,CARAZZIELLA SP,P104,,SCAMIT
Cardiidae,Mollusca,Bivalvia,Veneroida,Cardiidae,Cardiidae,0,,,,,,,Bivalves,SCAMIT
Cardiomya pectinata,Mollusca,Bivalvia,Septibranchida,Cuspidariidae,Cardiomya,pectinata,,(Carpenter 1864),,,CARDIOMYA SP,P105,Bivalves,SCAMIT
Cardiomya sp,Mollusca,Bivalvia,Septibranchida,Cuspidariidae,Cardiomya,sp,,,,,CARDIOMYA SP,P105,,SCAMIT
Caridea,Arthropoda,Malacostraca,Decapoda,,Caridea,0,,,,,,,Crustaceans,"SCAMIT, SQO2005"
Carinoma mutabilis,Nemertea,Anopla,Palaeonemertea,Carinomidae,Carinoma,mutabilis,,Griffin 1898,,,,,,SCAMIT
Carinomella lactea,Nemertea,Anopla,Palaeonemertea,Tubulanidae,Carinomella,lactea,,Coe 1905,,,,,,SCAMIT
Caudina arenicola,Echinodermata,Holothuroidea,Molpadida,Caudinidae,Caudina,arenicola,,(Stimpson 1857),,,CAUDINA ARENICOLA,P106,Echinoderms,"SCAMIT, SQO2005"
Caudina sp,Echinodermata,Holothuroidea,Molpadida,Caudinidae,Caudina,sp,,,,,,,,SCAMIT
Caulibugula californica,Ectoprocta,Gymnolaemata,Cheilostomata,Bugulidae,Caulibugula,californica,,(Robertson 1905),,,,,,SCAMIT
Caulleriella alata,Annelida,Polychaeta,Spionida,Cirratulidae,Caulleriella,alata,,(Southern 1914),,2,CAULLERIELLA ALATA,P107,Polychaetes,SCAMIT
Caulleriella apicula,Annelida,Polychaeta,Spionida,Cirratulidae,Caulleriella,apicula,,Blake 1996,,2,,, ,"SCAMIT, SQO2005"
Caulleriella gracilis ,,,,,Caulleriella,gracilis,,,,,,,,SCAMIT
Caulleriella pacifica ,Annelida,Polychaeta,Spionida,Cirratulidae,Caulleriella,pacifica,,,,,,, ,"SCAMIT, SQO2005"
Caulleriella sp,Annelida,Polychaeta,Spionida,Cirratulidae,Caulleriella,sp,,,,2,,,,SCAMIT
Caulleriella sp SD2,Annelida,Polychaeta,Spionida,Cirratulidae,Caulleriella,sp SD2,,,,2,,,,SCAMIT
Caulleriella sp(p).,,,,,Caulleriella,sp(p).,,,,,,,,BPTCP
Caulleriella spp. juv.,,,,,Caulleriella,spp. juv.,,,,,,,,BPTCP
Cephalaspidea,Mollusca,Gastropoda,Cephalaspidea,,Cephalaspidea,0,,,,,,,Gastropods,SCAMIT
Cephalophoxoides homilis,Arthropoda,Malacostraca,Amphipoda,Phoxocephalidae,Cephalophoxoides,homilis,,(J. L. Barnard 1960),,1,CEPHALOPHOXOIDES HOMILIS,P109, ,SCAMIT
Ceradocus spinicaudus,Arthropoda,Malacostraca,Amphipoda,Melitidae,Ceradocus,spinicaudus,,(Holmes 1908),,,,,Crustaceans,"SCAMIT, SQO2005"
Cerapus tubularis ,Arthropoda,Malacostraca,Amphipoda,Corophiidae,Cerapus,tubularis,,,,,,,Crustaceans,SCAMIT
Cerapus tubularis Cmplx,Arthropoda,Malacostraca,Amphipoda,Ischyroceridae,Cerapus,tubularis Cmplx,,,,,CERAPUS TUBULARIS COMPLEX,P110, ,"SCAMIT, SQO2005"
Ceratonereis mirabilis,Annelida,Polychaeta,Phyllodocida,Nereididae,Ceratonereis,mirabilis,,Kinberg 1866,,,,,Polychaetes,"SCAMIT, SQO2005"
Cerebrilla sp 1,,,,,Cerebrilla,sp 1,,,,,,,,SCAMIT
Ceriantharia,Cnidaria,Anthozoa,Ceriantharia,,Ceriantharia,0,,,tube-dwelling anemones,,CERIANTHARIA,P111,,"SCAMIT, SQO2005"
Cerithidea californica,Mollusca,Gastropoda,Neotaenioglossa,Potamididae,Cerithidea,californica,,,,,,,,"BPTCP, SQO2005"
Cerithiopsis sp,Mollusca,Gastropoda,Neotaenioglossa,Cerithiopsidae,Cerithiopsis,sp,,,,,CERITHIOPSIS SP,P112,,"SCAMIT, SQO2005"
Chaetoderma sp,Mollusca,Aplacophora,Chaetodermatida,Chaetodermatidae,Chaetoderma,sp,,,,,APLACOPHORA,P062,,SCAMIT
Chaetodermatida,Mollusca,Aplacophora,Chaetodermatida,,Chaetodermatida,0,,,,,APLACOPHORA,P062,,"SCAMIT, SQO2005"
Chaetodermatidae,Mollusca,Aplacophora,Chaetodermatida,Chaetodermatidae,Chaetodermatidae,0,,,,,APLACOPHORA,P062,,SCAMIT
Chaetopteridae,Annelida,Polychaeta,Spionida,Chaetopteridae,Chaetopteridae,0,,,,,,,Polychaetes,"SCAMIT, SQO2005"
Chaetopterus variopedatus ,Annelida,Polychaeta,Canalipalpata,Chaetopteridae,Chaetopterus,variopedatus,,,,,,,Polychaetes,SCAMIT
Chaetopterus variopedatus Cmplx,Annelida,Polychaeta,Spionida,Chaetopteridae,Chaetopterus,variopedatus Cmplx,,,,,CHAETOPTERUS VARIOPEDATUS,P113, ,"SCAMIT, SQO2005"
Chaetozona sp. 1,,,,,Chaetozona,sp. 1,,,,,,,,BPTCP
Chaetozone armata,Annelida,Polychaeta,Spionida,Cirratulidae,Chaetozone,armata,,Hartman 1963,,2,CHAETOZONE ARMATA,P114,Polychaetes,SCAMIT
Chaetozone bansei,Annelida,Polychaeta,Spionida,Cirratulidae,Chaetozone,bansei,,,,NR,,, ,"WEMAP99, SQO2005"
Chaetozone columbiana,Annelida,Polychaeta,Spionida,Cirratulidae,Chaetozone,columbiana,,Blake 1996,,2,,, ,"SCAMIT, SQO2005"
Chaetozone corona,Annelida,Polychaeta,Spionida,Cirratulidae,Chaetozone,corona,,Berkeley & Berkeley 1941,,2,CHAETOZONE CORONA,P115,Polychaetes,"SCAMIT, SQO2005"
Chaetozone hartmanae,Annelida,Polychaeta,Spionida,Cirratulidae,Chaetozone,hartmanae,,Blake 1996,,2,CAULLERIELLA GRACILIS,P108, ,SCAMIT
Chaetozone hedgpethi,Annelida,Polychaeta,Spionida,Cirratulidae,Chaetozone,hedgpethi,,Blake 1996,,2,,, ,SCAMIT
Chaetozone lunula,Annelida,Polychaeta,Spionida,Cirratulidae,Chaetozone,lunula,,,,NR,,, ,"WEMAP99, SQO2005"
Chaetozone senticosa,Annelida,Polychaeta,Spionida,Cirratulidae,Chaetozone,senticosa,,Blake 1996,,2,,,,"SCAMIT, SQO2005"
Chaetozone setosa ,Annelida,Polychaeta,Canalipalpata,Cirratulidae,Chaetozone,setosa,,,,,,,Polychaetes,SCAMIT
Chaetozone setosa Cmplx,Annelida,Polychaeta,Spionida,Cirratulidae,Chaetozone,setosa Cmplx,,,,2,CHAETOZONE SETOSA COMPLEX,P116, ,"SCAMIT, SQO2005"
Chaetozone sp,Annelida,Polychaeta,Spionida,Cirratulidae,Chaetozone,sp,,,,2,,,,"SCAMIT, SQO2005"
Chaetozone sp HYP1,Annelida,Polychaeta,Spionida,Cirratulidae,Chaetozone,sp HYP1,,,,2,,,,SCAMIT
Chaetozone sp HYP2,Annelida,Polychaeta,Spionida,Cirratulidae,Chaetozone,sp HYP2,,,,2,,,,SCAMIT
Chaetozone sp HYP3,Annelida,Polychaeta,Spionida,Cirratulidae,Chaetozone,sp HYP3,,,,2,,,,SCAMIT
Chaetozone sp HYP6,Annelida,Polychaeta,Spionida,Cirratulidae,Chaetozone,sp HYP6,,,,2,,,,SCAMIT
Chaetozone sp SD2,Annelida,Polychaeta,Spionida,Cirratulidae,Chaetozone,sp SD2,,,,2,,,,SCAMIT
Chaetozone sp SD3,Annelida,Polychaeta,Spionida,Cirratulidae,Chaetozone,sp SD3,,,,2,,,,SCAMIT
Chaetozone sp SD5,Annelida,Polychaeta,Spionida,Cirratulidae,Chaetozone,sp SD5,,,,2,,,,SCAMIT
Chaetozone sp SD6,Annelida,Polychaeta,Spionida,Cirratulidae,Chaetozone,sp SD6,,,,2,,,,SCAMIT
Chaetozone sp. 1,,,,,Chaetozone,sp. 1,,,,,,,,BPTCP
Chaetozone sp. juv.,,,,,Chaetozone,sp. juv.,,,,,,,,BPTCP
Chama arcana,Mollusca,Bivalvia,Veneroida,Chamidae,Chama,arcana,,Bernard 1976,,,,,Bivalves,"SCAMIT, SQO2005"
Chauliopleona dentata,Arthropoda,Malacostraca,Tanaidacea,Anarthruridae,Chauliopleona,dentata,,Dojiri & Sieg 1997,,2,,, ,"SCAMIT, SQO2005"
Cheirophotis sp,Arthropoda,Malacostraca,Amphipoda,Corophiidae,Cheirophotis,sp,,,,,,,,"CISNET, SQO2005"
Chelura terebrans,Arthropoda,Malacostraca,Amphipoda,Cheluridae,Chelura,terebrans,,,,,,,,SQO 2005
Chione californiensis,Mollusca,Bivalvia,Veneroida,Veneridae,Chione,californiensis,,(Broderip in Broderip & G. B. Sowerby I ,,,CHIONE SP,P117,Bivalves,"SCAMIT, SQO2005"
Chione sp,Mollusca,Bivalvia,Veneroida,Veneridae,Chione,sp,,,,,CHIONE SP,P117,,"SCAMIT, SQO2005"
Chione undatella,Mollusca,Bivalvia,Veneroida,Veneridae,Chione,undatella,,(G. B. Sowerby I 1835),,,CHIONE SP,P117,Bivalves,"SCAMIT, SQO2005"
Chiridota sp,Echinodermata,Holothuroidea,Apodida,Chiridotidae,Chiridota,sp,,,,,SYNAPTIDAE,P495,,SCAMIT
Chironomidae,Arthropoda,Insecta,Diptera,Chironomidae,Chironomidae,0,,,,,,,Insects,"CISNET, SQO2005"
Chloeia pinnata,Annelida,Polychaeta,Amphinomida,Amphinomidae,Chloeia,pinnata,,Moore 1911,,,CHLOEIA PINNATA,P118,Polychaetes,SCAMIT
Chone albocincta,Annelida,Polychaeta,Sabellida,Sabellidae,Chone,albocincta,,Banse 1972,,1,CHONE COMPLEX,P119,Polychaetes,"SCAMIT, SQO2005"
Chone duneri,Annelida,Polychaeta,Sabellida,Sabellidae,Chone,duneri,,,,,,,,"HUNT, SQO2005"
Chone ecaudata,Annelida,Polychaeta,Sabellida,Sabellidae,Chone,ecaudata,,,,NR,,,Polychaetes,"WEMAP99, SQO2005"
Chone infundibuliformis,Annelida,Polychaeta,Sabellida,Sabellidae,Chone,infundibuliformis,,,,NR,,,Polychaetes,"WEMAP99, SQO2005"
Chone minuta,Annelida,Polychaeta,Sabellida,Sabellidae,Chone,minuta,,Hartman 1944,,1,CHONE COMPLEX,P119,Polychaetes,"SCAMIT, SQO2005"
Chone mollis,Annelida,Polychaeta,Sabellida,Sabellidae,Chone,mollis,,(Bush 1904),,1,CHONE COMPLEX,P119,Polychaetes,"SCAMIT, SQO2005"
Chone sp,Annelida,Polychaeta,Sabellida,Sabellidae,Chone,sp,,,,1,CHONE COMPLEX,P119,,"SCAMIT, SQO2005"
Chone sp B,Annelida,Polychaeta,Sabellida,Sabellidae,Chone,sp B,,Harris 1984  §,,1,CHONE COMPLEX,P119,,SCAMIT
Chone sp C,Annelida,Polychaeta,Sabellida,Sabellidae,Chone,sp C,,Harris 1984  §,,1,CHONE COMPLEX,P119,,SCAMIT
Chone sp HYP1,Annelida,Polychaeta,Sabellida,Sabellidae,Chone,sp HYP1,,,,1,CHONE COMPLEX,,,SCAMIT
Chone sp HYP2,Annelida,Polychaeta,Sabellida,Sabellidae,Chone,sp HYP2,,,,1,CHONE COMPLEX,,,SCAMIT
Chone sp SD1,Annelida,Polychaeta,Sabellida,Sabellidae,Chone,sp SD1,,Pt. Loma  1997 §,,1,CHONE COMPLEX,P119,,SCAMIT
Chone sp SD2,Annelida,Polychaeta,Sabellida,Sabellidae,Chone,sp SD2,,,,1,CHONE COMPLEX,,,SCAMIT
Chone spp. juv.,,,,,Chone,spp. juv.,,,,,,,,BPTCP
Chone veleronis,Annelida,Polychaeta,Sabellida,Sabellidae,Chone,veleronis,,Banse 1972,,1,CHONE COMPLEX,P119,Polychaetes,"SCAMIT, SQO2005"
Chromopleustes oculatus,Arthropoda,Malacostraca,Amphipoda,Pleustidae,Chromopleustes,oculatus,,(Holmes 1908),,,,,,SCAMIT
Cidarina cidaris,Mollusca,Gastropoda,Vetigastropoda,Trochidae,Cidarina,cidaris,,(Carpenter 1864),,,,,Gastropods,SCAMIT
Ciona intestinalis,Chordata,Ascidiacea,Phlebobranchiata,Cionidae,Ciona,intestinalis,,(Linnaeus 1767),,,,,,"SCAMIT, SQO2005"
Cirolana sp,Arthropoda,Malacostraca,Isopoda,Cirolanidae,Cirolana,sp,,,,,,,,SCAMIT
Cirratulid sp. a,,,,,Cirratulid,sp. a,,,,,,,,RH_CERCLA_EPA
Cirratulida spp. indet.,,,,,Cirratulida,spp. indet.,,,,,,,,BPTCP
Cirratulidae,Annelida,Polychaeta,Spionida,Cirratulidae,Cirratulidae,0,,,,2,,,Polychaetes,"SCAMIT, SQO2005"
Cirratulidae spp. indet.,,,,,Cirratulidae,spp. indet.,,,,,,,,BPTCP
Cirratulidae spp. juv.,,,,,Cirratulidae,spp. juv.,,,,,,,,BPTCP
Cirratulus cirratus,Annelida,Polychaeta,Spionida,Cirratulidae,Cirratulus,cirratus,,(O. F. Müller 1776),,2,CIRRATULUS SP,P120,Polychaetes,SCAMIT
Cirratulus dillonensis,,,,,Cirratulus,dillonensis,,,,,,,,BPTCP
Cirratulus sp,Annelida,Polychaeta,Spionida,Cirratulidae,Cirratulus,sp,,,,2,CIRRATULUS SP,P120,,"SCAMIT, SQO2005"
Cirratulus spectabilis,Annelida,Polychaeta,Canalipalpata,Cirratulidae,Cirratulus,spectabilis,,,,NR,,,Polychaetes,WEMAP99
Cirratulus spp. juv.,,,,,Cirratulus,spp. juv.,,,,,,,,BPTCP
Cirriformia luxuriosa,,,,,Cirriformia,luxuriosa,,,,,,,,BPTCP
Cirriformia moorei,,,,,Cirriformia,moorei,,,,NR,,, ,WEMAP99
Cirriformia sp,Annelida,Polychaeta,Spionida,Cirratulidae,Cirriformia,sp,,,,2,CIRRIFORMIA SP,P121,,"SCAMIT, SQO2005"
Cirriformia sp B,Annelida,Polychaeta,Spionida,Cirratulidae,Cirriformia,sp B,,Harris 1999 ',,2,CIRRIFORMIA SP,,,SCAMIT
Cirriformia sp LA1,Annelida,Polychaeta,Spionida,Cirratulidae,Cirriformia,sp LA1,,,,2,CIRRIFORMIA SP,,,SCAMIT
Cirriformia sp SD1,Annelida,Polychaeta,Spionida,Cirratulidae,Cirriformia,sp SD1,,,,2,CIRRIFORMIA SP,,,SCAMIT
Cirriformia sp SD2,Annelida,Polychaeta,Spionida,Cirratulidae,Cirriformia,sp SD2,,,,2,CIRRIFORMIA SP,,,SCAMIT
Cirriformia spirabrancha,Annelida,Polychaeta,Spionida,Cirratulidae,Cirriformia,spirabrancha,,(Moore 1904),,2,CIRRIFORMIA SP,P121,Polychaetes,SCAMIT
Cirrophorus branchiatus,Annelida,Polychaeta,Orbiniida,Paraonidae,Cirrophorus,branchiatus,,Ehlers 1908,,,CIRROPHORUS BRANCHIATUS,P122,Polychaetes,SCAMIT
Cirrophorus furcatus,Annelida,Polychaeta,Orbiniida,Paraonidae,Cirrophorus,furcatus,,(Hartman 1957),,,CIRROPHORUS FURCATUS,P123,Polychaetes,"SCAMIT, SQO2005"
Cirrophorus sp,Annelida,Polychaeta,Orbiniida,Paraonidae,Cirrophorus,sp,,,,,,,,SCAMIT
Clavodorum clavatum ,,,,,Clavodorum,clavatum,,,,,,,,SCAMIT
Clavopora occidentalis,Ectoprocta,Gymnolaemata,Ctenostomata,Clavoporidae,Clavopora,occidentalis,,(Fewkes 1889),,,,, ,SCAMIT
Clevelandia ios,Chordata,Actinopterygii,Perciformes,Gobiidae,Clevelandia,ios,,(Jordan & Gilbert 1882),arrow goby,,,,Fishes,SCAMIT
Clinocardium nuttallii,Mollusca,Bivalvia,Veneroida,Cardiidae,Clinocardium,nuttallii,,(Conrad 1837),,,,,Bivalves,"SCAMIT, SQO2005"
Clymenella complanata,Annelida,Polychaeta,Capitellida,Maldanidae,Clymenella,complanata,,Hartman 1969,,1,CLYMENELLA COMPLANATA,P124,Polychaetes,SCAMIT
Clymenella sp,Annelida,Polychaeta,Capitellida,Maldanidae,Clymenella,sp,,,,1,,,,"SCAMIT, SQO2005"
Clymenella sp A,Annelida,Polychaeta,Capitellida,Maldanidae,Clymenella,sp A,,Harris 1985  §,,1,,,,SCAMIT
Clymenura columbiana,Annelida,Polychaeta,Capitellida,Maldanidae,Clymenura,columbiana,,(Berkeley 1929),,1,,,,SCAMIT
Clymenura gracilis,Annelida,Polychaeta,Capitellida,Maldanidae,Clymenura,gracilis,,Hartman 1969,,1,CLYMENURA GRACILIS,P125,Polychaetes,SCAMIT
Cnemidocarpa rhizopus,Chordata,Ascidiacea,Stolidobranchiata,Styelidae,Cnemidocarpa,rhizopus,,(Redikorzev 1907),,,,,,SCAMIT
Cnidaria,Cnidaria,,,,Cnidaria,0,,,,,,,,"SCAMIT, SQO2005"
Colanthura squamosissima,,,,,Colanthura,squamosissima,,,,,,,,BPTCP
Collisela depicta,,,,,Collisela,depicta,,,,,,,,BPTCP
Columbiaemysis ignota,Arthropoda,Malacostraca,Mysidacea,Mysidae,Columbiaemysis,ignota,,,,,,,,SQO 2005
Compsomyax subdiaphana,Mollusca,Bivalvia,Veneroida,Veneridae,Compsomyax,subdiaphana,,(Carpenter 1864),,,COMPSOMYAX SUBDIAPHANA,P126,Bivalves,"SCAMIT, SQO2005"
Conidae,Mollusca,Gastropoda,Neogastropoda,Conidae,Conidae,0,,,,,,,Gastropods,SCAMIT
Conus californicus,Mollusca,Gastropoda,Neogastropoda,Conidae,Conus,californicus,,Hinds 1844,,,CONUS CALIFORNICUS,P127,Gastropods,"SCAMIT, SQO2005"
Cooperella sp,Mollusca,Bivalvia,Veneroida,Petricolidae,Cooperella,sp,,,,,,,,SCAMIT
Cooperella subdiaphana,Mollusca,Bivalvia,Veneroida,Petricolidae,Cooperella,subdiaphana,,(Carpenter 1864),,,COOPERELLA SUBDIAPHANA,P128,Bivalves,"SCAMIT, SQO2005"
Corbicula fluminea,Mollusca,Bivalvia,Veneroida,Corbiculidae,Corbicula,fluminea,,,,,,,,"BPTCP, SQO2005"
Corbula porcella,Mollusca,Bivalvia,Myoida,Corbulidae,Corbula,porcella,,,,,,,,SQO 2005
Corbula sp ,,,,,Corbula,sp,,,,,,,,SCAMIT
Corella willmeriana,Chordata,Ascidiacea,Phlebobranchiata,Corellidae,Corella,willmeriana,,Herdman 1898,,,,,,SCAMIT
Corixidae,Arthropoda,Insecta,Hemiptera,Corixidae,Corixidae,0,,,,,,,Insects,"CISNET, SQO2005"
Corophiidae,Arthropoda,Malacostraca,Amphipoda,Corophiidae,Corophiidae,0,,,,,,,Crustaceans,"SCAMIT, SQO2005"
Corophioidea,Arthropoda,Malacostraca,Amphipoda,,Corophioidea,0,,,,,,, ,"SCAMIT, SQO2005"
Corophium ? acherusicum,,,,,Corophium,? acherusicum,,,,,,,,BPTCP
Corophium acherusicum,Arthropoda,Malacostraca,Amphipoda,Corophiidae,Corophium,acherusicum,,,,,,,,"BPTCP, SQO2005"
Corophium acherusicum/insidiosum,,,,,Corophium,acherusicum/insidiosum,,,,,,,,BPTCP
Corophium hetercerataum,,,,,Corophium,hetercerataum,,,,,,,,BPTCP
Corophium heterceratum,,,,,Corophium,heterceratum,,,,,,,,BPTCP
Corophium heteroceratum,,,,,Corophium,heteroceratum,,,,,,,,BPTCP
Corophium insidiosum,,,,,Corophium,insidiosum,,,,,,,,BPTCP
Corophium salmonis,,,,,Corophium,salmonis,,,,,,,,BPTCP
Corophium sp,Arthropoda,Malacostraca,Amphipoda,Corophiidae,Corophium,sp,,,,,COROPHIUM SP,,,SCAMIT
Corophium sp.,,,,,Corophium,sp.,,,,,,,,BPTCP
Corophium stimpsoni,,,,,Corophium,stimpsoni,,,,,,,,BPTCP
Corymorpha bigelowi,Cnidaria,Hydrozoa,Athecatae,Corymorphidae,Corymorpha,bigelowi,,Maas 1905,,,CORYMORPHA SP,P131, ,SCAMIT
Corymorpha palma,Cnidaria,Hydrozoa,Athecatae,Corymorphidae,Corymorpha,palma,,Torrey 1902,,,CORYMORPHA SP,P131,,SCAMIT
Corymorpha sp,Cnidaria,Hydrozoa,Athecatae,Corymorphidae,Corymorpha,sp,,,,,CORYMORPHA SP,P131,,"SCAMIT, SQO2005"
Corymorphidae,Cnidaria,Hydrozoa,Athecatae,Corymorphidae,Corymorphidae,0,,,,,,,,"SCAMIT, SQO2005"
Corynactis californica,Cnidaria,Anthozoa,Corallimorpharia,Corallimorphidae,Corynactis,californica,,Carlgren 1936,,,,,,SCAMIT
Cossura candida,Annelida,Polychaeta,Cossurida,Cossuridae,Cossura,candida,,Hartman 1955,,,COSSURA SP,P132,Polychaetes,"SCAMIT, SQO2005"
Cossura pygodactylata,Annelida,Polychaeta,Cossurida,Cossuridae,Cossura,pygodactylata,,Jones 1956,,,COSSURA SP,P132,Polychaetes,"SCAMIT, SQO2005"
Cossura rostrata,,,,,Cossura,rostrata,,,,,,,,BPTCP
Cossura sp,Annelida,Polychaeta,Cossurida,Cossuridae,Cossura,sp,,,,,COSSURA SP,P132,,"SCAMIT, SQO2005"
Cossura sp A,Annelida,Polychaeta,Cossurida,Cossuridae,Cossura,sp A,,Phillips 1987  §,,,COSSURA SP,P132,,"SCAMIT, SQO2005"
Crab zoea,,,,,Crab,zoea,,,,,,,,RH_CERCLA_EPA
Crangon alaskensis,Arthropoda,Malacostraca,Decapoda,Crangonidae,Crangon,alaskensis,,Lockington 1877,Alaska bay shrimp,,CRANGON ALASKENSIS,P133,Crustaceans,"SCAMIT, SQO2005"
Crangon alaskensis elongata,,,,,Crangon,alaskensis elongata,,,,,,,,BPTCP
Crangon franciscorum,Arthropoda,Malacostraca,Decapoda,Crangonidae,Crangon,franciscorum,,,,,,,,"RMP, SQO2005"
Crangon nigricauda,Arthropoda,Malacostraca,Decapoda,Crangonidae,Crangon,nigricauda,,Stimpson 1856,,,,,Crustaceans,"SCAMIT, SQO2005"
Crangon nigromaculata,Arthropoda,Malacostraca,Decapoda,Crangonidae,Crangon,nigromaculata,,Lockington 1877,,,,,Crustaceans,"SCAMIT, SQO2005"
Crangon sp,Arthropoda,Malacostraca,Decapoda,Crangonidae,Crangon,sp,,,,,,,,"SCAMIT, SQO2005"
Crangonidae,Arthropoda,Malacostraca,Decapoda,Crangonidae,Crangonidae,0,,,,,,,Crustaceans,SCAMIT
Crassostrea virginica,,,,,Crassostrea,virginica,,,,,,,,BPTCP
Crenella decussata,Mollusca,Bivalvia,Mytiloida,Mytilidae,Crenella,decussata,,(Montagu 1808),,1,CRENELLA DECUSSATA,P134,Bivalves,SCAMIT
Crepidula adunca,Mollusca,Gastropoda,Neotaenioglossa,Calyptraeidae,Crepidula,adunca,,G. B. Sowerby I 1825,,,CREPIDULA SP,P135,Gastropods,"SCAMIT, SQO2005"
Crepidula convexa,Mollusca,Gastropoda,Neotaenioglossa,Calyptraeidae,Crepidula,convexa,,,,,,,,"WEMAP00, SQO2005"
Crepidula fornicata,,,,,Crepidula,fornicata,,,,,,,,BPTCP
Crepidula glottidiarum,Mollusca,Gastropoda,Neotaenioglossa,Calyptraeidae,Crepidula,glottidiarum,,Dall 1905,,,CREPIDULA SP,P135,Gastropods,"SCAMIT, SQO2005"
Crepidula naticarum,Mollusca,Gastropoda,Neotaenioglossa,Calyptraeidae,Crepidula,naticarum,,Williamson 1905,,,CREPIDULA SP,P135,Gastropods,"SCAMIT, SQO2005"
Crepidula norrisianum,Mollusca,Gastropoda,Neotaenioglossa,Calyptraeidae,Crepidula,norrisianum,,,,,,,,SQO 2005
Crepidula onyx,Mollusca,Gastropoda,Neotaenioglossa,Calyptraeidae,Crepidula,onyx,,G. B. Sowerby I 1824,,,CREPIDULA SP,P135,Gastropods,"SCAMIT, SQO2005"
Crepidula plana,Mollusca,Gastropoda,Neotaenioglossa,Calyptraeidae,Crepidula,plana,,,,,,,,"RMP, SQO2005"
Crepidula sp,Mollusca,Gastropoda,Neotaenioglossa,Calyptraeidae,Crepidula,sp,,,,,CREPIDULA SP,P135,,"SCAMIT, SQO2005"
Crepipatella dorsata,Mollusca,Gastropoda,Neotaenioglossa,Calyptraeidae,Crepipatella,dorsata,,(Broderip 1834),,,CREPIDULA SP,P135,Gastropods,"SCAMIT, SQO2005"
Crockerella lowei,Mollusca,Gastropoda,Neogastropoda,Conidae,Crockerella,lowei,,(Dall 1903),,,,,,SCAMIT
Crucibulum spinosum,Mollusca,Gastropoda,Neotaenioglossa,Calyptraeidae,Crucibulum,spinosum,,(G. B. Sowerby I 1824),,,,,Gastropods,"SCAMIT, SQO2005"
Crucigera sp,Annelida,Polychaeta,Sabellida,Serpulidae,Crucigera,sp,,,,1,,,,SCAMIT
Cryptocelis occidentalis,Platyhelminthes,Turbellaria,Polycladida,Cryptocelididae,Cryptocelis,occidentalis,,Hyman 1953,,,,,,SCAMIT
Cryptomya californica,Mollusca,Bivalvia,Myoida,Myidae,Cryptomya,californica,,(Conrad 1837),,,CRYPTOMYA CALIFORNICA,P136,Bivalves,"SCAMIT, SQO2005"
Cryptonemertes actinophila,Nemertea,Enopla,Hoplonemertea,Emplectonematidae,Cryptonemertes,actinophila,,(Bürger 1904),,,,, ,SCAMIT
Ctenodrilus serratus,Annelida,Polychaeta,Ctenodrilida,Ctenodrilidae,Ctenodrilus,serratus,,(Schmidt 1857),,,,,,"SCAMIT, SQO2005"
Ctenostomata,Ectoprocta,Gymnolaemata,Ctenostomata,,Ctenostomata,0,,,,,,,,SCAMIT
Cubanomysis mysteriosa,Arthropoda,Malacostraca,Mysidacea,Mysidae,Cubanomysis,mysteriosa,,Gleye 1982,,,,, ,SCAMIT
cucumber,,,,,cucumber,0,,,,,,,,BPTCP
Cumacea,Arthropoda,Malacostraca,Cumacea,,Cumacea,0,,,cumaceans,2,,,Crustaceans,"SCAMIT, SQO2005"
Cumanotus fernaldi,Mollusca,Gastropoda,Nudibranchia,Cumanotidae,Cumanotus,fernaldi,,Thompson & Brown 1984,,,,,Gastropods,"SCAMIT, SQO2005"
Cumella californica,Arthropoda,Malacostraca,Cumacea,Nannastacidae,Cumella,californica,,Watling & McCann 1997,,2,CUMELLA SP A,P137, ,"SCAMIT, SQO2005"
Cumella cf californica,,,,,Cumella,cf californica,,,,,,,,BPTCP
Cumella sp,Arthropoda,Malacostraca,Cumacea,Nannastacidae,Cumella,sp,,,,2,,,,"SCAMIT, SQO2005"
Cumella sp A,,,,,Cumella,sp A,,,,,,,,SCAMIT
Cumella sp I,,,,,Cumella,sp I,,,,,,,,SCAMIT
Cumella vulgaris,Arthropoda,Malacostraca,Cumacea,Nannastacidae,Cumella,vulgaris,,,,,,,,"WEMAP00, SQO2005"
Cumingia californica,Mollusca,Bivalvia,Veneroida,Semelidae,Cumingia,californica,,Conrad 1837,,,,,Bivalves,"SCAMIT, SQO2005"
Cuspidaria parapodema,Mollusca,Bivalvia,Septibranchida,Cuspidariidae,Cuspidaria,parapodema,,Bernard 1969,,,CUSPIDARIA PARAPODEMA,P138,Bivalves,SCAMIT
Cuthona divae,Mollusca,Gastropoda,Nudibranchia,Tergipedidae,Cuthona,divae,,(Er. Marcus 1961),,,,,Gastropods,SCAMIT
Cyathodonta pedroana,Mollusca,Bivalvia,Pholadomyoida,Thraciidae,Cyathodonta,pedroana,,Dall 1915,,,,,Bivalves,"SCAMIT, SQO2005"
Cyclaspis nubila,Arthropoda,Malacostraca,Cumacea,Bodotriidae,Cyclaspis,nubila,,Zimmer 1936,,2,CYCLASPIS NUBILA,P139,Crustaceans,SCAMIT
Cyclaspis sp,Arthropoda,Malacostraca,Cumacea,Bodotriidae,Cyclaspis,sp,,,,2,,,,"SCAMIT, SQO2005"
Cyclaspis sp A,Arthropoda,Malacostraca,Cumacea,Bodotriidae,Cyclaspis,sp A,,SCAMIT 1995  §,,2,,,,SCAMIT
Cyclaspis sp C,Arthropoda,Malacostraca,Cumacea,Bodotriidae,Cyclaspis,sp C,,SCAMIT 1986  §,,2,,,,SCAMIT
Cyclocardia barbarensis,Mollusca,Bivalvia,Veneroida,Carditidae,Cyclocardia,barbarensis,,(Stearns 1890),,,CYCLOCARDIA SPP,P140,Bivalves,SCAMIT
Cyclocardia sp,Mollusca,Bivalvia,Veneroida,Carditidae,Cyclocardia,sp,,,,,,,,SCAMIT
Cyclocardia ventricosa,Mollusca,Bivalvia,Veneroida,Carditidae,Cyclocardia,ventricosa,,(Gould 1850),,,CYCLOCARDIA SPP,P140,Bivalves,SCAMIT
Cyclopecten catalinensis,Mollusca,Bivalvia,Ostreoida,Propeamussidae,Cyclopecten,catalinensis,,(Willett 1931),,,,,Bivalves,SCAMIT
Cyclopoida  ,,,,,Cyclopoida,0,,,,,,,,SCAMIT
Cyclostremella coronadoensis,Mollusca,Gastropoda,Heterostropha,Pyramidellidae,Cyclostremella,coronadoensis,,(Arnold 1903),,,,, ,SCAMIT
Cylichna attonsa,Mollusca,Gastropoda,Cephalaspidea,Cylichnidae,Cylichna,attonsa,,Carpenter 1865,,,,,Gastropods,SCAMIT
Cylichna diegensis,Mollusca,Gastropoda,Cephalaspidea,Cylichnidae,Cylichna,diegensis,,(Dall 1919),,,CYLICHNA DIEGENSIS,P141,Gastropods,"SCAMIT, SQO2005"
Cylichna sp,Mollusca,Gastropoda,Cephalaspidea,Cylichnidae,Cylichna,sp,,,,,,,,SCAMIT
Cylichnella inculta,,,,,Cylichnella,inculta,,,,,,,,BPTCP
Cylichnella spp.,,,,,Cylichnella,spp.,,,,,,,,BPTCP
Cylindroleberididae,Arthropoda,Ostracoda,Myodocopida,Cylindroleberididae,Cylindroleberididae,0,,,,,,,,"SCAMIT, SQO2005"
Cymatioa electilis,Mollusca,Bivalvia,Veneroida,Lasaeidae,Cymatioa,electilis,,(Berry 1963),,,,,Bivalves,SCAMIT
Dactylopleustes sp A,Arthropoda,Malacostraca,Amphipoda,Pleustidae,Dactylopleustes,sp A,,SCAMIT 1988  §,,,,,,SCAMIT
Decamastus gracilis,Annelida,Polychaeta,Capitellida,Capitellidae,Decamastus,gracilis,,Hartman 1963,,2,DECAMASTUS GRACILIS,P142,Polychaetes,"SCAMIT, SQO2005"
Decapoda,Arthropoda,Malacostraca,Decapoda,,Decapoda,0,,,crabs,,,,Crustaceans,"SCAMIT, SQO2005"
Deflexilodes norvegicus,Arthropoda,Malacostraca,Amphipoda,Oedicerotidae,Deflexilodes,norvegicus,,(Boeck 1861),,,MONOCULODES SP,P306, ,"SCAMIT, SQO2005"
Deilocerus decorus,Arthropoda,Malacostraca,Decapoda,Cyclodorippidae,Deilocerus,decorus,,(Rathbun 1933),,,,, ,SCAMIT
Deilocerus planus,Arthropoda,Malacostraca,Decapoda,Cyclodorippidae,Deilocerus,planus,,(Rathbun 1900),,,DEILOCERUS PLANUS,P143, ,SCAMIT
Deilocerus sp,Arthropoda,Malacostraca,Decapoda,Cyclodorippidae,Deilocerus,sp,,,,,,,,SCAMIT
Delectopecten vancouverensis,Mollusca,Bivalvia,Ostreoida,Pectinidae,Delectopecten,vancouverensis,,(Whiteaves 1893),,,DELECTOPECTEN VANCOUVERENSIS,P144,Bivalves,SCAMIT
Delonovolva aequalis vidleri,Mollusca,Gastropoda,Neotaenioglossa,Ovulidae,Delonovolva,aequalis,vidleri,(GB Sowerby I 1832),,,,,Gastropods,SCAMIT
Deltamysis sp A,Arthropoda,Malacostraca,Mysidacea,Mysidae,Deltamysis,sp A,,Phillips 1977  ',,,,,,"SCAMIT, SQO2005"
Demonax pallidus,Annelida,Polychaeta,Sabellida,Sabellidae,Demonax,pallidus,,(Moore 1923),,1,,,,SCAMIT
Demonax sp,Annelida,Polychaeta,Sabellida,Sabellidae,Demonax,sp,,,,1,,,,"SCAMIT, SQO2005"
Dendraster excentricus,Echinodermata,Echinoidea,Clypeasteroida,Dendrasteridae,Dendraster,excentricus,,(Eschscholtz 1831),,,DENDRASTER EXCENTRICUS,P145,Echinoderms,"SCAMIT, SQO2005"
Dendraster sp,Echinodermata,Echinoidea,Clypeasteroida,Dendrasteridae,Dendraster,sp,,,,,,,,"SCAMIT, SQO2005"
Dendraster terminalis,Echinodermata,Echinoidea,Clypeasteroida,Dendrasteridae,Dendraster,terminalis,,(Grant & Hertlein 1938),,,DENDRASTER EXCENTRICUS,P145, ,SCAMIT
Dendrochirotida,Echinodermata,Holothuroidea,Dendrochirotida,,Dendrochirotida,0,,,,,,,Echinoderms,SCAMIT
Dendronotus iris,Mollusca,Gastropoda,Nudibranchia,Dendronotidae,Dendronotus,iris,,J. G. Cooper 1863,,,,,Gastropods,SCAMIT
Dendronotus sp,Mollusca,Gastropoda,Nudibranchia,Dendronotidae,Dendronotus,sp,,,,,,,,SCAMIT
Dentaliidae,Mollusca,Scaphopoda,Dentaliida,Dentaliidae,Dentaliidae,0,,,,,,,,"SCAMIT, SQO2005"
Dentalium vallicolens,Mollusca,Scaphopoda,Dentaliida,Dentaliidae,Dentalium,vallicolens,,Raymond 1904,,,DENTALIUM SP,P146,,SCAMIT
Deutella californica,Arthropoda,Malacostraca,Amphipoda,Pariambidae,Deutella,californica,,Mayer 1890,,1,,,Crustaceans,"SCAMIT, SQO2005"
Diadumene sp,Cnidaria,Anthozoa,Actiniaria,Diadumenidae,Diadumene,sp,,,,,,,,"SCAMIT, SQO2005"
Diadumenidae,Cnidaria,Anthozoa,Actiniaria,Diadumenidae,Diadumenidae,0,,,,,,,,SCAMIT
Diaphana californica,Mollusca,Gastropoda,Cephalaspidea,Diaphanidae,Diaphana,californica,,Dall 1919,,,,,Gastropods,SCAMIT
Diaphorodoris lirulatocauda,Mollusca,Gastropoda,Nudibranchia,Onchidorididae,Diaphorodoris,lirulatocauda,,Millen 1985,,,,,Gastropods,SCAMIT
Diastylidae,Arthropoda,Malacostraca,Cumacea,Diastylidae,Diastylidae,0,,,,2,,,Crustaceans,SCAMIT
Diastylis californica,Arthropoda,Malacostraca,Cumacea,Diastylidae,Diastylis,californica,,Zimmer 1936,,2,DIASTYLIS CALIFORNICA,P147,Crustaceans,SCAMIT
Diastylis crenellata,Arthropoda,Malacostraca,Cumacea,Diastylidae,Diastylis,crenellata,,Watling & McCann 1997,,2,DIASTYLIS SP A,P150, ,"SCAMIT, SQO2005"
Diastylis paraspinulosa ,,,,,Diastylis,paraspinulosa,,,,,,,,SCAMIT
Diastylis pellucida,Arthropoda,Malacostraca,Cumacea,Diastylidae,Diastylis,pellucida,,Hart 1930,,2,DIASTYLIS PELLUCIDA,P149,Crustaceans,SCAMIT
Diastylis sp,Arthropoda,Malacostraca,Cumacea,Diastylidae,Diastylis,sp,,,,2,,,,"SCAMIT, SQO2005"
Diastylis sp A,,,,,Diastylis,sp A,,,,,,,,SCAMIT
Diastylis sp D,,,,,Diastylis,sp D,,,,,,,,SCAMIT
Diastylopsis dawsoni,Arthropoda,Malacostraca,Cumacea,Diastylidae,Diastylopsis,dawsoni,,,,NR,,,Crustaceans,"WEMAP99, SQO2005"
Diastylopsis tenuis,Arthropoda,Malacostraca,Cumacea,Diastylidae,Diastylopsis,tenuis,,Zimmer 1936,,2,DIASTYLOPSIS TENUIS,P151,Crustaceans,"SCAMIT, SQO2005"
Diopatra ornata,Annelida,Polychaeta,Eunicida,Onuphidae,Diopatra,ornata,,Moore 1911,,1,DIOPATRA ORNATA,P152,Polychaetes,"SCAMIT, SQO2005"
Diopatra sp,Annelida,Polychaeta,Eunicida,Onuphidae,Diopatra,sp,,,,1,,,,"SCAMIT, SQO2005"
Diopatra sp. juv.,,,,,Diopatra,sp. juv.,,,,,,,,BPTCP
Diopatra splendidissima,Annelida,Polychaeta,Eunicida,Onuphidae,Diopatra,splendidissima,,Kinberg 1865,,1,DIOPATRA SPLENDIDISSIMA,P153,Polychaetes,"SCAMIT, SQO2005"
Diopatra spp. juv.,,,,,Diopatra,spp. juv.,,,,,,,,BPTCP
Diopatra tridentata,Annelida,Polychaeta,Eunicida,Onuphidae,Diopatra,tridentata,,Hartman 1944,,1,DIOPATRA TRIDENTATA,P154,Polychaetes,"SCAMIT, SQO2005"
Diplocirrus sp SD1,Annelida,Polychaeta,Flabelligerida,Flabelligeridae,Diplocirrus,sp SD1,,,,,,,,"SCAMIT, SQO2005"
Diplocirrus sp(p).,,,,,Diplocirrus,sp(p).,,,,,,,,BPTCP
Diplocirrus sp.,,,,,Diplocirrus,sp.,,,,,,,,BPTCP
Diplodonta orbella,Mollusca,Bivalvia,Veneroida,Ungulinidae,Diplodonta,orbella,,(Gould 1851),,,,,,"SCAMIT, SQO2005"
Diplodonta sericata,Mollusca,Bivalvia,Veneroida,Ungulinidae,Diplodonta,sericata,,(Reeve 1850),,,,,Bivalves,"SCAMIT, SQO2005"
Dipolydora barbilla,Annelida,Polychaeta,Spionida,Spionidae,Dipolydora,barbilla,,(Blake 1981),,2,POLYDORA SP,, ,SCAMIT
Dipolydora bidentata,Annelida,Polychaeta,Spionida,Spionidae,Dipolydora,bidentata,,(Zachs 1933),,2,POLYDORA SP,P419, ,SCAMIT
Dipolydora caulleryi,Annelida,Polychaeta,Spionida,Spionidae,Dipolydora,caulleryi,,(Mesnil 1897),,2,POLYDORA SP,P419, ,SCAMIT
Dipolydora giardi,Annelida,Polychaeta,Spionida,Spionidae,Dipolydora,giardi,,(Mesnil 1896),,2,POLYDORA SP,P419, ,SCAMIT
Dipolydora socialis,Annelida,Polychaeta,Spionida,Spionidae,Dipolydora,socialis,,(Schmarda 1861),,2,POLYDORA SP,P419, ,SCAMIT
Dipolydora sp,Annelida,Polychaeta,Spionida,Spionidae,Dipolydora,sp,,,,2,POLYDORA SP,P419,,"SCAMIT, SQO2005"
Dipplocirrus sp.,,,,,Dipplocirrus,sp.,,,,,,,,BPTCP
Diptera  ,Arthropoda,Insecta,Diptera,,Diptera,0,,,flies,,,,Insects,"SCAMIT, SQO2005"
Dispio uncinata,Annelida,Polychaeta,Spionida,Spionidae,Dispio,uncinata,,Hartman 1951,,2,,,Polychaetes,"SCAMIT, SQO2005"
Distaplia occidentalis,Chordata,Ascidiacea,Aplousobranchiata,Polycitoridae,Distaplia,occidentalis,,Bancroft 1899,,,,,,"SCAMIT, SQO2005"
Divariscintilla sp A,Mollusca,Bivalvia,Veneroida,Galeommatidae,Divariscintilla,sp A,,"""Coan","Valentich Scott & Bernard 2000""",,,,,SCAMIT
Dodecaceria concharum,Annelida,Polychaeta,Spionida,Cirratulidae,Dodecaceria,concharum,,Ørsted 1843,,2,,,Polychaetes,SCAMIT
Dolichopodidae,Arthropoda,Insecta,Diptera,Dolichopodidae,Dolichopodidae,0,,,,,,,,SQO 2005
Donax sp.,,,,,Donax,sp.,,,,,,,,BPTCP
Dorvillea (Dorvillea) sp,Annelida,Polychaeta,Eunicida,Dorvilleidae,Dorvillea,(Dorvillea) sp,,,,,,,,"SCAMIT, SQO2005"
Dorvillea (Schistomeringos) annulata,Annelida,Polychaeta,Eunicida,Dorvilleidae,Dorvillea,(Schistomeringos) annulata,,(Moore 1906),,4,,, ,SCAMIT
Dorvillea (Schistomeringos) longicornis,Annelida,Polychaeta,Eunicida,Dorvilleidae,Dorvillea,(Schistomeringos) longicornis,,(Ehlers 1901),,4,DORVILLEA (SCHISTOMERINGOS) LONGICORNIS,P155, ,SCAMIT
Dorvillea (schistomeringos) sp,Annelida,Polychaeta,Eunicida,Dorvilleidae,Dorvillea,(schistomeringos) sp,,,,,,,,"SCAMIT, SQO2005"
Dorvillea moniloceras,,,,,Dorvillea,moniloceras,,,,,,,,BPTCP
Dorvillea spp. juv.,,,,,Dorvillea,spp. juv.,,,,,,,,BPTCP
Dorvilleidae,Annelida,Polychaeta,Eunicida,Dorvilleidae,Dorvilleidae,0,,,,,,,Polychaetes,"SCAMIT, SQO2005"
Dorvilleidae spp. indet.,,,,,Dorvilleidae,spp. indet.,,,,,,,,BPTCP
Doto kya,Mollusca,Gastropoda,Nudibranchia,Dotoidae,Doto,kya,,Er. Marcus 1961,,,,,Gastropods,SCAMIT
Doto sp,Mollusca,Gastropoda,Nudibranchia,Dotoidae,Doto,sp,,,,,,,,SCAMIT
Dougaloplus amphacanthus,Echinodermata,Ophiuroidea,Ophiurida,Amphiuridae,Dougaloplus,amphacanthus,,(McClendon 1909),,,DOUGALOPLUS SP,P156, ,SCAMIT
Dougaloplus sp,Echinodermata,Ophiuroidea,Ophiurida,Amphiuridae,Dougaloplus,sp,,,,,DOUGALOPLUS SP,P156,,SCAMIT
Dougaloplus sp 1,,,,,Dougaloplus,sp 1,,,,,,,,SCAMIT
Drilonereis falcata,Annelida,Polychaeta,Eunicida,Oenonidae,Drilonereis,falcata,,Moore 1911,,,DRILONEREIS SP,P157,Polychaetes,"SCAMIT, SQO2005"
Drilonereis falcata minor,,,,,Drilonereis,falcata minor,,,,,,,,BPTCP
Drilonereis longa,Annelida,Polychaeta,Eunicida,Oenonidae,Drilonereis,longa,,Webster 1879,,,DRILONEREIS SP,,Polychaetes,"SCAMIT, SQO2005"
Drilonereis mexicana,Annelida,Polychaeta,Eunicida,Oenonidae,Drilonereis,mexicana,,Fauchald 1970,,,DRILONEREIS SP,P157,Polychaetes,"SCAMIT, SQO2005"
Drilonereis nuda,Annelida,Polychaeta,Eunicida,Oenonidae,Drilonereis,nuda,,Moore 1909,,,DRILONEREIS SP,P157,Polychaetes,"SCAMIT, SQO2005"
Drilonereis sp,Annelida,Polychaeta,Eunicida,Oenonidae,Drilonereis,sp,,,,,DRILONEREIS SP,P157,,"SCAMIT, SQO2005"
Drilonereis sp A,Annelida,Polychaeta,Eunicida,Oenonidae,Drilonereis,sp A,,SCAMIT 1998  §,,,DRILONEREIS SP,P157,,SCAMIT
Drilonereis spp. indet.,,,,,Drilonereis,spp. indet.,,,,,,,,BPTCP
Dulichia rhabdoplastis,Arthropoda,Malacostraca,Amphipoda,Podoceridae,Dulichia,rhabdoplastis,,,,NR,,,Crustaceans,WEMAP99
Dulichia sp,Arthropoda,Malacostraca,Amphipoda,Podoceridae,Dulichia,sp,,,,,,,,"WEMAP00, SQO2005"
Dynamenella sp,Arthropoda,Malacostraca,Isopoda,Sphaeromatidae,Dynamenella,sp,,,,,,,,SQO 2005
Dyopedos monacanthus,Arthropoda,Malacostraca,Amphipoda,Podoceridae,Dyopedos,monacanthus,,(Metzger 1875),,,,,Crustaceans,SCAMIT
Dyopedos sp,Arthropoda,Malacostraca,Amphipoda,Podoceridae,Dyopedos,sp,,,,,,,,"SCAMIT, SQO2005"
Echinoidea,Echinodermata,Echinoidea,,,Echinoidea,0,,,,,,,Echinoderms,"SCAMIT, SQO2005"
Echiura,Echiura,,,,Echiura,0,,,,,,,,"SCAMIT, SQO2005"
Eclysippe trilobata,Annelida,Polychaeta,Terebellida,Ampharetidae,Eclysippe,trilobata,,(Hartman 1969),,1,ECLYSIPPE TRILOBATA,P158, ,"SCAMIT, SQO2005"
Ectoprocta,Ectoprocta,,,,Ectoprocta,0,,,,,,,,SCAMIT
Edotia sp,Arthropoda,Malacostraca,Isopoda,Idoteidae,Edotia,sp,,,,,EDOTIA SP,P159,,"SCAMIT, SQO2005"
Edotia sp B,Arthropoda,Malacostraca,Isopoda,Idoteidae,Edotia,sp B,,MEC 1984  ',,,EDOTIA SP,P159,,"SCAMIT, SQO2005"
Edotia sp SD1,Arthropoda,Malacostraca,Isopoda,Idoteidae,Edotia,sp SD1,,,,,EDOTIA SP,,,SCAMIT
Edotia sublittoralis,Arthropoda,Malacostraca,Isopoda,Idoteidae,Edotia,sublittoralis,,(Menzies & J. L. Barnard 1959),,,EDOTIA SP,P159,Crustaceans,"SCAMIT, SQO2005"
Edwardsia ?,,,,,Edwardsia,?,,,,,,,,BPTCP
Edwardsia californica,Cnidaria,Anthozoa,Actiniaria,Edwardsiidae,Edwardsia,californica,,McMurrich 1903,,,EDWARDSIIDAE,P160,,"SCAMIT, SQO2005"
Edwardsia sipunculoides,Cnidaria,Anthozoa,Actiniaria,Edwardsiidae,Edwardsia,sipunculoides,,(Stimpson 1853),,,EDWARDSIIDAE,P160,,"SCAMIT, SQO2005"
Edwardsia sp,Cnidaria,Anthozoa,Actiniaria,Edwardsiidae,Edwardsia,sp,,,,,EDWARDSIIDAE,P160,,"SCAMIT, SQO2005"
Edwardsia sp G,Cnidaria,Anthozoa,Actiniaria,Edwardsiidae,Edwardsia,sp G,,MEC 1992  §,,,EDWARDSIIDAE,P160,,"SCAMIT, SQO2005"
Edwardsiidae,Cnidaria,Anthozoa,Actiniaria,Edwardsiidae,Edwardsiidae,0,,,,,EDWARDSIIDAE,P160,,"SCAMIT, SQO2005"
Elaeocyma empyrosia,Mollusca,Gastropoda,Neogastropoda,Pseudomelatomidae,Elaeocyma,empyrosia,,(Dall 1899),,,,,Gastropods,SCAMIT
Elasmopus antennatus,Arthropoda,Malacostraca,Amphipoda,Melitidae,Elasmopus,antennatus,,,,,,,,"HUNT, SQO2005"
Elasmopus bampo,Arthropoda,Malacostraca,Amphipoda,Melitidae,Elasmopus,bampo,,J. L. Barnard 1979,,,,, ,"SCAMIT, SQO2005"
Elasmopus mutatus,Arthropoda,Malacostraca,Amphipoda,Melitidae,Elasmopus,mutatus,,J. L. Barnard 1962,,,,, ,"SCAMIT, SQO2005"
Elasmopus sp,Arthropoda,Malacostraca,Amphipoda,Melitidae,Elasmopus,sp,,,,,,,,"SCAMIT, SQO2005"
Electra spp.,,,,,Electra,spp.,,,,,,,,LEMP
Emerita analoga,Arthropoda,Malacostraca,Decapoda,Hippidae,Emerita,analoga,,(Stimpson 1857),,,,,Crustaceans,SCAMIT
Emplectonematidae,Nemertea,Enopla,Hoplonemertea,Emplectonematidae,Emplectonematidae,0,,,,,,,,SCAMIT
Enallopaguropsis guatemoci,Arthropoda,Malacostraca,Decapoda,Paguridae,Enallopaguropsis,guatemoci,,(Glassell 1937),,,,,Crustaceans,SCAMIT
Ennucula tenuis,Mollusca,Bivalvia,Nuculoida,Nuculidae,Ennucula,tenuis,,(Montagu 1808),,3,ENNUCULA TENUIS,P161,Bivalves,SCAMIT
Enopla,Nemertea,Enopla,,,Enopla,0,,,,,,,,SCAMIT
Enopla sp A,Nemertea,Enopla,uncertain,uncertain,Enopla,sp A,,SCAMIT 1995  §,,,,,,SCAMIT
Ensis myrae,Mollusca,Bivalvia,Veneroida,Pharidae,Ensis,myrae,,Berry 1953,,,ENSIS MYRAE,P162,Bivalves,"SCAMIT, SQO2005"
Enteropneusta,Chordata,Enteropneusta,,Ptychoderidae,Enteropneusta,0,,,,,ENTEROPNEUSTA,P163,,"SCAMIT, SQO2005"
Entodesma pictum,Mollusca,Bivalvia,Pholadomyoida,Lyonsiidae,Entodesma,pictum,,(G. B. Sowerby I 1834),,,ENTODESMA PICTUM,P164,Bivalves,SCAMIT
Entoprocta,Entoprocta,,,,Entoprocta,0,,,,,,,,SCAMIT
Eobrolgus chumashi,Arthropoda,Malacostraca,Amphipoda,Phoxocephalidae,Eobrolgus,chumashi,,J. L. Barnard & C. M. Barnard 1981,,1,,,Crustaceans,"SCAMIT, SQO2005"
Eobrolgus sp,Arthropoda,Malacostraca,Amphipoda,Phoxocephalidae,Eobrolgus,sp,,,,1,,,,SCAMIT
Eobrolgus spinosus,Arthropoda,Malacostraca,Amphipoda,Phoxocephalidae,Eobrolgus,spinosus,,(Holmes 1903),,1,,,Crustaceans,"SCAMIT, SQO2005"
Eochelidium sp A,Arthropoda,Malacostraca,Amphipoda,Oedicerotidae,Eochelidium,sp A,,SCAMIT 1996 ',,,,,,"SCAMIT, SQO2005"
Eochelidium sp A SCAMIT,,,,,Eochelidium,sp A SCAMIT,,,,,,,,SCAMIT
Eogammarus confervicolus CMPLX,Arthropoda,Malacostraca,Amphipoda,Anisogammaridae,Eogammarus,confervicolus CMPLX,,,,,,,,"SCAMIT, SQO2005"
Eohaustorius barnardi,Arthropoda,Malacostraca,Amphipoda,Haustoriidae,Eohaustorius,barnardi,,Bousfield & Hoover 1995,,,,, ,SCAMIT
Eohaustorius estuarius,Arthropoda,Malacostraca,Amphipoda,Haustoriidae,Eohaustorius,estuarius,,,,NR,,,Crustaceans,"WEMAP99, SQO2005"
Eohaustorius sawyeri,Arthropoda,Malacostraca,Amphipoda,Haustoriidae,Eohaustorius,sawyeri,,,,NR,,,Crustaceans,"WEMAP99, SQO2005"
Ephesiella brevicapitis,Annelida,Polychaeta,Phyllodocida,Sphaerodoridae,Ephesiella,brevicapitis,,(Moore 1909),,,EPHESIELLA BREVICAPITIS,P165,Polychaetes,"SCAMIT, SQO2005"
Epilucina californica,Mollusca,Bivalvia,Veneroida,Lucinidae,Epilucina,californica,,(Conrad 1837),,,,,Bivalves,"SCAMIT, SQO2005"
Epitoniidae,Mollusca,Gastropoda,Neotaenioglossa,Epitoniidae,Epitoniidae,0,,,,,EPITONIIDAE,P166,Gastropods,SCAMIT
Epitonium berryi,Mollusca,Gastropoda,Neotaenioglossa,Epitoniidae,Epitonium,berryi,,(Dall 1907),,,,,,SCAMIT
Epitonium hindsii,Mollusca,Gastropoda,Neotaenioglossa,Epitoniidae,Epitonium,hindsii,,(Carpenter 1856),,,EPITONIIDAE,P166, ,"SCAMIT, SQO2005"
Epitonium lowei,Mollusca,Gastropoda,Neotaenioglossa,Epitoniidae,Epitonium,lowei,,(Dall 1906),,,EPITONIIDAE,P166,Gastropods,SCAMIT
Epitonium sawinae,Mollusca,Gastropoda,Neotaenioglossa,Epitoniidae,Epitonium,sawinae,,(Dall 1903),,,EPITONIIDAE,P166,Gastropods,SCAMIT
Epitonium sp,Mollusca,Gastropoda,Neotaenioglossa,Epitoniidae,Epitonium,sp,,,,,EPITONIIDAE,P166,,"SCAMIT, SQO2005"
Epitonium tinctum,Mollusca,Gastropoda,Neotaenioglossa,Epitoniidae,Epitonium,tinctum,,(Carpenter 1865),,,EPITONIIDAE,P166,Gastropods,"SCAMIT, SQO2005"
Eranno bicirrata,Annelida,Polychaeta,Eunicida,Lumbrineridae,Eranno,bicirrata,,(Treadwell 1922),,,LUMBRINERIS SP,P270, ,SCAMIT
Eranno lagunae,Annelida,Polychaeta,Eunicida,Lumbrineridae,Eranno,lagunae,,(Fauchald 1970),,,ERANNO LAGUNAE,P167, ,"SCAMIT, SQO2005"
Erato columbella,Mollusca,Gastropoda,Neotaenioglossa,Triviidae,Erato,columbella,,Menke 1847,,,,,Gastropods,"SCAMIT, SQO2005"
Erato sp,Mollusca,Gastropoda,Neotaenioglossa,Triviidae,Erato,sp,,,,,,,,SCAMIT
Erichsonella crenulata,Arthropoda,Malacostraca,Isopoda,Idoteidae,Erichsonella,crenulata,,,,,,,,SQO 2005
Ericthonius brasiliensis,Arthropoda,Malacostraca,Amphipoda,Ischyroceridae,Ericthonius,brasiliensis,,(Dana 1853),,,ERICTHONIUS BRASILIENSIS,P168,Crustaceans,"SCAMIT, SQO2005"
Ericthonius hunteri,,,,,Ericthonius,hunteri,,,,,,,,BPTCP
Ericthonius rubricornis,Arthropoda,Malacostraca,Amphipoda,Ischyroceridae,Ericthonius,rubricornis,,(Stimpson 1853),,,ERICTHONIUS RUBRICORNIS,P169,Crustaceans,"SCAMIT, SQO2005"
Ericthonius sp,Arthropoda,Malacostraca,Amphipoda,Ischyroceridae,Ericthonius,sp,,,,,,,,"SCAMIT, SQO2005"
Ericthonius sp SD1,Arthropoda,Malacostraca,Amphipoda,Ischyroceridae,Ericthonius,sp SD1,,,,,,,,SCAMIT
Erileptus spinosus,Arthropoda,Malacostraca,Decapoda,Majidae,Erileptus,spinosus,,Rathbun 1893,,,ERILEPTUS SPINOSUS,P170,Crustaceans,SCAMIT
Eteone aestuarina,Annelida,Polychaeta,Phyllodocida,Phyllodocidae,Eteone,aestuarina,,Hartmann-Schrvder 1959,,,ETEONE SP,,,SCAMIT
Eteone californica ,Annelida,Polychaeta,Aciculata,Phyllodocidae,Eteone,californica,,,,,,,Polychaetes,SCAMIT
Eteone fauchaldi,Annelida,Polychaeta,Phyllodocida,Phyllodocidae,Eteone,fauchaldi,,Kravitz & Jones 1979,,,ETEONE SP,P171,Polychaetes,SCAMIT
Eteone leptotes,Annelida,Polychaeta,Phyllodocida,Phyllodocidae,Eteone,leptotes,,Blake 1992,,,ETEONE SP,P171, ,SCAMIT
Eteone lighti,Annelida,Polychaeta,Aciculata,Phyllodocidae,Eteone,lighti,,,,,,,Polychaetes,CISNET
Eteone sp,Annelida,Polychaeta,Phyllodocida,Phyllodocidae,Eteone,sp,,,,,ETEONE SP,P171,,"SCAMIT, SQO2005"
Eteone sp(p),,,,,Eteone,sp(p),,,,,,,,BPTCP
Eteone sp(p).,,,,,Eteone,sp(p).,,,,,,,,BPTCP
Eualus lineatus,Arthropoda,Malacostraca,Decapoda,Hippolytidae,Eualus,lineatus,,Wicksten & Butler 1983,,,,,Crustaceans,"SCAMIT, SQO2005"
Eualus sp,Arthropoda,Malacostraca,Decapoda,Hippolytidae,Eualus,sp,,,,,,,,SCAMIT
Eucaridea  ,,,,,Eucaridea,0,,,,,,,,SCAMIT
Euchone arenae,Annelida,Polychaeta,Sabellida,Sabellidae,Euchone,arenae,,Hartman 1966,,1,EUCHONE SP,P172,Polychaetes,SCAMIT
Euchone hancocki,Annelida,Polychaeta,Sabellida,Sabellidae,Euchone,hancocki,,Banse 1970,,1,EUCHONE SP,P172,Polychaetes,SCAMIT
Euchone incolor,Annelida,Polychaeta,Sabellida,Sabellidae,Euchone,incolor,,Hartman 1965,,1,EUCHONE SP,P172,Polychaetes,"SCAMIT, SQO2005"
Euchone limnicola,Annelida,Polychaeta,Sabellida,Sabellidae,Euchone,limnicola,,Reish 1960,,1,EUCHONE SP,P172,Polychaetes,"SCAMIT, SQO2005"
Euchone rosea,Annelida,Polychaeta,Sabellida,Sabellidae,Euchone,rosea,,Langerhans 1884,,1,EUCHONE SP,,,SCAMIT
Euchone sp,Annelida,Polychaeta,Sabellida,Sabellidae,Euchone,sp,,,,1,EUCHONE SP,P172,,SCAMIT
Euchone sp A,Annelida,Polychaeta,Sabellida,Sabellidae,Euchone,sp A,,SCAMIT 1986  §,,1,EUCHONE SP,P172,,SCAMIT
Euchone sp LA1,Annelida,Polychaeta,Sabellida,Sabellidae,Euchone,sp LA1,,,,1,EUCHONE SP,,,SCAMIT
Euchone sp. A,,,,,Euchone,sp. A,,,,,,,,BPTCP
Euchone velifera,Annelida,Polychaeta,Sabellida,Sabellidae,Euchone,velifera,,Banse 1972,,1,EUCHONE SP,P172,Polychaetes,SCAMIT
Euclymene campanula,Annelida,Polychaeta,Capitellida,Maldanidae,Euclymene,campanula,,Hartman 1969,,1,,,Polychaetes,SCAMIT
Euclymeninae  ,Annelida,Polychaeta,Capitellida,Maldanidae,Euclymeninae,0,,,,,,, ,"SCAMIT, SQO2005"
Euclymeninae sp A,Annelida,Polychaeta,Capitellida,Maldanidae,Euclymeninae,sp A,,SCAMIT 1987  §,,1,,,,"SCAMIT, SQO2005"
Euclymeninae spp. indet,,,,,Euclymeninae,spp. indet,,,,,,,,BPTCP
Euclymeninae spp. indet.,,,,,Euclymeninae,spp. indet.,,,,,,,,BPTCP
Euclymeninae spp. juv.,,,,,Euclymeninae,spp. juv.,,,,,,,,BPTCP
"Euclymeninae, unident.",,,,,"Euclymeninae,",unident.,,,,,,,,BPTCP
Eucrassatella fluctuata,Mollusca,Bivalvia,Veneroida,Crassatellidae,Eucrassatella,fluctuata,,(Carpenter 1864),,,,,,SCAMIT
Eudistylia sp,Annelida,Polychaeta,Sabellida,Sabellidae,Eudistylia,sp,,,,1,,,,"SCAMIT, SQO2005"
Eudorella pacifica,Arthropoda,Malacostraca,Cumacea,Leuconidae,Eudorella,pacifica,,Hart 1930,,2,EUDORELLA PACIFICA,P173,Crustaceans,"SCAMIT, SQO2005"
Eudorellopsis longirostris,Arthropoda,Malacostraca,Cumacea,Leuconidae,Eudorellopsis,longirostris,,Given 1961,,2,EUDORELLOPSIS LONGIROSTRIS,P174,Crustaceans,SCAMIT
Eugyra arenosa californica,Chordata,Ascidiacea,Stolidobranchiata,Molgulidae,Eugyra,arenosa,californica,Van Name 1945,,,,,,SCAMIT
Eulalia californiensis,Annelida,Polychaeta,Phyllodocida,Phyllodocidae,Eulalia,californiensis,,(Hartman 1936),,,EULALIA SP,P175, ,"SCAMIT, SQO2005"
Eulalia levicornuta,Annelida,Polychaeta,Phyllodocida,Phyllodocidae,Eulalia,levicornuta,,Moore 1909,,,EULALIA SP,P175,Polychaetes,SCAMIT
Eulalia quadrioculata,Annelida,Polychaeta,Phyllodocida,Phyllodocidae,Eulalia,quadrioculata,,Moore 1906,,,EULALIA SP,P175,Polychaetes,"SCAMIT, SQO2005"
Eulalia sp,Annelida,Polychaeta,Phyllodocida,Phyllodocidae,Eulalia,sp,,,,,EULALIA SP,P175,,SCAMIT
Eulalia sp(p),,,,,Eulalia,sp(p),,,,,,,,BPTCP
Eulima californicus ,,,,,Eulima,californicus,,,,,,,,SCAMIT
Eulima raymondi,Mollusca,Gastropoda,Neotaenioglossa,Eulimidae,Eulima,raymondi,,Rivers 1904,,,EULIMA CALIFORNICUS,P176,Gastropods,SCAMIT
Eulithidium sp,Mollusca,Gastropoda,Vetigastropoda,Turbinidae,Eulithidium,sp,,,,,,,,"SCAMIT, SQO2005"
Eulithidium substriatum,Mollusca,Gastropoda,Vetigastropoda,Turbinidae,Eulithidium,substriatum,,(Carpenter 1864),,,,,,SCAMIT
Eumida longicornuta,Annelida,Polychaeta,Phyllodocida,Phyllodocidae,Eumida,longicornuta,,(Moore 1906),,,EUMIDA LONGICORNUTA,P177,Polychaetes,"SCAMIT, SQO2005"
Eumida sp,Annelida,Polychaeta,Phyllodocida,Phyllodocidae,Eumida,sp,,,,,,,,SCAMIT
Eumida sp 1,,,,,Eumida,sp 1,,,,,,,,SCAMIT
Eumida sp 2,,,,,Eumida,sp 2,,,,,,,,SCAMIT
Eumida spp. juv.,,,,,Eumida,spp. juv.,,,,,,,,BPTCP
Eunice americana,Annelida,Polychaeta,Eunicida,Eunicidae,Eunice,americana,,Hartman 1944,,,EUNICE AMERICANA,P178,Polychaetes,SCAMIT
Eunice sp,Annelida,Polychaeta,Eunicida,Eunicidae,Eunice,sp,,,,,,,,SCAMIT
Eunicidae,Annelida,Polychaeta,Eunicida,Eunicidae,Eunicidae,0,,,,,,,Polychaetes,"SCAMIT, SQO2005"
"Eunicidae, unident.",,,,,"Eunicidae,",unident.,,,,,,,,BPTCP
Eunoe cf depressa,,,,,Eunoe,cf depressa,,,,,,,,SCAMIT
Euphilomedes carcharodonta,Arthropoda,Ostracoda,Myodocopida,Philomedidae,Euphilomedes,carcharodonta,,(Smith 1952),,2,EUPHILOMEDES CARCHARODONTA,P180,,"SCAMIT, SQO2005"
Euphilomedes longiseta,Arthropoda,Ostracoda,Myodocopida,Philomedidae,Euphilomedes,longiseta,,(Juday 1907),,2,,,,SCAMIT
Euphilomedes producta,Arthropoda,Ostracoda,Myodocopida,Philomedidae,Euphilomedes,producta,,Poulsen 1962,,2,EUPHILOMEDES PRODUCTA,P181,,"SCAMIT, SQO2005"
Euphysa sp,Cnidaria,Hydrozoa,Athecatae,Corymorphidae,Euphysa,sp,,,,,,,,"SCAMIT, SQO2005"
Euphysa sp A,Cnidaria,Hydrozoa,Athecatae,Corymorphidae,Euphysa,sp A,,Ljubenkov 1986  §,,,EUPHYSA SP A,P182,,SCAMIT
Eupolymnia heterobranchia,Annelida,Polychaeta,Terebellida,Terebellidae,Eupolymnia,heterobranchia,,(Johnson 1901),,1,EUPOLYMNIA HETEROBRANCHIA,P183,Polychaetes,"SCAMIT, SQO2005"
Eupolymnia sp,Annelida,Polychaeta,Terebellida,Terebellidae,Eupolymnia,sp,,,,1,,,,"SCAMIT, SQO2005"
Eupolymnia sp(p).,,,,,Eupolymnia,sp(p).,,,,,,,,BPTCP
Eupolymnia spp. juv.,,,,,Eupolymnia,spp. juv.,,,,,,,,BPTCP
Eurydice caudata,Arthropoda,Malacostraca,Isopoda,Cirolanidae,Eurydice,caudata,,Richardson 1899,,,EURYDICE CAUDATA,P184,Crustaceans,SCAMIT
Eusarsiella sp A,Arthropoda,Ostracoda,Myodocopida,Sarsiellidae,Eusarsiella,sp A,,SCAMIT 1988  §,,,,,,SCAMIT
Eusarsiella thominx,Arthropoda,Ostracoda,Myodocopida,Sarsiellidae,Eusarsiella,thominx,,Kornicker 1987,,,EUSARSIELLA THOMINX,P185,,"SCAMIT, SQO2005"
Eusarsiella tricostata,,,,,Eusarsiella,tricostata,,,,,,,,BPTCP
Eusarsiella zostericola,Arthropoda,Ostracoda,Myodocopida,Sarsiellidae,Eusarsiella,zostericola,,,,NR,,,,"WEMAP99, SQO2005"
Eusiridae sp A,,,,,Eusiridae,sp A,,,,NR,,,,WEMAP99
Eusiridae sp B,,,,,Eusiridae,sp B,,,,NR,,,,WEMAP99
Eusirus sp,Arthropoda,Malacostraca,Amphipoda,Eusiridae,Eusirus,sp,,,,,,,,SCAMIT
Euspira lewisii,Mollusca,Gastropoda,Neotaenioglossa,Naticidae,Euspira,lewisii,,(Gould 1847),,,POLINICES LEWISII,,Gastropods,SCAMIT
Eusyllinae,Annelida,Polychaeta,Phyllodocida,Syllidae,Eusyllinae,0,,,,,,,,SCAMIT
Eusyllis habei,Annelida,Polychaeta,Phyllodocida,Syllidae,Eusyllis,habei,,Imajima 1966,,,,,Polychaetes,SCAMIT
Eusyllis sp,Annelida,Polychaeta,Phyllodocida,Syllidae,Eusyllis,sp,,,,,,,,"SCAMIT, SQO2005"
Eusyllis sp SD 1,,,,,Eusyllis,sp SD 1,,,,,,,,SCAMIT
Eusyllis transecta,Annelida,Polychaeta,Phyllodocida,Syllidae,Eusyllis,transecta,,Hartman 1966,,,EUSYLLIS TRANSECTA,P186,Polychaetes,"SCAMIT, SQO2005"
Euzonus sp,,,,,Euzonus,sp,,,,NR,,,,WEMAP99
Euzonus williamsi,Annelida,Polychaeta,Opheliida,Opheliidae,Euzonus,williamsi,,,,NR,,,Polychaetes,"WEMAP99, SQO2005"
Exacanthomysis davisi,Arthropoda,Malacostraca,Mysidacea,Mysidae,Exacanthomysis,davisi,,(Banner 1948),,,,,Crustaceans,SCAMIT
Excirolana chiltoni,Arthropoda,Malacostraca,Isopoda,Cirolanidae,Excirolana,chiltoni,,,,NR,,,Crustaceans,WEMAP99
Excirolana linguifrons,Arthropoda,Malacostraca,Isopoda,Cirolanidae,Excirolana,linguifrons,,(Richardson 1899),,,,,,SCAMIT
Exogone acutipalpa,Annelida,Polychaeta,Phyllodocida,Syllidae,Exogone,acutipalpa,,Kudenov & Harris 1995,,,,,,"SCAMIT, SQO2005"
Exogone breviseta,Annelida,Polychaeta,Phyllodocida,Syllidae,Exogone,breviseta,,Kudenov & Harris 1995,,,EXOGONE BREVISETA,P187, ,"SCAMIT, SQO2005"
Exogone cf. verugera,Annelida,Polychaeta,Phyllodocida,Syllidae,Exogone,cf. verugera,,SCAMIT 1987  §,,,,,,SCAMIT
Exogone dwisula,Annelida,Polychaeta,Phyllodocida,Syllidae,Exogone,dwisula,,Kudenov & Harris 1995,,,EXOGONE DWISULA,P188, ,"SCAMIT, SQO2005"
Exogone lourei,Annelida,Polychaeta,Phyllodocida,Syllidae,Exogone,lourei,,Berkeley & Berkeley 1938,,,EXOGONE LOUREI,P189,Polychaetes,"SCAMIT, SQO2005"
Exogone molesta,Annelida,Polychaeta,Phyllodocida,Syllidae,Exogone,molesta,,Banse 1972,,,EXOGONE MOLESTA,P190,Polychaetes,SCAMIT
Exogone sp,Annelida,Polychaeta,Phyllodocida,Syllidae,Exogone,sp,,,,,,,,"SCAMIT, SQO2005"
Exogone sp B,,,,,Exogone,sp B,,,,,,,,SCAMIT
Exogone sp C,,,,,Exogone,sp C,,,,,,,,SCAMIT
Exogone uniformis,Annelida,Polychaeta,Phyllodocida,Syllidae,Exogone,uniformis,,Hartman 1961,,,,,Polychaetes,"SCAMIT, SQO2005"
Exogoninae  ,,,,,Exogoninae,0,,,,,,,,SCAMIT
Exosphaeroma rhomburum,Arthropoda,Malacostraca,Isopoda,Sphaeromatidae,Exosphaeroma,rhomburum,,(Richardson 1899),,,,,Crustaceans,"SCAMIT, SQO2005"
Eyakia robusta,Arthropoda,Malacostraca,Amphipoda,Phoxocephalidae,Eyakia,robusta,,(Holmes 1908),,1,EYAKIA ROBUSTA,P191, ,"SCAMIT, SQO2005"
Fabia subquadrata,Arthropoda,Malacostraca,Decapoda,Pinnotheridae,Fabia,subquadrata,,Dana 1851,,,,,Crustaceans,SCAMIT
Fabriciinae sp. A,,,,,Fabriciinae,sp. A,,,,,,,,BPTCP
Fabricinae,Annelida,Polychaeta,Sabellida,Sabellidae,Fabricinae,0,,,,1,,, ,SCAMIT
Fabricinuda limnicola,Annelida,Polychaeta,Sabellida,Sabellidae,Fabricinuda,limnicola,,(Hartman 1951),,1,,, ,"SCAMIT, SQO2005"
Fabrisabella sp A,Annelida,Polychaeta,Sabellida,Sabellidae,Fabrisabella,sp A,,SCAMIT 1986  §,,1,CHONE COMPLEX,P119,,SCAMIT
Fartulum occidentales ,,,,,Fartulum,occidentales,,,,,,,,SCAMIT
Fauveliopsis armata,Annelida,Polychaeta,Fauveliopsida,Fauveliopsidae,Fauveliopsis,armata,,Fauchald & Hancock 1981,,,FAUVELIOPSIS SP,P192, ,SCAMIT
Fauveliopsis sp,Annelida,Polychaeta,Fauveliopsida,Fauveliopsidae,Fauveliopsis,sp,,,,,FAUVELIOPSIS SP,P192,,SCAMIT
Fauveliopsis sp SD1,Annelida,Polychaeta,Fauveliopsida,Fauveliopsidae,Fauveliopsis,sp SD1,,,,,FAUVELIOPSIS SP,,,SCAMIT
Ficopomatus enigmaticus,Annelida,Polychaeta,Sabellida,Serpulidae,Ficopomatus,enigmaticus,,,,,,,,"BPTCP, SQO2005"
Fish,Chordata,Actinopterygii,,,Fish,0,,,,,,,,SCAMIT
Flabellifera,Arthropoda,Malacostraca,Isopoda,,Flabellifera,0,,,,,,,Crustaceans,"SCAMIT, SQO2005"
Flabelligella sp LA1,Annelida,Polychaeta,Flabelligerida,Flabelligeridae,Flabelligella,sp LA1,,,,,,,,SCAMIT
Flabelligera infundibularis,Annelida,Polychaeta,Flabelligerida,Flabelligeridae,Flabelligera,infundibularis,,Johnson 1901,,,,,Polychaetes,"SCAMIT, SQO2005"
Flabelligeridae,Annelida,Polychaeta,Flabelligerida,Flabelligeridae,Flabelligeridae,0,,,,,,,Polychaetes,SCAMIT
flatworm,,,,,flatworm,0,,,,,,,,BPTCP
Flosmaris grandis,Cnidaria,Anthozoa,Actiniaria,Isophelliidae,Flosmaris,grandis,,,,,,,,"NASSCO, SQO2005"
Foraminifera,,,,,Foraminifera,0,,,,,,,,RH_CERCLA_EPA
Foxiphalus cognatus,Arthropoda,Malacostraca,Amphipoda,Phoxocephalidae,Foxiphalus,cognatus,,(J. L. Barnard 1960),,1,FOXIPHALUS COGNATUS,P193, ,SCAMIT
Foxiphalus golfensis,Arthropoda,Malacostraca,Amphipoda,Phoxocephalidae,Foxiphalus,golfensis,,J. L. Barnard & C. M. Barnard 1982,,1,FOXIPHALUS GOLFENSIS,P194,Crustaceans,"SCAMIT, SQO2005"
Foxiphalus obtusidens,Arthropoda,Malacostraca,Amphipoda,Phoxocephalidae,Foxiphalus,obtusidens,,(Alderman 1936),,1,FOXIPHALUS OBTUSIDENS,P195,Crustaceans,"SCAMIT, SQO2005"
Foxiphalus similis,Arthropoda,Malacostraca,Amphipoda,Phoxocephalidae,Foxiphalus,similis,,(J. L. Barnard 1960),,1,FOXIPHALUS SIMILIS,P196, ,SCAMIT
Foxiphalus sp,Arthropoda,Malacostraca,Amphipoda,Phoxocephalidae,Foxiphalus,sp,,,,1,,,,"SCAMIT, SQO2005"
Fusinus luteopictus,Mollusca,Gastropoda,Neogastropoda,Fasciolariidae,Fusinus,luteopictus,,(Dall 1877),,,,,Gastropods,"SCAMIT, SQO2005"
Gadila aberrans,Mollusca,Scaphopoda,Gadilida,Gadilidae,Gadila,aberrans,,(Whiteaves 1887),,,GADILA ABERRANS,P197, ,SCAMIT
Galathowenia pygidialis,Annelida,Polychaeta,Oweniida,Oweniidae,Galathowenia,pygidialis,,(Hartman 1960),,2,MYRIOCHELE SP,,,SCAMIT
Galeommatidae genus A sp A,,,,,Galeommatidae,genus A sp A,,,,,,,,SCAMIT
Gammaridea,Arthropoda,Malacostraca,Amphipoda,,Gammaridea,0,,,,,,,Crustaceans,"SCAMIT, SQO2005"
Gammaropsis mamola,Arthropoda,Malacostraca,Amphipoda,Isaeidae,Gammaropsis,mamola,,(J. L. Barnard 1962),,,,, ,SCAMIT
Gammaropsis martesia,Arthropoda,Malacostraca,Amphipoda,Isaeidae,Gammaropsis,martesia,,(J. L. Barnard 1964),,,,, ,SCAMIT
Gammaropsis ociosa,Arthropoda,Malacostraca,Amphipoda,Isaeidae,Gammaropsis,ociosa,,(J. L. Barnard 1962),,,GAMMAROPSIS OCIOSA,P199, ,SCAMIT
Gammaropsis sp,Arthropoda,Malacostraca,Amphipoda,Isaeidae,Gammaropsis,sp,,,,,,,,"SCAMIT, SQO2005"
Gammaropsis spinosa,Arthropoda,Malacostraca,Amphipoda,Isaeidae,Gammaropsis,spinosa,,(Shoemaker 1942),,,,,,SCAMIT
Gammaropsis thompsoni,Arthropoda,Malacostraca,Amphipoda,Isaeidae,Gammaropsis,thompsoni,,(Walker 1898),,,GAMMAROPSIS THOMPSONI,P200,Crustaceans,"SCAMIT, SQO2005"
Gammarus daiberi,Arthropoda,Malacostraca,Amphipoda,Gammaridae,Gammarus,daiberi,,,,,,,,"WEMAP00, SQO2005"
Gari fucata,Mollusca,Bivalvia,Veneroida,Psammobiidae,Gari,fucata,,(Hinds 1845),,,,,Bivalves,SCAMIT
Gari sp,Mollusca,Bivalvia,Veneroida,Psammobiidae,Gari,sp,,,,,,,,"SCAMIT, SQO2005"
Garosyrrhoe bigarra ,,,,,Garosyrrhoe,bigarra,,,,,,,,SCAMIT
Gastropoda,Mollusca,Gastropoda,,,Gastropoda,0,,,,,,,Gastropods,"SCAMIT, SQO2005"
Gastropteron pacificum,Mollusca,Gastropoda,Cephalaspidea,Gastropteridae,Gastropteron,pacificum,,Bergh 1893,,,GASTROPTERON PACIFICUM,P202,Gastropods,"SCAMIT, SQO2005"
Gemma gemma,Mollusca,Bivalvia,Veneroida,Veneridae,Gemma,gemma,,,,,,,,"BPTCP, SQO2005"
Geukensia demissa,Mollusca,Bivalvia,Mytiloida,Mytilidae,Geukensia,demissa,,,,,,,,SQO 2005
Gibberosus myersi,Arthropoda,Malacostraca,Amphipoda,Megaluropidae,Gibberosus,myersi,,(McKinney 1980),,,GIBBEROSUS MYERSI,P203, ,"SCAMIT, SQO2005"
Gibberosus sp,Arthropoda,Malacostraca,Amphipoda,Megaluropidae,Gibberosus,sp,,,,,,,,SCAMIT
Gitana calitemplado,Arthropoda,Malacostraca,Amphipoda,Amphilochidae,Gitana,calitemplado,,J. L. Barnard 1962,,,GITANA CALITEMPLADO,P204, ,SCAMIT
Gitanopsis sp,Arthropoda,Malacostraca,Amphipoda,Amphilochidae,Gitanopsis,sp,,,,,,,,SQO 2005
Glottidia albida,Brachiopoda,Inarticulata,Lingulida,Lingulidae,Glottidia,albida,,(Hinds 1844),,,GLOTTIDIA ALBIDA,P205,,"SCAMIT, SQO2005"
Glycera americana,Annelida,Polychaeta,Phyllodocida,Glyceridae,Glycera,americana,,Leidy 1855,,2,GLYCERA AMERICANA,P206,Polychaetes,"SCAMIT, SQO2005"
Glycera capitata,Annelida,Polychaeta,Phyllodocida,Glyceridae,Glycera,capitata,,Xrsted 1843,,2,,,Polychaetes,SCAMIT
Glycera convoluta,Annelida,Polychaeta,Phyllodocida,Glyceridae,Glycera,convoluta,,Keferstein 1862,,2,GLYCERA CONVOLUTA,P207,Polychaetes,SCAMIT
Glycera gigantea,Annelida,Polychaeta,Phyllodocida,Glyceridae,Glycera,gigantea,,Quatrefages 1865,,2,,,,SCAMIT
Glycera macrobranchia,Annelida,Polychaeta,Phyllodocida,Glyceridae,Glycera,macrobranchia,,Moore 1911,,2,GLYCERA CONVOLUTA,, ,"SCAMIT, SQO2005"
Glycera nana,Annelida,Polychaeta,Phyllodocida,Glyceridae,Glycera,nana,,Johnson 1901,,2,GLYCERA NANA,P208,Polychaetes,"SCAMIT, SQO2005"
Glycera oxycephala,Annelida,Polychaeta,Phyllodocida,Glyceridae,Glycera,oxycephala,,Ehlers 1887,,2,GLYCERA OXYCEPHALA,P209,Polychaetes,SCAMIT
Glycera robusta,Annelida,Polychaeta,Phyllodocida,Glyceridae,Glycera,robusta,,Ehlers 1868,,2,,,Polychaetes,"SCAMIT, SQO2005"
Glycera sp,Annelida,Polychaeta,Phyllodocida,Glyceridae,Glycera,sp,,,,2,,,,"SCAMIT, SQO2005"
Glycera sp A,,,,,Glycera,sp A,,,,,,,,SCAMIT
Glycera sp LA1,Annelida,Polychaeta,Phyllodocida,Glyceridae,Glycera,sp LA1,,,,2,,,,SCAMIT
Glycera spp. indet.,,,,,Glycera,spp. indet.,,,,,,,,BPTCP
Glycera spp. juv.,,,,,Glycera,spp. juv.,,,,,,,,BPTCP
Glycera tenuis,Annelida,Polychaeta,Phyllodocida,Glyceridae,Glycera,tenuis,,Hartman 1944,,2,,,Polychaetes,"SCAMIT, SQO2005"
Glycera tesselata,Annelida,Polychaeta,Phyllodocida,Glyceridae,Glycera,tesselata,,Grube 1863,,2,,,Polychaetes,SCAMIT
Glycinde armigera,Annelida,Polychaeta,Phyllodocida,Goniadidae,Glycinde,armigera,,Moore 1911,,,GLYCINDE ARMIGERA,P210,Polychaetes,"SCAMIT, SQO2005"
Glycinde polygnatha ,Annelida,Polychaeta,Phyllodocida,Goniadidae,Glycinde,polygnatha,,,,,,,Polychaetes,"SCAMIT, SQO2005"
Glycinde sp,Annelida,Polychaeta,Phyllodocida,Goniadidae,Glycinde,sp,,,,,,,,"SCAMIT, SQO2005"
Glycinde spp. juv.,,,,,Glycinde,spp. juv.,,,,,,,,BPTCP
Glyphocuma sp A,Arthropoda,Malacostraca,Cumacea,Bodotriidae,Glyphocuma,sp A,,SCAMIT 1989  §,,2,GLYPHOCUMA SP A,P211,,SCAMIT
Glyphocuma sp LA1,Arthropoda,Malacostraca,Cumacea,Bodotriidae,Glyphocuma,sp LA1,,,,2,,,,SCAMIT
Gnathia crenulatifrons,Arthropoda,Malacostraca,Isopoda,Gnathiidae,Gnathia,crenulatifrons,,Monod 1926,,,GNATHIA CRENULATIFRONS,P212,Crustaceans,SCAMIT
Gnathia productitridens ,,,,,Gnathia,productitridens,,,,,,,,SCAMIT
Gnathia sanctaecrucis,Arthropoda,Malacostraca,Isopoda,Gnathiidae,Gnathia,sanctaecrucis,,Schultz 1972,,,,,Crustaceans,SCAMIT
Gnathia sp,Arthropoda,Malacostraca,Isopoda,Gnathiidae,Gnathia,sp,,,,,,,,SCAMIT
Gnathia trilobata,Arthropoda,Malacostraca,Isopoda,Gnathiidae,Gnathia,trilobata,,Schultz 1966,,,,,Crustaceans,SCAMIT
Gnathiidae,Arthropoda,Malacostraca,Isopoda,Gnathiidae,Gnathiidae,0,,,,,,,Crustaceans,"SCAMIT, SQO2005"
Gnathopleustes pugettensis,Arthropoda,Malacostraca,Amphipoda,Pleustidae,Gnathopleustes,pugettensis,,,,,,,,"CISNET, SQO2005"
Gnorimosphaeroma oregonense,Arthropoda,Malacostraca,Isopoda,Sphaeromatidae,Gnorimosphaeroma,oregonense,,,,,,,Crustaceans,"CISNET, SQO2005"
Gnorimosphaeroma oregonensis,,,,,Gnorimosphaeroma,oregonensis,,,,,,,,BPTCP
Gnorimosphaeroma sp.,,,,,Gnorimosphaeroma,sp.,,,,,,,,BPTCP
Golfingia sp,Sipuncula,Sipunculidea,Golfingiformes,Golfingiidae,Golfingia,sp,,,,,,,,"SCAMIT, SQO2005"
Golfingiidae,Sipuncula,Sipunculidea,Golfingiformes,Golfingiidae,Golfingiidae,0,,,,,,,,"SCAMIT, SQO2005"
Goniada brunnea,Annelida,Polychaeta,Phyllodocida,Goniadidae,Goniada,brunnea,,Treadwell 1906,,2,GONIADA BRUNNEA,P213,Polychaetes,SCAMIT
Goniada littorea,Annelida,Polychaeta,Phyllodocida,Goniadidae,Goniada,littorea,,Hartman 1950,,2,GONIADA LITTOREA,P214,Polychaetes,"SCAMIT, SQO2005"
Goniada maculata,Annelida,Polychaeta,Phyllodocida,Goniadidae,Goniada,maculata,,Ørsted 1843,,2,GONIADA MACULATA,P215,Polychaetes,"SCAMIT, SQO2005"
Goniada sp,Annelida,Polychaeta,Phyllodocida,Goniadidae,Goniada,sp,,,,2,,,,"SCAMIT, SQO2005"
Goniadidae,Annelida,Polychaeta,Phyllodocida,Goniadidae,Goniadidae,0,,,,,,,Polychaetes,"SCAMIT, SQO2005"
Gorgonacea,Cnidaria,Anthozoa,Alcyonacea,,Gorgonacea,0,,,gorgonians,,,,,SCAMIT
Grandidierella japonica,Arthropoda,Malacostraca,Amphipoda,Aoridae,Grandidierella,japonica,,Stephensen 1938,,,,,Crustaceans,"SCAMIT, SQO2005"
Grandifoxus grandis,Arthropoda,Malacostraca,Amphipoda,Phoxocephalidae,Grandifoxus,grandis,,,,,,,Crustaceans,"CISNET, SQO2005"
Granulina margaritula,Mollusca,Gastropoda,Neogastropoda,Marginellidae,Granulina,margaritula,,(Carpenter 1857),,,,,Gastropods,"SCAMIT, SQO2005"
Grapsidae,Arthropoda,Malacostraca,Decapoda,Grapsidae,Grapsidae,0,,,,,,,Crustaceans,"SCAMIT, SQO2005"
Graptacme semipolita ,,,,,Graptacme,semipolita,,,,,,,,SCAMIT
Grippina californica,Mollusca,Bivalvia,Myoida,Spheniopsidae,Grippina,californica,,Dall 1912,,,,,,SCAMIT
Guernea reduncans,Arthropoda,Malacostraca,Amphipoda,Dexaminidae,Guernea,reduncans,,(J. L. Barnard 1958),,,,,Crustaceans,SCAMIT
Gymnonereis crosslandi,Annelida,Polychaeta,Phyllodocida,Nereididae,Gymnonereis,crosslandi,,(Monro 1933),,,GYMNONEREIS CROSSLANDI,P216,Polychaetes,"SCAMIT, SQO2005"
Gyptis plurisetis,,,,,Gyptis,plurisetis,,,,,,,,BPTCP
Gyptis sp,Annelida,Polychaeta,Phyllodocida,Hesionidae,Gyptis,sp,,,,,,,,"SCAMIT, SQO2005"
Halacaridae,Arthropoda,Arachnida,Acari,Halacaridae,Halacaridae,0,,,,,,,,"BPTCP, SQO2005"
Halcampa decemtentaculata,Cnidaria,Anthozoa,Actiniaria,Halcampidae,Halcampa,decemtentaculata,,Hand 1954,,,,,,SCAMIT
Halcampidae,Cnidaria,Anthozoa,Actiniaria,Halcampidae,Halcampidae,0,,,,,,,,"SCAMIT, SQO2005"
Halianthella sp A,Cnidaria,Anthozoa,Actiniaria,Halcampidae,Halianthella,sp A,,SCAMIT 1989  §,,,,,,SCAMIT
Halicoides synopiae,Arthropoda,Malacostraca,Amphipoda,Pardaliscidae,Halicoides,synopiae,,(J. L. Barnard 1962),,,HALICOIDES SYNOPIAE,P217, ,SCAMIT
Haliophasma geminatum,Arthropoda,Malacostraca,Isopoda,Anthuridae,Haliophasma,geminatum,,Menzies & J. L. Barnard 1959,,,HALIOPHASMA GEMINATUM,P218, ,"SCAMIT, SQO2005"
Halistylus pupoides ,,,,,Halistylus,pupoides,,,,,,,,SCAMIT
Halistylus pupoideus,Mollusca,Gastropoda,Vetigastropoda,Trochidae,Halistylus,pupoideus,,(Carpenter 1864),,,HALISTYLUS PUPOIDES,P219,Gastropods,SCAMIT
Halosydna brevisetosa,Annelida,Polychaeta,Phyllodocida,Polynoidae,Halosydna,brevisetosa,,Kinberg 1855,,,HALOSYDNA BREVISETOSA,P220,Polychaetes,"SCAMIT, SQO2005"
Halosydna johnsoni,Annelida,Polychaeta,Phyllodocida,Polynoidae,Halosydna,johnsoni,,(Darboux 1899),,,,,Polychaetes,"SCAMIT, SQO2005"
Halosydna latior,Annelida,Polychaeta,Phyllodocida,Polynoidae,Halosydna,latior,,Chamberlin 1919,,,,,Polychaetes,"SCAMIT, SQO2005"
Halosydna sp,Annelida,Polychaeta,Phyllodocida,Polynoidae,Halosydna,sp,,,,,,,,SCAMIT
Hamatoscalpellum californicum,Arthropoda,Cirripedia,Thoracica,Scalpellidae,Hamatoscalpellum,californicum,,(Pilsbry 1907),,,HAMATOSCALPELLUM CALIFORNICUM,P221,Crustaceans,SCAMIT
Haminaea sp,Mollusca,Gastropoda,Cephalaspidea,Haminaeidae,Haminaea,sp,,,,,,,,SCAMIT
Haminaea vesicula,Mollusca,Gastropoda,Cephalaspidea,Haminaeidae,Haminaea,vesicula,,Gould 1855,,,,, ,SCAMIT
Haminaea virescens,Mollusca,Gastropoda,Cephalaspidea,Haminaeidae,Haminaea,virescens,,(G. B. Sowerby I 1833),,,,, ,SCAMIT
Haminoea sp,Mollusca,Gastropoda,Cephalaspidea,Haminoeidae,Haminoea,sp,,,,,,,,SCAMIT
Haminoea vesicula,Mollusca,Gastropoda,Cephalaspidea,Haminaeidae,Haminoea,vesicula,,Gould 1855,,,,,,"SCAMIT, SQO2005"
Haminoea virescens,Mollusca,Gastropoda,Cephalaspidea,Haminaeidae,Haminoea,virescens,,,,,,,,"NASSCO, SQO2005"
Hanleyella oldroydi,Mollusca,Polyplacophora,Neoloricata,Leptochitonidae,Hanleyella,oldroydi,,(Dall 1919),,,,,,SCAMIT
Haploscoloplos sp.,,,,,Haploscoloplos,sp.,,,,,,,,BPTCP
Harbansus bradmyersi,Arthropoda,Ostracoda,Myodocopida,Philomedidae,Harbansus,bradmyersi,,Kornicker 1978,,,,,,SCAMIT
Harbansus mayeri,Arthropoda,Ostracoda,Myodocopida,Philomedidae,Harbansus,mayeri,,Kornicker 1978,,,,,,SCAMIT
Harbansus sp SD1,Arthropoda,Ostracoda,Myodocopida,Philomedidae,Harbansus,sp SD1,,Pasko 2000 §,,,,,,SCAMIT
Harmothoe hirsuta,Annelida,Polychaeta,Phyllodocida,Polynoidae,Harmothoe,hirsuta,,Johnson 1897,,,,,Polychaetes,"SCAMIT, SQO2005"
Harmothoe imbricata,Annelida,Polychaeta,Phyllodocida,Polynoidae,Harmothoe,imbricata,,(Linnaeus 1767),,,,,Polychaetes,SCAMIT
Harmothoe imbricata Cmplx,Annelida,Polychaeta,Phyllodocida,Polynoidae,Harmothoe,imbricata Cmplx,,(Linnaeus 1767),,,,,,"SCAMIT, SQO2005"
Harmothoe scriptoria ,,,,,Harmothoe,scriptoria,,,,,,,,SCAMIT
Harmothoe sp,Annelida,Polychaeta,Phyllodocida,Polynoidae,Harmothoe,sp,,,,,,,,"SCAMIT, SQO2005"
Harmothoe sp 1,Annelida,Polychaeta,Phyllodocida,Polynoidae,Harmothoe,sp 1,,,,,,,,"NASSCO, SQO2005"
Harmothoe sp A,,,,,Harmothoe,sp A,,,,,,,,SCAMIT
Harmothoinae  ,Annelida,Polychaeta,Phyllodocida,Polynoidae,Harmothoinae,0,,,,,,, ,"SCAMIT, SQO2005"
Harmothoinae spp. indet.,,,,,Harmothoinae,spp. indet.,,,,,,,,BPTCP
"Harmothoinae, unident.",,,,,"Harmothoinae,",unident.,,,,,,,,BPTCP
Harpacticoida,Arthropoda,Copepoda,Harpacticoida,Ectinosomatidae,Harpacticoida,0,,,,,,,,"SCAMIT, SQO2005"
Harpiniopsis fulgens,Arthropoda,Malacostraca,Amphipoda,Phoxocephalidae,Harpiniopsis,fulgens,,J. L. Barnard 1960,,1,HARPINIOPSIS FULGENS,P222,Crustaceans,SCAMIT
Harpiniopsis galera,Arthropoda,Malacostraca,Amphipoda,Phoxocephalidae,Harpiniopsis,galera,,J. L. Barnard 1960,,1,,, ,SCAMIT
Hartmanodes hartmanae,Arthropoda,Malacostraca,Amphipoda,Oedicerotidae,Hartmanodes,hartmanae,,(J. L. Barnard 1962),,,MONOCULODES SP,P306, ,"SCAMIT, SQO2005"
Hartmanodes murrius,Arthropoda,Malacostraca,Amphipoda,Oedicerotidae,Hartmanodes,murrius,,J. L. Barnard 1962,,,MONOCULODES SP,,,"SCAMIT, SQO2005"
Havelockia benti,Echinodermata,Holothuroidea,Dendrochirotida,Phyllophoridae,Havelockia,benti,,(Deichmann 1937),,,,,Echinoderms,SCAMIT
Havelockia benti var Zacae,,,,,Havelockia,benti var Zacae,,,,,,,,SCAMIT
Havelockia charlottae ,,,,,Havelockia,charlottae,,,,,,,,SCAMIT
Heathia porosa,Mollusca,Aplacophora,Pholidoskepia,Dondersiidae,Heathia,porosa,,(Heath 1911),,,APLACOPHORA,,,SCAMIT
Hemigrapsus oregonensis,Arthropoda,Malacostraca,Decapoda,Grapsidae,Hemigrapsus,oregonensis,,(Dana 1851),,,,,Crustaceans,"SCAMIT, SQO2005"
Hemigrapsus sp,Arthropoda,Malacostraca,Decapoda,Grapsidae,Hemigrapsus,sp,,,,,,,,SCAMIT
Hemilamprops californica ,,,,,Hemilamprops,californica,,,,,,,,SCAMIT
Hemilamprops californicus,Arthropoda,Malacostraca,Cumacea,Lampropidae,Hemilamprops,californicus,,Zimmer 1936,,2,HEMILAMPROPS CALIFORNICA,P223, ,"SCAMIT, SQO2005"
Hemipodia borealis,Annelida,Polychaeta,Phyllodocida,Glyceridae,Hemipodia,borealis,,,,66123,,, ,"WEMAP99, SQO2005"
Hemipodus borealis,Annelida,Polychaeta,Phyllodocida,Glyceridae,Hemipodus,borealis,,Johnson 1901,,,,,Polychaetes,SCAMIT
Hemiproto sp A,Arthropoda,Malacostraca,Amphipoda,Phtiscidae,Hemiproto,sp A,,Benedict 1978  ',,1,HEMIPROTO SP A,P224,,"SCAMIT, SQO2005"
Hemisquilla ensigera californiensis,Arthropoda,Malacostraca,Stomatopoda,Hemisquillidae,Hemisquilla,ensigera,californiensis,Stephenson 1967,,,,,Crustaceans,SCAMIT
Heptacarpus cristatus,Arthropoda,Malacostraca,Decapoda,Hippolytidae,Heptacarpus,cristatus,,,,,,,,"LEMP, SQO2005"
Heptacarpus paludicola,Arthropoda,Malacostraca,Decapoda,Hippolytidae,Heptacarpus,paludicola,,,,,,,,SQO 2005
Heptacarpus sp,Arthropoda,Malacostraca,Decapoda,Hippolytidae,Heptacarpus,sp,,,,,,,,"SCAMIT, SQO2005"
Heptacarpus sp A,,,,,Heptacarpus,sp A,,,,,,,,BPTCP
Heptacarpus sp. A,,,,,Heptacarpus,sp. A,,,,,,,,BPTCP
Heptacarpus stimpsoni,Arthropoda,Malacostraca,Decapoda,Hippolytidae,Heptacarpus,stimpsoni,,Holthuis 1947,,,HEPTACARPUS STIMPSONI,P225,Crustaceans,SCAMIT
Heptacarpus taylori,Arthropoda,Malacostraca,Decapoda,Hippolytidae,Heptacarpus,taylori,,(Stimpson 1857),,,,,Crustaceans,"SCAMIT, SQO2005"
Hesionella mccullochae,Annelida,Polychaeta,Phyllodocida,Hesionidae,Hesionella,mccullochae,,Hartman 1939,,,,,Polychaetes,SCAMIT
Hesionidae,Annelida,Polychaeta,Phyllodocida,Hesionidae,Hesionidae,0,,,,,,,Polychaetes,"SCAMIT, SQO2005"
Hesionura coineaui difficilis,Annelida,Polychaeta,Phyllodocida,Phyllodocidae,Hesionura,coineaui,difficilis,(Banse 1963),,,,,Polychaetes,"SCAMIT, SQO2005"
Hesperonoe complanata,Annelida,Polychaeta,Phyllodocida,Polynoidae,Hesperonoe,complanata,,(Johnson 1901),,,,,Polychaetes,"SCAMIT, SQO2005"
Hesperonoe laevis,Annelida,Polychaeta,Phyllodocida,Polynoidae,Hesperonoe,laevis,,Hartman 1961,,,HESPERONOE LAEVIS,P226,Polychaetes,"SCAMIT, SQO2005"
Hesperonoe sp,Annelida,Polychaeta,Phyllodocida,Polynoidae,Hesperonoe,sp,,,,,,,,SCAMIT
Hesperonoe spp. indet.,,,,,Hesperonoe,spp. indet.,,,,,,,,BPTCP
Heterocrypta occidentalis,Arthropoda,Malacostraca,Decapoda,Parthenopidae,Heterocrypta,occidentalis,,(Dana 1854),,,HETEROCRYPTA OCCIDENTALIS,P227,Crustaceans,SCAMIT
Heteromastus filiformis,Annelida,Polychaeta,Capitellida,Capitellidae,Heteromastus,filiformis,,(Claparède 1864),,,,,Polychaetes,"SCAMIT, SQO2005"
Heteromastus filobranchus,Annelida,Polychaeta,Capitellida,Capitellidae,Heteromastus,filobranchus,,Berkeley & Berkeley 1932,,,HETEROMASTUS FILOBRANCHUS,P228,Polychaetes,"SCAMIT, SQO2005"
Heteromastus sp,Annelida,Polychaeta,Capitellida,Capitellidae,Heteromastus,sp,,,,,,,,"SCAMIT, SQO2005"
Heteromysis odontops,Arthropoda,Malacostraca,Mysidacea,Mysidae,Heteromysis,odontops,,Walker 1898,,,,,Crustaceans,"SCAMIT, SQO2005"
Heteronemertea,Nemertea,Anopla,Heteronemertea,,Heteronemertea,0,,,,,,,,SCAMIT
Heteronemertea spp.,,,,,Heteronemertea,spp.,,,,,,,,RH_CERCLA_EPA
Heterophoxus affinis,Arthropoda,Malacostraca,Amphipoda,Phoxocephalidae,Heterophoxus,affinis,,(Holmes 1908),,1,HETEROPHOXUS SP,P229, ,"SCAMIT, SQO2005"
Heterophoxus ellisi,Arthropoda,Malacostraca,Amphipoda,Phoxocephalidae,Heterophoxus,ellisi,,Jarrett & Bousfield 1994,,1,HETEROPHOXUS SP,P229, ,"SCAMIT, SQO2005"
Heterophoxus oculatus,Arthropoda,Malacostraca,Amphipoda,Phoxocephalidae,Heterophoxus,oculatus,,(Holmes 1908),,1,HETEROPHOXUS SP,P229,Crustaceans,"SCAMIT, SQO2005"
Heterophoxus sp,Arthropoda,Malacostraca,Amphipoda,Phoxocephalidae,Heterophoxus,sp,,,,1,HETEROPHOXUS SP,P229,,SCAMIT
Heteropodarke heteromorpha,Annelida,Polychaeta,Phyllodocida,Hesionidae,Heteropodarke,heteromorpha,,Hartmann-Schröder 1962,,,,,Polychaetes,"SCAMIT, SQO2005"
Heteroserolis carinata,Arthropoda,Malacostraca,Isopoda,Serolidae,Heteroserolis,carinata,,(Lockington 1877),,,SEROLIS CARINATA,P462,Crustaceans,"SCAMIT, SQO2005"
Heterospio catalinensis,Annelida,Polychaeta,Spionida,Longosomatidae,Heterospio,catalinensis,,(Hartman 1944),,,,,Polychaetes,"SCAMIT, SQO2005"
Hiatella arctica,Mollusca,Bivalvia,Myoida,Hiatellidae,Hiatella,arctica,,(Linnaeus 1767),,,HIATELLA ARCTICA,P230,Bivalves,"SCAMIT, SQO2005"
Hippolyte californiensis,Arthropoda,Malacostraca,Decapoda,Hippolytidae,Hippolyte,californiensis,,Holmes 1895,,,,,Crustaceans,"SCAMIT, SQO2005"
Hippolytidae,Arthropoda,Malacostraca,Decapoda,Hippolytidae,Hippolytidae,0,,,,,,,Crustaceans,"SCAMIT, SQO2005"
Hippomedon columbianus,Arthropoda,Malacostraca,Amphipoda,Lysianassidae,Hippomedon,columbianus,,Jarrett & Bousfield 1982,,,HIPPOMEDON SP,P231,Crustaceans,SCAMIT
Hippomedon sp,Arthropoda,Malacostraca,Amphipoda,Lysianassidae,Hippomedon,sp,,,,,HIPPOMEDON SP,P231,,"SCAMIT, SQO2005"
Hippomedon sp A,Arthropoda,Malacostraca,Amphipoda,Lysianassidae,Hippomedon,sp A,,Diener 1990  §,,,HIPPOMEDON SP,P231,,SCAMIT
Hippomedon zetesimus,Arthropoda,Malacostraca,Amphipoda,Lysianassidae,Hippomedon,zetesimus,,Hurley 1963,,,HIPPOMEDON SP,P231,Crustaceans,SCAMIT
Hirudinea,Annelida,Hirudinea,,,Hirudinea,0,,,,,,,,"SCAMIT, SQO2005"
Holmesimysis costata,Arthropoda,Malacostraca,Mysidacea,Mysidae,Holmesimysis,costata,,(Holmes 1900),,,,,Crustaceans,"SCAMIT, SQO2005"
Holothuroidea,Echinodermata,Holothuroidea,,,Holothuroidea,0,,,,,,,Echinoderms,"SCAMIT, SQO2005"
Hoplonemertea,Nemertea,Enopla,Hoplonemertea,,Hoplonemertea,0,,,,,,,,SCAMIT
Hoplonemertea sp B,Nemertea,Enopla,Hoplonemertea,uncertain,Hoplonemertea,sp B,,MEC 1988  §,,,,,,SCAMIT
Hornellia occidentalis,Arthropoda,Malacostraca,Amphipoda,Melitidae,Hornellia,occidentalis,,(J. L. Barnard 1959),,,HORNELLIA OCCIDENTALIS,P232, ,SCAMIT
Huxleyia munita,Mollusca,Bivalvia,Nuculoida,Nucinellidae,Huxleyia,munita,,(Dall 1898),,,HUXLEYIA MUNITA,P233,Bivalves,SCAMIT
Hyale frequens,,,,,Hyale,frequens,,,,,,,,BPTCP
Hyale sp,Arthropoda,Malacostraca,Amphipoda,Hyalidae,Hyale,sp,,,,,HYALE SP,P234,,SCAMIT
Hyalidae,Arthropoda,Malacostraca,Amphipoda,Hyalidae,Hyalidae,0,,,,,,,Crustaceans,"SCAMIT, SQO2005"
Hyalinoecia juvenalis,Annelida,Polychaeta,Eunicida,Onuphidae,Hyalinoecia,juvenalis,,Moore 1911,,1,HYALINOECIA JUVENALIS,P235,Polychaetes,SCAMIT
Hyalopomatus biformis,Annelida,Polychaeta,Sabellida,Serpulidae,Hyalopomatus,biformis,,(Hartman 1960),,1,,,Polychaetes,SCAMIT
Hydroides elegans,Annelida,Polychaeta,Sabellida,Serpulidae,Hydroides,elegans,,,,,,,,SQO 2005
Hydroides pacificus,Annelida,Polychaeta,Sabellida,Serpulidae,Hydroides,pacificus,,Hartman 1969,,1,,, ,"SCAMIT, SQO2005"
Hydrozoa,Cnidaria,Hydrozoa,,,Hydrozoa,0,,,,,,,,SCAMIT
Idarcturus allelomorphus,Arthropoda,Malacostraca,Isopoda,Arcturidae,Idarcturus,allelomorphus,,Menzies & J. L. Barnard 1959,,,IDARCTURUS ALLELOMORPHUS,P236,Crustaceans,SCAMIT
Idotea sp,Arthropoda,Malacostraca,Isopoda,Idoteidae,Idotea,sp,,,,,,,,"SCAMIT, SQO2005"
Idoteidae,Arthropoda,Malacostraca,Isopoda,Idoteidae,Idoteidae,0,,,,,,,Crustaceans,"SCAMIT, SQO2005"
Ilyanassa obsoleta,,,,,Ilyanassa,obsoleta,,,,,,,,BPTCP
Ilyarachna acarina,Arthropoda,Malacostraca,Isopoda,Munnopsidae,Ilyarachna,acarina,,Menzies & J. L. Barnard 1959,,,ILYARACHNA ACARINA,P237,Crustaceans,SCAMIT
Imitapseudes glebosus,Arthropoda,Malacostraca,Tanaidacea,Apseudidae,Imitapseudes,glebosus,,Menzies 1953,,2,,,,SCAMIT
Imogine exiguus,Platyhelminthes,Turbellaria,Polycladida,Stylochidae,Imogine,exiguus,,(Hyman 1953),,,,, ,SCAMIT
insect larva,,,,,insect,larva,,,,,,,,BPTCP
Insecta,Arthropoda,Insecta,,,Insecta,,,,,NR,,,Insects,"WEMAP99, SQO2005"
Irusella lamellifera,Mollusca,Bivalvia,Veneroida,Veneridae,Irusella,lamellifera,,(Conrad 1837),,,,,Bivalves,"SCAMIT, SQO2005"
Isaeidae,Arthropoda,Malacostraca,Amphipoda,Isaeidae,Isaeidae,0,,,,,,,Crustaceans,"SCAMIT, SQO2005"
Isaeidae sp.,,,,,Isaeidae,sp.,,,,,,,,BPTCP
Ischyrocerus anguipes,Arthropoda,Malacostraca,Amphipoda,Ischyroceridae,Ischyrocerus,anguipes,,Krøyer 1838,,,,,Crustaceans,SCAMIT
Ischyrocerus litotes ,,,,,Ischyrocerus,litotes,,,,,,,,SCAMIT
Ischyrocerus pelagops,Arthropoda,Malacostraca,Amphipoda,Ischyroceridae,Ischyrocerus,pelagops,,J. L. Barnard 1962,,,,,Crustaceans,SCAMIT
Ischyrocerus sp,Arthropoda,Malacostraca,Amphipoda,Ischyroceridae,Ischyrocerus,sp,,,,,,,,"SCAMIT, SQO2005"
Iselica ovoidea,Mollusca,Gastropoda,Heterostropha,Pyramidellidae,Iselica,ovoidea,,(Gould 1853),,,,,Gastropods,"SCAMIT, SQO2005"
Isocheles pilosus,Arthropoda,Malacostraca,Decapoda,Diogenidae,Isocheles,pilosus,,(Holmes 1900),,,,,Crustaceans,"SCAMIT, SQO2005"
Isocirrus longiceps,Annelida,Polychaeta,Capitellida,Maldanidae,Isocirrus,longiceps,,(Moore 1923),,1,,,Polychaetes,SCAMIT
Isopoda,Arthropoda,Malacostraca,Isopoda,,Isopoda,0,,,Isopods,,,,Crustaceans,"SCAMIT, SQO2005"
Isorobitella trigonalis,Mollusca,Bivalvia,Veneroida,Lasaeidae,Isorobitella,trigonalis,,(Carpenter 1857),,,,,Bivalves,SCAMIT
Janiralata occidentalis,Arthropoda,Malacostraca,Isopoda,Janiridae,Janiralata,occidentalis,,(Walker 1898),,,,,Crustaceans,SCAMIT
Janiralata solasteri,Arthropoda,Malacostraca,Isopoda,Janiridae,Janiralata,solasteri,,(Hatch 1947),,,,,Crustaceans,SCAMIT
Janiralata sp,Arthropoda,Malacostraca,Isopoda,Janiridae,Janiralata,sp,,,,,,,,"SCAMIT, SQO2005"
Janiropsis tridens ,Arthropoda,Malacostraca,Isopoda,Janiridae,Janiropsis,tridens,,,,,,, ,"SCAMIT, SQO2005"
Janua (Dexiospira) brasiliensis,Annelida,Polychaeta,Sabellida,Serpulidae,Janua,(Dexiospira) brasiliensis,,,,,,,,SQO 2005
Jasmineira sp B,Annelida,Polychaeta,Sabellida,Sabellidae,Jasmineira,sp B,,SCAMIT 1986  §,,1,CHONE COMPLEX,P119,,SCAMIT
Jassa marmorata,Arthropoda,Malacostraca,Amphipoda,Ischyroceridae,Jassa,marmorata,,,,,,,,"RMP, SQO2005"
Jassa slatteryi,Arthropoda,Malacostraca,Amphipoda,Ischyroceridae,Jassa,slatteryi,,Conlan 1990,,,,,Crustaceans,"SCAMIT, SQO2005"
Jassa sp,Arthropoda,Malacostraca,Amphipoda,Ischyroceridae,Jassa,sp,,,,,,,,"SCAMIT, SQO2005"
Joeropsis concava,Arthropoda,Malacostraca,Isopoda,Joeropsididae,Joeropsis,concava,,Schultz 1966,,,,,Crustaceans,SCAMIT
Joeropsis dubia,Arthropoda,Malacostraca,Isopoda,Joeropsididae,Joeropsis,dubia,,Menzies 1951,,,JOEROPSIS DUBIA,P238,Crustaceans,"SCAMIT, SQO2005"
Joeropsis sp,Arthropoda,Malacostraca,Isopoda,Joeropsididae,Joeropsis,sp,,,,,,,,"SCAMIT, SQO2005"
Juliacorbula luteola,Mollusca,Bivalvia,Myoida,Corbulidae,Juliacorbula,luteola,,(Carpenter 1864),,,CORBULA SP,P129,Bivalves,SCAMIT
Kalliapseudes crassus,Arthropoda,Malacostraca,Tanaidacea,Kalliapseudidaea,Kalliapseudes,crassus,,,,,,,,"NASSCO, SQO2005"
Kellia sp,Mollusca,Bivalvia,Veneroida,Lasaeidae,Kellia,sp,,,,,,,,"SCAMIT, SQO2005"
Koinostylochus burchami ,,,,,Koinostylochus,burchami,,,,,,,,SCAMIT
Kupellonura sp,Arthropoda,Malacostraca,Isopoda,Hyssuridae,Kupellonura,sp,,,,,,,,SCAMIT
Kurtzia arteaga,Mollusca,Gastropoda,Neogastropoda,Conidae,Kurtzia,arteaga,,(Dall & Bartsch 1910),,,KURTZIA ARTEAGA,P239,Gastropods,SCAMIT
Kurtziella beta ,,,,,Kurtziella,beta,,,,,,,,SCAMIT
Kurtziella plumbea,Mollusca,Gastropoda,Neogastropoda,Conidae,Kurtziella,plumbea,,(Hinds 1843),,,KURTZIELLA PLUMBEA,P241,Gastropods,"SCAMIT, SQO2005"
Kurtziella sp,Mollusca,Gastropoda,Neogastropoda,Conidae,Kurtziella,sp,,,,,,,,SCAMIT
Kurtzina beta,Mollusca,Gastropoda,Neogastropoda,Conidae,Kurtzina,beta,,(Dall 1919),,,KURTZIELLA BETA,P240,Gastropods,"SCAMIT, SQO2005"
Kylix halocydne,Mollusca,Gastropoda,Neogastropoda,Pseudomelatomidae,Kylix,halocydne,,(Dall 1919),,,,,Gastropods,SCAMIT
Lacuna unifasciata,Mollusca,Gastropoda,Neotaenioglossa,Lacunidae,Lacuna,unifasciata,,Carpenter in Gould & Carpenter 1857,,,,,Gastropods,"SCAMIT, SQO2005"
Lacydonia sp,Annelida,Polychaeta,Phyllodocida,Lacydoniidae,Lacydonia,sp,,,,,,,,SCAMIT
Laevicardium substriatum,Mollusca,Bivalvia,Veneroida,Cardiidae,Laevicardium,substriatum,,(Conrad 1837),,,,,Bivalves,"SCAMIT, SQO2005"
Lampropidae,Arthropoda,Malacostraca,Cumacea,Lampropidae,Lampropidae,0,,,,2,,,Crustaceans,SCAMIT
Lamprops carinatus,Arthropoda,Malacostraca,Cumacea,Lampropidae,Lamprops,carinatus,,Hart 1930,,2,LAMPROPS CARINATA,P242, ,"SCAMIT, SQO2005"
Lamprops quadriplicata ,Arthropoda,Malacostraca,Cumacea,Lampropidae,Lamprops,quadriplicata,,,,,,,Crustaceans,SCAMIT
Lamprops quadriplicatus,Arthropoda,Malacostraca,Cumacea,Lampropidae,Lamprops,quadriplicatus,,Smith 1879,,2,LAMPROPS QUADRIPLICATA,P243, ,"SCAMIT, SQO2005"
Lamprops sp,Arthropoda,Malacostraca,Cumacea,Lampropidae,Lamprops,sp,,,,2,,,,"SCAMIT, SQO2005"
Lamprops sp B,,,,,Lamprops,sp B,,,,NR,,,,WEMAP99
Lanassa gracilis,Annelida,Polychaeta,Terebellida,Terebellidae,Lanassa,gracilis,,(Moore 1923),,1,LANASSA SP,P244,Polychaetes,SCAMIT
Lanassa sp,Annelida,Polychaeta,Terebellida,Terebellidae,Lanassa,sp,,,,1,LANASSA SP,P244,,SCAMIT
Lanassa sp D,Annelida,Polychaeta,Terebellida,Terebellidae,Lanassa,sp D,,Harris 1992  §,,1,LANASSA SP,P244,,SCAMIT
Lanassa venusta,Annelida,Polychaeta,Canalipalpata,Terebellidae,Lanassa,venusta,,,,67994,,,Polychaetes,WEMAP99
Lanassa venusta venusta,Annelida,Polychaeta,Terebellida,Terebellidae,Lanassa,venusta,venusta,(Malm 1874),,1,LANASSA SP,P244,Polychaetes,SCAMIT
Lanice conchilega,Annelida,Polychaeta,Terebellida,Terebellidae,Lanice,conchilega,,(Pallas 1776),,1,LANICE CONCHILEGA,P245,Polychaetes,"SCAMIT, SQO2005"
Laomedea calceolifera,Cnidaria,Hydrozoa,Thecatae,Campanulariidae,Laomedea,calceolifera,,,,,,,,SQO 2005
Laonice appelloefi ,,,,,Laonice,appelloefi,,,,,,,,SCAMIT
Laonice cirrata,Annelida,Polychaeta,Spionida,Spionidae,Laonice,cirrata,,(M. Sars 1851),,2,LAONICE CIRRATA,P247,Polychaetes,"SCAMIT, SQO2005"
Laonice nuchala,Annelida,Polychaeta,Spionida,Spionidae,Laonice,nuchala,,Blake 1996,,2,LAONICE APPELLOEFI,P246, ,"SCAMIT, SQO2005"
Laonice pugettensis,Annelida,Polychaeta,Spionida,Spionidae,Laonice,pugettensis,,,,,,,,SQO 2005
Laonice sp,Annelida,Polychaeta,Spionida,Spionidae,Laonice,sp,,,,2,,,,SCAMIT
Laonome sp,Annelida,Polychaeta,Sabellida,Sabellidae,Laonome,sp,,,,,,,,"CISNET, SQO2005"
Laphania sp,Annelida,Polychaeta,Terebellida,Terebellidae,Laphania,sp,,,,1,,,,SCAMIT
Laqueus californianus,Brachiopoda,Articulata,Terebratulida,Laqueidae,Laqueus,californianus,,Koch 1847,,,,,,SCAMIT
Lasaeidae,Mollusca,Bivalvia,Veneroida,Lasaeidae,Lasaeidae,0,,,,,,,Bivalves,SCAMIT
Laticorophium baconi,Arthropoda,Malacostraca,Amphipoda,Corophiidae,Laticorophium,baconi,,(Shoemaker 1934),,,COROPHIUM SP,P130, ,"SCAMIT, SQO2005"
Latocestidae,Platyhelminthes,Turbellaria,Polycladida,Latocestidae,Latocestidae,0,,,,,,,,SCAMIT
Leitoscoloplos panamensis,Annelida,Polychaeta,Orbiniida,Orbiniidae,Leitoscoloplos,panamensis,,(Monro 1933),,2,,,Polychaetes,"SCAMIT, SQO2005"
Leitoscoloplos pugettensis,Annelida,Polychaeta,Orbiniida,Orbiniidae,Leitoscoloplos,pugettensis,,(Pettibone 1957),,2,LEITOSCOLOPLOS PUGETTENSIS,P248,Polychaetes,"SCAMIT, SQO2005"
Leitoscoloplos sp,Annelida,Polychaeta,Orbiniida,Orbiniidae,Leitoscoloplos,sp,,,,2,,,,"SCAMIT, SQO2005"
Leitoscoloplos spp. juv.,,,,,Leitoscoloplos,spp. juv.,,,,,,,,BPTCP
Lembos sp.,,,,,Lembos,sp.,,,,,,,,BPTCP
Lepidasthenia berkeleyae,Annelida,Polychaeta,Phyllodocida,Polynoidae,Lepidasthenia,berkeleyae,,Pettibone 1948,,,LEPIDASTHENIA BERKELEYAE,P249,Polychaetes,"SCAMIT, SQO2005"
Lepidasthenia longicirrata,Annelida,Polychaeta,Phyllodocida,Polynoidae,Lepidasthenia,longicirrata,,E. Berkeley 1923,,,,,Polychaetes,SCAMIT
Lepidepecreum gurjanovae,Arthropoda,Malacostraca,Amphipoda,Lysianassidae,Lepidepecreum,gurjanovae,,Hurley 1963,,,,,Crustaceans,SCAMIT
Lepidepecreum serraculum,Arthropoda,Malacostraca,Amphipoda,Lysianassidae,Lepidepecreum,serraculum,,Dalkey 1998,,,LEPIDEPECREUM SP A,,,SCAMIT
Lepidepecreum sp A,Arthropoda,Malacostraca,Amphipoda,Lysianassidae,Lepidepecreum,sp A,,SCAMIT 1985  §,,,LEPIDEPECREUM SP A,P250,,SCAMIT
Lepidochitona hartwegii,Mollusca,Polyplacophora,Neoloricata,Tonicellidae,Lepidochitona,hartwegii,,,,,,,,SQO 2005
Lepidonotinae  ,,,,,Lepidonotinae,0,,,,,,,,SCAMIT
Lepidonotus sp,Annelida,Polychaeta,Phyllodocida,Polynoidae,Lepidonotus,sp,,,,,,,,"SCAMIT, SQO2005"
Lepidonotus squamatus ,Annelida,Polychaeta,Aciculata,Polynoidae,Lepidonotus,squamatus,,,,,,,Polychaetes,SCAMIT
Lepidopa californica,Arthropoda,Malacostraca,Decapoda,Albuneidae,Lepidopa,californica,,Efford 1971,,,,,Crustaceans,"SCAMIT, SQO2005"
Lepidopleuridae  ,,,,,Lepidopleuridae,0,,,,,,,,SCAMIT
Lepidozona retiporosa,Mollusca,Polyplacophora,Neoloricata,Ischnochitonidae,Lepidozona,retiporosa,,(Carpenter 1864),,,,,,SCAMIT
Lepidozona sinudentata,Mollusca,Polyplacophora,Neoloricata,Ischnochitonidae,Lepidozona,sinudentata,,(Carpenter in Pilsbry 1892),,,,,,SCAMIT
Leporimetis obesa,Mollusca,Bivalvia,Veneroida,Tellinidae,Leporimetis,obesa,,(Deshayes 1855),,,,,Bivalves,"SCAMIT, SQO2005"
Leptochelia dubia,Arthropoda,Malacostraca,Tanaidacea,Leptocheliidae,Leptochelia,dubia,,(Krøyer 1842),,2,LEPTOCHELIA DUBIA,P251,Crustaceans,"SCAMIT, SQO2005"
Leptochelia gnathia,,,,,Leptochelia,gnathia,,,,,,,,BPTCP
Leptochelia sp,Arthropoda,Malacostraca,Tanaidacea,Leptocheliidae,Leptochelia,sp,,,,2,,,,SCAMIT
Leptochiton rugatus,Mollusca,Polyplacophora,Neoloricata,Leptochitonidae,Leptochiton,rugatus,,(Carpenter in Pilsbry 1892),,,LEPTOCHITON SP,P252,,SCAMIT
Leptocuma forsmani,Arthropoda,Malacostraca,Cumacea,Bodotriidae,Leptocuma,forsmani,,Zimmer 1943,,2,,,Crustaceans,"SCAMIT, SQO2005"
Leptognathia cf. sp. B,,,,,Leptognathia,cf. sp. B,,,,,,,,BPTCP
Leptognathia sp E,,,,,Leptognathia,sp E,,,,,,,,SCAMIT
Leptognathia sp.,,,,,Leptognathia,sp.,,,,,,,,BPTCP
Leptognathia sp. A,,,,,Leptognathia,sp. A,,,,,,,,BPTCP
Leptognathia sp. B,,,,,Leptognathia,sp. B,,,,,,,,BPTCP
Leptognathiidae  ,,,,,Leptognathiidae,0,,,,,,,,SCAMIT
Leptopecten latiauratus,Mollusca,Bivalvia,Ostreoida,Pectinidae,Leptopecten,latiauratus,,(Conrad 1837),,,LEPTOPECTEN LATIAURATUS,P253,Bivalves,"SCAMIT, SQO2005"
Leptoplanidae sp A,Platyhelminthes,Turbellaria,Polycladida,Leptoplanidae,Leptoplanidae,sp A,,MEC 1988  §,,,,,,SCAMIT
Leptostraca,Arthropoda,Malacostraca,Leptostraca,,Leptostraca,0,,,,,,,,SCAMIT
Leptostylis calva,Arthropoda,Malacostraca,Cumacea,Diastylidae,Leptostylis,calva,,Watling & McCann 1997,,2,LEPTOSTYLIS SP A,P254, ,SCAMIT
Leptostylis sp,Arthropoda,Malacostraca,Cumacea,Diastylidae,Leptostylis,sp,,,,2,,,,SCAMIT
Leptostylis sp A,,,,,Leptostylis,sp A,,,,,,,,SCAMIT
Leptostylis villosa ,,,,,Leptostylis,villosa,,,,,,,,SCAMIT
Leptosynapta sp,Echinodermata,Holothuroidea,Apodida,Synaptidae,Leptosynapta,sp,,,,,SYNAPTIDAE,P495,,"SCAMIT, SQO2005"
Leucon sp,Arthropoda,Malacostraca,Cumacea,Leuconidae,Leucon,sp,,,,2,,,,SCAMIT
Leucon subnasica,Arthropoda,Malacostraca,Cumacea,Leuconidae,Leucon,subnasica,,Given 1961,,2,LEUCON SUBNASICA,P256,Crustaceans,"SCAMIT, SQO2005"
Leucothoe alata,Arthropoda,Malacostraca,Amphipoda,Leucothoidae,Leucothoe,alata,,,,,,,,"NASSCO, SQO2005"
Leucothoe sp,Arthropoda,Malacostraca,Amphipoda,Leucothoidae,Leucothoe,sp,,,,,,,,"SCAMIT, SQO2005"
Leuroleberis sharpei,Arthropoda,Ostracoda,Myodocopida,Cylindroleberididae,Leuroleberis,sharpei,,Kornicker 1981,,,LEUROLEBERIS SHARPEI,P257,,"SCAMIT, SQO2005"
Levinsenia gracilis,Annelida,Polychaeta,Orbiniida,Paraonidae,Levinsenia,gracilis,,(Tauber 1879),,,LEVINSENIA SP,P258,Polychaetes,"SCAMIT, SQO2005"
Levinsenia multibranchiata,Annelida,Polychaeta,Orbiniida,Paraonidae,Levinsenia,multibranchiata,,(Hartman 1957),,,LEVINSENIA SP,P258,Polychaetes,SCAMIT
Levinsenia oculata,Annelida,Polychaeta,Orbiniida,Paraonidae,Levinsenia,oculata,,(Hartman 1957),,,LEVINSENIA SP,P258,Polychaetes,SCAMIT
Levinsenia sp,Annelida,Polychaeta,Orbiniida,Paraonidae,Levinsenia,sp,,,,,LEVINSENIA SP,P258,,SCAMIT
Lightiella serendipita,Arthropoda,Cephalocarida,Brachypoda,Lightiellidae,Lightiella,serendipita,,,,,,,,"RH_CERCLA, SQO2005"
Liljeborgia geminata,Arthropoda,Malacostraca,Amphipoda,Liljeborgiidae,Liljeborgia,geminata,,J. L. Barnard 1969,,,,, ,"SCAMIT, SQO2005"
Liljeborgia sp,Arthropoda,Malacostraca,Amphipoda,Liljeborgiidae,Liljeborgia,sp,,,,,,,,"SCAMIT, SQO2005"
Limaria hemphilli,Mollusca,Bivalvia,Limoida,Limidae,Limaria,hemphilli,,(Hertlein & Strong 1946),,,,,Bivalves,"SCAMIT, SQO2005"
Limatula saturna,Mollusca,Bivalvia,Limoida,Limidae,Limatula,saturna,,Bernard 1978,,,,,Bivalves,"SCAMIT, SQO2005"
Limatula subauriculata ,,,,,Limatula,subauriculata,,,,,,,,SCAMIT
Limifossor fratula,Mollusca,Aplacophora,Limifossorida,Limifossoridae,Limifossor,fratula,,Heath 1911,,,APLACOPHORA,P062,,SCAMIT
Limnactiniidae sp A,Cnidaria,Anthozoa,Actiniaria,Limnactiniidae,Limnactiniidae,sp A,,SCAMIT 1989  ',,,,,,"SCAMIT, SQO2005"
Lineidae,Nemertea,Anopla,Heteronemertea,Lineidae,Lineidae,0,,,,,,,,"SCAMIT, SQO2005"
Lineus bilineatus,Nemertea,Anopla,Heteronemertea,Lineidae,Lineus,bilineatus,,(Renier 1804),,,,,,SCAMIT
Lirobarleeia kelseyi,Mollusca,Gastropoda,Neotaenioglossa,Barleeidae,Lirobarleeia,kelseyi,,(Dall & Bartsch 1902),,,,,Gastropods,SCAMIT
Lirobittium sp,Mollusca,Gastropoda,Neotaenioglossa,Cerithiidae,Lirobittium,sp,,,,3,BITTIUM COMPLEX,P084,,"SCAMIT, SQO2005"
Lirobittium subplanatum ,,,,,Lirobittium,subplanatum,,,,,,,,SCAMIT
Lirularia parcipicta,Mollusca,Gastropoda,Vetigastropoda,Trochidae,Lirularia,parcipicta,,(Carpenter 1864),,,,,Gastropods,"SCAMIT, SQO2005"
Listriella,,,,,Listriella,0,,,,,,,,BPTCP
Listriella albina,Arthropoda,Malacostraca,Amphipoda,Liljeborgiidae,Listriella,albina,,J. L. Barnard 1959,,,,, ,SCAMIT
Listriella diffusa,Arthropoda,Malacostraca,Amphipoda,Liljeborgiidae,Listriella,diffusa,,J. L. Barnard 1959,,,LISTRIELLA DIFFUSA,P259,Crustaceans,"SCAMIT, SQO2005"
Listriella eriopisa,Arthropoda,Malacostraca,Amphipoda,Liljeborgiidae,Listriella,eriopisa,,J. L. Barnard 1959,,,LISTRIELLA ERIOPISA,P260,Crustaceans,"SCAMIT, SQO2005"
Listriella goleta,Arthropoda,Malacostraca,Amphipoda,Liljeborgiidae,Listriella,goleta,,J. L. Barnard 1959,,,LISTRIELLA GOLETA,P261,Crustaceans,"SCAMIT, SQO2005"
Listriella melanica,Arthropoda,Malacostraca,Amphipoda,Liljeborgiidae,Listriella,melanica,,J. L. Barnard 1959,,,LISTRIELLA MELANICA,P262,Crustaceans,"SCAMIT, SQO2005"
Listriella sp,Arthropoda,Malacostraca,Amphipoda,Liljeborgiidae,Listriella,sp,,,,,,,,SCAMIT
Listriella sp A,Arthropoda,Malacostraca,Amphipoda,Liljeborgiidae,Listriella,sp A,,SCAMIT 1987  §,,,,,,SCAMIT
Listriolobus pelodes,Echiura,Echiurida,Echiuroinea,Thalassematidae,Listriolobus,pelodes,,Fisher 1946,,,LISTRIOLOBUS PELODES,P263,,"SCAMIT, SQO2005"
Loimia medusa,Annelida,Polychaeta,Terebellida,Terebellidae,Loimia,medusa,,(Savigny 1818),,1,LOIMIA MEDUSA,P264,Polychaetes,SCAMIT
Loimia sp A,Annelida,Polychaeta,Terebellida,Terebellidae,Loimia,sp A,,SCAMIT 2001 §,,1,LOIMIA MEDUSA,,,SCAMIT
Lophopanopeus bellus,Arthropoda,Malacostraca,Decapoda,Xanthidae,Lophopanopeus,bellus,,(Stimpson 1860),,,,,Crustaceans,"SCAMIT, SQO2005"
Lophopanopeus bellus diegensis,,,,,Lophopanopeus,bellus diegensis,,,,,,,,BPTCP
Lophopanopeus frontalis,Arthropoda,Malacostraca,Decapoda,Xanthidae,Lophopanopeus,frontalis,,(Rathbun 1893),,,,,Crustaceans,"SCAMIT, SQO2005"
Lophopanopeus leucomanus,Arthropoda,Malacostraca,Decapoda,Xanthidae,Lophopanopeus,leucomanus,,(Lockington 1877),,,,,Crustaceans,"SCAMIT, SQO2005"
Lophopanopeus sp,Arthropoda,Malacostraca,Decapoda,Xanthidae,Lophopanopeus,sp,,,,,,,,"SCAMIT, SQO2005"
Lottia ochracea,Mollusca,Gastropoda,Petallogastropoda,Lottiidae,Lottia,ochracea,,,,,,,,SQO 2005
Lovenia cordiformis,Echinodermata,Echinoidea,Spatangoida,Loveniidae,Lovenia,cordiformis,,A. Agassiz 1872,,,LOVENIA CORDIFORMIS,P265,Echinoderms,SCAMIT
Loxorhynchus crispatus,Arthropoda,Malacostraca,Decapoda,Majidae,Loxorhynchus,crispatus,,Stimpson 1857,,,,,Crustaceans,SCAMIT
Loxorhynchus sp,Arthropoda,Malacostraca,Decapoda,Majidae,Loxorhynchus,sp,,,,,,,,"SCAMIT, SQO2005"
Lucinisca nuttalli,Mollusca,Bivalvia,Veneroida,Lucinidae,Lucinisca,nuttalli,,(Conrad 1837),,,LUCINISCA NUTTALLI,P266,Bivalves,"SCAMIT, SQO2005"
Lucinoma annulatum,Mollusca,Bivalvia,Veneroida,Lucinidae,Lucinoma,annulatum,,(Reeve 1850),,,LUCINOMA ANNULATUM,P267,Bivalves,SCAMIT
Luidia armata,Echinodermata,Asteroidea,Paxillosida,Luidiidae,Luidia,armata,,Ludwig 1905,,,LUIDIA SP,P268, ,SCAMIT
Luidia foliolata,Echinodermata,Asteroidea,Paxillosida,Luidiidae,Luidia,foliolata,,Grube 1866,,,LUIDIA SP,P268,Echinoderms,SCAMIT
Luidia sp,Echinodermata,Asteroidea,Paxillosida,Luidiidae,Luidia,sp,,,,,LUIDIA SP,P268,,SCAMIT
Lumbrinereis inflata,,,,,Lumbrinereis,inflata,,,,,,,,BPTCP
Lumbrineridae,Annelida,Polychaeta,Eunicida,Lumbrineridae,Lumbrineridae,0,,,,,,,Polychaetes,"SCAMIT, SQO2005"
Lumbrineridae spp.,,,,,Lumbrineridae,spp.,,,,,,,,BPTCP
Lumbrineridae spp. indet.,,,,,Lumbrineridae,spp. indet.,,,,,,,,BPTCP
Lumbrineridae spp. juv.,,,,,Lumbrineridae,spp. juv.,,,,,,,,BPTCP
"Lumbrineridae, unident.",,,,,"Lumbrineridae,",unident.,,,,,,,,BPTCP
Lumbrinerides acuta,Annelida,Polychaeta,Aciculata,Lumbrineridae,Lumbrinerides,acuta,,,,NR,,,Polychaetes,WEMAP99
Lumbrinerides platypygos,Annelida,Polychaeta,Eunicida,Lumbrineridae,Lumbrinerides,platypygos,,(Fauchald 1970),,,LUMBRINERIDES PLATYPYGOS,P269, ,"SCAMIT, SQO2005"
Lumbrineris bicirrata ,,,,,Lumbrineris,bicirrata,,,,,,,,SCAMIT
Lumbrineris californiensis,Annelida,Polychaeta,Eunicida,Lumbrineridae,Lumbrineris,californiensis,,Hartman 1944,,,LUMBRINERIS SP,P270,Polychaetes,"SCAMIT, SQO2005"
Lumbrineris cf. californiensis,,,,,Lumbrineris,cf. californiensis,,,,,,,,BPTCP
Lumbrineris cruzensis,Annelida,Polychaeta,Eunicida,Lumbrineridae,Lumbrineris,cruzensis,,Hartman 1944,,,LUMBRINERIS SP,P270,Polychaetes,"SCAMIT, SQO2005"
Lumbrineris erecta ,Annelida,Polychaeta,Eunicida,Lumbrineridae,Lumbrineris,erecta,,,,,,, ,"SCAMIT, SQO2005"
Lumbrineris index,Annelida,Polychaeta,Eunicida,Lumbrineridae,Lumbrineris,index,,Moore 1911,,,LUMBRINERIS SP,P270,Polychaetes,SCAMIT
Lumbrineris inflata,,,,,Lumbrineris,inflata,,,,,,,,BPTCP
Lumbrineris japonica,Annelida,Polychaeta,Eunicida,Lumbrineridae,Lumbrineris,japonica,,(Marenzeller 1879),,,LUMBRINERIS SP,P270,Polychaetes,"SCAMIT, SQO2005"
Lumbrineris latreilli,Annelida,Polychaeta,Eunicida,Lumbrineridae,Lumbrineris,latreilli,,Audouin & H. Milne Edwards 1834,,,LUMBRINERIS SP,P270,Polychaetes,"SCAMIT, SQO2005"
Lumbrineris limicola,Annelida,Polychaeta,Eunicida,Lumbrineridae,Lumbrineris,limicola,,Hartman 1944,,,LUMBRINERIS SP,P270,Polychaetes,"SCAMIT, SQO2005"
Lumbrineris sp,Annelida,Polychaeta,Eunicida,Lumbrineridae,Lumbrineris,sp,,,,,LUMBRINERIS SP,P270,,"SCAMIT, SQO2005"
Lumbrineris spp. indet.,,,,,Lumbrineris,spp. indet.,,,,,,,,BPTCP
Lumbrineris tetraura,,,,,Lumbrineris,tetraura,,,,,,,,RH_CERCLA_EPA
Lumbrineris zonata,Annelida,Polychaeta,Eunicida,Lumbrineridae,Lumbrineris,zonata,,,,,,,,SQO 2005
Lyonsia californica,Mollusca,Bivalvia,Pholadomyoida,Lyonsiidae,Lyonsia,californica,,Conrad 1837,,,LYONSIA CALIFORNICA,P271,Bivalves,"SCAMIT, SQO2005"
Lyonsia sp,Mollusca,Bivalvia,Pholadomyoida,Lyonsiidae,Lyonsia,sp,,,,,,,,SCAMIT
Lyonsiidae,Mollusca,Bivalvia,Pholadomyoida,Lyonsiidae,Lyonsiidae,0,,,,,,,Bivalves,SCAMIT
Lysippe labiata,,,,,Lysippe,labiata,,,,,,,,BPTCP
Lysippe sp,Annelida,Polychaeta,Terebellida,Ampharetidae,Lysippe,sp,,,,1,LYSIPPE SP,P272,,"SCAMIT, SQO2005"
Lysippe sp A,Annelida,Polychaeta,Terebellida,Ampharetidae,Lysippe,sp A,,Williams 1985  §,,1,LYSIPPE SP,P272,,SCAMIT
Lysippe sp B,Annelida,Polychaeta,Terebellida,Ampharetidae,Lysippe,sp B,,Williams 1985  §,,1,LYSIPPE SP,P272,,SCAMIT
Lytechinus pictus,Echinodermata,Echinoidea,Temnopleuroida,Toxopneustidae,Lytechinus,pictus,,(Verrill 1867),,,LYTECHINUS PICTUS,P273,Echinoderms,"SCAMIT, SQO2005"
Macoma acolasta,Mollusca,Bivalvia,Veneroida,Tellinidae,Macoma,acolasta,,,,,,,,"RMP, SQO2005"
Macoma carlottensis,Mollusca,Bivalvia,Veneroida,Tellinidae,Macoma,carlottensis,,Whiteaves 1880,,3,MACOMA CARLOTTENSIS,P274,Bivalves,"SCAMIT, SQO2005"
Macoma cf yoldiformis,,,,,Macoma,cf yoldiformis,,,,,,,,BPTCP
Macoma expansa,Mollusca,Bivalvia,Veneroida,Tellinidae,Macoma,expansa,,,,,,,,"CISNET, SQO2005"
Macoma indentata,Mollusca,Bivalvia,Veneroida,Tellinidae,Macoma,indentata,,Carpenter 1864,,,,,Bivalves,"SCAMIT, SQO2005"
Macoma inquinata,Mollusca,Bivalvia,Veneroida,Tellinidae,Macoma,inquinata,,,,,,,,"SD_CHOLPAL, SQO2005"
Macoma nasuta,Mollusca,Bivalvia,Veneroida,Tellinidae,Macoma,nasuta,,(Conrad 1837),,,MACOMA NASUTA,P275,Bivalves,"SCAMIT, SQO2005"
Macoma petalum,Mollusca,Bivalvia,Veneroida,Tellinidae,Macoma,petalum,,,,,,,,"WEMAP00, SQO2005"
Macoma secta,Mollusca,Bivalvia,Veneroida,Tellinidae,Macoma,secta,,(Conrad 1837),,,,,Bivalves,SCAMIT
Macoma sp,Mollusca,Bivalvia,Veneroida,Tellinidae,Macoma,sp,,,,,,,,"SCAMIT, SQO2005"
Macoma yoldiformis,Mollusca,Bivalvia,Veneroida,Tellinidae,Macoma,yoldiformis,,Carpenter 1864,,,MACOMA YOLDIFORMIS,P276,Bivalves,"SCAMIT, SQO2005"
Macrochaeta sp,Annelida,Polychaeta,Spionida,Acrocirridae,Macrochaeta,sp,,,,,,,,SQO 2005
Macrochaeta sp A,Annelida,Polychaeta,Spionida,Acrocirridae,Macrochaeta,sp A,,Rowe 1999   ',,,,,,SCAMIT
Macrochaeta spp. indet.,,,,,Macrochaeta,spp. indet.,,,,,,,,BPTCP
Mactra california,,,,,Mactra,california,,,,,,,,BPTCP
Mactra californica,,,,,Mactra,californica,,,,,,,,BPTCP
Mactridae,Mollusca,Bivalvia,Veneroida,Mactridae,Mactridae,0,,,,,MACTRIDAE,P277,Bivalves,"SCAMIT, SQO2005"
Mactromeris hemphilli,Mollusca,Bivalvia,Veneroida,Mactridae,Mactromeris,hemphilli,,(Dall 1894),,,MACTRIDAE,,,SCAMIT
Mactromeris sp,Mollusca,Bivalvia,Veneroida,Mactridae,Mactromeris,sp,,,,,MACTRIDAE,P277,,"SCAMIT, SQO2005"
Mactrotoma californica,Mollusca,Bivalvia,Veneroida,Mactridae,Mactrotoma,californica,,(Conrad 1837),,,MACTRIDAE,P277,Bivalves,"SCAMIT, SQO2005"
Maera simile,Arthropoda,Malacostraca,Amphipoda,Melitidae,Maera,simile,,Stout 1913,,,MAERA SIMILE,P278,Crustaceans,SCAMIT
Maera similis,Arthropoda,Malacostraca,Amphipoda,Melitidae,Maera,similis,,Stout 1913,,,MAERA SIMILE,,,"SCAMIT, SQO2005"
Maera sp,Arthropoda,Malacostraca,Amphipoda,Melitidae,Maera,sp,,,,,,,,"SCAMIT, SQO2005"
Magelona berkeleyi,Annelida,Polychaeta,Spionida,Magelonidae,Magelona,berkeleyi,,Jones 1971,,2,MAGELONA SPP,P281,Polychaetes,"SCAMIT, SQO2005"
Magelona hartmanae,Annelida,Polychaeta,Spionida,Magelonidae,Magelona,hartmanae,,Jones 1978,,2,MAGELONA SPP,P281,Polychaetes,SCAMIT
Magelona longicornis,Annelida,Polychaeta,Spionida,Magelonidae,Magelona,longicornis,,Johnson 1901,,2,MAGELONA SPP,P281,Polychaetes,SCAMIT
Magelona riojai,Annelida,Polychaeta,Spionida,Magelonidae,Magelona,riojai,,Jones 1963,,2,MAGELONA SPP,P281,Polychaetes,SCAMIT
Magelona sacculata,Annelida,Polychaeta,Spionida,Magelonidae,Magelona,sacculata,,Hartman 1961,,2,MAGELONA SACCULATA,P280,Polychaetes,"SCAMIT, SQO2005"
Magelona sp,Annelida,Polychaeta,Spionida,Magelonidae,Magelona,sp,,,,2,,,,SCAMIT
Magelona sp A,Annelida,Polychaeta,Spionida,Magelonidae,Magelona,sp A,,SCAMIT 1993  §,,2,MAGELONA SPP,P281,,SCAMIT
Magelona sp SD 10,,,,,Magelona,sp SD 10,,,,,,,,SCAMIT
Magelona sp SD10,Annelida,Polychaeta,Spionida,Magelonidae,Magelona,sp SD10,,Rowe 1996 §,,2,MAGELONA SPP,P281,,SCAMIT
Magelona spp. indet.,,,,,Magelona,spp. indet.,,,,,,,,BPTCP
Majidae,Arthropoda,Malacostraca,Decapoda,Majidae,Majidae,0,,,,,,,Crustaceans,"SCAMIT, SQO2005"
Majoxiphalus major,,,,,Majoxiphalus,major,,,,NR,,, ,WEMAP99
Malacoceros indicus,Annelida,Polychaeta,Spionida,Spionidae,Malacoceros,indicus,,(Fauvel 1928),,2,,,,"SCAMIT, SQO2005"
Malacoceros punctata,Annelida,Polychaeta,Spionida,Spionidae,Malacoceros,punctata,,(Hartman 1961),,2,MALACOCEROS PUNCTATA,P282, ,SCAMIT
Malacoplax californiensis,Arthropoda,Malacostraca,Decapoda,Gonoplacidae,Malacoplax,californiensis,,(Lockington 1877),,,,,Crustaceans,"SCAMIT, SQO2005"
Maldane glebifex,,,,,Maldane,glebifex,,,,,,,,BPTCP
Maldane sarsi,Annelida,Polychaeta,Capitellida,Maldanidae,Maldane,sarsi,,Malmgren 1865,,1,MALDANE SARSI,P283,Polychaetes,"SCAMIT, SQO2005"
Maldanella robusta,Annelida,Polychaeta,Capitellida,Maldanidae,Maldanella,robusta,,Moore 1906,,1,,,,SCAMIT
Maldanidae,Annelida,Polychaeta,Capitellida,Maldanidae,Maldanidae,0,,,,1,,,Polychaetes,"SCAMIT, SQO2005"
Maldanidae sp 1,Annelida,Polychaeta,Capitellida,Maldanidae,Maldanidae,sp 1,,Lovell & Phillips 1995  ',,1,,,,SCAMIT
Maldanidae spp. indet.,,,,,Maldanidae,spp. indet.,,,,,,,,BPTCP
"Maldanidae, unident. (juv)",,,,,"Maldanidae,",unident. (juv),,,,,,,,BPTCP
Maldaninae,Annelida,Polychaeta,Capitellida,Maldanidae,Maldaninae,0,,,,1,,,,SCAMIT
Malmgreniella baschi,Annelida,Polychaeta,Phyllodocida,Polynoidae,Malmgreniella,baschi,,Pettibone 1993,,,MALMGRENIELLA BASCHI,P284,Polychaetes,SCAMIT
Malmgreniella macginiti,,,,,Malmgreniella,macginiti,,,,,,,,RH_CERCLA_EPA
Malmgreniella macginitiei,Annelida,Polychaeta,Phyllodocida,Polynoidae,Malmgreniella,macginitiei,,Pettibone 1993,,,,, ,SCAMIT
Malmgreniella sanpedroensis,Annelida,Polychaeta,Phyllodocida,Polynoidae,Malmgreniella,sanpedroensis,,Pettibone 1993,,,,, ,SCAMIT
Malmgreniella scriptoria,Annelida,Polychaeta,Phyllodocida,Polynoidae,Malmgreniella,scriptoria,,(Moore 1910),,,MALMGRENIELLA SCRIPTORIA,P285, ,SCAMIT
Malmgreniella sp,Annelida,Polychaeta,Phyllodocida,Polynoidae,Malmgreniella,sp,,,,,,,,"SCAMIT, SQO2005"
Malmgreniella sp A,Annelida,Polychaeta,Phyllodocida,Polynoidae,Malmgreniella,sp A,,SCAMIT 1997  ',,,,,,SCAMIT
Malmgreniella sp SD2,Annelida,Polychaeta,Phyllodocida,Polynoidae,Malmgreniella,sp SD2,,,,,,,,SCAMIT
Malmgreniella spp. indet.,,,,,Malmgreniella,spp. indet.,,,,,,,,BPTCP
Malmgreniella spp. juv.,,,,,Malmgreniella,spp. juv.,,,,,,,,BPTCP
Mandibulophoxus gilesi,Arthropoda,Malacostraca,Amphipoda,Phoxocephalidae,Mandibulophoxus,gilesi,,J. L. Barnard 1957,,1,,,Crustaceans,SCAMIT
Mandibulophoxus uncirostratus,Arthropoda,Malacostraca,Amphipoda,Phoxocephalidae,Mandibulophoxus,uncirostratus,,,,,,,,SQO 2005
Mangelia sp,Mollusca,Gastropoda,Neogastropoda,Conidae,Mangelia,sp,,,,,,,,SCAMIT
Marenzelleria viridis,Annelida,Polychaeta,Spionida,Spionidae,Marenzelleria,viridis,,,,,,,Polychaetes,"CISNET, SQO2005"
Margarites sp,Mollusca,Gastropoda,Vetigastropoda,Trochidae,Margarites,sp,,,,,,,,SCAMIT
Marphysa angelensis,Annelida,Polychaeta,Eunicida,Eunicidae,Marphysa,angelensis,,,,,,,,SQO 2005
Marphysa cf. sanguinea,,,,,Marphysa,cf. sanguinea,,,,,,,,BPTCP
Marphysa conferta,Annelida,Polychaeta,Eunicida,Eunicidae,Marphysa,conferta,,Moore 1911,,,MARPHYSA SP,P286,Polychaetes,SCAMIT
Marphysa disjuncta,Annelida,Polychaeta,Eunicida,Eunicidae,Marphysa,disjuncta,,Hartman 1961,,,MARPHYSA SP,P286,Polychaetes,"SCAMIT, SQO2005"
Marphysa mortenseni,Annelida,Polychaeta,Eunicida,Eunicidae,Marphysa,mortenseni,,,,,,,,SQO 2005
Marphysa sanguinea,Annelida,Polychaeta,Eunicida,Eunicidae,Marphysa,sanguinea,,,,,,,,"BPTCP, SQO2005"
Marphysa sanquinea,,,,,Marphysa,sanquinea,,,,,,,,BPTCP
Marphysa sp,Annelida,Polychaeta,Eunicida,Eunicidae,Marphysa,sp,,,,,MARPHYSA SP,P286,,"SCAMIT, SQO2005"
Marphysa sp A,Annelida,Polychaeta,Eunicida,Eunicidae,Marphysa,sp A,,Harris & Velarde 1983  §,,,MARPHYSA SP,P286,,"SCAMIT, SQO2005"
Marphysa sp B,Annelida,Polychaeta,Eunicida,Eunicidae,Marphysa,sp B,,,,,,,,SQO 2005
Marphysa spp. juv.,,,,,Marphysa,spp. juv.,,,,,,,,BPTCP
Marphysa stylobranchiata,Annelida,Polychaeta,Eunicida,Eunicidae,Marphysa,stylobranchiata,,,,,,,,SQO 2005
Mayerella acanthopoda,Arthropoda,Malacostraca,Amphipoda,Protellidae,Mayerella,acanthopoda,,Benedict 1977,,1,,,,"SCAMIT, SQO2005"
Mayerella banksia,Arthropoda,Malacostraca,Amphipoda,Protellidae,Mayerella,banksia,,Laubitz 1970,,1,MAYERELLA BANKSIA,P287,Crustaceans,"SCAMIT, SQO2005"
Mayerella sp,Arthropoda,Malacostraca,Amphipoda,Protellidae,Mayerella,sp,,,,1,,,,SCAMIT
Mediomastus acutus,Annelida,Polychaeta,Capitellida,Capitellidae,Mediomastus,acutus,,Hartman 1969,,2,MEDIOMASTUS SP,P288,Polychaetes,SCAMIT
Mediomastus ambiseta,Annelida,Polychaeta,Capitellida,Capitellidae,Mediomastus,ambiseta,,(Hartman 1947),,2,MEDIOMASTUS SP,P288,Polychaetes,SCAMIT
Mediomastus californiensis,Annelida,Polychaeta,Capitellida,Capitellidae,Mediomastus,californiensis,,Hartman 1944,,2,MEDIOMASTUS SP,P288,Polychaetes,SCAMIT
Mediomastus sp,Annelida,Polychaeta,Capitellida,Capitellidae,Mediomastus,sp,,,,2,MEDIOMASTUS SP,P288,,"SCAMIT, SQO2005"
Mediomastus sp(p),,,,,Mediomastus,sp(p),,,,,,,,BPTCP
Mediomastus spp. indet.,,,,,Mediomastus,spp. indet.,,,,,,,,BPTCP
Megabalanus californicus,Arthropoda,Cirripedia,Thoracica,Balanidae,Megabalanus,californicus,,(Pilsbry 1916),,,,,Crustaceans,SCAMIT
Megalomma pigmentum,Annelida,Polychaeta,Sabellida,Sabellidae,Megalomma,pigmentum,,Reish 1963,,1,MEGALOMMA PIGMENTUM,P289,Polychaetes,"SCAMIT, SQO2005"
Megalomma sp,Annelida,Polychaeta,Sabellida,Sabellidae,Megalomma,sp,,,,1,,,,"SCAMIT, SQO2005"
Megalomma splendida,Annelida,Polychaeta,Sabellida,Sabellidae,Megalomma,splendida,,(Moore 1905),,1,,,Polychaetes,SCAMIT
Megalomphalus californicus,Mollusca,Gastropoda,Neotaenioglossa,Vanikoridae,Megalomphalus,californicus,,(Dall 1903),,,,,Gastropods,SCAMIT
Megaluropidae sp A,Arthropoda,Malacostraca,Amphipoda,Megaluropidae,Megaluropidae,sp A,,SCAMIT 1987  §,,,,,,SCAMIT
Megaluropus longimerus,,,,,Megaluropus,longimerus,,,,,,,,BPTCP
Megamoera dentata,,,,,Megamoera,dentata,,,,,,,,WEMAP00
Megamoera subtener,Arthropoda,Malacostraca,Amphipoda,Melitidae,Megamoera,subtener,,(Stimpson 1864),,,,, ,"SCAMIT, SQO2005"
Megastraea undosa,Mollusca,Gastropoda,Vetigastropoda,Turbinidae,Megastraea,undosa,,(Wood 1828),,,,,,"SCAMIT, SQO2005"
Melampus olivaceus,Mollusca,Gastropoda,Archaeopulmonata ,Ellobiidae ,Melampus,olivaceus,,,,,,,,SQO 2005
Melanella bakeri ,,,,,Melanella,bakeri,,,,,,,,SCAMIT
Melanella berryi ,,,,,Melanella,berryi,,,,,,,,SCAMIT
Melanella micans ,,,,,Melanella,micans,,,,,,,,SCAMIT
Melanella oldroydi ,,,,,Melanella,oldroydi,,,,,,,,SCAMIT
Melanella rutila ,,,,,Melanella,rutila,,,,,,,,SCAMIT
Melanella sp ,,,,,Melanella,sp,,,,,,,,SCAMIT
Melanochlamys diomedea,Mollusca,Gastropoda,Cephalaspidea,Aglajidae,Melanochlamys,diomedea,,(Bergh 1893),,,MELANOCHLAMYS DIOMEDEA,P292,Gastropods,"SCAMIT, SQO2005"
Melinna heterodonta,Annelida,Polychaeta,Terebellida,Ampharetidae,Melinna,heterodonta,,Moore 1923,,1,MELINNA HETERODONTA,P293,Polychaetes,SCAMIT
Melinna oculata,Annelida,Polychaeta,Terebellida,Ampharetidae,Melinna,oculata,,Hartman 1969,,1,MELINNA OCULATA,P294,Polychaetes,SCAMIT
Melinna sp,Annelida,Polychaeta,Terebellida,Ampharetidae,Melinna,sp,,,,1,,,,"SCAMIT, SQO2005"
Melita dentata ,Arthropoda,Malacostraca,Amphipoda,Gammaridae,Melita,dentata,,,,,,,Crustaceans,SCAMIT
Melita desdichada ,,,,,Melita,desdichada,,,,,,,,SCAMIT
Melita sp.,,,,,Melita,sp.,,,,,,,,BPTCP
Melitidae,Arthropoda,Malacostraca,Amphipoda,Melitidae,Melitidae,0,,,,,,,Crustaceans,"SCAMIT, SQO2005"
Melphisana bola ,,,,,Melphisana,bola,,,,,,,,SCAMIT
Melphisana bola Cmplx,Arthropoda,Malacostraca,Amphipoda,Melphidippidae,Melphisana,bola Cmplx,,,,,MELPHISANA BOLA COMPLEX,P295, ,"SCAMIT, SQO2005"
Membranipora spp.,,,,,Membranipora,spp.,,,,,,,,RMP
Mesochaetopterus sp,Annelida,Polychaeta,Spionida,Chaetopteridae,Mesochaetopterus,sp,,,,,MESOCHAETOPTERUS SP,P296,,SCAMIT
Mesocrangon munitella,Arthropoda,Malacostraca,Decapoda,Crangonidae,Mesocrangon,munitella,,(Walker 1898),,,MESOCRANGON MUNITELLA,P297,Crustaceans,SCAMIT
Mesolamprops bispinosa ,,,,,Mesolamprops,bispinosa,,,,,,,,SCAMIT
Mesolamprops bispinosus,Arthropoda,Malacostraca,Cumacea,Lampropidae,Mesolamprops,bispinosus,,Given 1964,,2,MESOLAMPROPS BISPINOSA,P298, ,SCAMIT
Mesolamprops dillonensis,Arthropoda,Malacostraca,Cumacea,Lampropidae,Mesolamprops,dillonensis,,,,NR,,,Crustaceans,"WEMAP99, SQO2005"
Metacaprella anomala,Arthropoda,Malacostraca,Amphipoda,Caprellidae,Metacaprella,anomala,,,,,,,,"RMP, SQO2005"
Metacrangon spinosissima,Arthropoda,Malacostraca,Decapoda,Crangonidae,Metacrangon,spinosissima,,(Rathbun 1902),,,,,Crustaceans,"SCAMIT, SQO2005"
Metamysidopsis elongata,Arthropoda,Malacostraca,Mysidacea,Mysidae,Metamysidopsis,elongata,,(Holmes 1900),,,,,Crustaceans,"SCAMIT, SQO2005"
Metaphoxus frequens,Arthropoda,Malacostraca,Amphipoda,Phoxocephalidae,Metaphoxus,frequens,,J. L. Barnard 1960,,1,METAPHOXUS FREQUENS,P299,Crustaceans,"SCAMIT, SQO2005"
Metasychis disparidentatus,Annelida,Polychaeta,Capitellida,Maldanidae,Metasychis,disparidentatus,,(Moore 1904),,1,METASYCHIS DISPARIDENTATUS,P300, ,"SCAMIT, SQO2005"
Metasychis sp,Annelida,Polychaeta,Capitellida,Maldanidae,Metasychis,sp,,,,1,,,,SCAMIT
Metatiron tropakis,Arthropoda,Malacostraca,Amphipoda,Synopiidae,Metatiron,tropakis,,(J. L. Barnard 1972),,,,, ,"SCAMIT, SQO2005"
Metharpinia coronadoi,Arthropoda,Malacostraca,Amphipoda,Phoxocephalidae,Metharpinia,coronadoi,,J. L. Barnard 1980,,1,,,Crustaceans,SCAMIT
Metharpinia jonesi,Arthropoda,Malacostraca,Amphipoda,Phoxocephalidae,Metharpinia,jonesi,,(J. L. Barnard 1963),,1,,,Crustaceans,SCAMIT
Metopa dawsoni,Arthropoda,Malacostraca,Amphipoda,Stenothoidae,Metopa,dawsoni,,J. L. Barnard 1962,,4,METOPA DAWSONI,P301,Crustaceans,SCAMIT
Metopella aporpis,Arthropoda,Malacostraca,Amphipoda,Stenothoidae,Metopella,aporpis,,J. L. Barnard 1962,,4,,, ,SCAMIT
Microcosmus squamiger,Chordata,Ascidiacea,Stolidobranchiata,Pyuridae,Microcosmus,squamiger,,Hartmeyer & Michaelsen 1926,,,,, ,"SCAMIT, SQO2005"
Microdeutopus schmitti,Arthropoda,Malacostraca,Amphipoda,Aoridae,Microdeutopus,schmitti,,,,,,,,"BPTCP, SQO2005"
Microjassa litotes,Arthropoda,Malacostraca,Amphipoda,Ischyroceridae,Microjassa,litotes,,J. L. Barnard 1954,,,,,Crustaceans,"SCAMIT, SQO2005"
Microphthalmus hystrix,Annelida,Polychaeta,Phyllodocida,Hesionidae,Microphthalmus,hystrix,,Fornier 1991,,,,, ,SCAMIT
Microphthalmus sczelkowii,Annelida,Polychaeta,Phyllodocida,Hesionidae,Microphthalmus,sczelkowii,,,,NR,,,Polychaetes,"WEMAP99, SQO2005"
Microphthalmus sp,Annelida,Polychaeta,Phyllodocida,Hesionidae,Microphthalmus,sp,,,,,,,,"SCAMIT, SQO2005"
Microphthalmus sp(p),,,,,Microphthalmus,sp(p),,,,,,,,BPTCP
Micropleustes nautilus,Arthropoda,Malacostraca,Amphipoda,Pleustidae,Micropleustes,nautilus,,(J. L. Barnard 1969),,,,, ,"SCAMIT, SQO2005"
Micropodarke dubia,Annelida,Polychaeta,Phyllodocida,Hesionidae,Micropodarke,dubia,,(Hessle 1925),,,MICROPODARKE DUBIA,P302,Polychaetes,"SCAMIT, SQO2005"
Microspio microcera,Annelida,Polychaeta,Spionida,Spionidae,Microspio,microcera,,(Dorsey 1977),,2,,,,"SCAMIT, SQO2005"
Microspio pigmentata,Annelida,Polychaeta,Spionida,Spionidae,Microspio,pigmentata,,(Reish 1959),,2,MICROSPIO PIGMENTATA,P303,Polychaetes,"SCAMIT, SQO2005"
Modiolus capax,Mollusca,Bivalvia,Mytiloida,Mytilidae,Modiolus,capax,,(Conrad 1837),,,MODIOLUS SP,P304,Bivalves,"SCAMIT, SQO2005"
Modiolus rectus,Mollusca,Bivalvia,Mytiloida,Mytilidae,Modiolus,rectus,,(Conrad 1837),,,MODIOLUS SP,P304,Bivalves,SCAMIT
Modiolus sp,Mollusca,Bivalvia,Mytiloida,Mytilidae,Modiolus,sp,,,,,MODIOLUS SP,P304,,"SCAMIT, SQO2005"
Molgula pugetiensis,Chordata,Ascidiacea,Stolidobranchiata,Molgulidae,Molgula,pugetiensis,,Herdman 1898,,,,,,SCAMIT
Molgula regularis,Chordata,Ascidiacea,Stolidobranchiata,Molgulidae,Molgula,regularis,,Ritter 1907,,,,,,SCAMIT
Molgula sp,Chordata,Ascidiacea,Stolidobranchiata,Molgulidae,Molgula,sp,,,,,,,,"SCAMIT, SQO2005"
Mollusca,Mollusca,,,,Mollusca,0,,,,,,,Gastropods,SCAMIT
Molpadia intermedia,Echinodermata,Holothuroidea,Molpadida,Molpadiidae,Molpadia,intermedia,,(Ludwig 1894),,,MOLPADIA INTERMEDIA,P305,Echinoderms,SCAMIT
Molpadia sp,Echinodermata,Holothuroidea,Molpadida,Molpadiidae,Molpadia,sp,,,,,,,,SCAMIT
Monocorophium acherusicum,Arthropoda,Malacostraca,Amphipoda,Corophiidae,Monocorophium,acherusicum,,(Costa 1857),,,COROPHIUM SP,P130, ,"SCAMIT, SQO2005"
Monocorophium insidiosum,Arthropoda,Malacostraca,Amphipoda,Corophiidae,Monocorophium,insidiosum,,(Crawford 1937),,,COROPHIUM SP,P130, ,"SCAMIT, SQO2005"
Monocorophium oaklandense,Arthropoda,Malacostraca,Amphipoda,Corophiidae,Monocorophium,oaklandense,,,,,,,,"LEMP, SQO2005"
Monocorophium sp,Arthropoda,Malacostraca,Amphipoda,Corophiidae,Monocorophium,sp,,,,,COROPHIUM SP,P130,,"SCAMIT, SQO2005"
Monocorophium uenoi,Arthropoda,Malacostraca,Amphipoda,Corophiidae,Monocorophium,uenoi,,,,,,,,SQO 2005
Monoculodes emarginatus,Arthropoda,Malacostraca,Amphipoda,Oedicerotidae,Monoculodes,emarginatus,,J. L. Barnard 1962,,,MONOCULODES SP,P306,Crustaceans,SCAMIT
Monoculodes hartmanae ,,,,,Monoculodes,hartmanae,,,,,,,,SCAMIT
Monoculodes latissimanus,Arthropoda,Malacostraca,Amphipoda,Oedicerotidae,Monoculodes,latissimanus,,Stephensen 1931,,,MONOCULODES SP,P306,Crustaceans,SCAMIT
Monoculodes norvegicus ,,,,,Monoculodes,norvegicus,,,,,,,,SCAMIT
Monoculodes sp,Arthropoda,Malacostraca,Amphipoda,Oedicerotidae,Monoculodes,sp,,,,,MONOCULODES SP,P306,,"SCAMIT, SQO2005"
Monoculodes sp SD1,Arthropoda,Malacostraca,Amphipoda,Oedicerotidae,Monoculodes,sp SD1,,,,,MONOCULODES SP,,,SCAMIT
Monoculodes sp. (juv.),,,,,Monoculodes,sp. (juv.),,,,,,,,BPTCP
Monticellina cryptica,Annelida,Polychaeta,Spionida,Cirratulidae,Monticellina,cryptica,,Blake 1996,,2,APHELOCHAETA/MONTICELLINA COMPLEX,P059, ,"SCAMIT, SQO2005"
Monticellina dorsobranchialis ,Annelida,Polychaeta,Canalipalpata,Cirratulidae,Monticellina,dorsobranchialis,,,,,,,Polychaetes,SCAMIT
Monticellina nr. serratiseta,,,,,Monticellina,nr. serratiseta,,,,,,,,BPTCP
Monticellina serratiseta,Annelida,Polychaeta,Spionida,Cirratulidae,Monticellina,serratiseta,,(Banse & Hobson 1968),,2,APHELOCHAETA/MONTICELLINA COMPLEX,P059, ,SCAMIT
Monticellina siblina,Annelida,Polychaeta,Spionida,Cirratulidae,Monticellina,siblina,,Blake 1996,,2,APHELOCHAETA/MONTICELLINA COMPLEX,P059, ,"SCAMIT, SQO2005"
Monticellina sp,Annelida,Polychaeta,Spionida,Cirratulidae,Monticellina,sp,,,,2,APHELOCHAETA/MONTICELLINA COMPLEX,P059,,"SCAMIT, SQO2005"
Monticellina sp HYP1,Annelida,Polychaeta,Spionida,Cirratulidae,Monticellina,sp HYP1,,,,2,APHELOCHAETA/MONTICELLINA COMPLEX,,,SCAMIT
Monticellina sp SD4,Annelida,Polychaeta,Spionida,Cirratulidae,Monticellina,sp SD4,,,,2,APHELOCHAETA/MONTICELLINA COMPLEX,,,SCAMIT
Monticellina sp(p),,,,,Monticellina,sp(p),,,,,,,,BPTCP
Monticellina sp. C,,,,,Monticellina,sp. C,,,,,,,,BPTCP
Monticellina tesselata,Annelida,Polychaeta,Spionida,Cirratulidae,Monticellina,tesselata,,(Hartman 1960),,2,APHELOCHAETA/MONTICELLINA COMPLEX,P059, ,"SCAMIT, SQO2005"
Mooreonuphis exigua,Annelida,Polychaeta,Eunicida,Onuphidae,Mooreonuphis,exigua,,(Shisko 1981),,1,MOOREONUPHIS SPP,P308, ,SCAMIT
Mooreonuphis nebulosa,Annelida,Polychaeta,Eunicida,Onuphidae,Mooreonuphis,nebulosa,,(Moore 1911),,1,MOOREONUPHIS NEBULOSA,P307,Polychaetes,SCAMIT
Mooreonuphis segmentispadix,Annelida,Polychaeta,Eunicida,Onuphidae,Mooreonuphis,segmentispadix,,(Shisko 1981),,1,MOOREONUPHIS SPP,P308, ,SCAMIT
Mooreonuphis sp,Annelida,Polychaeta,Eunicida,Onuphidae,Mooreonuphis,sp,,,,1,,,,SCAMIT
Mooreonuphis sp SD1,Annelida,Polychaeta,Eunicida,Onuphidae,Mooreonuphis,sp SD1,,,,1,MOOREONUPHIS SPP,,,SCAMIT
Mooresamytha bioculata,Annelida,Polychaeta,Terebellida,Ampharetidae,Mooresamytha,bioculata,,(Moore 1906),,1,MOORESAMYTHA BIOCULATA,P309, ,SCAMIT
Munna sp,Arthropoda,Malacostraca,Isopoda,Munnidae,Munna,sp,,,,,,,,"SCAMIT, SQO2005"
Munnogonium californiensis,,,,,Munnogonium,californiensis,,,,,,,,BPTCP
Munnogonium tillerae,Arthropoda,Malacostraca,Isopoda,Paramunnidae,Munnogonium,tillerae,,(Menzies & J. L. Barnard 1959),,,MUNNOGONIUM TILLERAE,P310,Crustaceans,"SCAMIT, SQO2005"
Muricidae,Mollusca,Gastropoda,Neogastropoda,Muricidae,Muricidae,0,,,,,,,Gastropods,"SCAMIT, SQO2005"
Musculista senhousia,Mollusca,Bivalvia,Mytiloida,Mytilidae,Musculista,senhousia,,(Benson in Cantor 1842),,,,,Bivalves,"SCAMIT, SQO2005"
Musculus sp,Mollusca,Bivalvia,Mytiloida,Mytilidae,Musculus,sp,,,,,,,,SCAMIT
Mya arenaria,Mollusca,Bivalvia,Myoida,Myidae,Mya,arenaria,,Linnaeus 1758,,,,,Bivalves,"SCAMIT, SQO2005"
Mya sp,Mollusca,Bivalvia,Myoida,Myidae,Mya,sp,,,,,,,,SCAMIT
Myidae,Mollusca,Bivalvia,Myoida,Myidae,Myidae,,,,,,,,Bivalves,"SCAMIT, SQO2005"
Myidae sp SD1,Mollusca,Bivalvia,Myoida,Myidae,Myidae,sp SD1,,,,,,,,SCAMIT
Myriochele gracilis,Annelida,Polychaeta,Oweniida,Oweniidae,Myriochele,gracilis,,Hartman 1955,,2,MYRIOCHELE SP,P311,Polychaetes,SCAMIT
Myriochele pygidialis,Annelida,Polychaeta,Oweniida,Oweniidae,Myriochele,pygidialis,,Hartman 1960,,2,MYRIOCHELE SP,P311,Polychaetes,SCAMIT
Myriochele sp,Annelida,Polychaeta,Oweniida,Oweniidae,Myriochele,sp,,,,2,MYRIOCHELE SP,P311,,SCAMIT
Myriochele sp M,Annelida,Polychaeta,Oweniida,Oweniidae,Myriochele,sp M,,SCAMIT 1985  §,,2,MYRIOCHELE SP,P311,,SCAMIT
Myriochele striolata,Annelida,Polychaeta,Oweniida,Oweniidae,Myriochele,striolata,,Blake 2000,,2,MYRIOCHELE SP,,,SCAMIT
Myriowenia californiensis,Annelida,Polychaeta,Oweniida,Oweniidae,Myriowenia,californiensis,,Hartman 1960,,,MYRIOWENIA CALIFORNIENSIS,P312,Polychaetes,SCAMIT
Mysella grippi ,,,,,Mysella,grippi,,,,,,,,SCAMIT
Mysella sp,Mollusca,Bivalvia,Veneroida,Lasaeidae,Mysella,sp,,,,2,MYSELLA SP,P313,,"SCAMIT, SQO2005"
Mysella sp B,,,,,Mysella,sp B,,,,,,,,SCAMIT
Mysella sp C,Mollusca,Bivalvia,Veneroida,Lasaeidae,Mysella,sp C,,SCAMIT 1988  §,,2,MYSELLA SP,P313,,SCAMIT
Mysella sp D,,,,,Mysella,sp D,,,,,,,,SCAMIT
Mysella sp. 1,,,,,Mysella,sp. 1,,,,,,,,BPTCP
Mysella sp. 2,,,,,Mysella,sp. 2,,,,,,,,BPTCP
Mysella sp. A,,,,,Mysella,sp. A,,,,,,,,BPTCP
Mysella tumida ,,,,,Mysella,tumida,,,,,,,,SCAMIT
Mysida,Arthropoda,Malacostraca,Mysidacea,,Mysida,0,,,,,,,Crustaceans,SCAMIT
Mysidacea,Arthropoda,Malacostraca,Mysidacea,,Mysidacea,0,,,opossom shrimp,,,,Crustaceans,SCAMIT
Mysidae,Arthropoda,Malacostraca,Mysidacea,Mysidae,Mysidae,0,,,,,,,Crustaceans,"SCAMIT, SQO2005"
Mysidella americana,Arthropoda,Malacostraca,Mysidacea,Mysidae,Mysidella,americana,,Banner 1948,,,,,Crustaceans,"SCAMIT, SQO2005"
Mysidella sp,Arthropoda,Malacostraca,Mysidacea,Mysidae,Mysidella,sp,,,,,,,,SCAMIT
Mysidopsis californica,Arthropoda,Malacostraca,Mysidacea,Mysidae,Mysidopsis,californica,,W. Tattersall 1932,,,,,Crustaceans,"SCAMIT, SQO2005"
Mysidopsis cathengelae,Arthropoda,Malacostraca,Mysidacea,Mysidae,Mysidopsis,cathengelae,,Gleye 1982,,,,, ,SCAMIT
Mysidopsis cf onofrensis,Arthropoda,Malacostraca,Mysidacea,Mysidae,Mysidopsis,cf onofrensis,,,,,,,,SCAMIT
Mysidopsis intii,Arthropoda,Malacostraca,Mysidacea,Mysidae,Mysidopsis,intii,,Holmquist 1957,,,,,Crustaceans,"SCAMIT, SQO2005"
Mysidopsis sp,Arthropoda,Malacostraca,Mysidacea,Mysidae,Mysidopsis,sp,,,,,,,,"SCAMIT, SQO2005"
Mystides caeca,Annelida,Polychaeta,Phyllodocida,Phyllodocidae,Mystides,caeca,,Langerhans 1880,,,,,,SCAMIT
Mytilidae,Mollusca,Bivalvia,Mytiloida,Mytilidae,Mytilidae,0,,,,,,,Bivalves,"SCAMIT, SQO2005"
Mytilus edulis,,,,,Mytilus,edulis,,,,,,,,BPTCP
Mytilus sp,Mollusca,Bivalvia,Mytiloida,Mytilidae,Mytilus,sp,,,,,,,,"SCAMIT, SQO2005"
Myxicola infundibulum ,Annelida,Polychaeta,Canalipalpata,Sabellidae,Myxicola,infundibulum,,,,,,,Polychaetes,SCAMIT
Myxicola sp,Annelida,Polychaeta,Sabellida,Sabellidae,Myxicola,sp,,,,1,MYXICOLA INFUNDIBULUM,P314,,"SCAMIT, SQO2005"
Naineris dendritica,Annelida,Polychaeta,Orbiniida,Orbiniidae,Naineris,dendritica,,(Kinberg 1867),,2,,,Polychaetes,"SCAMIT, SQO2005"
Naineris sp,Annelida,Polychaeta,Orbiniida,Orbiniidae,Naineris,sp,,,,2,,,,SCAMIT
Naineris uncinata,Annelida,Polychaeta,Orbiniida,Orbiniidae,Naineris,uncinata,,Hartman 1957,,2,,,Polychaetes,"SCAMIT, SQO2005"
Najna kitamati,Arthropoda,Malacostraca,Amphipoda,Najnidae,Najna,kitamati,,J. L. Barnard 1979,,,,,,SCAMIT
Nannastacidae,Arthropoda,Malacostraca,Cumacea,Nannastacidae,Nannastacidae,0,,,,2,,,Crustaceans,SCAMIT
Nasagenia quinsana,Arthropoda,Malacostraca,Amphipoda,Eusiridae,Nasagenia,quinsana,,(J. L. Barnard 1964),,,,,,"SCAMIT, SQO2005"
Nassarina penicillata,Mollusca,Gastropoda,Neogastropoda,Columbellidae,Nassarina,penicillata,,(Carpenter 1864),,,,,Gastropods,"SCAMIT, SQO2005"
Nassarius fossatus,Mollusca,Gastropoda,Neogastropoda,Nassariidae,Nassarius,fossatus,,(Gould 1849),,3,NASSARIUS FOSSATUS,P315,Gastropods,SCAMIT
Nassarius mendicus,Mollusca,Gastropoda,Neogastropoda,Nassariidae,Nassarius,mendicus,,(Gould 1849),,3,NASSARIUS MENDICUS,P317,Gastropods,"SCAMIT, SQO2005"
Nassarius obsoletus,Mollusca,Gastropoda,Neogastropoda,Nassariidae,Nassarius,obsoletus,,,,,,,,SQO 2005
Nassarius perpinguis,Mollusca,Gastropoda,Neogastropoda,Nassariidae,Nassarius,perpinguis,,(Hinds 1844),,3,NASSARIUS PERPINGUIS,P318,Gastropods,"SCAMIT, SQO2005"
Nassarius sp,Mollusca,Gastropoda,Neogastropoda,Nassariidae,Nassarius,sp,,,,3,,,,"SCAMIT, SQO2005"
Nassarius tiarula,Mollusca,Gastropoda,Neogastropoda,Nassariidae,Nassarius,tiarula,,(Reeve1853),,3,,,,"SCAMIT, SQO2005"
Natantia,Arthropoda,Malacostraca,Decapoda,,Natantia,0,,,,,,, ,"SCAMIT, SQO2005"
Naticidae,Mollusca,Gastropoda,Neotaenioglossa,Naticidae,Naticidae,0,,,,,,,Gastropods,SCAMIT
Naushonia macginitiei,Arthropoda,Malacostraca,Decapoda,Laomediidae,Naushonia,macginitiei,,(Glassell 1938),,,,, ,"SCAMIT, SQO2005"
Navanax inermis,Mollusca,Gastropoda,Cephalaspidea,Aglajidae,Navanax,inermis,,(J. G. Cooper  1862),,,,,Gastropods,"SCAMIT, SQO2005"
Neaeromya compressa,Mollusca,Bivalvia,Veneroida,Lasaeidae,Neaeromya,compressa,,(Dall 1899),,,,,Bivalves,SCAMIT
Neaeromya rugifera,Mollusca,Bivalvia,Veneroida,Lasaeidae,Neaeromya,rugifera,,(Carpenter 1864),,,,,Bivalves,SCAMIT
Neanthes acuminata,Annelida,Polychaeta,Phyllodocida,Nereididae,Neanthes,acuminata,,Ehlers 1868,,,,,Polychaetes,SCAMIT
Neanthes acuminata Cmplx,Annelida,Polychaeta,Phyllodocida,Nereididae,Neanthes,acuminata Cmplx,,,,,,,,"SCAMIT, SQO2005"
Neanthes arenaceodentata,,,,,Neanthes,arenaceodentata,,,,,,,,BPTCP
Neanthes diversicolor,,,,,Neanthes,diversicolor,,,,,,,,WEMAP00
Neanthes limnicola,Annelida,Polychaeta,Phyllodocida,Nereididae,Neanthes,limnicola,,,,NR,,,Polychaetes,"WEMAP99, SQO2005"
Neanthes sp,Annelida,Polychaeta,Phyllodocida,Nereididae,Neanthes,sp,,,,,,,,"SCAMIT, SQO2005"
Neanthes succinea,Annelida,Polychaeta,Phyllodocida,Nereididae,Neanthes,succinea,,,,,,,Polychaetes,"CISNET, SQO2005"
Neanthes virens,Annelida,Polychaeta,Phyllodocida,Nereididae,Neanthes,virens,,,,,,,,"BPTCP, SQO2005"
Neastacilla californica,Arthropoda,Malacostraca,Isopoda,Arcturidae,Neastacilla,californica,,(Boone 1918),,,NEASTACILLA CALIFORNICA,P319,Crustaceans,"SCAMIT, SQO2005"
Nebalia daytoni,Arthropoda,Malacostraca,Leptostraca,Nebaliidae,Nebalia,daytoni,,Vetter 1996,,,NEBALIA SP,P320, ,"SCAMIT, SQO2005"
Nebalia pugettensis Cmplx,Arthropoda,Malacostraca,Leptostraca,Nebaliidae,Nebalia,pugettensis Cmplx,,,,,NEBALIA SP,P320, ,"SCAMIT, SQO2005"
Nebalia sp,Arthropoda,Malacostraca,Leptostraca,Nebaliidae,Nebalia,sp,,,,,NEBALIA SP,P320,,"SCAMIT, SQO2005"
Nematoda  ,Nematoda,,,,Nematoda,0,,,,,,,,SCAMIT
Nematonereis sp,Annelida,Polychaeta,Eunicida,Eunicidae,Nematonereis,sp,,,,,,,,"NASSCO, SQO2005"
Nemertea,Nemertea,,,,Nemertea,0,,,,,,,,"SCAMIT, SQO2005"
nemertinea,,,,,nemertinea,0,,,,,,,,BPTCP
Nemocardium centifilosum,Mollusca,Bivalvia,Veneroida,Cardiidae,Nemocardium,centifilosum,,(Carpenter 1864),,1,NEMOCARDIUM CENTIFILOSUM,P321,Bivalves,"SCAMIT, SQO2005"
Neocrangon zacae,Arthropoda,Malacostraca,Decapoda,Crangonidae,Neocrangon,zacae,,(Chace 1937),,,NEOCRANGON ZACAE,P322,Crustaceans,SCAMIT
Neolepton salmonea,Mollusca,Bivalvia,Veneroida,Bernardinidae,Neolepton,salmonea,,(Carpenter 1864),,,,,,SCAMIT
Neolepton sp,Mollusca,Bivalvia,Veneroida,Bernardinidae,Neolepton,sp,,,,,,,,SQO 2005
Neomysis kadiakensis,Arthropoda,Malacostraca,Mysidacea,Mysidae,Neomysis,kadiakensis,,Ortmann 1908,,,NEOMYSIS KADIAKENSIS,P323,Crustaceans,SCAMIT
Neomysis mercedis,Arthropoda,Malacostraca,Mysida,Mysidae,Neomysis,mercedis,,,,NR,,,Crustaceans,WEMAP99
Neomysis sp,Arthropoda,Malacostraca,Mysidacea,Mysidae,Neomysis,sp,,,,,,,,"SCAMIT, SQO2005"
Neosabellaria cementarium,Annelida,Polychaeta,Terebellida,Sabellariidae,Neosabellaria,cementarium,,(Moore 1906),,,NEOSABELLARIA CEMENTARIUM,P324, ,"SCAMIT, SQO2005"
Neotrypaea californiensis,Arthropoda,Malacostraca,Decapoda,Callianassidae,Neotrypaea,californiensis,,(Dana 1854),,,NEOTRYPAEA SP,P325,Crustaceans,SCAMIT
Neotrypaea sp,Arthropoda,Malacostraca,Decapoda,Callianassidae,Neotrypaea,sp,,,,,NEOTRYPAEA SP,P325,,"SCAMIT, SQO2005"
Nephasoma diaphanes,Sipuncula,Sipunculidea,Golfingiiformes,Golfingiidae,Nephasoma,diaphanes,,(Gerould 1913),,,,,,SCAMIT
Nephasoma eremita,Sipuncula,Sipunculidea,Golfingiiformes,Golfingiidae,Nephasoma,eremita,,(M. Sars 1851),,,,,,SCAMIT
Nephasoma sp,Sipuncula,Sipunculidea,Golfingiformes,Golfingiidae,Nephasoma,sp,,,,,,,,"SCAMIT, SQO2005"
Nephtyidae,Annelida,Polychaeta,Phyllodocida,Nephtyidae,Nephtyidae,0,,,,,,,Polychaetes,SCAMIT
Nephtys caecoides,Annelida,Polychaeta,Phyllodocida,Nephtyidae,Nephtys,caecoides,,Hartman 1938,,2,NEPHTYS CAECOIDES,P326,Polychaetes,"SCAMIT, SQO2005"
Nephtys californiensis,Annelida,Polychaeta,Phyllodocida,Nephtyidae,Nephtys,californiensis,,Hartman 1938,,2,,,Polychaetes,"SCAMIT, SQO2005"
Nephtys cornuta,Annelida,Polychaeta,Phyllodocida,Nephtyidae,Nephtys,cornuta,,Berkeley & Berkeley 1945,,2,NEPHTYS CORNUTA,P327,Polychaetes,"SCAMIT, SQO2005"
Nephtys cornuta franciscana,,,,,Nephtys,cornuta franciscana,,,,,,,,SCAMIT
Nephtys ferruginea,Annelida,Polychaeta,Phyllodocida,Nephtyidae,Nephtys,ferruginea,,Hartman 1940,,2,NEPHTYS FERRUGINEA,P328,Polychaetes,"SCAMIT, SQO2005"
Nephtys punctata,Annelida,Polychaeta,Phyllodocida,Nephtyidae,Nephtys,punctata,,Hartman 1938,,2,,,Polychaetes,SCAMIT
Nephtys signifera,,,,,Nephtys,signifera,,,,,,,,BPTCP
Nephtys simoni,Annelida,Polychaeta,Phyllodocida,Nephtyidae,Nephtys,simoni,,Perkins 1980,,2,,,Polychaetes,"SCAMIT, SQO2005"
Nephtys sp,Annelida,Polychaeta,Phyllodocida,Nephtyidae,Nephtys,sp,,,,2,,,,"SCAMIT, SQO2005"
Nephtys sp SD2,Annelida,Polychaeta,Phyllodocida,Nephtyidae,Nephtys,sp SD2,,,,2,,,,SCAMIT
Nephtys squamosa,Annelida,Polychaeta,Phyllodocida,Nephtyidae,Nephtys,squamosa,,Ehlers 1887,,2,,,Polychaetes,SCAMIT
Nereididae,Annelida,Polychaeta,Phyllodocida,Nereididae,Nereididae,0,,,,,,,Polychaetes,"SCAMIT, SQO2005"
Nereididae spp. juv,,,,,Nereididae,spp. juv,,,,,,,,BPTCP
Nereididae spp. juv.,,,,,Nereididae,spp. juv.,,,,,,,,BPTCP
Nereiphylla castanea,Annelida,Polychaeta,Phyllodocida,Phyllodocidae,Nereiphylla,castanea,,(Marenzeller 1879),,,NEREIPHYLLA CASTANEA,P329, ,SCAMIT
Nereiphylla sp 1,Annelida,Polychaeta,Phyllodocida,Phyllodocidae,Nereiphylla,sp 1,,Harris 1997 ',,,,,,SCAMIT
Nereiphylla sp 3,Annelida,Polychaeta,Phyllodocida,Phyllodocidae,Nereiphylla,sp 3,,Harris 1997 ',,,,,,SCAMIT
Nereiphylla sp SD 1,,,,,Nereiphylla,sp SD 1,,,,,,,,SCAMIT
Nereis latescens,Annelida,Polychaeta,Phyllodocida,Nereididae,Nereis,latescens,,Chamberlin 1919,,3,NEREIS LATESCENS,P330,Polychaetes,"SCAMIT, SQO2005"
Nereis pelagica,Annelida,Polychaeta,Phyllodocida,Nereididae,Nereis,pelagica,,Linnaeus 1758,,3,,,Polychaetes,SCAMIT
Nereis procera,Annelida,Polychaeta,Phyllodocida,Nereididae,Nereis,procera,,Ehlers 1868,,3,NEREIS PROCERA,P331,Polychaetes,"SCAMIT, SQO2005"
Nereis sp,Annelida,Polychaeta,Phyllodocida,Nereididae,Nereis,sp,,,,3,,,,"SCAMIT, SQO2005"
Nereis vexillosa,Annelida,Polychaeta,Phyllodocida,Nereididae,Nereis,vexillosa,,,,NR,,,Polychaetes,"WEMAP99, SQO2005"
Nereis zonata,Annelida,Polychaeta,Phyllodocida,Nereididae,Nereis,zonata,,,,NR,,,Polychaetes,"WEMAP99, SQO2005"
Neverita reclusiana,Mollusca,Gastropoda,Neotaenioglossa,Naticidae,Neverita,reclusiana,,(Deshayes 1839),,,NEVERITA RECLUSIANA,P332,Gastropods,"SCAMIT, SQO2005"
Nicippe tumida,Arthropoda,Malacostraca,Amphipoda,Pardaliscidae,Nicippe,tumida,,Bruzelius 1859,,,NICIPPE TUMIDA,P333,Crustaceans,SCAMIT
Nicolea sp ,Annelida,Polychaeta,Terebellida,Terebellidae,Nicolea,sp,,,,,,,,"SCAMIT, SQO2005"
Nicomache lumbricalis,Annelida,Polychaeta,Capitellida,Maldanidae,Nicomache,lumbricalis,,(Fabricius 1780),,1,,,Polychaetes,SCAMIT
Nicomache personata,Annelida,Polychaeta,Capitellida,Maldanidae,Nicomache,personata,,Johnson 1901,,1,,,Polychaetes,SCAMIT
Nicomache sp,Annelida,Polychaeta,Capitellida,Maldanidae,Nicomache,sp,,,,1,,,,SCAMIT
Nicon moniloceras,Annelida,Polychaeta,Phyllodocida,Nereididae,Nicon,moniloceras,,(Hartman 1940),,,,,Polychaetes,SCAMIT
Ninoe sp A,,,,,Ninoe,sp A,,,,,,,,SCAMIT
Ninoe tridentata,Annelida,Polychaeta,Eunicida,Lumbrineridae,Ninoe,tridentata,,Hilbig 1995,,,NINOE TRIDENTATA,P334, ,SCAMIT
Nippoleucon hinumensis,Arthropoda,Malacostraca,Cumacea,Leuconidae,Nippoleucon,hinumensis,,,,,,, ,"CISNET, SQO2005"
Nitidiscala sp ,,,,,Nitidiscala,sp,,,,,,,,SCAMIT
No Organisms Present,,,,,No,Organisms Present,,,,,,,,"BPTCP, SQO2005"
Nodiscala spongiosa,Mollusca,Gastropoda,Neotaenioglossa,Epitoniidae,Nodiscala,spongiosa,,(Carpenter 1866),,,EPITONIIDAE,P166,Gastropods,SCAMIT
Norrisia norrisi,Mollusca,Gastropoda,Vetigastropoda,Trochidae,Norrisia,norrisi,,(G. B. Sowerby II 1838),,,,,Gastropods,"SCAMIT, SQO2005"
Notaspidea,Mollusca,Gastropoda,Notaspidea,,Notaspidea,0,,,,,,,Gastropods,SCAMIT
Nothria occidentalis,Annelida,Polychaeta,Eunicida,Onuphidae,Nothria,occidentalis,,Fauchald 1968,,1,,,Polychaetes,SCAMIT
Nothria sp,Annelida,Polychaeta,Eunicida,Onuphidae,Nothria,sp,,,,1,,,,SCAMIT
Notocirrus californiensis,Annelida,Polychaeta,Eunicida,Oenonidae,Notocirrus,californiensis,,Hartman 1944,,,NOTOCIRRUS CALIFORNIENSIS,P335,Polychaetes,SCAMIT
Notomastus hemipodus ,Annelida,Polychaeta,,Capitellidae,Notomastus,hemipodus,,,,,,,Polychaetes,SCAMIT
Notomastus latericeus,Annelida,Polychaeta,Capitellida,Capitellidae,Notomastus,latericeus,,M. Sars 1851,,,NOTOMASTUS SP,P336,Polychaetes,SCAMIT
Notomastus magnus,Annelida,Polychaeta,Capitellida,Capitellidae,Notomastus,magnus,,Hartman 1947,,,NOTOMASTUS SP,P336,Polychaetes,SCAMIT
Notomastus sp,Annelida,Polychaeta,Capitellida,Capitellidae,Notomastus,sp,,,,,NOTOMASTUS SP,P336,,"SCAMIT, SQO2005"
Notomastus sp A,Annelida,Polychaeta,Capitellida,Capitellidae,Notomastus,sp A,,SCAMIT 1999 ',,,NOTOMASTUS SP,,,SCAMIT
Notomastus sp. juv.,,,,,Notomastus,sp. juv.,,,,,,,,BPTCP
Notomastus spp. indet.,,,,,Notomastus,spp. indet.,,,,,,,,BPTCP
Notomastus spp. juv.,,,,,Notomastus,spp. juv.,,,,,,,,BPTCP
Notomastus tenuis,Annelida,Polychaeta,Capitellida,Capitellidae,Notomastus,tenuis,,Moore 1909,,,NOTOMASTUS SP,P336,Polychaetes,SCAMIT
Notoplana sp,Platyhelminthes,Turbellaria,Polycladida,Leptoplanidae,Notoplana,sp,,,,,,,,SCAMIT
Notoproctus pacificus,Annelida,Polychaeta,Capitellida,Maldanidae,Notoproctus,pacificus,,(Moore 1906),,1,NOTOPROCTUS PACIFICUS,P337,Polychaetes,SCAMIT
Novafabricia sp,Annelida,Polychaeta,Sabellida,Sabellidae,Novafabricia,sp,,,,1,,,,SCAMIT
Nucula carlottensis,Mollusca,Bivalvia,Nuculoida,Nuculidae,Nucula,carlottensis,,Dall 1897,,,,,,SCAMIT
Nuculana elenensis,Mollusca,Bivalvia,Nuculoida,Nuculanidae,Nuculana,elenensis,,(G. B. Sowerby I in Broderip & Sowerby 1,,3,NUCULANA SP,P338,Bivalves,"SCAMIT, SQO2005"
Nuculana hamata,Mollusca,Bivalvia,Nuculoida,Nuculanidae,Nuculana,hamata,,(Carpenter 1864),,3,NUCULANA SP,P338,Bivalves,SCAMIT
Nuculana penderi,Mollusca,Bivalvia,Nuculoida,Nuculanidae,Nuculana,penderi,,(Dall & Bartsch 1910),,3,NUCULANA SP,P338,Bivalves,"SCAMIT, SQO2005"
Nuculana sp,Mollusca,Bivalvia,Nuculoida,Nuculanidae,Nuculana,sp,,,,3,NUCULANA SP,P338,,"SCAMIT, SQO2005"
Nuculana taphria,Mollusca,Bivalvia,Nuculoida,Nuculanidae,Nuculana,taphria,,(Dall 1896),,3,NUCULANA SP,P338,Bivalves,"SCAMIT, SQO2005"
Nuculanidae,Mollusca,Bivalvia,Nuculoida,Nuculanidae,Nuculanidae,0,,,,,,,Bivalves,"SCAMIT, SQO2005"
nudibranch,,,,,nudibranch,0,,,,,,,,BPTCP
Nudibranchia,Mollusca,Gastropoda,Nudibranchia,,Nudibranchia,0,,,nudibranchs,,,,Gastropods,SCAMIT
Nutricola confusa,Mollusca,Bivalvia,Veneroida,Veneridae,Nutricola,confusa,,(S. Gray 1982),,,,,,"SCAMIT, SQO2005"
Nutricola cymata,Mollusca,Bivalvia,Veneroida,Veneridae,Nutricola,cymata,,(Dall 1913),,,,,Bivalves,SCAMIT
Nutricola lordi,Mollusca,Bivalvia,Veneroida,Veneridae,Nutricola,lordi,,(Baird 1863),,,,,Bivalves,SCAMIT
Nutricola ovalis,Mollusca,Bivalvia,Veneroida,Veneridae,Nutricola,ovalis,,(Dall 1902),,,,,Bivalves,"SCAMIT, SQO2005"
Nutricola sp,Mollusca,Bivalvia,Veneroida,Veneridae,Nutricola,sp,,,,,,,,SCAMIT
Nutricola tantilla,Mollusca,Bivalvia,Veneroida,Veneridae,Nutricola,tantilla,,(Gould 1853),,,TRANSENELLA TANTILLA,P509,Bivalves,"SCAMIT, SQO2005"
Nuttallia nuttallii,Mollusca,Bivalvia,Veneroida,Psammobiidae,Nuttallia,nuttallii,,(Conrad 1837),,,,,Bivalves,"SCAMIT, SQO2005"
Nymphon pixellae,Arthropoda,Pycnogonida,Pegmata,Nymphonidae,Nymphon,pixellae,,Scott 1913,,,,,,SCAMIT
Obelia sp A,Cnidaria,Hydrozoa,Thecatae,Campanulariidae,Obelia,sp A,,MEC 1990  §,,,,,,SCAMIT
Ocinebrina sp,Mollusca,Gastropoda,Neogastropoda,Muricidae,Ocinebrina,sp,,,,,,,,"SCAMIT, SQO2005"
Octopus sp,Mollusca,Cephalopoda,Octopoda,Octopodidae,Octopus,sp,,,,,,,,"SCAMIT, SQO2005"
Odontosyllis fragilis,Annelida,Polychaeta,Phyllodocida,Syllidae,Odontosyllis,fragilis,,Kudeniov & Harris 1966,,,,,,SCAMIT
Odontosyllis phosphorea,Annelida,Polychaeta,Phyllodocida,Syllidae,Odontosyllis,phosphorea,,Moore 1909,,,ODONTOSYLLIS PHOSPHOREA,P339,Polychaetes,"SCAMIT, SQO2005"
Odontosyllis sp,Annelida,Polychaeta,Phyllodocida,Syllidae,Odontosyllis,sp,,,,,,,,SCAMIT
Odontosyllis sp LA2,Annelida,Polychaeta,Phyllodocida,Syllidae,Odontosyllis,sp LA2,,,,,,,,SCAMIT
Odostomia sp,Mollusca,Gastropoda,Heterostropha,Pyramidellidae,Odostomia,sp,,,,,ODOSTOMIA SP,P340,,"SCAMIT, SQO2005"
Oedicerotidae,Arthropoda,Malacostraca,Amphipoda,Oedicerotidae,Oedicerotidae,0,,,,,,,Crustaceans,"SCAMIT, SQO2005"
Oenonidae,Annelida,Polychaeta,Eunicida,Oenonidae,Oenonidae,0,,,,,,,,SCAMIT
Oerstedia dorsalis,Nemertea,Enopla,Hoplonemertea,Prosorhochmidae,Oerstedia,dorsalis,,(Abildgaard 1806),,,,,,SCAMIT
Ogyrides sp A,Arthropoda,Malacostraca,Decapoda,Ogyrididae,Ogyrides,sp A,,Roney 1978  ',,,OGYRIDES SP A,P341,,"SCAMIT, SQO2005"
Okenia plana,Mollusca,Gastropoda,Nudibranchia,Goniodorididae,Okenia,plana,,,,,,,,"LEMP, SQO2005"
Okenia sp A,Mollusca,Gastropoda,Nudibranchia,Goniodorididae,Okenia,sp A,,Cadien 1982  §,,,,,,"SCAMIT, SQO2005"
Olea hansineensis,Mollusca,Gastropoda,Sacoglossa,Oleidae,Olea,hansineensis,,Agersborg 1923,,,,,Gastropods,"SCAMIT, SQO2005"
Oligochaeta,Annelida,Oligochaeta,,,Oligochaeta,0,,,,4,,,,"SCAMIT, SQO2005"
Olivella baetica,Mollusca,Gastropoda,Neogastropoda,Olividae,Olivella,baetica,,Carpenter 1864,,,OLIVELLA BAETICA,P342,Gastropods,"SCAMIT, SQO2005"
Olivella biplicata,Mollusca,Gastropoda,Neogastropoda,Olividae,Olivella,biplicata,,(G. B. Sowerby I 1825),,,,,Gastropods,"SCAMIT, SQO2005"
Olivella pycna,Mollusca,Gastropoda,Neogastropoda,Olividae,Olivella,pycna,,Berry 1935,,,,,Gastropods,"SCAMIT, SQO2005"
Olivella sp,Mollusca,Gastropoda,Neogastropoda,Olividae,Olivella,sp,,,,,,,,SCAMIT
Onchidorididae,Mollusca,Gastropoda,Nudibranchia,Onchidorididae,Onchidorididae,0,,,,,,,Gastropods,SCAMIT
Onchnesoma sp A,,,,,Onchnesoma,sp A,,,,,,,,SCAMIT
Onuphidae,Annelida,Polychaeta,Eunicida,Onuphidae,Onuphidae,0,,,,1,,,Polychaetes,"SCAMIT, SQO2005"
Onuphidae spp. juv.,,,,,Onuphidae,spp. juv.,,,,,,,,BPTCP
Onuphis elegans,Annelida,Polychaeta,Eunicida,Onuphidae,Onuphis,elegans,,(Johnson 1901),,1,ONUPHIS IRIDESCENS COMPLEX,P343,Polychaetes,SCAMIT
Onuphis eremita parva,Annelida,Polychaeta,Eunicida,Onuphidae,Onuphis,eremita,parva,Berkeley & Berkeley 1941,,1,,,Polychaetes,SCAMIT
Onuphis iridescens,Annelida,Polychaeta,Eunicida,Onuphidae,Onuphis,iridescens,,(Johnson 1901),,1,ONUPHIS IRIDESCENS COMPLEX,P343,Polychaetes,SCAMIT
Onuphis multiannulata,Annelida,Polychaeta,Eunicida,Onuphidae,Onuphis,multiannulata,,Shisko 1981,,1,,, ,SCAMIT
Onuphis sp,Annelida,Polychaeta,Eunicida,Onuphidae,Onuphis,sp,,,,1,,,,"SCAMIT, SQO2005"
Onuphis sp 1,Annelida,Polychaeta,Eunicida,Onuphidae,Onuphis,sp 1,,Pt. Loma 1983  §,,1,ONUPHIS IRIDESCENS COMPLEX,P343,,SCAMIT
Opalia funiculata,Mollusca,Gastropoda,Neotaenioglossa,Epitoniidae,Opalia,funiculata,,(Carpenter 1857),,,EPITONIIDAE,P166,Gastropods,SCAMIT
Ophelia assimilis ,Annelida,Polychaeta,Opheliida,Opheliidae,Ophelia,assimilis,,,,,,,Polychaetes,"SCAMIT, SQO2005"
Ophelia limacina,Annelida,Polychaeta,Opheliida,Opheliidae,Ophelia,limacina,,(Rathke 1843),,,,,,"SCAMIT, SQO2005"
Ophelia pulchella,Annelida,Polychaeta,Opheliida,Opheliidae,Ophelia,pulchella,,Tebble 1953,,,OPHELIA PULCHELLA,P344,Polychaetes,SCAMIT
Opheliidae,Annelida,Polychaeta,Opheliida,Opheliidae,Opheliidae,0,,,,,,,Polychaetes,"SCAMIT, SQO2005"
Ophelina acuminata,Annelida,Polychaeta,Opheliida,Opheliidae,Ophelina,acuminata,,Ørsted 1843,,4,OPHELINA ACUMINATA,P345,Polychaetes,SCAMIT
Ophelina sp,Annelida,Polychaeta,Opheliida,Opheliidae,Ophelina,sp,,,,4,,,,SCAMIT
Ophelina sp SD1,Annelida,Polychaeta,Opheliida,Opheliidae,Ophelina,sp SD1,,Rowe 1995  §,,,,,,SCAMIT
Ophiactis simplex ,Echinodermata,Ophiuroidea,Ophiurida,Ophiactidae,Ophiactis,simplex,,,,,,,Echinoderms,"SCAMIT, SQO2005"
Ophiodermella cancellata,Mollusca,Gastropoda,Neogastropoda,Conidae,Ophiodermella,cancellata,,(Carpenter 1864),cancellate snakeskin-snail,,OPHIODERMELLA SP,P346,Gastropods,SCAMIT
Ophiodermella inermis,Mollusca,Gastropoda,Neogastropoda,Conidae,Ophiodermella,inermis,,(Reeve 1843),,,OPHIODERMELLA SP,P346,Gastropods,"SCAMIT, SQO2005"
Ophiodermella sp,Mollusca,Gastropoda,Neogastropoda,Conidae,Ophiodermella,sp,,,,,OPHIODERMELLA SP,P346,,SCAMIT
Ophiodromus pugettensis,Annelida,Polychaeta,Phyllodocida,Hesionidae,Ophiodromus,pugettensis,,Johnson 1901,,,PODARKE PUGETTENSIS,,Polychaetes,"SCAMIT, SQO2005"
Ophionereis eurybrachiplax,Echinodermata,Ophiuroidea,Ophiurida,Ophionereidae,Ophionereis,eurybrachiplax,,H. L. Clark 1911,,,,, ,SCAMIT
Ophionereis eurybrachyplax,Echinodermata,Ophiuroidea,Ophiurida,Ophionereidae,Ophionereis,eurybrachyplax,,,,,,,,"LEMP, SQO2005"
Ophiopholis bakeri,Echinodermata,Ophiuroidea,Ophiurida,Ophiactidae,Ophiopholis,bakeri,,McClendon 1909,,,,,Echinoderms,SCAMIT
Ophiopsila californica,Echinodermata,Ophiuroidea,Ophiurida,Ophiocomidae,Ophiopsila,californica,,A. H. Clark 1921,,,,,Echinoderms,SCAMIT
Ophiothrix spiculata,Echinodermata,Ophiuroidea,Ophiurida,Ophiotricidae,Ophiothrix,spiculata,,Le Conte 1851,,,,,Echinoderms,"SCAMIT, SQO2005"
Ophiura luetkeni ,,,,,Ophiura,luetkeni,,,,,,, ,SCAMIT
Ophiura luetkenii,Echinodermata,Ophiuroidea,Ophiurida,Ophiuridae,Ophiura,luetkenii,,(Lyman 1860),,,OPHIURA LUETKENI,P347, ,SCAMIT
Ophiuroconis bispinosa,Echinodermata,Ophiuroidea,Ophiurida,Ophiodermatidae,Ophiuroconis,bispinosa,,Ziesenhenne 1937,,,OPHIUROCONIS BISPINOSA,P348,Echinoderms,"SCAMIT, SQO2005"
Ophiuroidea,Echinodermata,Ophiuroidea,Oegophiurida,,Ophiuroidea,0,,,,,,,Echinoderms,"SCAMIT, SQO2005"
Ophryotrocha sp,Annelida,Polychaeta,Eunicida,Dorvilleidae,Ophryotrocha,sp,,,,4,,,,"SCAMIT, SQO2005"
Opisa tridentata,Arthropoda,Malacostraca,Amphipoda,Lysianassidae,Opisa,tridentata,,Hurley 1963,,,OPISA TRIDENTATA,P350,Crustaceans,SCAMIT
Opisthobranchia,Mollusca,Gastropoda,,,Opisthobranchia,0,,,,,,,Gastropods,"SCAMIT, SQO2005"
Opisthodonta sp SD 1,,,,,Opisthodonta,sp SD 1,,,,,,,,SCAMIT
Opisthodonta sp SD1,Annelida,Polychaeta,Phyllodocida,Syllidae,Opisthodonta,sp SD1,,,,,,,,SCAMIT
Opisthopus transversus,Arthropoda,Malacostraca,Decapoda,Pinnotheridae,Opisthopus,transversus,,Rathbun 1893,,,,,Crustaceans,SCAMIT
Orbiniidae,Annelida,Polychaeta,Orbiniida,Orbiniidae,Orbiniidae,0,,,,2,,,Polychaetes,"SCAMIT, SQO2005"
Orchomene anaquelus,Arthropoda,Malacostraca,Amphipoda,Lysianassidae,Orchomene,anaquelus,,J. L. Barnard 1964,,,ORCHOMENE ANAQUELUS,P351, ,SCAMIT
Orchomene decipiens,Arthropoda,Malacostraca,Amphipoda,Lysianassidae,Orchomene,decipiens,,(Hurley 1963),,,ORCHOMENE DECIPIENS,P352, ,SCAMIT
Orchomene pacificus,Arthropoda,Malacostraca,Amphipoda,Lysianassidae,Orchomene,pacificus,,(Gurjanova 1938),,,ORCHOMENE PACIFICUS,P353, ,SCAMIT
Orchomene pinguis,Arthropoda,Malacostraca,Amphipoda,Lysianassidae,Orchomene,pinguis,,(Boeck 1861),,,ORCHOMENE PINGUIS,P354,Crustaceans,SCAMIT
Orchomene sp,Arthropoda,Malacostraca,Amphipoda,Lysianassidae,Orchomene,sp,,,,,,,,"SCAMIT, SQO2005"
Orobitella bakeri ,,,,,Orobitella,bakeri,,,,,,,,SCAMIT
Orobitella californica,Mollusca,Bivalvia,Veneroida,Lasaeidae,Orobitella,californica,,(Dall 1899),,,,,Bivalves,SCAMIT
Orthopagurus minimus,Arthropoda,Malacostraca,Decapoda,Paguridae,Orthopagurus,minimus,,(Holmes 1900),,,ORTHOPAGURUS MINIMUS,P355,Crustaceans,SCAMIT
Ostracoda,Arthropoda,Ostracoda,,,Ostracoda,0,,,,,,,,"SCAMIT, SQO2005"
Ostrea sp,Mollusca,Bivalvia,Ostreoida,Ostreidae,Ostrea,sp,,,,,,,,"SCAMIT, SQO2005"
Ostreoida,Mollusca,Bivalvia,Ostreoida,,Ostreoida,0,,,,,,,Bivalves,SCAMIT
Owenia collaris ,Annelida,Polychaeta,Oweniida,Oweniidae,Owenia,collaris,,,,,,,,"SCAMIT, SQO2005"
Owenia fusiformis,Annelida,Polychaeta,Oweniida,Oweniidae,Owenia,fusiformis,,Delle Chiaje 1841,,1,OWENIA COLLARIS,P356,Polychaetes,"SCAMIT, SQO2005"
Oweniidae,Annelida,Polychaeta,Oweniida,Oweniidae,Oweniidae,0,,,,,,,Polychaetes,SCAMIT
Oxyurostylis pacifica,Arthropoda,Malacostraca,Cumacea,Diastylidae,Oxyurostylis,pacifica,,Zimmer 1936,,2,OXYUROSTYLIS PACIFICA,P357,Crustaceans,"SCAMIT, SQO2005"
Oxyurostylis sp,Arthropoda,Malacostraca,Cumacea,Diastylidae,Oxyurostylis,sp,,,,2,,,,SCAMIT
Oxyurostylis tertia,Arthropoda,Malacostraca,Cumacea,Diastylidae,Oxyurostylis,tertia,,Zimmer 1943,,2,,,,"SCAMIT, SQO2005"
Pachycerianthus fimbria,,,,,Pachycerianthus,fimbria,,,,,,,,RH_CERCLA_EPA
Pachycerianthus sp,Cnidaria,Anthozoa,Ceriantharia,Cerianthidae,Pachycerianthus,sp,,,,,CERIANTHARIA,P111,,SCAMIT
Pachynus barnardi,Arthropoda,Malacostraca,Amphipoda,Lysianassidae,Pachynus,barnardi,,Hurley 1963,,,PACHYNUS BARNARDI,P358,Crustaceans,"SCAMIT, SQO2005"
Pachythyone rubra,Echinodermata,Holothuroidea,Dendrochirotida,Sclerodactylidae,Pachythyone,rubra,,(H. L. Clark 1901),,,,,Echinoderms,SCAMIT
Pacifacanthomysis nephrophthalma,Arthropoda,Malacostraca,Mysidacea,Mysidae,Pacifacanthomysis,nephrophthalma,,(Banner 1948),,,,,Crustaceans,"SCAMIT, SQO2005"
Pacifoculodes spinipes,Arthropoda,Malacostraca,Amphipoda,Oedicerotidae,Pacifoculodes,spinipes,,,,NR,,, ,"WEMAP99, SQO2005"
Paguridae,Arthropoda,Malacostraca,Decapoda,Paguridae,Paguridae,0,,,,,,,Crustaceans,SCAMIT
Paguristes bakeri,Arthropoda,Malacostraca,Decapoda,Diogenidae,Paguristes,bakeri,,Holmes 1900,,,PAGURISTES BAKERI,P359,Crustaceans,SCAMIT
Paguristes parvus,Arthropoda,Malacostraca,Decapoda,Diogenidae,Paguristes,parvus,,Holmes 1900,,,,,Crustaceans,SCAMIT
Paguristes sp,Arthropoda,Malacostraca,Decapoda,Diogenidae,Paguristes,sp,,,,,,,,SCAMIT
Paguristes sp HYP1,Arthropoda,Malacostraca,Decapoda,Diogenidae,Paguristes,sp HYP1,,,,,,,,SCAMIT
Paguristes turgidus,Arthropoda,Malacostraca,Decapoda,Diogenidae,Paguristes,turgidus,,(Stimpson 1857),,,PAGURISTES TURGIDUS,P360,Crustaceans,SCAMIT
Paguristes ulreyi,Arthropoda,Malacostraca,Decapoda,Diogenidae,Paguristes,ulreyi,,Schmitt 1921,,,,,Crustaceans,SCAMIT
Paguroidea  ,Arthropoda,Malacostraca,Decapoda,,Paguroidea,0,,,,,,,Crustaceans,SCAMIT
Pagurus sp,Arthropoda,Malacostraca,Decapoda,Paguridae,Pagurus,sp,,,,,PAGURUS SP,P361,,"SCAMIT, SQO2005"
Palaemon macrodactylus,Arthropoda,Malacostraca,Decapoda,Palaemonidae,Palaemon,macrodactylus,,,,,,,,"CISNET, SQO2005"
Palaemonella holmesi,Arthropoda,Malacostraca,Decapoda,Palaemonidae,Palaemonella,holmesi,,(Nobili 1907),,,,,,"SCAMIT, SQO2005"
Palaeonemertea,Nemertea,Anopla,Palaeonemertea,,Palaeonemertea,0,,,,,,, ,SCAMIT
Palaeonemertea sp C,Nemertea,Anopla,Palaeonemertea,uncertain,Palaeonemertea,sp C,,SCAMIT 1995  §,,,,,,SCAMIT
Paleanotus bellis,Annelida,Polychaeta,Phyllodocida,Chrysopetalidae,Paleanotus,bellis,,(Johnson 1897),,,PALEANOTUS BELLIS,P362,Polychaetes,"SCAMIT, SQO2005"
Paleonemertea spp.,,,,,Paleonemertea,spp.,,,,,,,,RH_CERCLA_EPA
Pandora bilirata,Mollusca,Bivalvia,Pholadomyoida,Pandoridae,Pandora,bilirata,,Conrad 1855,,,PANDORA BILIRATA,P363,Bivalves,SCAMIT
Pandora filosa,Mollusca,Bivalvia,Pholadomyoida,Pandoridae,Pandora,filosa,,(Carpenter 1864),,,PANDORA FILOSA,P364,Bivalves,SCAMIT
Pandora punctata,Mollusca,Bivalvia,Pholadomyoida,Pandoridae,Pandora,punctata,,Conrad 1837,,,,,Bivalves,SCAMIT
Panopea abrupta,Mollusca,Bivalvia,Myoida,Hiatellidae,Panopea,abrupta,,(Conrad 1849),,,,,Bivalves,SCAMIT
Paracaprella sp,Arthropoda,Malacostraca,Amphipoda,Caprellidae,Paracaprella,sp,,,,1,,,,"SCAMIT, SQO2005"
Paracaudina chilensis,Echinodermata,Holothuroidea,Molpadida,Caudinidae,Paracaudina,chilensis,,(J. Müller 1850),,,,,Echinoderms,SCAMIT
Paracerceis cordata,Arthropoda,Malacostraca,Isopoda,Sphaeromatidae,Paracerceis,cordata,,(Richardson 1899),,,,,Crustaceans,"SCAMIT, SQO2005"
Paracerceis sculpta,Arthropoda,Malacostraca,Isopoda,Sphaeromatidae,Paracerceis,sculpta,,(Holmes 1904),,,,,Crustaceans,"SCAMIT, SQO2005"
Paracerceis sp,Arthropoda,Malacostraca,Isopoda,Sphaeromatidae,Paracerceis,sp,,,,,,,,"SCAMIT, SQO2005"
Paracorophium sp,Arthropoda,Malacostraca,Amphipoda,Corophiidae,Paracorophium,sp,,,,NR,,,,"WEMAP99, SQO2005"
Paracyathus stearnsii,Cnidaria,Anthozoa,Scleractinia,Caryophylliidae,Paracyathus,stearnsii,,Verrill 1869,,,,,,SCAMIT
Paradexamine sp SD1,Arthropoda,Malacostraca,Amphipoda,Dexaminidae,Paradexamine,sp SD1,,,,,,,,"SCAMIT, SQO2005"
Paradexamine sp.,,,,,Paradexamine,sp.,,,,,,,,BPTCP
Paradiopatra parva,Annelida,Polychaeta,Eunicida,Onuphidae,Paradiopatra,parva,,(Moore 1911),,1,PARADIOPATRA PARVA,P365, ,"SCAMIT, SQO2005"
Paradoneis eliasoni,Annelida,Polychaeta,Orbiniida,Paraonidae,Paradoneis,eliasoni,,Mackie 1991,,,PARADONEIS ELIASONI,P366,Polychaetes,SCAMIT
Paradoneis lyra,Annelida,Polychaeta,Orbiniida,Paraonidae,Paradoneis,lyra,,(Southern 1914),,,,,Polychaetes,SCAMIT
Paradoneis sp,Annelida,Polychaeta,Orbiniida,Paraonidae,Paradoneis,sp,,,,,,,,"SCAMIT, SQO2005"
Paradoneis spinifera,Annelida,Polychaeta,Orbiniida,Paraonidae,Paradoneis,spinifera,,(Hobson 1972),,,,, ,SCAMIT
Paramage scutata,Annelida,Polychaeta,Terebellida,Ampharetidae,Paramage,scutata,,(Moore 1923),,1,PARAMAGE SCUTATA,P367, ,"SCAMIT, SQO2005"
Parametaphoxus fultoni ,,,,,Parametaphoxus,fultoni,,,,,,,,SCAMIT
Parametaphoxus quaylei,Arthropoda,Malacostraca,Amphipoda,Phoxocephalidae,Parametaphoxus,quaylei,,Jarrett & Bousfield 1994,,1,PARAMETAPHOXUS FULTONI,P368,Crustaceans,SCAMIT
Parametopella ninis,Arthropoda,Malacostraca,Amphipoda,Stenothoidae,Parametopella,ninis,,J. L. Barnard 1962,,4,,,Crustaceans,SCAMIT
Paramicrodeutopus schmitti,Arthropoda,Malacostraca,Amphipoda,Aoridae,Paramicrodeutopus,schmitti,,(Shoemaker 1942),,,PARAMICRODEUTOPUS SCHMITTI,P369, ,"SCAMIT, SQO2005"
Paranaitis polynoides,Annelida,Polychaeta,Phyllodocida,Phyllodocidae,Paranaitis,polynoides,,(Moore 1909),,,PARANAITIS POLYNOIDES,P370,Polychaetes,SCAMIT
Parandalia fauveli,Annelida,Polychaeta,Phyllodocida,Pilargidae,Parandalia,fauveli,,(Berkeley & Berkeley 1941),,,PARANDALIA SP,P371,Polychaetes,"SCAMIT, SQO2005"
Parandalia ocularis,Annelida,Polychaeta,Phyllodocida,Pilargidae,Parandalia,ocularis,,Emerson & Fauchald 1971,,,PARANDALIA SP,P371,Polychaetes,SCAMIT
Paranemertes californica,Nemertea,Enopla,Hoplonemertea,Emplectonematidae,Paranemertes,californica,,Coe 1904,,,,,,"SCAMIT, SQO2005"
Paranemertes peregrina,Nemertea,Enopla,Hoplonemertea,Emplectonematidae,Paranemertes,peregrina,,Coe 1901,,,,,,SCAMIT
Paranemertes sp,Nemertea,Enopla,Hoplonemertea,Emplectonematidae,Paranemertes,sp,,,,,,,,SCAMIT
Paraninoe fusca,Annelida,Polychaeta,Eunicida,Lumbrineridae,Paraninoe,fusca,,(Moore 1911),,,,, ,SCAMIT
Paranthura elegans,Arthropoda,Malacostraca,Isopoda,Paranthuridae,Paranthura,elegans,,Menzies 1951,,,,,Crustaceans,"SCAMIT, SQO2005"
Paraonella platybranchia ,Annelida,Polychaeta,Orbiniida,Paraonidae,Paraonella,platybranchia,,,,,,,Polychaetes,"SCAMIT, SQO2005"
Paraonidae,Annelida,Polychaeta,Orbiniida,Paraonidae,Paraonidae,0,,,,,,,Polychaetes,"SCAMIT, SQO2005"
Paraonidae spp. indet.,,,,,Paraonidae,spp. indet.,,,,,,,,BPTCP
Parapagurodes hartae,Arthropoda,Malacostraca,Decapoda,Paguridae,Parapagurodes,hartae,,McLaughlin & Jensen 1996,,,,,,SCAMIT
Parapagurodes laurentae,Arthropoda,Malacostraca,Decapoda,Paguridae,Parapagurodes,laurentae,,McLaughlin & Haig 1973,,,PARAPAGURODES LAURENTAE,P372,Crustaceans,SCAMIT
Paraphoxus oculatus ,Arthropoda,Malacostraca,Amphipoda,Phoxocephalidae,Paraphoxus,oculatus,,,,,,,Crustaceans,SCAMIT
Paraplanocera oligoglena,Platyhelminthes,Turbellaria,Polycladida,Planoceridae,Paraplanocera,oligoglena,,(Schmarda 1859),,,,,,SCAMIT
Parapleustes pugettensis ,,,,,Parapleustes,pugettensis,,,,,,,,SCAMIT
Paraprionospio pinnata,Annelida,Polychaeta,Spionida,Spionidae,Paraprionospio,pinnata,,(Ehlers 1901),,2,PARAPRIONOSPIO PINNATA,P373,Polychaetes,"SCAMIT, SQO2005"
Parasterope barnesi ,,,,,Parasterope,barnesi,,,,,,,,SCAMIT
Parasterope hulingsi,Arthropoda,Ostracoda,Myodocopida,Cylindroleberididae,Parasterope,hulingsi,,Baker 1978,,,PARASTEROPE SP,P374,,SCAMIT
Parasterope sp,Arthropoda,Ostracoda,Myodocopida,Cylindroleberididae,Parasterope,sp,,,,,PARASTEROPE SP,P374,,SCAMIT
Paratanais sp,Arthropoda,Malacostraca,Tanaidacea,Paratanaidae,Paratanais,sp,,,,2,,,,"SCAMIT, SQO2005"
Pardalisca tenuipes,Arthropoda,Malacostraca,Amphipoda,Pardaliscidae,Pardalisca,tenuipes,,G. Sars 1895,,,,,Crustaceans,SCAMIT
Pardaliscella sp,Arthropoda,Malacostraca,Amphipoda,Pardaliscidae,Pardaliscella,sp,,,,,PARDALISCELLA SP,P375,,SCAMIT
Pareurythoe californica,Annelida,Polychaeta,Amphinomida,Amphinomidae,Pareurythoe,californica,,(Johnson 1897),,,,,Polychaetes,"SCAMIT, SQO2005"
Parougia caeca,Annelida,Polychaeta,Eunicida,Dorvilleidae,Parougia,caeca,,(Webster & Benedict 1884),,,PAROUGIA CAECA,P376,Polychaetes,SCAMIT
Parougia sp,Annelida,Polychaeta,Eunicida,Dorvilleidae,Parougia,sp,,,,,,,,"SCAMIT, SQO2005"
Parvaplustrum sp A,Mollusca,Gastropoda,Architectibranchia,Hydatinidae,Parvaplustrum,sp A,,SCAMIT 1995  §,,,,,,"SCAMIT, SQO2005"
Parvilucina tenuisculpta,Mollusca,Bivalvia,Veneroida,Lucinidae,Parvilucina,tenuisculpta,,(Carpenter 1864),,3,PARVILUCINA TENUISCULPTA,P377,Bivalves,"SCAMIT, SQO2005"
Parviplana californica,Platyhelminthes,Turbellaria,Polycladida,Leptoplanidae,Parviplana,californica,,(Woodworth 1894),,,,,,SCAMIT
Pectinaria californiensis,Annelida,Polychaeta,Terebellida,Pectinariidae,Pectinaria,californiensis,,Hartman 1941,,2,PECTINARIA CALIFORNIENSIS,P378,Polychaetes,"SCAMIT, SQO2005"
Pectinaria sp,Annelida,Polychaeta,Terebellida,Pectinariidae,Pectinaria,sp,,,,,,,,SCAMIT
Pectinidae,Mollusca,Bivalvia,Ostreoida,Pectinidae,Pectinidae,,,,,,,,Bivalves,"SCAMIT, SQO2005"
Pelecypoda,Mollusca,Bivalvia,,,Pelecypoda,0,,,,,,,,"RH_CERCLA, SQO2005"
Penaeidae,Arthropoda,Malacostraca,Decapoda,Penaeidae,Penaeidae,0,,,,,,,Crustaceans,SCAMIT
Pennatulacea,Cnidaria,Anthozoa,Pennatulacea,Virgulariidae,Pennatulacea,0,,,sea panzies,,,,,"SCAMIT, SQO2005"
Pentactinia californica,Cnidaria,Anthozoa,Actiniaria,Halcampoididae,Pentactinia,californica,,Carlgren 1900,,,,,,SCAMIT
Pentamera lissoplaca,Echinodermata,Holothuroidea,Dendrochirotida,Phyllophoridae,Pentamera,lissoplaca,,(H. L. Clark 1924),,,,,Echinoderms,SCAMIT
Pentamera populifera,Echinodermata,Holothuroidea,Dendrochirotida,Phyllophoridae,Pentamera,populifera,,(Stimpson 1857),,,,,Echinoderms,SCAMIT
Pentamera pseudocalcigera,Echinodermata,Holothuroidea,Dendrochirotida,Phyllophoridae,Pentamera,pseudocalcigera,,Deichmann 1938,,,,,Echinoderms,SCAMIT
Pentamera pseudopopulifera,Echinodermata,Holothuroidea,Dendrochirotida,Phyllophoridae,Pentamera,pseudopopulifera,,Deichmann 1938,,,,,Echinoderms,SCAMIT
Pentamera sp,Echinodermata,Holothuroidea,Dendrochirotida,Phyllophoridae,Pentamera,sp,,,,,,,,SCAMIT
Peramphithoe sp,Arthropoda,Malacostraca,Amphipoda,Ampithoidae,Peramphithoe,sp,,,,,,,,"SCAMIT, SQO2005"
Periclimenes infraspinis,Arthropoda,Malacostraca,Decapoda,Palaemonidae,Periclimenes,infraspinis,,,,,,,,SQO 2005
Periploma discus,Mollusca,Bivalvia,Pholadomyoida,Periplomatidae,Periploma,discus,,Stearns 1890,,,PERIPLOMA/THRACIA COMPLEX,P379,Bivalves,"SCAMIT, SQO2005"
Periploma sp,Mollusca,Bivalvia,Pholadomyoida,Periplomatidae,Periploma,sp,,,,,,,,SCAMIT
Petaloclymene pacifica,Annelida,Polychaeta,Capitellida,Maldanidae,Petaloclymene,pacifica,,Green 1997,,1,,, ,"SCAMIT, SQO2005"
Petaloproctus neoborealis,Annelida,Polychaeta,Capitellida,Maldanidae,Petaloproctus,neoborealis,,Hartman 1969,,1,PETALOPROCTUS SP,P380,Polychaetes,SCAMIT
Petricola carditoides,Mollusca,Bivalvia,Veneroida,Petricolidae,Petricola,carditoides,,(Conrad 1837),,,PETRICOLA SP,P381,Bivalves,"SCAMIT, SQO2005"
Petricola hertzana,Mollusca,Bivalvia,Veneroida,Petricolidae,Petricola,hertzana,,Coan 1997,,,PETRICOLA SP,P381,Bivalves,"SCAMIT, SQO2005"
Petrolisthes cinctipes,Arthropoda,Malacostraca,Decapoda,Porcellanidae,Petrolisthes,cinctipes,,(Randall 1839),,,,,Crustaceans,SCAMIT
Pettiboneia pugettensis,Annelida,Polychaeta,Eunicida,Dorvilleidae,Pettiboneia,pugettensis,,,,,,,,"WEMAP00, SQO2005"
Phascolion sp A,Sipuncula,Sipunculidea,Golfingiiformes,Phascolionidae,Phascolion,sp A,,(SCAMIT 1985)  §,,,,,,SCAMIT
Phascolosoma agassizii,,,,,Phascolosoma,agassizii,,,,NR,,, ,WEMAP99
Pherusa capulata,Annelida,Polychaeta,Flabelligerida,Flabelligeridae,Pherusa,capulata,,(Moore 1909),,,,,Polychaetes,"SCAMIT, SQO2005"
Pherusa negligens,Annelida,Polychaeta,Flabelligerida,Flabelligeridae,Pherusa,negligens,,(Berkeley & Berkeley 1950),,,,,Polychaetes,"SCAMIT, SQO2005"
Pherusa neopapillata,Annelida,Polychaeta,Flabelligerida,Flabelligeridae,Pherusa,neopapillata,,Hartman 1961,,,PHERUSA NEOPAPILLATA,P382,Polychaetes,"SCAMIT, SQO2005"
Pherusa sp,Annelida,Polychaeta,Flabelligerida,Flabelligeridae,Pherusa,sp,,,,,,,,"SCAMIT, SQO2005"
Pherusa sp(p).,,,,,Pherusa,sp(p).,,,,,,,,BPTCP
Philine auriformis,Mollusca,Gastropoda,Cephalaspidea,Philinidae,Philine,auriformis,,Suter 1909,,,,,Gastropods,SCAMIT
Philine bakeri,Mollusca,Gastropoda,Cephalaspidea,Philinidae,Philine,bakeri,,Dall 1919,,,PHILINE BAKERI,P383,Gastropods,SCAMIT
Philine californica,Mollusca,Gastropoda,Cephalaspidea,Philinidae,Philine,californica,,Willett 1944,,,,,Gastropods,SCAMIT
Philine sp,Mollusca,Gastropoda,Cephalaspidea,Philinidae,Philine,sp,,,,,,,,"SCAMIT, SQO2005"
Philine sp A,Mollusca,Gastropoda,Cephalaspidea,Philinidae,Philine,sp A,,SCAMIT 1988  §,,,PHILINE SP A,P384,,SCAMIT
Philomedes dentata,Arthropoda,Ostracoda,Myodocopida,Philomedidae,Philomedes,dentata,,Poulsen 1962,,,,,,"SCAMIT, SQO2005"
Philomedes sp A,Arthropoda,Ostracoda,Myodocopida,Philomedidae,Philomedes,sp A,,SCAMIT 1988  §,,,,,,SCAMIT
Phisidea sanctaemariae,Annelida,Polychaeta,Terebellida,Terebellidae,Phisidea,sanctaemariae,,Hilbig 2000,,1,LANASSA SP,,,"SCAMIT, SQO2005"
Phisidia sp,Annelida,Polychaeta,Terebellida,Terebellidae,Phisidia,sp,,,,1,,,,SCAMIT
Pholoe glabra,Annelida,Polychaeta,Phyllodocida,Pholoidae,Pholoe,glabra,,Hartman 1961,,,PHOLOE GLABRA,P385,Polychaetes,SCAMIT
Pholoe minuta,,,,,Pholoe,minuta,,,,,,,,BPTCP
Pholoe sp,Annelida,Polychaeta,Phyllodocida,Pholoidae,Pholoe,sp,,,,,,,,"SCAMIT, SQO2005"
Pholoides asperus,Annelida,Polychaeta,Phyllodocida,Pholoidae,Pholoides,asperus,,(Johnson 1897),,,PHOLOIDES ASPERUS,P386, ,"SCAMIT, SQO2005"
Phornonis cf. Pallida,,,,,Phornonis,cf. Pallida,,,,,,,,RH_CERCLA_EPA
Phoronida,Phorona,,Phoronida,,Phoronida,0,,,,,PHORONIDA,P387,,"SCAMIT, SQO2005"
Phoronis sp,Phorona,,Phoronida,Phoronidae,Phoronis,sp,,,,1,PHORONIDA,P387,,SCAMIT
Photis bifurcata,Arthropoda,Malacostraca,Amphipoda,Isaeidae,Photis,bifurcata,,J. L. Barnard 1962,,2,PHOTIS SP,P388,Crustaceans,"SCAMIT, SQO2005"
Photis brevipes,Arthropoda,Malacostraca,Amphipoda,Isaeidae,Photis,brevipes,,Shoemaker 1942,,2,PHOTIS SP,P388,Crustaceans,"SCAMIT, SQO2005"
Photis californica,Arthropoda,Malacostraca,Amphipoda,Isaeidae,Photis,californica,,Stout 1913,,2,PHOTIS SP,P388,Crustaceans,"SCAMIT, SQO2005"
Photis lacia,Arthropoda,Malacostraca,Amphipoda,Isaeidae,Photis,lacia,,J. L. Barnard 1962,,2,PHOTIS SP,P388,Crustaceans,SCAMIT
Photis linearmanus,Arthropoda,Malacostraca,Amphipoda,Isaeidae,Photis,linearmanus,,Conlan 1994,,2,PHOTIS SP,P388, ,SCAMIT
Photis macinerneyi,Arthropoda,Malacostraca,Amphipoda,Isaeidae,Photis,macinerneyi,,Conlan 1983,,2,PHOTIS SP,P388,Crustaceans,"SCAMIT, SQO2005"
Photis macrotica,Arthropoda,Malacostraca,Amphipoda,Isaeidae,Photis,macrotica,,J. L. Barnard 1962,,2,PHOTIS SP,P388,Crustaceans,SCAMIT
Photis parvidons,Arthropoda,Malacostraca,Amphipoda,Isaeidae,Photis,parvidons,,Conlan 1983,,2,PHOTIS SP,P388,Crustaceans,SCAMIT
Photis sp,Arthropoda,Malacostraca,Amphipoda,Isaeidae,Photis,sp,,,,2,PHOTIS SP,P388,,"SCAMIT, SQO2005"
Photis sp A,Arthropoda,Malacostraca,Amphipoda,Isaeidae,Photis,sp A,,MBC 1972  §,,2,PHOTIS SP,P388,,SCAMIT
Photis sp B,Arthropoda,Malacostraca,Amphipoda,Isaeidae,Photis,sp B,,Paquette 1987  §,,2,PHOTIS SP,P388,,SCAMIT
Photis sp C,Arthropoda,Malacostraca,Amphipoda,Isaeidae,Photis,sp C,,MEC 1988  §,,2,PHOTIS SP,P388,,SCAMIT
Photis sp OC1,Arthropoda,Malacostraca,Amphipoda,Isaeidae,Photis,sp OC1,,,,2,PHOTIS SP,,,SCAMIT
Photis viuda,Arthropoda,Malacostraca,Amphipoda,Isaeidae,Photis,viuda,,J. L. Barnard 1962,,2,PHOTIS SP,P388,Crustaceans,SCAMIT
Phoxocephalidae,Arthropoda,Malacostraca,Amphipoda,Phoxocephalidae,Phoxocephalidae,0,,,,1,,,Crustaceans,"SCAMIT, SQO2005"
Phyllochaetopterus limicolus,Annelida,Polychaeta,Spionida,Chaetopteridae,Phyllochaetopterus,limicolus,,Hartman 1960,,,PHYLLOCHAETOPTERUS LIMICOLUS,P389,Polychaetes,SCAMIT
Phyllochaetopterus prolifica,Annelida,Polychaeta,Spionida,Chaetopteridae,Phyllochaetopterus,prolifica,,Potts 1914,,,PHYLLOCHAETOPTERUS PROLIFICA,P390,Polychaetes,SCAMIT
Phyllochaetopterus sp,Annelida,Polychaeta,Spionida,Chaetopteridae,Phyllochaetopterus,sp,,,,,,,,SCAMIT
Phyllodoce cuspidata,Annelida,Polychaeta,Phyllodocida,Phyllodocidae,Phyllodoce,cuspidata,,McCammon & Montagne 1979,,,PHYLLODOCE SP,P391,Polychaetes,SCAMIT
Phyllodoce groenlandica,Annelida,Polychaeta,Phyllodocida,Phyllodocidae,Phyllodoce,groenlandica,,Ørsted 1843,,,PHYLLODOCE SP,P391,Polychaetes,SCAMIT
Phyllodoce hartmanae,Annelida,Polychaeta,Phyllodocida,Phyllodocidae,Phyllodoce,hartmanae,,Blake & Walton 1977,,,PHYLLODOCE SP,P391,Polychaetes,"SCAMIT, SQO2005"
Phyllodoce longipes,Annelida,Polychaeta,Phyllodocida,Phyllodocidae,Phyllodoce,longipes,,Kinberg 1866,,,PHYLLODOCE SP,P391,Polychaetes,"SCAMIT, SQO2005"
Phyllodoce medipapillata,Annelida,Polychaeta,Phyllodocida,Phyllodocidae,Phyllodoce,medipapillata,,Moore 1909,,,PHYLLODOCE SP,P391,Polychaetes,"SCAMIT, SQO2005"
Phyllodoce pettiboneae,Annelida,Polychaeta,Phyllodocida,Phyllodocidae,Phyllodoce,pettiboneae,,Blake 1988,,,PHYLLODOCE SP,P391,Polychaetes,"SCAMIT, SQO2005"
Phyllodoce sp,Annelida,Polychaeta,Phyllodocida,Phyllodocidae,Phyllodoce,sp,,,,,PHYLLODOCE SP,P391,,"SCAMIT, SQO2005"
Phyllodoce spp. indet.,,,,,Phyllodoce,spp. indet.,,,,,,,,BPTCP
Phyllodoce spp. juv.,,,,,Phyllodoce,spp. juv.,,,,,,,,BPTCP
Phyllodoce williamsi,Annelida,Polychaeta,Phyllodocida,Phyllodocidae,Phyllodoce,williamsi,,,,NR,,, ,"WEMAP99, SQO2005"
Phyllodocidae,Annelida,Polychaeta,Phyllodocida,Phyllodocidae,Phyllodocidae,0,,,,,,,Polychaetes,"SCAMIT, SQO2005"
Phyllophoridae,Echinodermata,Holothuroidea,Dendrochirotida,Phyllophoridae,Phyllophoridae,0,,,,,,,Echinoderms,SCAMIT
Phylo felix,Annelida,Polychaeta,Orbiniida,Orbiniidae,Phylo,felix,,Kinberg 1866,,2,,,Polychaetes,SCAMIT
Pilargidae genus A sp A,Annelida,Polychaeta,Phyllodocida,Pilargidae,Pilargidae,genus A sp A,,Williams 1984 ',,,,,,SCAMIT
Pilargis berkeleyae,Annelida,Polychaeta,Phyllodocida,Pilargidae,Pilargis,berkeleyae,,Monro 1933,,,PILARGIS BERKELEYAE,P392, ,"SCAMIT, SQO2005"
Pilargis maculata,Annelida,Polychaeta,Phyllodocida,Pilargidae,Pilargis,maculata,,,,NR,,,Polychaetes,"WEMAP99, SQO2005"
Pilargis sp,Annelida,Polychaeta,Phyllodocida,Pilargidae,Pilargis,sp,,,,,,,,"SCAMIT, SQO2005"
Pilargis sp 1,Annelida,Polychaeta,Phyllodocida,Pilargidae,Pilargis,sp 1,,Harris 1996 ',,,,,,SCAMIT
Pinnixa barnharti,Arthropoda,Malacostraca,Decapoda,Pinnotheridae,Pinnixa,barnharti,,Rathbun 1918,,,,,Crustaceans,SCAMIT
Pinnixa forficulimanus,Arthropoda,Malacostraca,Decapoda,Pinnotheridae,Pinnixa,forficulimanus,,Zmarzly 1992,,,,, ,SCAMIT
Pinnixa franciscana,Arthropoda,Malacostraca,Decapoda,Pinnotheridae,Pinnixa,franciscana,,Rathbun 1918,,,PINNIXA FRANCISCANA,P393,Crustaceans,SCAMIT
Pinnixa hiatus,Arthropoda,Malacostraca,Decapoda,Pinnotheridae,Pinnixa,hiatus,,Rathbun 1918,,,PINNIXA HIATUS,P394,Crustaceans,SCAMIT
Pinnixa littoralis ,,,,,Pinnixa,littoralis,,,,,,,,SCAMIT
Pinnixa longipes,Arthropoda,Malacostraca,Decapoda,Pinnotheridae,Pinnixa,longipes,,(Lockington 1876),,,PINNIXA LONGIPES,P395,Crustaceans,SCAMIT
Pinnixa occidentalis,Arthropoda,Malacostraca,Decapoda,Pinnotheridae,Pinnixa,occidentalis,,Rathbun 1893,,,PINNIXA OCCIDENTALIS,P396,Crustaceans,SCAMIT
Pinnixa schmitti,Arthropoda,Malacostraca,Decapoda,Pinnotheridae,Pinnixa,schmitti,,Rathbun 1918,,,,,Crustaceans,SCAMIT
Pinnixa sp,Arthropoda,Malacostraca,Decapoda,Pinnotheridae,Pinnixa,sp,,,,,,,,"SCAMIT, SQO2005"
Pinnixa tomentosa,Arthropoda,Malacostraca,Decapoda,Pinnotheridae,Pinnixa,tomentosa,,Lockington 1876,,,PINNIXA TOMENTOSA,P397,Crustaceans,SCAMIT
Pinnixa tubicola,Arthropoda,Malacostraca,Decapoda,Pinnotheridae,Pinnixa,tubicola,,Holmes 1894,,,PINNIXA TUBICOLA,P398,Crustaceans,SCAMIT
Pinnixidae,,,,,Pinnixidae,0,,,,,,,,BPTCP
Pinnotheridae,Arthropoda,Malacostraca,Decapoda,Pinnotheridae,Pinnotheridae,0,,,,,,,Crustaceans,"SCAMIT, SQO2005"
Pionosyllis articulata,Annelida,Polychaeta,Phyllodocida,Syllidae,Pionosyllis,articulata,,Kudenov & Harris 1995,,,PIONOSYLLIS SP,P399, ,SCAMIT
Pionosyllis sp,Annelida,Polychaeta,Phyllodocida,Syllidae,Pionosyllis,sp,,,,,PIONOSYLLIS SP,P399,,"SCAMIT, SQO2005"
Pionosyllis sp SD1,Annelida,Polychaeta,Phyllodocida,Syllidae,Pionosyllis,sp SD1,,,,,PIONOSYLLIS SP,,,SCAMIT
Pionosyllis sp SD2,Annelida,Polychaeta,Phyllodocida,Syllidae,Pionosyllis,sp SD2,,,,,PIONOSYLLIS SP,,,SCAMIT
Piromis sp,Annelida,Polychaeta,Flabelligerida,Flabelligeridae,Piromis,sp,,,,,,,,"SCAMIT, SQO2005"
Piromis sp A,Annelida,Polychaeta,Flabelligerida,Flabelligeridae,Piromis,sp A,,Harris 1985  §,,,PIROMIS SP A,P400,,SCAMIT
Piromis sp SD1,Annelida,Polychaeta,Flabelligerida,Flabelligeridae,Piromis,sp SD1,,,,,,,,"SCAMIT, SQO2005"
Pisione remota,Annelida,Polychaeta,Phyllodocida,Pisionidae,Pisione,remota,,(Southern 1914),,,,,Polychaetes,"SCAMIT, SQO2005"
Pista agassizi,Annelida,Polychaeta,Terebellida,Terebellidae,Pista,agassizi,,Hilbirg 2000,,1,PISTA ALATA,,,SCAMIT
Pista alata,Annelida,Polychaeta,Terebellida,Terebellidae,Pista,alata,,Moore 1909,,1,PISTA ALATA,P401,Polychaetes,SCAMIT
Pista bansei,Annelida,Polychaeta,Terebellida,Terebellidae,Pista,bansei,,Hilbig 2000,,1,PISTA SP B,,,SCAMIT
Pista brevibranchiata,Annelida,Polychaeta,Canalipalpata,Terebellidae,Pista,brevibranchiata,,,,NR,,,Polychaetes,WEMAP99
Pista cf. alata,,,,,Pista,cf. alata,,,,,,,,BPTCP
Pista disjuncta,Annelida,Polychaeta,Terebellida,Terebellidae,Pista,disjuncta,, Hartman 1969,,1,PISTA FASCIATA,P402,Polychaetes,SCAMIT
Pista elongata,Annelida,Polychaeta,Terebellida,Terebellidae,Pista,elongata,,Moore 1909,,1,,,Polychaetes,SCAMIT
Pista estevanica,Annelida,Polychaeta,Terebellida,Terebellidae,Pista,estevanica,,,,,,,,SQO 2005
Pista fasciata ,,,,,Pista,fasciata,,,,,,,,SCAMIT
Pista moorei,Annelida,Polychaeta,Terebellida,Terebellidae,Pista,moorei,,Berkeley & Berkeley 1942,,1,PISTA MOOREI,P403,Polychaetes,"SCAMIT, SQO2005"
Pista percyi,Annelida,Polychaeta,Terebellida,Terebellidae,Pista,percyi,,,,,,,,"NASSCO, SQO2005"
Pista sp,Annelida,Polychaeta,Terebellida,Terebellidae,Pista,sp,,,,1,,,,"SCAMIT, SQO2005"
Pista sp B,Annelida,Polychaeta,Terebellida,Terebellidae,Pista,sp B,,SCAMIT 1985  §,,1,PISTA SP B,P404,,SCAMIT
Pista sp C,Annelida,Polychaeta,Terebellida,Terebellidae,Pista,sp C,,,,,,,,"NASSCO, SQO2005"
Pista sp(p).,,,,,Pista,sp(p).,,,,,,,,BPTCP
Pista spp. juv.,,,,,Pista,spp. juv.,,,,,,,,BPTCP
Pista wui,Annelida,Polychaeta,Terebellida,Terebellidae,Pista,wui,,,,,,,,"HUNT, SQO2005"
Pitar newcombianus,Mollusca,Bivalvia,Veneroida,Veneridae,Pitar,newcombianus,,(Gabb 1865),,,,,Bivalves,"SCAMIT, SQO2005"
Plakosyllis sp,Annelida,Polychaeta,Phyllodocida,Syllidae,Plakosyllis,sp,,,,,,,,SCAMIT
Platidia hornii,Brachiopoda,Articulata,Terebratulida,Platidiidae,Platidia,hornii,,,,,,,,SQO 2005
Platyhelminthes,Platyhelminthes,,,,Platyhelminthes,0,,,,,,,,SCAMIT
Platymera gaudichaudii,Arthropoda,Malacostraca,Decapoda,Calappidae,Platymera,gaudichaudii,,H. Milne Edwards 1837,,,,, ,SCAMIT
Platynereis bicanaliculata,Annelida,Polychaeta,Phyllodocida,Nereididae,Platynereis,bicanaliculata,,(Baird 1863),,,PLATYNEREIS BICANALICULATA,P405,Polychaetes,"SCAMIT, SQO2005"
Plehnia caeca,Platyhelminthes,Turbellaria,Polycladida,Plehniidae,Plehnia,caeca,,Hyman 1953,,,,,,SCAMIT
Pleurobranchaea californica,Mollusca,Gastropoda,Notaspidea,Pleurobranchidae,Pleurobranchaea,californica,,MacFarland 1966,,,PLEUROBRANCHAEA CALIFORNICA,P406,Gastropods,SCAMIT
Pleurogonium californiense,Arthropoda,Malacostraca,Isopoda,Paramunnidae,Pleurogonium,californiense,,Menzies 1951,,,PLEUROGONIUM CALIFORNIENSE,P407,Crustaceans,SCAMIT
Pleurogonium sp,Arthropoda,Malacostraca,Isopoda,Paramunnidae,Pleurogonium,sp,,,,,,,,SCAMIT
Pleurogonium sp A,Arthropoda,Malacostraca,Isopoda,Paramunnidae,Pleurogonium,sp A,,Wilson 1997,,,,,,SCAMIT
Pleurogonium sp SF1,Arthropoda,Malacostraca,Isopoda,Paramunnidae,Pleurogonium,sp SF1,,,,,,,,SQO 2005
Pleurotomella herminaea ,,,,,Pleurotomella,herminaea,,,,,,,,SCAMIT
Pleustidae,Arthropoda,Malacostraca,Amphipoda,Pleustidae,Pleustidae,0,,,,,,,Crustaceans,"SCAMIT, SQO2005"
Pleusymtes subglaber,Arthropoda,Malacostraca,Amphipoda,Pleustidae,Pleusymtes,subglaber,,(J. L. Barnard & Given 1960),,,PLEUSYMTES SUBGLABER,P408,Crustaceans,SCAMIT
Podarke pugettensis,Annelida,Polychaeta,Phyllodocida,Hesionidae,Podarke,pugettensis,,Johnson 1901,,,PODARKE PUGETTENSIS,P409,Polychaetes,SCAMIT
Podarkeopsis glabra,Annelida,Polychaeta,Phyllodocida,Hesionidae,Podarkeopsis,glabra,,(Hartman 1961),,,PODARKEOPSIS GLABRUS,P410,Polychaetes,SCAMIT
Podarkeopsis glabrus ,Annelida,Polychaeta,Phyllodocida,Hesionidae,Podarkeopsis,glabrus,,,,,,, ,"SCAMIT, SQO2005"
Podarkeopsis perkinsi,,,,,Podarkeopsis,perkinsi,,,,,,,,BPTCP
Podarkeopsis sp,Annelida,Polychaeta,Phyllodocida,Hesionidae,Podarkeopsis,sp,,,,,,,,SCAMIT
Podarkeopsis sp A,Annelida,Polychaeta,Phyllodocida,Hesionidae,Podarkeopsis,sp A,,Harris & Velarde 1983  §,,,PODARKEOPSIS SP A,P411,,"SCAMIT, SQO2005"
Podarkeopsis spp. indet.,,,,,Podarkeopsis,spp. indet.,,,,,,,,BPTCP
Podoceridae,Arthropoda,Malacostraca,Amphipoda,Podoceridae,Podoceridae,0,,,,,,,Crustaceans,"SCAMIT, SQO2005"
Podocerus brasiliensis,Arthropoda,Malacostraca,Amphipoda,Podoceridae,Podocerus,brasiliensis,,(Dana 1853),,,,,Crustaceans,"SCAMIT, SQO2005"
Podocerus cristatus,Arthropoda,Malacostraca,Amphipoda,Podoceridae,Podocerus,cristatus,,(Thomson 1879),,,PODOCERUS SP,P412,Crustaceans,"SCAMIT, SQO2005"
Podocerus falcatus,,,,,Podocerus,falcatus,,,,,,,,BPTCP
Podocerus fulanus,Arthropoda,Malacostraca,Amphipoda,Podoceridae,Podocerus,fulanus,,J. L. Barnard 1959,,,PODOCERUS SP,P412, ,"SCAMIT, SQO2005"
Podocerus sp,Arthropoda,Malacostraca,Amphipoda,Podoceridae,Podocerus,sp,,,,,PODOCERUS SP,P412,,"SCAMIT, SQO2005"
Podocerus spongicolus,Arthropoda,Malacostraca,Amphipoda,Podoceridae,Podocerus,spongicolus,,,,,,,,"LEMP, SQO2005"
Podochela hemphillii,Arthropoda,Malacostraca,Decapoda,Majidae,Podochela,hemphillii,,(Lockington 1877),,,PODOCHELA SP,P413,Crustaceans,"SCAMIT, SQO2005"
Podocopida,Arthropoda,Ostracoda,Podocopida,Cyprididae,Podocopida,0,,,,,,,,"SCAMIT, SQO2005"
Poecilochaetus johnsoni,Annelida,Polychaeta,Spionida,Poecilochaetidae,Poecilochaetus,johnsoni,,Hartman 1939,,,POECILOCHAETUS JOHNSONI,P414,Polychaetes,"SCAMIT, SQO2005"
Poecilochaetus sp,Annelida,Polychaeta,Spionida,Poecilochaetidae,Poecilochaetus,sp,,,,,,,,"SCAMIT, SQO2005"
Poecilochaetus sp A,Annelida,Polychaeta,Spionida,Poecilochaetidae,Poecilochaetus,sp A,,Martin 1977  ',,,POECILOCHAETUS SP A,P415,,"SCAMIT, SQO2005"
Polinices draconis,Mollusca,Gastropoda,Neotaenioglossa,Naticidae,Polinices,draconis,,(Dall 1903),,,POLINICES DRACONIS,P416,Gastropods,SCAMIT
Polinices sp,Mollusca,Gastropoda,Neotaenioglossa,Naticidae,Polinices,sp,,,,,,,,SCAMIT
Polycera sp,Mollusca,Gastropoda,Nudibranchia,Polyceratidae,Polycera,sp,,,,,,,,"SCAMIT, SQO2005"
Polychaeta,Annelida,Polychaeta,,,Polychaeta,0,,,,,,,Polychaetes,"SCAMIT, SQO2005"
Polycirrinae,Annelida,Polychaeta,Terebellida,Terebellidae,Polycirrinae,0,,,,1,,, ,SCAMIT
Polycirrus californicus,Annelida,Polychaeta,Terebellida,Terebellidae,Polycirrus,californicus,,Moore 1909,,1,POLYCIRRUS SP,P418,Polychaetes,SCAMIT
Polycirrus sp,Annelida,Polychaeta,Terebellida,Terebellidae,Polycirrus,sp,,,,1,POLYCIRRUS SP,P418,,"SCAMIT, SQO2005"
Polycirrus sp A,Annelida,Polychaeta,Terebellida,Terebellidae,Polycirrus,sp A,,SCAMIT 1995  §,,1,POLYCIRRUS SP,P418,,SCAMIT
Polycirrus sp I,Annelida,Polychaeta,Terebellida,Terebellidae,Polycirrus,sp I,,Banse 1980,,1,POLYCIRRUS SP,P418,,SCAMIT
Polycirrus sp III,Annelida,Polychaeta,Terebellida,Terebellidae,Polycirrus,sp III,,Banse 1980,,1,POLYCIRRUS SP,P418,,SCAMIT
Polycirrus sp SD 1,,,,,Polycirrus,sp SD 1,,,,,,,,SCAMIT
Polycirrus sp V,Annelida,Polychaeta,Terebellida,Terebellidae,Polycirrus,sp V,,Banse 1980,,1,POLYCIRRUS SP,P418,,SCAMIT
Polycirrus sp(p),,,,,Polycirrus,sp(p),,,,,,,,BPTCP
Polycladida,Platyhelminthes,Turbellaria,Polycladida,,Polycladida,0,,,polyclads,,,,,SCAMIT
Polycladida sp 27,Platyhelminthes,Turbellaria,Polycladida,uncertain,Polycladida,sp 27,,Ljubenkov 1986  §,,,,,,SCAMIT
Polycladida sp A,Platyhelminthes,Turbellaria,Polycladida,uncertain,Polycladida,sp A,,Phillips 1987  §,,,,,,SCAMIT
Polycladida sp E,,,,,Polycladida,sp E,,,,,,,,SCAMIT
Polycladida sp P,Platyhelminthes,Turbellaria,Polycladida,uncertain,Polycladida,sp P,,Phillips 1990  §,,,,,,SCAMIT
Polydora armata ,,,,,Polydora,armata,,,,,,,,SCAMIT
Polydora caulleryi,,,,,Polydora,caulleryi,,,,,,,,BPTCP
Polydora cirrosa,Annelida,Polychaeta,Spionida,Spionidae,Polydora,cirrosa,,Rioja 1943,,2,POLYDORA SP,P419,Polychaetes,"SCAMIT, SQO2005"
Polydora convexa ,,,,,Polydora,convexa,,,,,,,,SCAMIT
Polydora cornuta,Annelida,Polychaeta,Spionida,Spionidae,Polydora,cornuta,,Bosc 1802,,2,POLYDORA SP,P419,Polychaetes,"SCAMIT, SQO2005"
Polydora giardi ,Annelida,Polychaeta,Canalipalpata,Spionidae,Polydora,giardi,,,,,,,Polychaetes,SCAMIT
Polydora ligni,,,,,Polydora,ligni,,,,,,,,BPTCP
Polydora limicola,Annelida,Polychaeta,Spionida,Spionidae,Polydora,limicola,,Annenkova 1934,,2,POLYDORA SP,P419,Polychaetes,"SCAMIT, SQO2005"
Polydora neocardalia ,,,,,Polydora,neocardalia,,,,,,,,SCAMIT
Polydora nuchalis,Annelida,Polychaeta,Spionida,Spionidae,Polydora,nuchalis,,Woodwick 1953,,2,POLYDORA SP,P419,Polychaetes,"SCAMIT, SQO2005"
Polydora socialis ,Annelida,Polychaeta,Canalipalpata,Spionidae,Polydora,socialis,,,,,,,Polychaetes,SCAMIT
Polydora sp,Annelida,Polychaeta,Spionida,Spionidae,Polydora,sp,,,,2,POLYDORA SP,P419,,"SCAMIT, SQO2005"
Polydora sp 1,,,,,Polydora,sp 1,,,,,,,,SCAMIT
Polydora sp SD 10,,,,,Polydora,sp SD 10,,,,,,,,SCAMIT
Polydora spp. juv.,,,,,Polydora,spp. juv.,,,,,,,,BPTCP
Polydora websteri,Annelida,Polychaeta,Spionida,Spionidae,Polydora,websteri,,,,,,,,"NASSCO, SQO2005"
Polygireulima rutila,Mollusca,Gastropoda,Neotaenioglossa,Eulimidae,Polygireulima,rutila,,(Carpenter 1864),,,MELANELLA SP,P291,Gastropods,SCAMIT
Polynoidae,Annelida,Polychaeta,Phyllodocida,Polynoidae,Polynoidae,0,,,,,,,Polychaetes,"SCAMIT, SQO2005"
Polyodontes panamensis,Annelida,Polychaeta,Phyllodocida,Acoetidae,Polyodontes,panamensis,,(Chamberlin 1919),,,,,Polychaetes,SCAMIT
Polyophthalmus pictus,Annelida,Polychaeta,Opheliida,Opheliidae,Polyophthalmus,pictus,,(Dujardin 1839),,,,,Polychaetes,"SCAMIT, SQO2005"
Polyplacophora,Mollusca,Polyplacophora,,,Polyplacophora,0,,,,,,,,SCAMIT
Pontogeneia rostrata,Arthropoda,Malacostraca,Amphipoda,Eusiridae,Pontogeneia,rostrata,,Gurjanova 1938,,,,,Crustaceans,"SCAMIT, SQO2005"
Porichthys notatus,Chordata,Actinopterygii,Batrachoidiformes,Batrachoididae,Porichthys,notatus,,Girard 1854,plainfin midshipman,,,,Fishes,SCAMIT
Porifera,Porifera,,,,Porifera,0,,,,,,,,SCAMIT
Poromya sp,Mollusca,Bivalvia,Septibranchida,Poromyidae,Poromya,sp,,,,,,,,"SCAMIT, SQO2005"
Poromya sp.,,,,,Poromya,sp.,,,,,,,,BPTCP
Portunus xantusii,Arthropoda,Malacostraca,Decapoda,Portunidae,Portunus,xantusii,,(Stimpson 1860),,,,,Crustaceans,"SCAMIT, SQO2005"
Postasterope barnesi,Arthropoda,Ostracoda,Myodocopida,Cylindroleberididae,Postasterope,barnesi,,(Baker 1978),,,PARASTEROPE SP,P374, ,"SCAMIT, SQO2005"
Potamethus sp,Annelida,Polychaeta,Sabellida,Sabellidae,Potamethus,sp,,,,1,,,,SCAMIT
Potamethus sp A,Annelida,Polychaeta,Sabellida,Sabellidae,Potamethus,sp A,,SCAMIT 1986  ',,1,POTAMETHUS SP A,P420,,"SCAMIT, SQO2005"
Potamethus sp LA1,Annelida,Polychaeta,Sabellida,Sabellidae,Potamethus,sp LA1,,,,1,,,,SCAMIT
Potamocorbula amurensis,Mollusca,Bivalvia,Myoida,Corbulidae,Potamocorbula,amurensis,,,,,,,,"CISNET, SQO2005"
Prachynella lodo,Arthropoda,Malacostraca,Amphipoda,Lysianassidae,Prachynella,lodo,,J. L. Barnard 1964,,,PRACHYNELLA LODO,P421,Crustaceans,SCAMIT
Praxillella gracilis,Annelida,Polychaeta,Capitellida,Maldanidae,Praxillella,gracilis,,(M. Sars 1861),,1,PRAXILLELLA SP,P422,Polychaetes,SCAMIT
Praxillella pacifica,Annelida,Polychaeta,Capitellida,Maldanidae,Praxillella,pacifica,,E. Berkeley 1929,,1,PRAXILLELLA SP,P422,Polychaetes,"SCAMIT, SQO2005"
Praxillella sp,Annelida,Polychaeta,Capitellida,Maldanidae,Praxillella,sp,,,,1,PRAXILLELLA SP,P422,,"SCAMIT, SQO2005"
Praxillella spp. indet.,,,,,Praxillella,spp. indet.,,,,,,,,BPTCP
Praxillura maculata,Annelida,Polychaeta,Capitellida,Maldanidae,Praxillura,maculata,,Moore 1923,,1,PRAXILLURA MACULATA,P423,Polychaetes,SCAMIT
Prionospio (Minuspio) lighti,Annelida,Polychaeta,Spionida,Spionidae,Prionospio,(Minuspio) lighti,,Maciolek 1985,,2,PRIONOSPIO LIGHTI,P426, ,"SCAMIT, SQO2005"
Prionospio (Minuspio) multibranchiata,Annelida,Polychaeta,Spionida,Spionidae,Prionospio,(Minuspio) multibranchiata,,E. Berkeley 1927,,2,PRIONOSPIO LIGHTI,P426, ,"SCAMIT, SQO2005"
Prionospio (Prionospio) dubia,Annelida,Polychaeta,Spionida,Spionidae,Prionospio,(Prionospio) dubia,,Day 1961,,2,PRIONOSPIO A/B COMPLEX,,,"SCAMIT, SQO2005"
Prionospio (Prionospio) heterobranchia,Annelida,Polychaeta,Spionida,Spionidae,Prionospio,(Prionospio) heterobranchia,,Moore 1907,,2,,, ,"SCAMIT, SQO2005"
Prionospio (Prionospio) jubata,Annelida,Polychaeta,Spionida,Spionidae,Prionospio,(Prionospio) jubata,,Blake 1996,,2,PRIONOSPIO A/B COMPLEX,P424, ,"SCAMIT, SQO2005"
Prionospio (Prionospio) sp,Annelida,Polychaeta,Spionida,Spionidae,Prionospio,(Prionospio) sp,,,,2,,,,SCAMIT
Prionospio (Prionospio) steenstrupi,,,,,Prionospio,(Prionospio) steenstrupi,,,,NR,,, ,WEMAP99
Prionospio ehlersi ,Annelida,Polychaeta,Canalipalpata,Spionidae,Prionospio,ehlersi,,,,,,,Polychaetes,SCAMIT
Prionospio lighti ,Annelida,Polychaeta,Canalipalpata,Spionidae,Prionospio,lighti,,,,,,,Polychaetes,SCAMIT
Prionospio sp,Annelida,Polychaeta,Spionida,Spionidae,Prionospio,sp,,,,2,,,,"SCAMIT, SQO2005"
Prionospio sp A,,,,,Prionospio,sp A,,,,,,,,SCAMIT
Prionospio sp B,,,,,Prionospio,sp B,,,,,,,,SCAMIT
Prionospio sp(p).,,,,,Prionospio,sp(p).,,,,,,,,BPTCP
Prionospio sp. A,,,,,Prionospio,sp. A,,,,,,,,BPTCP
Prionospio spp. indet.,,,,,Prionospio,spp. indet.,,,,,,,,BPTCP
Prionospio spp. juv.,,,,,Prionospio,spp. juv.,,,,,,,,BPTCP
Prionospio steenstrupi,,,,,Prionospio,steenstrupi,,,,,,,,BPTCP
Pristes sp,Mollusca,Bivalvia,Veneroida,Lasaeidae,Pristes,sp,,,,,,,,SCAMIT
Procampylaspis caenosa,Arthropoda,Malacostraca,Cumacea,Nannastacidae,Procampylaspis,caenosa,,Watling & McCann 1997,,2,PROCAMPYLASPIS SP A,P427, ,SCAMIT
Procampylaspis sp A,,,,,Procampylaspis,sp A,,,,,,,,SCAMIT
Procephalothrix major,Nemertea,Anopla,Archinemertea,Cephalothoricidae,Procephalothrix,major,,Coe 1930,,,,,,SCAMIT
Proceraea sp,Annelida,Polychaeta,Phyllodocida,Syllidae,Proceraea,sp,,,,,PROCERAEA SP,P428,,"SCAMIT, SQO2005"
Procerastea sp,Annelida,Polychaeta,Phyllodocida,Syllidae,Procerastea,sp,,,,,,,,SCAMIT
Proclea sp A,Annelida,Polychaeta,Terebellida,Terebellidae,Proclea,sp A,,Harris 1992  §,,1,PROCLEA SP A,P429,,SCAMIT
Prosorhochmus albidus,Nemertea,Enopla,Hoplonemertea,Prosorhochmidae,Prosorhochmus,albidus,,(Coe 1905),,,,,,SCAMIT
Protocirrineris sp,Annelida,Polychaeta,Spionida,Cirratulidae,Protocirrineris,sp,,,,2,,,,"SCAMIT, SQO2005"
Protocirrineris sp A,Annelida,Polychaeta,Spionida,Cirratulidae,Protocirrineris,sp A,,SCAMIT 1995  §,,2,,,,"SCAMIT, SQO2005"
Protocirrineris sp B,Annelida,Polychaeta,Spionida,Cirratulidae,Protocirrineris,sp B,,SCAMIT 1995  §,,2,,,,"SCAMIT, SQO2005"
Protocirrineris sp MEC1,Annelida,Polychaeta,Spionida,Cirratulidae,Protocirrineris,sp MEC1,,,,,,,,SQO 2005
Protocirrineris sp SD1,Annelida,Polychaeta,Spionida,Cirratulidae,Protocirrineris,sp SD1,,,,2,,,,"SCAMIT, SQO2005"
Protodorvillea gracilis,Annelida,Polychaeta,Eunicida,Dorvilleidae,Protodorvillea,gracilis,,(Hartman 1938),,,PROTODORVILLEA GRACILIS,P430,Polychaetes,"SCAMIT, SQO2005"
Protodrilidae,Annelida,Polychaeta,Uncertain,Protodrilidae,Protodrilidae,0,,,,,,,,SCAMIT
Protohyale frequens,Arthropoda,Malacostraca,Amphipoda,Hyalidae,Protohyale,frequens,,,,,,,,SQO 2005
Protomedeia articulata Cmplx,Arthropoda,Malacostraca,Amphipoda,Isaeidae,Protomedeia,articulata Cmplx,,,,,PROTOMEDEIA SP,,,"SCAMIT, SQO2005"
Protomedeia prudens,Arthropoda,Malacostraca,Amphipoda,Isaeidae,Protomedeia,prudens,,J. L. Barnard 1966,,,PROTOMEDEIA SP,P431,Crustaceans,SCAMIT
Protomedeia sp,Arthropoda,Malacostraca,Amphipoda,Isaeidae,Protomedeia,sp,,,,,PROTOMEDEIA SP,P431,,SCAMIT
Protomedeia sp.,,,,,Protomedeia,sp.,,,,,,,,BPTCP
Protomystides sp SD1,Annelida,Polychaeta,Phyllodocida,Phyllodocidae,Protomystides,sp SD1,,,,,,,,SCAMIT
Protothaca sp,Mollusca,Bivalvia,Veneroida,Veneridae,Protothaca,sp,,,,,PROTOTHACA SP,P432,,"SCAMIT, SQO2005"
Protothaca staminea,Mollusca,Bivalvia,Veneroida,Veneridae,Protothaca,staminea,,(Conrad 1837),,,PROTOTHACA SP,P432,Bivalves,SCAMIT
Prototrygaeus jordanae,Arthropoda,Pycnogonida,Pegmata,Ammotheidae,Prototrygaeus,jordanae,,Child 1990,,,,, ,"SCAMIT, SQO2005"
Psammodoris thompsoni,Mollusca,Gastropoda,Nudibranchia,Corambidae,Psammodoris,thompsoni,,(Millen & Nybakken 1991),,,,,Gastropods,SCAMIT
Pseudoceros sp,Platyhelminthes,Turbellaria,Polycladida,Pseudocerotidae,Pseudoceros,sp,,,,,,,,SCAMIT
Pseudoceros sp HYP1,Platyhelminthes,Turbellaria,Polycladida,Pseudocerotidae,Pseudoceros,sp HYP1,,,,,,,,SCAMIT
Pseudochama granti,Mollusca,Bivalvia,Veneroida,Chamidae,Pseudochama,granti,,Strong 1934,,,,,Bivalves,SCAMIT
Pseudocnus lubrica ,,,,,Pseudocnus,lubrica,,,,,,,,SCAMIT
Pseudocnus sp,Echinodermata,Holothuroidea,Dendrochirotida,Cucumariidae,Pseudocnus,sp,,,,,,,,SCAMIT
Pseudofabriciola californica,Annelida,Polychaeta,Sabellida,Sabellidae,Pseudofabriciola,californica,,Fitzhugh 1991,,1,,, ,"SCAMIT, SQO2005"
Pseudoleiocapitella sp HYP1,Annelida,Polychaeta,Capitellida,Capitellidae,Pseudoleiocapitella,sp HYP1,,,,,,,,SCAMIT
Pseudomelatoma penicillata,Mollusca,Gastropoda,Neogastropoda,Pseudomelatomidae,Pseudomelatoma,penicillata,,(Carpenter 1864),,,,,Gastropods,"SCAMIT, SQO2005"
Pseudomma berkeleyi,Arthropoda,Malacostraca,Mysidacea,Mysidae,Pseudomma,berkeleyi,,W. Tattersall 1932,,,,,Crustaceans,SCAMIT
Pseudopolydora kempi,Annelida,Polychaeta,Spionida,Spionidae,Pseudopolydora,kempi,,,,,,,Polychaetes,"CISNET, SQO2005"
Pseudopolydora paucibranchiata,Annelida,Polychaeta,Spionida,Spionidae,Pseudopolydora,paucibranchiata,,(Okuda 1937),,2,,,Polychaetes,"SCAMIT, SQO2005"
Pseudopolydora sp,Annelida,Polychaeta,Spionida,Spionidae,Pseudopolydora,sp,,,,2,,,,"SCAMIT, SQO2005"
Pseudopotamilla socialis,Annelida,Polychaeta,Sabellida,Sabellidae,Pseudopotamilla,socialis,,Hartman 1944,,1,,, ,SCAMIT
Pseudopotamilla sp,Annelida,Polychaeta,Sabellida,Sabellidae,Pseudopotamilla,sp,,,,1,,,,"SCAMIT, SQO2005"
Pseudopotamilla sp LA1,Annelida,Polychaeta,Sabellida,Sabellidae,Pseudopotamilla,sp LA1,,,,1,,,,SCAMIT
Pseudopythina rugifera ,,,,,Pseudopythina,rugifera,,,,,,,,SCAMIT
Pseudotanais californiensis,Arthropoda,Malacostraca,Tanaidacea,Pseudotanaidae,Pseudotanais,californiensis,,Dojiri & Sieg 1997,,2,,,,SCAMIT
Pseudotanais makrothrix,Arthropoda,Malacostraca,Tanaidacea,Pseudotanaidae,Pseudotanais,makrothrix,,Dojiri & Sieg 1997,,2,,, ,SCAMIT
Pseudotanais sp,Arthropoda,Malacostraca,Tanaidacea,Pseudotanaidae,Pseudotanais,sp,,,,2,,,,"SCAMIT, SQO2005"
Psychoda sp,Arthropoda,Insecta,Diptera,Psychodidiae,Psychoda,sp,,,,,,,,SQO 2005
Pterocirrus montereyensis,Annelida,Polychaeta,Phyllodocida,Phyllodocidae,Pterocirrus,montereyensis,,(Hartman 1936),,,,, ,"SCAMIT, SQO2005"
Pterocirrus sp A,Annelida,Polychaeta,Phyllodocida,Phyllodocidae,Pterocirrus,sp A,,SCAMIT 1995  §,,,,,,SCAMIT
Pteropurpura festiva,Mollusca,Gastropoda,Neogastropoda,Muricidae,Pteropurpura,festiva,,(Hinds 1844),,,,,Gastropods,"SCAMIT, SQO2005"
Pulsellum aberrans ,,,,,Pulsellum,aberrans,,,,,,,,SCAMIT
Puncturella sp,Mollusca,Gastropoda,Vetigastropoda,Fissurellidae,Puncturella,sp,,,,,,,,SCAMIT
Pycnogonida,Arthropoda,Pycnogonida,,,Pycnogonida,0,,,,,,,,"SCAMIT, SQO2005"
Pycnogonum rickettsi,Arthropoda,Pycnogonida,Pegmata,Pycnogonidae,Pycnogonum,rickettsi,,Schmitt 1934,,,,,,"SCAMIT, SQO2005"
Pygospio californica,Annelida,Polychaeta,Spionida,Spionidae,Pygospio,californica,,,,NR,,,Polychaetes,"WEMAP99, SQO2005"
Pygospio elegans,Annelida,Polychaeta,Spionida,Spionidae,Pygospio,elegans,,,,NR,,,Polychaetes,"WEMAP99, SQO2005"
Pylopagurus holmesi,Arthropoda,Malacostraca,Decapoda,Paguridae,Pylopagurus,holmesi,,Schmitt 1921,,,,,Crustaceans,SCAMIT
Pyromaia tuberculata,Arthropoda,Malacostraca,Decapoda,Majidae,Pyromaia,tuberculata,,(Lockington 1877),,,PYROMAIA TUBERCULATA,P433,Crustaceans,"SCAMIT, SQO2005"
Questa caudicirra,Annelida,Polychaeta,Orbiniida,Questidae,Questa,caudicirra,,Hartman 1966,,,,,Polychaetes,SCAMIT
Raeta undulata,Mollusca,Bivalvia,Veneroida,Mactridae,Raeta,undulata,,,,,,,,SQO 2005
Randallia bulligera,Arthropoda,Malacostraca,Decapoda,Leucosiidae,Randallia,bulligera,,Rathbun 1898,,,,,Crustaceans,SCAMIT
Randallia ornata,Arthropoda,Malacostraca,Decapoda,Leucosiidae,Randallia,ornata,,(Randall 1839),,,RANDALLIA ORNATA,P434,Crustaceans,SCAMIT
Randallia sp,Arthropoda,Malacostraca,Decapoda,Leucosiidae,Randallia,sp,,,,,,,,SCAMIT
Rhabdus dalli ,,,,,Rhabdus,dalli,,,,,,,,SCAMIT
Rhabdus rectius,Mollusca,Scaphopoda,Dentaliida,Laevidentaliidae,Rhabdus,rectius,,(Carpenter 1865),,,RHABDUS RECTIUS,P435,,SCAMIT
Rhachotropis sp A,Arthropoda,Malacostraca,Amphipoda,Eusiridae,Rhachotropis,sp A,,Velarde 1987  §,,,RHACHOTROPIS SP,P436,,SCAMIT
Rhamphidonta retifera,Mollusca,Bivalvia,Veneroida,Lasaeidae,Rhamphidonta,retifera,,(Dall 1899),,,RHAMPHIDONTA RETIFERA,P437,Bivalves,"SCAMIT, SQO2005"
Rhamphobrachium longisetosum,Annelida,Polychaeta,Eunicida,Onuphidae,Rhamphobrachium,longisetosum,,Berkeley & Berkeley 1938,,1,RHAMPHOBRACHIUM LONGISETOSUM,P438,Polychaetes,SCAMIT
Rhepoxynius abronius,Arthropoda,Malacostraca,Amphipoda,Phoxocephalidae,Rhepoxynius,abronius,,(J. L. Barnard 1960),,1,RHEPOXYNIUS ABRONIUS,P439,Crustaceans,"SCAMIT, SQO2005"
Rhepoxynius bicuspidatus,Arthropoda,Malacostraca,Amphipoda,Phoxocephalidae,Rhepoxynius,bicuspidatus,,(J. L. Barnard 1960),,1,RHEPOXYNIUS BICUSPIDATUS,P440,Crustaceans,SCAMIT
Rhepoxynius daboius,Arthropoda,Malacostraca,Amphipoda,Phoxocephalidae,Rhepoxynius,daboius,,(J. L. Barnard 1960),,1,,,Crustaceans,"SCAMIT, SQO2005"
Rhepoxynius fatigans,Arthropoda,Malacostraca,Amphipoda,Phoxocephalidae,Rhepoxynius,fatigans,,(J. L. Barnard 1960),,1,,,Crustaceans,SCAMIT
Rhepoxynius heterocuspidatus,Arthropoda,Malacostraca,Amphipoda,Phoxocephalidae,Rhepoxynius,heterocuspidatus,,(J. L. Barnard 1960),,1,RHEPOXYNIUS HETEROCUSPIDATUS,P441, ,"SCAMIT, SQO2005"
Rhepoxynius homocuspidatus,Arthropoda,Malacostraca,Amphipoda,Phoxocephalidae,Rhepoxynius,homocuspidatus,,,,,,,,SQO 2005
Rhepoxynius lucubrans,Arthropoda,Malacostraca,Amphipoda,Phoxocephalidae,Rhepoxynius,lucubrans,,(J. L. Barnard 1960),,1,RHEPOXYNIUS LUCUBRANS,P442,Crustaceans,SCAMIT
Rhepoxynius menziesi,Arthropoda,Malacostraca,Amphipoda,Phoxocephalidae,Rhepoxynius,menziesi,,J. L. Barnard & C. M. Barnard 1982,,1,RHEPOXYNIUS MENZIESI,P443,Crustaceans,"SCAMIT, SQO2005"
Rhepoxynius sp,Arthropoda,Malacostraca,Amphipoda,Phoxocephalidae,Rhepoxynius,sp,,,,1,,,,"SCAMIT, SQO2005"
Rhepoxynius sp A,Arthropoda,Malacostraca,Amphipoda,Phoxocephalidae,Rhepoxynius,sp A,,SCAMIT 1987  §,,1,,,,"SCAMIT, SQO2005"
Rhepoxynius stenodes,Arthropoda,Malacostraca,Amphipoda,Phoxocephalidae,Rhepoxynius,stenodes,,(J. L. Barnard 1960),,1,RHEPOXYNIUS STENODES,P444,Crustaceans,SCAMIT
Rhepoxynius tridentatus,Arthropoda,Malacostraca,Amphipoda,Phoxocephalidae,Rhepoxynius,tridentatus,,,,,,,,"HUNT, SQO2005"
Rhepoxynius variatus,Arthropoda,Malacostraca,Amphipoda,Phoxocephalidae,Rhepoxynius,variatus,,(J. L. Barnard 1960),,1,RHEPOXYNIUS VARIATUS,P445,Crustaceans,SCAMIT
Rhithropanopeus harrisii,Arthropoda,Malacostraca,Decapoda,Xanthidae,Rhithropanopeus,harrisii,,,,,,,Crustaceans,"CISNET, SQO2005"
Rhodine bitorquata,Annelida,Polychaeta,Capitellida,Maldanidae,Rhodine,bitorquata,,Moore 1923,,1,RHODINE BITORQUATA,P446,Polychaetes,SCAMIT
Rhynchospio glutaea,Annelida,Polychaeta,Spionida,Spionidae,Rhynchospio,glutaea,,(Ehlers 1897),,2,,,Polychaetes,"SCAMIT, SQO2005"
Rictaxis punctocaelatus,Mollusca,Gastropoda,Lower Heterobranchia,Acteonidae,Rictaxis,punctocaelatus,,(Carpenter 1864),,,RICTAXIS PUNCTOCAELATUS,P447,Gastropods,"SCAMIT, SQO2005"
Rictaxis sp,Mollusca,Gastropoda,"""Lower Heterobranchia""",Acteonidae,Rictaxis,sp,,,,,,,,SCAMIT
Rissoidae,Mollusca,Gastropoda,Neotaenioglossa,Rissoidae,Rissoidae,0,,,,,,,Gastropods,"SCAMIT, SQO2005"
Rissoina sp ,,,,,Rissoina,sp,,,,,,,,SCAMIT
Rochefortia coani ,Mollusca,Bivalvia,Veneroida,Lasaeidae,Rochefortia,coani,,,,,,, ,"SCAMIT, SQO2005"
Rochefortia compressa ,Mollusca,Bivalvia,Veneroida,Lasaeidae,Rochefortia,compressa,,,,,,,Bivalves,"SCAMIT, SQO2005"
Rochefortia grippi,Mollusca,Bivalvia,Veneroida,Lasaeidae,Rochefortia,grippi,,Dall 1912,,2,MYSELLA SP,P313,Bivalves,"SCAMIT, SQO2005"
Rochefortia mortoni,Mollusca,Bivalvia,Veneroida,Lasaeidae,Rochefortia,mortoni,,Valentich Scott 1998,,2,MYSELLA SP,,,"SCAMIT, SQO2005"
Rochefortia sp,Mollusca,Bivalvia,Veneroida,Lasaeidae,Rochefortia,sp,,,,,MYSELLA SP,P313,,"SCAMIT, SQO2005"
Rochefortia tumida,Mollusca,Bivalvia,Veneroida,Lasaeidae,Rochefortia,tumida,,(Carpenter 1864),,2,MYSELLA SP,P313,Bivalves,"SCAMIT, SQO2005"
Rudilemboides sp,Arthropoda,Malacostraca,Amphipoda,Aoridae,Rudilemboides,sp,,,,,,,,"SCAMIT, SQO2005"
Rudilemboides sp A,Arthropoda,Malacostraca,Amphipoda,Aoridae,Rudilemboides,sp A,,SCAMIT 1998 §,,,,,,SCAMIT
Rudilemboides sp HYP1,Arthropoda,Malacostraca,Amphipoda,Aoridae,Rudilemboides,sp HYP1,,,,,,,,SCAMIT
Rudilemboides stenopropodus,Arthropoda,Malacostraca,Amphipoda,Aoridae,Rudilemboides,stenopropodus,,J. L. Barnard 1959,,,RUDILEMBOIDES STENOPROPODUS,P449,Crustaceans,SCAMIT
Runcinidae,Mollusca,Gastropoda,Cephalaspidea,Runcinidae,Runcinidae,0,,,,,,,,SQO 2005
Rutiderma hartmanni,Arthropoda,Ostracoda,Myodocopida,Rutidermatidae,Rutiderma,hartmanni,,Poulsen 1965,,,RUTIDERMA SP,,,SCAMIT
Rutiderma judayi,Arthropoda,Ostracoda,Myodocopida,Rutidermatidae,Rutiderma,judayi,,MacKensie 1965,,,RUTIDERMA SP,,,"SCAMIT, SQO2005"
Rutiderma lomae,Arthropoda,Ostracoda,Myodocopida,Rutidermatidae,Rutiderma,lomae,,(Juday 1907),,,RUTIDERMA SP,P450,,"SCAMIT, SQO2005"
Rutiderma rostratum,Arthropoda,Ostracoda,Myodocopida,Rutidermatidae,Rutiderma,rostratum,,Juday 1907,,,RUTIDERMA SP,P450, ,"SCAMIT, SQO2005"
Rutiderma sp,Arthropoda,Ostracoda,Myodocopida,Rutidermatidae,Rutiderma,sp,,,,,RUTIDERMA SP,P450,,SCAMIT
Rutiderma sp. a,,,,,Rutiderma,sp. a,,,,,,,,BPTCP
Sabaco elongatus,Annelida,Polychaeta,Capitellida,Maldanidae,Sabaco,elongatus,,,,,,,,"WEMAP00, SQO2005"
Sabella sp,Annelida,Polychaeta,Sabellida,Sabellidae,Sabella,sp,,,,,,,,"CISNET, SQO2005"
Sabellaria cementarium ,,,,,Sabellaria,cementarium,,,,,,,,SCAMIT
Sabellaria gracilis,Annelida,Polychaeta,Terebellida,Sabellariidae,Sabellaria,gracilis,,Hartman 1944,,,,,,"SCAMIT, SQO2005"
Sabellaria nanella,Annelida,Polychaeta,Terebellida,Sabellariidae,Sabellaria,nanella,,Chamberlain 1919,,,,,,SCAMIT
Sabellaria sp,Annelida,Polychaeta,Terebellida,Sabellariidae,Sabellaria,sp,,,,,,,,SCAMIT
Sabellariidae,Annelida,Polychaeta,Terebellida,Sabellariidae,Sabellariidae,0,,,,,,,Polychaetes,SCAMIT
Sabellidae,Annelida,Polychaeta,Sabellida,Sabellidae,Sabellidae,0,,,,1,,,Polychaetes,"SCAMIT, SQO2005"
Sabellidae spp. indet.,,,,,Sabellidae,spp. indet.,,,,,,,,BPTCP
Sabellidae spp. juv.,,,,,Sabellidae,spp. juv.,,,,,,,,BPTCP
Sabellides manriquei,Annelida,Polychaeta,Terebellida,Ampharetidae,Sabellides,manriquei,,Salazar-Vallejo 1996,,1,SABELLIDES MANRIQUEI,P451, ,"SCAMIT, SQO2005"
Sabellides sp,Annelida,Polychaeta,Terebellida,Ampharetidae,Sabellides,sp,,,,1,,,,SCAMIT
Sabellinae,Annelida,Polychaeta,Sabellida,Sabellidae,Sabellinae,0,,,,1,,,,SCAMIT
Sabidius sp ,,,,,Sabidius,sp,,,,,,,,SCAMIT
Saccocirrus papillocercus ,,,,,Saccocirrus,papillocercus,,,,,,,,SCAMIT
Saccocirrus sp,Annelida,Polychaeta,uncertain,Saccocirridae,Saccocirrus,sp,,,,,,,,"SCAMIT, SQO2005"
Saeropsis dubia,,,,,Saeropsis,dubia,,,,,,,,BPTCP
Salmacina sp,Annelida,Polychaeta,Sabellida,Serpulidae,Salmacina,sp,,,,1,,,,SCAMIT
Samytha californiensis,Annelida,Polychaeta,Terebellida,Ampharetidae,Samytha,californiensis,,Hartman 1969,,1,SAMYTHA CALIFORNIENSIS,P452,Polychaetes,SCAMIT
Sarsiella sp. a,,,,,Sarsiella,sp. a,,,,,,,,RH_CERCLA_EPA
Sarsiella zostericola,,,,,Sarsiella,zostericola,,,,,,,,BPTCP
Sarsiellidae sp SD1,Arthropoda,Ostracoda,Myodocopida,Sarsiellidae,Sarsiellidae,sp SD1,,,,,,,,SQO 2005
Saxicavella nybakkeni,Mollusca,Bivalvia,Myoida,Hiatellidae,Saxicavella,nybakkeni,,Scott 1994,,,SAXICAVELLA NYBAKKENI,P453,Bivalves,SCAMIT
Saxicavella pacifica,Mollusca,Bivalvia,Myoida,Hiatellidae,Saxicavella,pacifica,,Dall 1916,,,SAXICAVELLA PACIFICA,P454,Bivalves,SCAMIT
Saxicavella sp,Mollusca,Bivalvia,Myoida,Hiatellidae,Saxicavella,sp,,,,,,,,SCAMIT
Saxidomus nuttalli,Mollusca,Bivalvia,Veneroida,Veneridae,Saxidomus,nuttalli,,Conrad 1837,,,SAXIDOMUS NUTTALLI,P455,Bivalves,"SCAMIT, SQO2005"
Scalibregma californicum,Annelida,Polychaeta,Opheliida,Scalibregmatidae,Scalibregma,californicum,,Blake 2000,,,SCALIBREGMA INFLATUM,,,"SCAMIT, SQO2005"
Scalibregma inflatum,Annelida,Polychaeta,Opheliida,Scalibregmatidae,Scalibregma,inflatum,,Rathke 1843,,,SCALIBREGMA INFLATUM,P456,Polychaetes,SCAMIT
Scalibregmatidae,Annelida,Polychaeta,Opheliida,Scalibregmatidae,Scalibregmatidae,0,,,,,,,Polychaetes,SCAMIT
Scaphopoda,Mollusca,Scaphopoda,,,Scaphopoda,0,,,,,,,,SCAMIT
Schistocomus hiltoni,Annelida,Polychaeta,Terebellida,Ampharetidae,Schistocomus,hiltoni,,Chamberlin 1919,,1,,,Polychaetes,SCAMIT
Schistocomus sp A,Annelida,Polychaeta,Terebellida,Ampharetidae,Schistocomus,sp A,,SCAMIT 1987  ',,1,,,,"SCAMIT, SQO2005"
Schistomeringos longico,,,,,Schistomeringos,longico,,,,,,,,RH_CERCLA_EPA
Schistomeringos longicornis ,,,,,Schistomeringos,longicornis,,,,,,,,SCAMIT
Schisturella dorotheae,Arthropoda,Malacostraca,Amphipoda,Lysianassidae,Schisturella,dorotheae,,(Hurley 1963),,,,,Crustaceans,SCAMIT
Schizoporella sp,Ectoprocta,Gymnolaemata,Cheilostomata,Schizoporellidae,Schizoporella,sp,,,,,,,,"SCAMIT, SQO2005"
Schmittius politus,Arthropoda,Malacostraca,Stomatopoda,Squillidae,Schmittius,politus,,(Bigelow 1891),,,,,Crustaceans,"SCAMIT, SQO2005"
Scionella japonica,Annelida,Polychaeta,Terebellida,Terebellidae,Scionella,japonica,,Moore 1903,,1,,,Polychaetes,SCAMIT
Scleroconcha trituberculata,Arthropoda,Ostracoda,Myodocopida,Philomedidae,Scleroconcha,trituberculata,,(Lucas 1931),,,SCLEROCONCHA TRITUBERCULATA,P457,,SCAMIT
Scleroplax granulata,Arthropoda,Malacostraca,Decapoda,Pinnotheridae,Scleroplax,granulata,,Rathbun 1893,,,SCLEROPLAX GRANULATA,P458,Crustaceans,"SCAMIT, SQO2005"
Scolanthus sp A,Cnidaria,Anthozoa,Actiniaria,Edwardsiidae,Scolanthus,sp A,,SCAMIT 1983  ',,,EDWARDSIIDAE,P160,,"SCAMIT, SQO2005"
Scolanthus sp B,Cnidaria,Anthozoa,Actiniaria,Edwardsiidae,Scolanthus,sp B,,,,,,,,"NASSCO, SQO2005"
Scolelepis (Parascolelpis) sp,Annelida,Polychaeta,Spionida,Spionidae,Scolelepis,(Parascolelpis) sp,,,,,,,,SQO 2005
Scolelepis (Scolelepis) sp,Annelida,Polychaeta,Spionida,Spionidae,Scolelepis,(Scolelepis) sp,,,,,,,,SQO 2005
Scolelepis occidentalis,Annelida,Polychaeta,Spionida,Spionidae,Scolelepis,occidentalis,,(Hartman 1961),,2,SCOLELEPIS OCCIDENTALIS,P459, ,SCAMIT
Scolelepis quequindentata,,,,,Scolelepis,quequindentata,,,,,,,,BPTCP
Scolelepis quinquedentata,,,,,Scolelepis,quinquedentata,,,,,,,,BPTCP
Scolelepis sp,Annelida,Polychaeta,Spionida,Spionidae,Scolelepis,sp,,,,2,,,,"SCAMIT, SQO2005"
Scolelepis sp 1,Annelida,Polychaeta,Spionida,Spionidae,Scolelepis,sp 1,,Pt Loma 1995  §,,2,SCOLELEPIS SPP,P460,,SCAMIT
Scolelepis sp SD1,Annelida,Polychaeta,Spionida,Spionidae,Scolelepis,sp SD1,,Rowe 1995 §,,2,SCOLELEPIS SPP,,,SCAMIT
Scolelepis spp. indet.,,,,,Scolelepis,spp. indet.,,,,,,,,BPTCP
Scolelepis squamata,Annelida,Polychaeta,Spionida,Spionidae,Scolelepis,squamata,,(O. F. Müller 1806),,2,SCOLELEPIS SPP,P460,Polychaetes,SCAMIT
Scolelepis texana,,,,,Scolelepis,texana,,,,,,,,BPTCP
Scolelepis tridentata,Annelida,Polychaeta,Spionida,Spionidae,Scolelepis,tridentata,,(Southern 1914),,2,SCOLELEPIS SPP,P460,Polychaetes,SCAMIT
Scoletoma  tetraura Cmplx,Annelida,Polychaeta,Eunicida,Lumbrineridae,Scoletoma,tetraura Cmplx,,,,,,, ,SCAMIT
Scoletoma erecta,,,,,Scoletoma,erecta,,,,,,,,BPTCP
Scoletoma inflata,,,,,Scoletoma,inflata,,,,,,,,BPTCP
Scoletoma luti,Annelida,Polychaeta,Eunicida,Lumbrineridae,Scoletoma,luti,,,,NR,,, ,"WEMAP99, SQO2005"
Scoletoma minima,,,,,Scoletoma,minima,,,,,,,,BPTCP
Scoletoma sp,Annelida,Polychaeta,Eunicida,Lumbrineridae,Scoletoma,sp,,,,,,,,"SCAMIT, SQO2005"
Scoletoma sp A,Annelida,Polychaeta,Eunicida,Lumbrineridae,Scoletoma,sp A,,(Harris 1985 §),,,LUMBRINERIS SP,,,"SCAMIT, SQO2005"
Scoletoma sp B,Annelida,Polychaeta,Eunicida,Lumbrineridae,Scoletoma,sp B,,,,,,,,"SD_CHOLPAL, SQO2005"
Scoletoma sp C,Annelida,Polychaeta,Eunicida,Lumbrineridae,Scoletoma,sp C,,(Harris 1985 §),,,LUMBRINERIS SP,,,"SCAMIT, SQO2005"
Scoletoma tetraura CMPLX,Annelida,Polychaeta,Eunicida,Lumbrineridae,Scoletoma,tetraura CMPLX,,,,,,,,"SCAMIT, SQO2005"
Scoletoma zonata,,,,,Scoletoma,zonata,,,,NR,,, ,WEMAP99
Scoloplos acmeceps,Annelida,Polychaeta,Orbiniida,Orbiniidae,Scoloplos,acmeceps,,Chamberlin 1919,,2,,,Polychaetes,"SCAMIT, SQO2005"
Scoloplos armiger ,Annelida,Polychaeta,,Orbiniidae,Scoloplos,armiger,,,,,,,Polychaetes,SCAMIT
Scoloplos armiger armiger,,,,,Scoloplos,armiger armiger,,,,NR,,, ,WEMAP99
Scoloplos armiger Cmplx,Annelida,Polychaeta,Orbiniida,Orbiniidae,Scoloplos,armiger Cmplx,,,,2,SCOLOPLOS ARMIGER COMPLEX,P461, ,"SCAMIT, SQO2005"
Scoloplos sp,Annelida,Polychaeta,Orbiniida,Orbiniidae,Scoloplos,sp,,,,2,,,,"SCAMIT, SQO2005"
Scoloura phillipsi,Arthropoda,Malacostraca,Tanaidacea,Anarthruridae,Scoloura,phillipsi,,Sieg & Dojiri 1991,,2,,, ,SCAMIT
Scyphoproctus oculatus,Annelida,Polychaeta,Capitellida,Capitellidae,Scyphoproctus,oculatus,,Reish 1959,,,,,Polychaetes,"SCAMIT, SQO2005"
Scyphoproctus sp(p).,,,,,Scyphoproctus,sp(p).,,,,,,,,BPTCP
Scyra acutifrons,Arthropoda,Malacostraca,Decapoda,Majidae,Scyra,acutifrons,,Dana 1851,,,,,Crustaceans,"SCAMIT, SQO2005"
Semela sp,Mollusca,Bivalvia,Veneroida,Semelidae,Semela,sp,,,,,,,,"HUNT, SQO2005"
Semele sp,Mollusca,Bivalvia,Veneroida,Semelidae,Semele,sp,,,,,,,,SCAMIT
Semele venusta,Mollusca,Bivalvia,Veneroida,Semelidae,Semele,venusta,,(Reeve 1853),,,,,Bivalves,"SCAMIT, SQO2005"
Serolis carinata ,,,,,Serolis,carinata,,,,,,,,SCAMIT
Serpulidae,Annelida,Polychaeta,Sabellida,Serpulidae,Serpulidae,0,,,,1,,,Polychaetes,"SCAMIT, SQO2005"
Serpulidae spp. indet.,,,,,Serpulidae,spp. indet.,,,,,,,,BPTCP
shore fly larva,,,,,shore,fly larva,,,,,,,,BPTCP
Sigalion spinosa ,,,,,Sigalion,spinosa,,,,,,,,SCAMIT
Sigalion spinosus,Annelida,Polychaeta,Phyllodocida,Sigalionidae,Sigalion,spinosus,,(Hartman 1939),,,SIGALION SPINOSA,P463, ,"SCAMIT, SQO2005"
Sigalionidae,Annelida,Polychaeta,Phyllodocida,Sigalionidae,Sigalionidae,0,,,,,,,Polychaetes,SCAMIT
Sigalionidae spp. indet.,,,,,Sigalionidae,spp. indet.,,,,,,,,BPTCP
Sigambra bassi ,Annelida,Polychaeta,Phyllodocida,Pilargidae,Sigambra,bassi,,,,,,,Polychaetes,"SCAMIT, SQO2005"
Sigambra tentaculata,Annelida,Polychaeta,Phyllodocida,Pilargidae,Sigambra,tentaculata,,(Treadwell 1941),,,SIGAMBRA TENTACULATA,P464,Polychaetes,"SCAMIT, SQO2005"
Sige sp A,Annelida,Polychaeta,Phyllodocida,Phyllodocidae,Sige,sp A,,SCAMIT 1995  §,,,SIGE SP A,P465,,"SCAMIT, SQO2005"
Siliqua lucida,Mollusca,Bivalvia,Veneroida,Pharidae,Siliqua,lucida,,(Conrad 1837),,,SILIQUA LUCIDA,P466,Bivalves,SCAMIT
Siliqua sp,Mollusca,Bivalvia,Veneroida,Pharidae,Siliqua,sp,,,,,,,,"SCAMIT, SQO2005"
Simomactra falcata,Mollusca,Bivalvia,Veneroida,Mactridae,Simomactra,falcata,,(Gould 1850),,,MACTRIDAE,P277,Bivalves,SCAMIT
Simomactra planulata,Mollusca,Bivalvia,Veneroida,Mactridae,Simomactra,planulata,,(Conrad 1837),,,MACTRIDAE,P277,Bivalves,SCAMIT
Simomactra sp,Mollusca,Bivalvia,Veneroida,Mactridae,Simomactra,sp,,,,,MACTRIDAE,P277,,"SCAMIT, SQO2005"
Sinelobus stanfordi,Arthropoda,Malacostraca,Tanaidacea,Tanaidae,Sinelobus,stanfordi,,(Richardson 1901),,2,,,Crustaceans,"SCAMIT, SQO2005"
Sinocorophium alienense,Arthropoda,Malacostraca,Amphipoda,Corophiidae,Sinocorophium,alienense,,,,,,,,"CISNET, SQO2005"
Sinocorophium cf heteroceratum,Arthropoda,Malacostraca,Amphipoda,Corophiidae,Sinocorophium,cf heteroceratum,,,,,COROPHIUM SP,,,SCAMIT
Sinocorophium heteroceratum ,Arthropoda,Malacostraca,Amphipoda,Corophiidae,Sinocorophium,heteroceratum,,,,,,, ,"SCAMIT, SQO2005"
Sinum scopulosum,Mollusca,Gastropoda,Neotaenioglossa,Naticidae,Sinum,scopulosum,,(Conrad 1849),,,SINUM SCOPULOSUM,P467,Gastropods,"SCAMIT, SQO2005"
Siphonodentalium quadrifissatum,Mollusca,Scaphopoda,Gadilida,Gadilidae,Siphonodentalium,quadrifissatum,,Pilsbry & Sharp 1898,,,SIPHONODENTALIUM QUADRIFISSATUM,P468,,"SCAMIT, SQO2005"
Siphonolabrum californiensis,Arthropoda,Malacostraca,Tanaidacea,Anarthruridae,Siphonolabrum,californiensis,,Dojiri & Sieg 1997,,2,,, ,SCAMIT
Siphonosoma ingens,Sipuncula,Sipunculidea,Sipunculiformes,Sipunculidae,Siphonosoma,ingens,,(Fisher 1947),,,,,,SCAMIT
Sipuncula,Sipuncula,,,Sipunculidae,Sipuncula,,,,,,,,,"SCAMIT, SQO2005"
Sipuncula sp SD2,Sipuncula,,,,Sipuncula,sp SD2,,,,,,,,SCAMIT
Sipunculidae,Sipuncula,Sipunculidea,Sipunculiformes,Sipunculidae,Sipunculidae,,,,,,,,,"SCAMIT, SQO2005"
Sipunculidea,Sipuncula,Sipunculidea,,,Sipunculidea,0,,,,,,, ,SCAMIT
Sipunculus nudus,Sipuncula,Sipunculidea,Sipunculiformes,Sipunculidae,Sipunculus,nudus,,Linnaeus 1766,,,,,,SCAMIT
Siriella pacifica,Arthropoda,Malacostraca,Mysidacea,Mysidae,Siriella,pacifica,,Holmes 1900,,,,,Crustaceans,"SCAMIT, SQO2005"
Skenea coronadoensis,Mollusca,Gastropoda,Heterostropha,Pyramidellidae,Skenea,coronadoensis,,(Carpenter 1864),,,,,,SCAMIT
Solamen columbiana ,,,,,Solamen,columbiana,,,,,,,,SCAMIT
Solamen columbianum,Mollusca,Bivalvia,Mytiloida,Mytilidae,Solamen,columbianum,,(Dall 1897),,,SOLAMEN COLUMBIANUM,P469,Bivalves,"SCAMIT, SQO2005"
Solariella peramabilis,Mollusca,Gastropoda,Vetigastropoda,Trochidae,Solariella,peramabilis,,Carpenter 1864,,,SOLARIELLA PERAMABILIS,P470,Gastropods,SCAMIT
Solecurtus guaymasensis,Mollusca,Bivalvia,Veneroida,Solecurtidae,Solecurtus,guaymasensis,,(Lowe 1935),,,,,Bivalves,SCAMIT
Solemya reidi,Mollusca,Bivalvia,Solemyoida,Solemyidae,Solemya,reidi,,Bernard 1980,,4,SOLEMYA REIDI,P471,Bivalves,"SCAMIT, SQO2005"
Solen rostriformis,Mollusca,Bivalvia,Veneroida,Solenidae,Solen,rostriformis,,Dunker 1862,,,SOLEN SP,,,"SCAMIT, SQO2005"
Solen sicarius,Mollusca,Bivalvia,Veneroida,Solenidae,Solen,sicarius,,Gould 1850,,,SOLEN SP,P472,Bivalves,"SCAMIT, SQO2005"
Solen sp,Mollusca,Bivalvia,Veneroida,Solenidae,Solen,sp,,,,,SOLEN SP,P472,,SCAMIT
Solenidae,Mollusca,Bivalvia,Veneroida,Solenidae,Solenidae,0,,,,,,,Bivalves,"SCAMIT, SQO2005"
Solenocera mutator,Arthropoda,Malacostraca,Decapoda,Solenoceridae,Solenocera,mutator,,Burkenroad 1938,,,,,Crustaceans,SCAMIT
Sosane occidentalis,Annelida,Polychaeta,Terebellida,Ampharetidae,Sosane,occidentalis,,(Hartman 1969),,1,SOSANE OCCIDENTALIS,P473,Polychaetes,SCAMIT
Spatangoida,Echinodermata,Echinoidea,Spatangoida,,Spatangoida,0,,,heart urchins,,,,Echinoderms,SCAMIT
Spatangus californicus,Echinodermata,Echinoidea,Spatangoida,Spatangidae,Spatangus,californicus,,H. L. Clark 1917,,,,,Echinoderms,SCAMIT
Sphaerodoridae,Annelida,Polychaeta,Phyllodocida,Sphaerodoridae,Sphaerodoridae,0,,,,,,,Polychaetes,"SCAMIT, SQO2005"
Sphaerodoridium sp A,Annelida,Polychaeta,Phyllodocida,Sphaerodoridae,Sphaerodoridium,sp A,,SCAMIT 1996  §,,,,,,SCAMIT
Sphaerodoropsis biserialis ,,,,,Sphaerodoropsis,biserialis,,,,,,,,SCAMIT
Sphaerodoropsis minuta,Annelida,Polychaeta,Phyllodocida,Sphaerodoridae,Sphaerodoropsis,minuta,,(Webster & Benedict 1887),,,,,Polychaetes,SCAMIT
Sphaerodoropsis sp,Annelida,Polychaeta,Phyllodocida,Sphaerodoridae,Sphaerodoropsis,sp,,,,,,,,SCAMIT
Sphaerodoropsis sphaerulifer,Annelida,Polychaeta,Phyllodocida,Sphaerodoridae,Sphaerodoropsis,sphaerulifer,,(Moore 1909),,,,,Polychaetes,SCAMIT
Sphaerodorum papillifer,Annelida,Polychaeta,Phyllodocida,Sphaerodoridae,Sphaerodorum,papillifer,,Moore 1909,,,,,Polychaetes,SCAMIT
Sphaeroma sp,Arthropoda,Malacostraca,Isopoda,Sphaeromatidae,Sphaeroma,sp,,,,,,,,SQO 2005
Sphaeromatidae,Arthropoda,Malacostraca,Isopoda,Sphaeromatidae,Sphaeromatidae,0,,,,,,,Crustaceans,"SCAMIT, SQO2005"
Sphaerosyllis bilineata,Annelida,Polychaeta,Phyllodocida,Syllidae,Sphaerosyllis,bilineata,,Kudenov & Harris 1995,,,SPHAEROSYLLIS SP,P474, ,SCAMIT
Sphaerosyllis californiensis,Annelida,Polychaeta,Phyllodocida,Syllidae,Sphaerosyllis,californiensis,,Hartman 1966,,,SPHAEROSYLLIS SP,P474,Polychaetes,"SCAMIT, SQO2005"
Sphaerosyllis ranunculus,Annelida,Polychaeta,Phyllodocida,Syllidae,Sphaerosyllis,ranunculus,,Kudenov & Harris 1995,,,SPHAEROSYLLIS SP,P474, ,"SCAMIT, SQO2005"
Sphaerosyllis sp,Annelida,Polychaeta,Phyllodocida,Syllidae,Sphaerosyllis,sp,,,,,SPHAEROSYLLIS SP,P474,,"SCAMIT, SQO2005"
Sphaerosyllis sp 7 (Harris),Annelida,Polychaeta,Phyllodocida,Syllidae,Sphaerosyllis,sp 7 (Harris),,,,,,,,"NASSCO, SQO2005"
Sphaerosyllis sp LA1,Annelida,Polychaeta,Phyllodocida,Syllidae,Sphaerosyllis,sp LA1,,,,,SPHAEROSYLLIS SP,,,SCAMIT
Sphaerosyllis sp LA2,Annelida,Polychaeta,Phyllodocida,Syllidae,Sphaerosyllis,sp LA2,,,,,SPHAEROSYLLIS SP,,,SCAMIT
Sphaerosyllis sp N1,Annelida,Polychaeta,Phyllodocida,Syllidae,Sphaerosyllis,sp N1,,,,NR,,,,"WEMAP99, SQO2005"
Sphaerosyllis sp. a,,,,,Sphaerosyllis,sp. a,,,,,,,,RH_CERCLA_EPA
Sphenia fragilis,Mollusca,Bivalvia,Myoida,Myidae,Sphenia,fragilis,,,,,,,,"HUNT, SQO2005"
Sphenia luticola,Mollusca,Bivalvia,Myoida,Myidae,Sphenia,luticola,,(Valenciennes 1846),,,,,Bivalves,SCAMIT
Spinicirrus sp ,,,,,Spinicirrus,sp,,,,,,,,SCAMIT
Spinosphaera sp SD1,Annelida,Polychaeta,Terebellida,Terebellidae,Spinosphaera,sp SD1,,Rowe 1997  §,,1,,,,SCAMIT
Spio butleri,Annelida,Polychaeta,Spionida,Spionidae,Spio,butleri,,,,NR,,,Polychaetes,"WEMAP99, SQO2005"
Spio filicornis,Annelida,Polychaeta,Spionida,Spionidae,Spio,filicornis,,(O. F. Müller 1766),,2,SPIO SP,P475,Polychaetes,"SCAMIT, SQO2005"
Spio maciolekae,Annelida,Polychaeta,Spionida,Spionidae,Spio,maciolekae,,Blake 1996,,2,SPIO SP,P475, ,"SCAMIT, SQO2005"
Spio maculata,Annelida,Polychaeta,Spionida,Spionidae,Spio,maculata,,(Hartman 1961),,2,SPIO SP,P475, ,"SCAMIT, SQO2005"
Spio sp,Annelida,Polychaeta,Spionida,Spionidae,Spio,sp,,,,2,SPIO SP,P475,,SCAMIT
Spiochaetopterus costarum,Annelida,Polychaeta,Spionida,Chaetopteridae,Spiochaetopterus,costarum,,(Claparède 1870),,,SPIOCHAETOPTERUS COSTARUM,P476,Polychaetes,"SCAMIT, SQO2005"
Spionidae,Annelida,Polychaeta,Spionida,Spionidae,Spionidae,0,,,,2,,,Polychaetes,"SCAMIT, SQO2005"
Spionidae sp. juv.,,,,,Spionidae,sp. juv.,,,,,,,,BPTCP
Spionidae spp. indet.,,,,,Spionidae,spp. indet.,,,,,,,,BPTCP
Spiophanes berkeleyorum,Annelida,Polychaeta,Spionida,Spionidae,Spiophanes,berkeleyorum,,Pettibone 1962,,2,SPIOPHANES BERKELEYORUM,P477,Polychaetes,"SCAMIT, SQO2005"
Spiophanes bombyx,Annelida,Polychaeta,Spionida,Spionidae,Spiophanes,bombyx,,(Claparède 1870),,2,SPIOPHANES BOMBYX,P478,Polychaetes,"SCAMIT, SQO2005"
Spiophanes duplex,Annelida,Polychaeta,Spionida,Spionidae,Spiophanes,duplex,,(Chamberlin 1919),,2,SPIOPHANES MISSIONENSIS,P480, ,"SCAMIT, SQO2005"
Spiophanes fimbriata,Annelida,Polychaeta,Spionida,Spionidae,Spiophanes,fimbriata,,Moore 1923,,2,SPIOPHANES FIMBRIATA,P479,Polychaetes,SCAMIT
Spiophanes missionensis ,Annelida,Polychaeta,Canalipalpata,Spionidae,Spiophanes,missionensis,,,,,,,Polychaetes,SCAMIT
Spiophanes sp,Annelida,Polychaeta,Spionida,Spionidae,Spiophanes,sp,,,,2,,,,"SCAMIT, SQO2005"
Spiophanes wigleyi,Annelida,Polychaeta,Spionida,Spionidae,Spiophanes,wigleyi,,Pettibone 1962,,2,SPIOPHANES WIGLEYI,P481,Polychaetes,SCAMIT
Spirontocaris prionota,Arthropoda,Malacostraca,Decapoda,Hippolytidae,Spirontocaris,prionota,,(Stimpson 1864),,,,,Crustaceans,SCAMIT
Spirorbidae,Annelida,Polychaeta,Sabellida,Spirorbidae,Spirorbidae,0,,,,1,,,Polychaetes,"SCAMIT, SQO2005"
Stenopleustes monocuspis,Arthropoda,Malacostraca,Amphipoda,Pleustidae,Stenopleustes,monocuspis,,J. L. Barnard & Given 1960,,,,,Crustaceans,SCAMIT
Stenothoe estacola,Arthropoda,Malacostraca,Amphipoda,Stenothoidae,Stenothoe,estacola,,J. L. Barnard 1962,,4,,,Crustaceans,SCAMIT
Stenothoe frecanda,Arthropoda,Malacostraca,Amphipoda,Stenothoidae,Stenothoe,frecanda,,J. L. Barnard 1962,,4,,,Crustaceans,SCAMIT
Stenothoe sp,Arthropoda,Malacostraca,Amphipoda,Stenothoidae,Stenothoe,sp,,,,4,,,,"SCAMIT, SQO2005"
Stenothoidae,Arthropoda,Malacostraca,Amphipoda,Stenothoidae,Stenothoidae,0,,,,4,,,Crustaceans,SCAMIT
Stenothoides bicoma,Arthropoda,Malacostraca,Amphipoda,Stenothoidae,Stenothoides,bicoma,,J. L. Barnard 1962,,4,STENOTHOIDES BICOMA,P482,Crustaceans,SCAMIT
Sternaspis cf fossor,,,,,Sternaspis,cf fossor,,,,NR,,,,WEMAP99
Sternaspis fossor,Annelida,Polychaeta,Sternaspida,Sternaspidae,Sternaspis,fossor,,Stimpson 1854,,,STERNASPIS FOSSOR,P483,Polychaetes,"SCAMIT, SQO2005"
Sthenelais berkeleyi,Annelida,Polychaeta,Phyllodocida,Sigalionidae,Sthenelais,berkeleyi,,Pettibone 1971,,,STHENELAIS SPP,P484,Polychaetes,"SCAMIT, SQO2005"
Sthenelais sp,Annelida,Polychaeta,Phyllodocida,Sigalionidae,Sthenelais,sp,,,,,,,,"SCAMIT, SQO2005"
Sthenelais spp. juv.,,,,,Sthenelais,spp. juv.,,,,,,,,BPTCP
Sthenelais tertiaglabra,Annelida,Polychaeta,Phyllodocida,Sigalionidae,Sthenelais,tertiaglabra,,Moore 1910,,,STHENELAIS SPP,P484,Polychaetes,"SCAMIT, SQO2005"
Sthenelais verruculosa,Annelida,Polychaeta,Phyllodocida,Sigalionidae,Sthenelais,verruculosa,,Johnson 1897,,,STHENELAIS VERRUCULOSA,P485,Polychaetes,"SCAMIT, SQO2005"
Sthenelanella uniformis,Annelida,Polychaeta,Phyllodocida,Sigalionidae,Sthenelanella,uniformis,,Moore 1910,,1,STHENELANELLA UNIFORMIS,P486,Polychaetes,"SCAMIT, SQO2005"
Stolidobranchiata,Chordata,Ascidiacea,Stolidobranchiata,,Stolidobranchiata,0,,,,,,, ,SCAMIT
Streblosoma crassibranchia,Annelida,Polychaeta,Terebellida,Terebellidae,Streblosoma,crassibranchia,,Treadwell 1914,,1,STREBLOSOMA SP,P487,Polychaetes,SCAMIT
Streblosoma sp,Annelida,Polychaeta,Terebellida,Terebellidae,Streblosoma,sp,,,,1,STREBLOSOMA SP,P487,,"SCAMIT, SQO2005"
Streblosoma sp B,Annelida,Polychaeta,Terebellida,Terebellidae,Streblosoma,sp B,,SCAMIT 1985  §,,1,STREBLOSOMA SP,P487,,SCAMIT
Streblospio benedicti ,Annelida,Polychaeta,Spionida,Spionidae,Streblospio,benedicti,,,,,,,Polychaetes,"SCAMIT, SQO2005"
Streblospio sp. B,,,,,Streblospio,sp. B,,,,,,,,BPTCP
Strongylocentrotus franciscanus,Echinodermata,Echinoidea,Echinoida,Strongylocentrotidae,Strongylocentrotus,franciscanus,,(A. Agassiz 1863),,,,,Echinoderms,SCAMIT
Styela sp,Chordata,Ascidiacea,Stolidobranchiata,Styelidae,Styela,sp,,,,,,,,"SCAMIT, SQO2005"
Styelidae,Chordata,Ascidiacea,Stolidobranchiata,Styelidae,Styelidae,0,,,,,,,,"SCAMIT, SQO2005"
Stylatula elongata,Cnidaria,Anthozoa,Pennatulacea,Virgulariidae,Stylatula,elongata,,(Gabb 1862),,,STYLATULA ELONGATA,P488,,SCAMIT
Stylatula sp,Cnidaria,Anthozoa,Pennatulacea,Virgulariidae,Stylatula,sp,,,,,,,,"SCAMIT, SQO2005"
Stylatula sp A,Cnidaria,Anthozoa,Pennatulacea,Virgulariidae,Stylatula,sp A,,Ljubenkov 1991  §,,,,,,SCAMIT
Stylochoplana sp,Platyhelminthes,Turbellaria,Polycladida,Leptoplanidae,Stylochoplana,sp,,,,,,,,SCAMIT
Stylochus exiguus ,,,,,Stylochus,exiguus,,,,,,,,SCAMIT
Stylochus tripartitus,Platyhelminthes,Turbellaria,Polycladida,Stylochidae,Stylochus,tripartitus,,Hyman 1953,,,,,,SCAMIT
Subadyte mexicana,Annelida,Polychaeta,Phyllodocida,Polynoidae,Subadyte,mexicana,,Fauchald 1972,,,SUBADYTE MEXICANA,P489,Polychaetes,SCAMIT
Sulcoretusa xystrum,Mollusca,Gastropoda,Cephalaspidea,Retusidae,Sulcoretusa,xystrum,,(Dall 1919),,,SULCORETUSA XYSTRUM,P490,Gastropods,"SCAMIT, SQO2005"
Syllidae,Annelida,Polychaeta,Phyllodocida,Syllidae,Syllidae,0,,,,,,,Polychaetes,"SCAMIT, SQO2005"
Syllides japonica,Annelida,Polychaeta,Phyllodocida,Syllidae,Syllides,japonica,,Imajima 1966,,,,,Polychaetes,SCAMIT
Syllides longocirrata,Annelida,Polychaeta,Phyllodocida,Syllidae,Syllides,longocirrata,,Ørsted 1845,,,,,Polychaetes,SCAMIT
Syllides mikeli,Annelida,Polychaeta,Phyllodocida,Syllidae,Syllides,mikeli,,Kudenov & Harris 1995,,,,, ,SCAMIT
Syllides minutus,Annelida,Polychaeta,Phyllodocida,Syllidae,Syllides,minutus,,Blake & Walton 1977,,,,,Polychaetes,SCAMIT
Syllides reishi,Annelida,Polychaeta,Phyllodocida,Syllidae,Syllides,reishi,,Dorsey 1978,,,,,Polychaetes,SCAMIT
Syllides sp,Annelida,Polychaeta,Phyllodocida,Syllidae,Syllides,sp,,,,,,,,"SCAMIT, SQO2005"
Syllides spp. juv.,,,,,Syllides,spp. juv.,,,,,,,,BPTCP
Syllinae  ,,,,,Syllinae,0,,,,,,,,SCAMIT
Syllis (Ehlersia) heterochaeta,Annelida,Polychaeta,Phyllodocida,Syllidae,Syllis,(Ehlersia) heterochaeta,,Moore 1909,,,SYLLIS (EHLERSIA) HETEROCHAETA,P491,,SCAMIT
Syllis (Ehlersia) hyperioni,Annelida,Polychaeta,Phyllodocida,Syllidae,Syllis,(Ehlersia) hyperioni,,Dorsey & Phillips 1987,,,SYLLIS (EHLERSIA) HYPERIONI,P492,,"SCAMIT, SQO2005"
Syllis (Syllis) gracilis,Annelida,Polychaeta,Phyllodocida,Syllidae,Syllis,(Syllis) gracilis,,Grube 1840,,,,,,"SCAMIT, SQO2005"
Syllis (Typosyllis) farallonensis,Annelida,Polychaeta,Phyllodocida,Syllidae,Syllis,(Typosyllis) farallonensis,,(Blake & Walton 1977),,,SYLLIS (TYPOSYLLIS) FARALLONENSIS,P493,,"SCAMIT, SQO2005"
Syllis (Typosyllis) nipponica,Annelida,Polychaeta,Phyllodocida,Syllidae,Syllis,(Typosyllis) nipponica,,Imajima 1966,,,SYLLIS (TYPOSYLLIS) SPP,,,"SCAMIT, SQO2005"
Syllis (Typosyllis) sp,Annelida,Polychaeta,Phyllodocida,Syllidae,Syllis,(Typosyllis) sp,,,,,,,,"SCAMIT, SQO2005"
Syllis (typosyllis) SP 1,,,,,Syllis,(typosyllis) SP 1,,,,,,,,SCAMIT
Syllis (typosyllis) SP 2,,,,,Syllis,(typosyllis) SP 2,,,,,,,,SCAMIT
Syllis (typosyllis) SP 3,,,,,Syllis,(typosyllis) SP 3,,,,,,,,SCAMIT
Syllis (Typosyllis) sp LA1,Annelida,Polychaeta,Phyllodocida,Syllidae,Syllis,(Typosyllis) sp LA1,,,,,SYLLIS (TYPOSYLLIS) SPP,,,SCAMIT
Syllis (Typosyllis) sp SD1,Annelida,Polychaeta,Phyllodocida,Syllidae,Syllis,(Typosyllis) sp SD1,,,,,SYLLIS (TYPOSYLLIS) SPP,,,SCAMIT
Syllis sp,Annelida,Polychaeta,Phyllodocida,Syllidae,Syllis,sp,,,,,,,,"HUNT, SQO2005"
Synaptidae,Echinodermata,Holothuroidea,Apodida,Synaptidae,Synaptidae,0,,,,,SYNAPTIDAE,P495,Echinoderms,SCAMIT
Synaptotanais notabilis,Arthropoda,Malacostraca,Tanaidacea,Tanaidae,Synaptotanais,notabilis,,Sieg & Winn 1981,,2,,,Crustaceans,"SCAMIT, SQO2005"
Synchelidium rectipalmum,Arthropoda,Malacostraca,Amphipoda,Oedicerotidae,Synchelidium,rectipalmum,,Mills 1962,,,SYNCHELIDIUM SP,P496,Crustaceans,SCAMIT
Synchelidium shoemakeri,Arthropoda,Malacostraca,Amphipoda,Oedicerotidae,Synchelidium,shoemakeri,,Mills 1962,,,SYNCHELIDIUM SP,P496,Crustaceans,SCAMIT
Synchelidium sp,Arthropoda,Malacostraca,Amphipoda,Oedicerotidae,Synchelidium,sp,,,,,SYNCHELIDIUM SP,P496,,SCAMIT
Synchelidium sp LA1,,,,,Synchelidium,sp LA1,,,,,,,,SCAMIT
Synelmis albini,Annelida,Polychaeta,Phyllodocida,Pilargidae,Synelmis,albini,,(Langerhans 1881),,,,,,SCAMIT
Synelmis sp,Annelida,Polychaeta,Phyllodocida,Pilargidae,Synelmis,sp,,,,,,,,"WEMAP00, SQO2005"
Synidotea harfordi,Arthropoda,Malacostraca,Isopoda,Idoteidae,Synidotea,harfordi,,Benedict 1897,,,SYNIDOTEA SP,P497,Crustaceans,"SCAMIT, SQO2005"
Synidotea laevidorsalis,Arthropoda,Malacostraca,Isopoda,Idoteidae,Synidotea,laevidorsalis,,,,,,,,"CISNET, SQO2005"
Synidotea magnifica,Arthropoda,Malacostraca,Isopoda,Idoteidae,Synidotea,magnifica,,Menzies & J. L. Barnard 1959,,,SYNIDOTEA SP,P497,Crustaceans,SCAMIT
Synidotea media,Arthropoda,Malacostraca,Isopoda,Idoteidae,Synidotea,media,,Iverson 1972,,,SYNIDOTEA SP,P497,Crustaceans,SCAMIT
Synidotea sp,Arthropoda,Malacostraca,Isopoda,Idoteidae,Synidotea,sp,,,,,SYNIDOTEA SP,P497,,"SCAMIT, SQO2005"
Syrrhoe sp A,Arthropoda,Malacostraca,Amphipoda,Synopiidae,Syrrhoe,sp A,,SCAMIT 1987  §,,,SYRRHOE SP A,P498,,SCAMIT
Tagelus affinis,Mollusca,Bivalvia,Veneroida,Solecurtidae,Tagelus,affinis,,(G. B. Sowerby II 1874),,,,,Bivalves,"SCAMIT, SQO2005"
Tagelus californianus,Mollusca,Bivalvia,Veneroida,Solecurtidae,Tagelus,californianus,,,,,,,,"HUNT, SQO2005"
Tagelus sp,Mollusca,Bivalvia,Veneroida,Solecurtidae,Tagelus,sp,,,,,,,,"SCAMIT, SQO2005"
Tagelus subteres,Mollusca,Bivalvia,Veneroida,Solecurtidae,Tagelus,subteres,,(Conrad 1837),,,,,Bivalves,"SCAMIT, SQO2005"
Tanaella propinquus,Arthropoda,Malacostraca,Tanaidacea,Anarthruridae,Tanaella,propinquus,,Dojiri & Sieg 1997,,2,,, ,SCAMIT
Tanaella sp A,,,,,Tanaella,sp A,,,,,,,,SCAMIT
Tanaidacea,Arthropoda,Malacostraca,Tanaidacea,,Tanaidacea,0,,,tanaidaceans,2,,,Crustaceans,"SCAMIT, SQO2005"
Tanaopsis cadieni,Arthropoda,Malacostraca,Tanaidacea,Anarthruridae,Tanaopsis,cadieni,,Sieg & Dojiri 1991,,2,,, ,SCAMIT
Tanystylum californicum,Arthropoda,Pycnogonida,Pegmata,Tanystylidae,Tanystylum,californicum,,Hilton 1939,,,,,,"SCAMIT, SQO2005"
Tanystylum sp,Arthropoda,Pycnogonida,Pegmata,Tanystylidae,Tanystylum,sp,,,,,,,,"SCAMIT, SQO2005"
Tapes philippinarum,,,,,Tapes,philippinarum,,,,,,,,BPTCP
Tectura depicta,Mollusca,Gastropoda,Patellogastropoda,Acmaeidae,Tectura,depicta,,(Hinds 1842),,,,,,"SCAMIT, SQO2005"
Tegula sp,Mollusca,Gastropoda,Vetigastropoda,Trochidae,Tegula,sp,,,,,,,,SCAMIT
Teinostoma supravallatum,Mollusca,Gastropoda,Neotaenioglossa,Adeorbidae,Teinostoma,supravallatum,,(Carpenter 1864),,,,,Gastropods,"SCAMIT, SQO2005"
Tellina bodegensis,Mollusca,Bivalvia,Veneroida,Tellinidae,Tellina,bodegensis,,Hinds 1845,,,,,Bivalves,SCAMIT
Tellina cadieni,Mollusca,Bivalvia,Veneroida,Tellinidae,Tellina,cadieni,,Valentich Scott & Coan 2000,,,TELLINA CARPENTERI,,,"SCAMIT, SQO2005"
Tellina carpenteri,Mollusca,Bivalvia,Veneroida,Tellinidae,Tellina,carpenteri,,Dall 1900,,,TELLINA CARPENTERI,P499,Bivalves,"SCAMIT, SQO2005"
Tellina idae,Mollusca,Bivalvia,Veneroida,Tellinidae,Tellina,idae,,Dall 1891,,,TELLINA IDAE,P500,Bivalves,"SCAMIT, SQO2005"
Tellina meropsis,Mollusca,Bivalvia,Veneroida,Tellinidae,Tellina,meropsis,,Dall 1900,,,,,Bivalves,"SCAMIT, SQO2005"
Tellina modesta,Mollusca,Bivalvia,Veneroida,Tellinidae,Tellina,modesta,,(Carpenter 1864),,,TELLINA MODESTA,P501,Bivalves,"SCAMIT, SQO2005"
Tellina nuculoides,Mollusca,Bivalvia,Veneroida,Tellinidae,Tellina,nuculoides,,(Reeve 1854),,,,,Bivalves,"SCAMIT, SQO2005"
Tellina sp,Mollusca,Bivalvia,Veneroida,Tellinidae,Tellina,sp,,,,,,,,"SCAMIT, SQO2005"
Tellina sp A,Mollusca,Bivalvia,Veneroida,Tellinidae,Tellina,sp A,,SCAMIT 1995  §,,,TELLINA CARPENTERI,P499,,SCAMIT
Tellinidae,Mollusca,Bivalvia,Veneroida,Tellinidae,Tellinidae,0,,,,,,,Bivalves,"SCAMIT, SQO2005"
Tenellia adspersa,Mollusca,Gastropoda,Nudibranchia,Cuthonidae,Tenellia,adspersa,,,,,,,,"LEMP, SQO2005"
Tenonia priops,Annelida,Polychaeta,Phyllodocida,Polynoidae,Tenonia,priops,,(Hartman 1961),,,TENONIA PRIOPS,P502,Polychaetes,"SCAMIT, SQO2005"
Terebella sp,Annelida,Polychaeta,Terebellida,Terebellidae,Terebella,sp,,,,,,,,"WEMAP00, SQO2005"
Terebellidae,Annelida,Polychaeta,Terebellida,Terebellidae,Terebellidae,0,,,,1,,,Polychaetes,"SCAMIT, SQO2005"
Terebellidae spp. indet.,,,,,Terebellidae,spp. indet.,,,,,,,,BPTCP
"Terebellidae, unident.",,,,,"Terebellidae,",unident.,,,,,,,,BPTCP
Terebellides californica,Annelida,Polychaeta,Terebellida,Trichobranchidae,Terebellides,californica,,Williams 1984,,,TEREBELLIDES SP,P503,Polychaetes,"SCAMIT, SQO2005"
Terebellides reishi,Annelida,Polychaeta,Terebellida,Trichobranchidae,Terebellides,reishi,,Williams 1984,,,TEREBELLIDES SP,P503,Polychaetes,SCAMIT
Terebellides sp,Annelida,Polychaeta,Terebellida,Trichobranchidae,Terebellides,sp,,,,,TEREBELLIDES SP,P503,,SCAMIT
Terebellides sp Type C,Annelida,Polychaeta,Terebellida,Trichobranchidae,Terebellides,sp Type C,,Williams 1984,,,TEREBELLIDES SP,P503,,SCAMIT
Terebellides sp Type D,Annelida,Polychaeta,Terebellida,Trichobranchidae,Terebellides,sp Type D,,Williams 1984,,,TEREBELLIDES SP,P503,,SCAMIT
Terebellides sp. juv.,,,,,Terebellides,sp. juv.,,,,,,,,BPTCP
Terebellides spp. indet.,,,,,Terebellides,spp. indet.,,,,,,,,BPTCP
Terebellides spp. juv.,,,,,Terebellides,spp. juv.,,,,,,,,BPTCP
Terebra hemphilli,Mollusca,Gastropoda,Neogastropoda,Terebridae,Terebra,hemphilli,,Vanatta 1924,,,,,Gastropods,SCAMIT
Terebra pedroana,Mollusca,Gastropoda,Neogastropoda,Terebridae,Terebra,pedroana,,Dall 1908,,,,,Gastropods,SCAMIT
Terebratalia occidentalis,Brachiopoda,Articulata,Terebratulida,Laqueidae,Terebratalia,occidentalis,,(Dall 1871),,,,, ,SCAMIT
Tethygeneia minuta,,,,,Tethygeneia,minuta,,,,,,,,BPTCP
Tethygenia opata,Arthropoda,Malacostraca,Amphipoda,Eusiridae,Tethygenia,opata,,,,,,,,SQO 2005
Tetrastemma candidum,Nemertea,Enopla,Hoplonemertea,Tetrastemmatidae,Tetrastemma,candidum,,(O. F. Müller 1774),,,,,,SCAMIT
Tetrastemma nigrifrons,Nemertea,Enopla,Hoplonemertea,Tetrastemmatidae,Tetrastemma,nigrifrons,,Coe 1904,,,,,,SCAMIT
Tetrastemma reticulatum,Nemertea,Enopla,Hoplonemertea,Tetrastemmatidae,Tetrastemma,reticulatum,,Coe 1904,,,,,,SCAMIT
Tetrastemma sp,Nemertea,Enopla,Hoplonemertea,Tetrastemmatidae,Tetrastemma,sp,,,,,,,,SCAMIT
Tetrastemma sp A,Nemertea,Enopla,Hoplonemertea,Tetrastemmatidae,Tetrastemma,sp A,,SCAMIT 1995  §,,,,,,SCAMIT
Thalassinidea,Arthropoda,Malacostraca,Decapoda,,Thalassinidea,0,,,,,,,Crustaceans,SCAMIT
Tharyx parvus,,,,,Tharyx,parvus,,,,,,,,BPTCP
Tharyx sp,Annelida,Polychaeta,Spionida,Cirratulidae,Tharyx,sp,,,,,,,,"RMP, SQO2005"
Thelepus hamatus,Annelida,Polychaeta,Terebellida,Terebellidae,Thelepus,hamatus,,Moore 1905,,1,,,Polychaetes,"SCAMIT, SQO2005"
Thelepus setosus,Annelida,Polychaeta,Terebellida,Terebellidae,Thelepus,setosus,,(Quatrefages 1865),,1,THELEPUS SETOSUS,P504,Polychaetes,SCAMIT
Themiste sp,Sipuncula,Sipunculidea,Golfingiformes,Themistidae,Themiste,sp,,,,,,,,SQO 2005
Theora fragilis,,,,,Theora,fragilis,,,,,,,,BPTCP
Theora lubrica,Mollusca,Bivalvia,Veneroida,Semelidae,Theora,lubrica,,Gould 1861,,,,,Bivalves,"SCAMIT, SQO2005"
Thesea sp B,Cnidaria,Anthozoa,Alcyonacea,Muriceidae,Thesea,sp B,,Ljubenkov 1986  §,,,THESEA SP B,P505,,SCAMIT
Thracia curta,Mollusca,Bivalvia,Pholadomyoida,Thraciidae,Thracia,curta,,Conrad 1837,,,PERIPLOMA/THRACIA COMPLEX,P379,Bivalves,SCAMIT
Thracia sp,Mollusca,Bivalvia,Pholadomyoida,Thraciidae,Thracia,sp,,,,,PERIPLOMA/THRACIA COMPLEX,P379,,"SCAMIT, SQO2005"
Thracia trapezoides,Mollusca,Bivalvia,Pholadomyoida,Thraciidae,Thracia,trapezoides,,Conrad 1849,,,PERIPLOMA/THRACIA COMPLEX,P379,Bivalves,SCAMIT
Thyasira flexuosa,Mollusca,Bivalvia,Veneroida,Thyasiridae,Thyasira,flexuosa,,(Montagu 1803),,,THYASIRA FLEXUOSA,P506,Bivalves,"SCAMIT, SQO2005"
Thyasiridae sp LA1,Mollusca,Bivalvia,Veneroida,Thyasiridae,Thyasiridae,sp LA1,,,,,,,,SCAMIT
Thysanocardia nigra,Sipuncula,Sipunculidea,Golfingiformes,Golfingiidae,Thysanocardia,nigra,,(Ikeda 1904),,,,,,"SCAMIT, SQO2005"
Tiburonella viscana,Arthropoda,Malacostraca,Amphipoda,Platyischnopidae,Tiburonella,viscana,,(J. L. Barnard 1969),,,,, ,"SCAMIT, SQO2005"
Timarete luxuriosa,Annelida,Polychaeta,Spionida,Cirratulidae,Timarete,luxuriosa,,(Moore 1904),,2,CIRRATULUS SP,P120, ,SCAMIT
Timarete sp,Annelida,Polychaeta,Spionida,Cirratulidae,Timarete,sp,,,,2,,,,"SCAMIT, SQO2005"
Tiron biocellata,Arthropoda,Malacostraca,Amphipoda,Synopiidae,Tiron,biocellata,,J. L. Barnard 1962,,,TIRON BIOCELLATA,P507,Crustaceans,"SCAMIT, SQO2005"
Tiron sp,Arthropoda,Malacostraca,Amphipoda,Synopiidae,Tiron,sp,,,,,,,,SCAMIT
Trachycardium quadragenarium,Mollusca,Bivalvia,Veneroida,Cardiidae,Trachycardium,quadragenarium,,(Conrad 1837),,,TRACHYCARDIUM QUADRAGENARIUM,P508,Bivalves,"SCAMIT, SQO2005"
Transenella tantilla ,,,,,Transenella,tantilla,,,,,,, ,SCAMIT
Transennella confusa,,,,,Transennella,confusa,,,,,,,,LEMP
Traskorchestia traskiana,Arthropoda,Malacostraca,Amphipoda,Talitridae,Traskorchestia,traskiana,,,,NR,,, ,"WEMAP99, SQO2005"
Travisia brevis,Annelida,Polychaeta,Opheliida,Opheliidae,Travisia,brevis,,Moore 1923,,3,TRAVISIA BREVIS,P510,Polychaetes,SCAMIT
Travisia gigas,Annelida,Polychaeta,Opheliida,Opheliidae,Travisia,gigas,,Hartman 1938,,3,,,Polychaetes,SCAMIT
Travisia pupa,Annelida,Polychaeta,Opheliida,Opheliidae,Travisia,pupa,,Moore 1906,,3,,,Polychaetes,SCAMIT
Tresus sp,Mollusca,Bivalvia,Veneroida,Mactridae,Tresus,sp,,,,,MACTRIDAE,P277,,"SCAMIT, SQO2005"
Trichobranchus sp HYP1,Annelida,Polychaeta,Terebellida,Trichobranchidae,Trichobranchus,sp HYP1,,,,,,,,SCAMIT
Trigonulina pacifica,Mollusca,Bivalvia,Septibranchida,Verticordiidae,Trigonulina,pacifica,,Jung 1996,,,,, ,SCAMIT
Triopha maculata,Mollusca,Gastropoda,Nudibranchia,Polyceratidae,Triopha,maculata,,MacFarland 1905,,,,,Gastropods,SCAMIT
Tritella pilimana,Arthropoda,Malacostraca,Amphipoda,Protellidae,Tritella,pilimana,,Mayer 1890,,1,TRITELLA PILIMANA,P511,Crustaceans,SCAMIT
Tritella sp,Arthropoda,Malacostraca,Amphipoda,Protellidae,Tritella,sp,,,,1,,,,"SCAMIT, SQO2005"
Tritonia diomedea,Mollusca,Gastropoda,Nudibranchia,Tritoniidae,Tritonia,diomedea,,Bergh 1894,,,,,Gastropods,SCAMIT
Tritonia festiva,Mollusca,Gastropoda,Nudibranchia,Tritoniidae,Tritonia,festiva,,(Stearns 1873),,,,,Gastropods,SCAMIT
Tritonia sp,Mollusca,Gastropoda,Nudibranchia,Tritoniidae,Tritonia,sp,,,,,,,,"SCAMIT, SQO2005"
Trivia californiana,Mollusca,Gastropoda,Neotaenioglossa,Triviidae,Trivia,californiana,,(J. E. Gray 1827),,,,,Gastropods,SCAMIT
Trochochaeta multisetosa,Annelida,Polychaeta,Spionida,Trochochaetidae,Trochochaeta,multisetosa,,(Ørsted 1844),,,,,Polychaetes,"SCAMIT, SQO2005"
Trochochaeta sp,Annelida,Polychaeta,Spionida,Trochochaetidae,Trochochaeta,sp,,,,,,,,SCAMIT
Tryonia sp,Mollusca,Gastropoda,Neotaenioglossa,Hydrobiidae,Tryonia,sp,,,,,,,,"WEMAP00, SQO2005"
Trypanosyllis sp,Annelida,Polychaeta,Phyllodocida,Syllidae,Trypanosyllis,sp,,,,,,,,"SD_CHOLPAL, SQO2005"
Tubificidae,Annelida,Oligochaeta,Haplotaxida,Tubificidae,Tubificidae,0,,,,4,,,Oligochaetes,SCAMIT
Tubulanidae,Nemertea,Anopla,Palaeonemertea,Tubulanidae,Tubulanidae,0,,,,,,,,"SCAMIT, SQO2005"
Tubulanus capistratus,Nemertea,Anopla,Palaeonemertea,Tubulanidae,Tubulanus,capistratus,,(Coe 1901),,,,,,SCAMIT
Tubulanus cingulatus,Nemertea,Anopla,Palaeonemertea,Tubulanidae,Tubulanus,cingulatus,,(Coe 1904),,,,,,SCAMIT
Tubulanus frenatus,Nemertea,Anopla,Palaeonemertea,Tubulanidae,Tubulanus,frenatus,,(Coe 1904),,,,,,SCAMIT
Tubulanus nothus,Nemertea,Anopla,Palaeonemertea,Tubulanidae,Tubulanus,nothus,,(Bürger 1892),,,,,,SCAMIT
Tubulanus polymorphus,Nemertea,Anopla,Palaeonemertea,Tubulanidae,Tubulanus,polymorphus,,Renier 1804,,,,,,SCAMIT
Tubulanus sp,Nemertea,Anopla,Palaeonemertea,Tubulanidae,Tubulanus,sp,,,,,,,,"SCAMIT, SQO2005"
Tubulanus sp SD1,Nemertea,Anopla,Palaeonemertea,Tubulanidae,Tubulanus,sp SD1,,,,,,,,SCAMIT
Tubularia crocea,Cnidaria,Hydrozoa,Athecatae,Tubulariidae,Tubularia,crocea,,(L. Agassiz 1862),,,,,,SCAMIT
Tubularia sp,Cnidaria,Hydrozoa,Athecatae,Tubulariidae,Tubularia,sp,,,,,,,,SCAMIT
Tubulariidae,Cnidaria,Hydrozoa,Athecatae,Tubulariidae,Tubulariidae,0,,,,,,,,"SCAMIT, SQO2005"
Turbellaria,Platyhelminthes,Turbellaria,,,Turbellaria,0,,,,,,,,"SCAMIT, SQO2005"
Turbinidae,Mollusca,Gastropoda,Vetigastropoda,Turbinidae,Turbinidae,0,,,,,,,Gastropods,SCAMIT
Turbonilla sp,Mollusca,Gastropoda,Heterostropha,Pyramidellidae,Turbonilla,sp,,,,,TURBONILLA SP,P512,,"SCAMIT, SQO2005"
Turbonilla sp A,Mollusca,Gastropoda,Heterostropha,Pyramidellidae,Turbonilla,sp A,,SCAMIT 1988  §,,,TURBONILLA SP,P512,,SCAMIT
Turridae,Mollusca,Gastropoda,Neogastropoda,Turridae,Turridae,0,,,,,,,Gastropods,SCAMIT
Typhlotanais crassus,Arthropoda,Malacostraca,Tanaidacea,Typhlotanaidae,Typhlotanais,crassus,,Dojiri & Sieg 1997,,2,,, ,SCAMIT
Typhlotanais sp A,,,,,Typhlotanais,sp A,,,,,,,,SCAMIT
Typhlotanais williamsi,Arthropoda,Malacostraca,Tanaidacea,Typhlotanaidae,Typhlotanais,williamsi,,Dojiri & Sieg 1997,,2,,, ,SCAMIT
Typosyllis alternata,,,,,Typosyllis,alternata,,,,,,,,WEMAP00
Typosyllis caeca,,,,,Typosyllis,caeca,,,,NR,,, ,WEMAP99
Typosyllis hyalina,,,,,Typosyllis,hyalina,,,,,,,,BPTCP
Typosyllis nipponica ,,,,,Typosyllis,nipponica,,,,,,, ,SCAMIT
Typosyllis pulchra,,,,,Typosyllis,pulchra,,,,,,,,BPTCP
Typosyllis sp,,,,,Typosyllis,sp,,,,NR,,,,WEMAP99
Upogebia lepta,Arthropoda,Malacostraca,Decapoda,Upogebiidae,Upogebia,lepta,,Williams 1986,,,UPOGEBIA SP,P513,Crustaceans,SCAMIT
Upogebia macginitieorum,Arthropoda,Malacostraca,Decapoda,Upogebiidae,Upogebia,macginitieorum,,Williams 1986,,,UPOGEBIA SP,P513,Crustaceans,SCAMIT
Upogebia sp,Arthropoda,Malacostraca,Decapoda,Upogebiidae,Upogebia,sp,,,,,UPOGEBIA SP,P513,,"SCAMIT, SQO2005"
Uristes entalladurus,Arthropoda,Malacostraca,Amphipoda,Lysianassidae,Uristes,entalladurus,,J.L. Barnard 1963,,,,, ,"SCAMIT, SQO2005"
Urocaris infraspinis,,,,,Urocaris,infraspinis,,,,,,,,BPTCP
Uromunna ubiquita,Arthropoda,Malacostraca,Isopoda,Munnidae,Uromunna,ubiquita,,(Menzies 1952),,,,,Crustaceans,"SCAMIT, SQO2005"
Urosalpinx cinerea,Mollusca,Gastropoda,Neogastropoda,Muricidae,Urosalpinx,cinerea,,,,,,,,"WEMAP00, SQO2005"
Urothoe varvarini,Arthropoda,Malacostraca,Amphipoda,Urothoidae,Urothoe,varvarini,,Gurjanova 1953,,,UROTHOE VARVARINI,P514,Crustaceans,SCAMIT
Vargula tsujii,Arthropoda,Ostracoda,Myodocopida,Cypridinidae,Vargula,tsujii,,Kornicker & Baker 1977,,,VARGULA TSUJII,P515,,"SCAMIT, SQO2005"
Vaunthompsonia sp,Arthropoda,Malacostraca,Cumacea,Bodotriidae,Vaunthompsonia,sp,,,,2,,,,SCAMIT
Vaunthompsonia sp A,,,,,Vaunthompsonia,sp A,,,,,,,,SCAMIT
Veneridae,Mollusca,Bivalvia,Veneroida,Veneridae,Veneridae,0,,,,,,,Bivalves,"SCAMIT, SQO2005"
Venerupis philippinarum,Mollusca,Bivalvia,Veneroida,Veneridae,Venerupis,philippinarum,,(A. Adams & Reeve 1850),,,,,Bivalves,"SCAMIT, SQO2005"
Virgularia agassizi,Cnidaria,Anthozoa,Pennatulacea,Virgulariidae,Virgularia,agassizi,,Studer 1894,,,,, ,SCAMIT
Virgularia bromleyi,Cnidaria,Anthozoa,Pennatulacea,Virgulariidae,Virgularia,bromleyi,,Kölliker 1880,,,,,,SCAMIT
Virgularia californica,Cnidaria,Anthozoa,Pennatulacea,Virgulariidae,Virgularia,californica,,Pfeffer 1886,,,,, ,SCAMIT
Virgularia galapagensis,Cnidaria,Anthozoa,Pennatulacea,Virgulariidae,Virgularia,galapagensis,,Hickson 1930,,,,, ,SCAMIT
Virgularia sp,Cnidaria,Anthozoa,Pennatulacea,Virgulariidae,Virgularia,sp,,,,,,,,SCAMIT
Virgulariidae,Cnidaria,Anthozoa,Pennatulacea,Virgulariidae,Virgulariidae,0,,,,,,,,SCAMIT
Vitreolina macra,Mollusca,Gastropoda,Neotaenioglossa,Eulimidae,Vitreolina,macra,,(Bartsch 1917),,,MELANELLA SP,P291,Gastropods,SCAMIT
Vitreolina yod,Mollusca,Gastropoda,Neotaenioglossa,Eulimidae,Vitreolina,yod,,(Carpenter 1857),,,MELANELLA SP,,,SCAMIT
Vitrinella cf stearnsi,Mollusca,Gastropoda,Neotaenioglossa,Vitrinellidae,Vitrinella,cf stearnsi,,,,,,,,SQO 2005
Vitrinella oldroydi,Mollusca,Gastropoda,Neotaenioglossa,Vitrinellidae,Vitrinella,oldroydi,,Bartsch 1907,,,VITRINELLA SP,P516,Gastropods,"SCAMIT, SQO2005"
Vitrinella stearnsi,Mollusca,Gastropoda,Neotaenioglossa,Vitrinellidae,Vitrinella,stearnsi,,,,,,,,"LEMP, SQO2005"
Volvulella californica,Mollusca,Gastropoda,Cephalaspidea,Retusidae,Volvulella,californica,,Dall 1919,,,VOLVULELLA CALIFORNICA,P517,Gastropods,SCAMIT
Volvulella catharia,Mollusca,Gastropoda,Cephalaspidea,Retusidae,Volvulella,catharia,,Dall 1919,,,,,Gastropods,SCAMIT
Volvulella cylindrica,Mollusca,Gastropoda,Cephalaspidea,Retusidae,Volvulella,cylindrica,,(Carpenter 1864),,,VOLVULELLA CYLINDRICA,P518,Gastropods,SCAMIT
Volvulella panamica,Mollusca,Gastropoda,Cephalaspidea,Retusidae,Volvulella,panamica,,Dall 1919,,,VOLVULELLA PANAMICA,P519,Gastropods,"SCAMIT, SQO2005"
Volvulella sp,Mollusca,Gastropoda,Cephalaspidea,Retusidae,Volvulella,sp,,,,,,,,"SCAMIT, SQO2005"
Westwoodilla caecula,Arthropoda,Malacostraca,Amphipoda,Oedicerotidae,Westwoodilla,caecula,,(Bate 1857),,,WESTWOODILLA CAECULA,P520,Crustaceans,"SCAMIT, SQO2005"
Xanthidae,Arthropoda,Malacostraca,Decapoda,Xanthidae,Xanthidae,0,,,,,,,Crustaceans,SCAMIT
Xenoleberis californica,Arthropoda,Ostracoda,Myodocopida,Cylindroleberididae,Xenoleberis,californica,,(Baker 1979),,,BATHYLEBERIS SP,P080, ,"SCAMIT, SQO2005"
Yoldia cooperi ,,,,,Yoldia,cooperi,,,,,,,,SCAMIT
Ysideria hastata,Annelida,Polychaeta,Phyllodocida,Polynoidae,Ysideria,hastata,,Ruff 1995,,,,, ,SCAMIT
Zaolutus actius,Cnidaria,Anthozoa,Actiniaria,Isanthidae,Zaolutus,actius,,Hand 1955,,,,,,"SCAMIT, SQO2005"
Zeuxo normani,Arthropoda,Malacostraca,Tanaidacea,Tanaidae,Zeuxo,normani,,(Richardson 1905),,2,,,Crustaceans,"SCAMIT, SQO2005"
Zeuxo paranormani,Arthropoda,Malacostraca,Tanaidacea,Tanaidae,Zeuxo,paranormani,,,,,,,,"BPTCP, SQO2005"
Zygeupolia rubens,Nemertea,Anopla,Heteronemertea,Valenciniidae,Zygeupolia,rubens,,(Coe 1895),,,,,,SCAMIT
