Latitude,Longitude,Area,Salinity,StudyID,StationID,Description,HabitatCode,Country,RegBoard,Hydrounit,County,WaterBody,Locality,PortName,Comments
33.75346755981445,-118.2712173461914,True,-99.0,ACOE_LAHarb,LA Harbor S1,NA,ESP,USA,Los Angeles,Dominguez Watershed,Los Angeles,San Pedro Bay,Los Angeles Harbor,POLA,
33.75849914550781,-118.19709777832031,True,-99.0,ACOE_LAHarb,LA River Est S2,NA,ESU,USA,Los Angeles,Los Angeles River,Los Angeles,San Pedro Bay,Long Beach Harbor,NA,
33.5533332824707,-118.18000030517578,False,-99.0,ACOE_LAHarb,LA-2 Reference,LA-2 Reference Site,OAA,USA,Santa Ana,Pacific Ocean,Orange,Pacific Ocean,Pacific Ocean,NA,
0.0,0.0,False,-99.0,ACOE_LAHarb,Newport Control,Newport Control,CNG,NA,NA,NA,NA,NA,NA,NA,
38.22999954223633,-122.96666717529297,False,-99.0,ACOE_LAHarb,Tomales Control,Tomales Bay Control,CNG,USA,San Francisco Bay,Marin Coastal,Marin,Tomales Bay,Tomales Bay North,NA,
33.76139831542969,-118.19979858398438,True,-99.0,ACOE_LARiv95,A,NA,ESU,USA,Los Angeles,Los Angeles River,Los Angeles,San Pedro Bay,Long Beach Harbor,NA,
33.760398864746094,-118.20020294189453,True,-99.0,ACOE_LARiv95,B,NA,ESU,USA,Los Angeles,Los Angeles River,Los Angeles,San Pedro Bay,Long Beach Harbor,NA,
33.760101318359375,-118.19940185546875,True,-99.0,ACOE_LARiv95,C,NA,ESU,USA,Los Angeles,Los Angeles River,Los Angeles,San Pedro Bay,Long Beach Harbor,NA,
33.7593994140625,-118.19920349121094,True,-99.0,ACOE_LARiv95,D,NA,ESU,USA,Los Angeles,Los Angeles River,Los Angeles,San Pedro Bay,Long Beach Harbor,NA,
33.75960159301758,-118.19840240478516,True,-99.0,ACOE_LARiv95,E,NA,ESU,USA,Los Angeles,Los Angeles River,Los Angeles,San Pedro Bay,Long Beach Harbor,NA,
33.75910186767578,-118.19709777832031,True,-99.0,ACOE_LARiv95,F,NA,ESU,USA,Los Angeles,Los Angeles River,Los Angeles,San Pedro Bay,Long Beach Harbor,NA,
33.75910186767578,-118.19509887695312,True,-99.0,ACOE_LARiv95,G,NA,ESU,USA,Los Angeles,Los Angeles River,Los Angeles,San Pedro Bay,Long Beach Harbor,NA,
33.75830078125,-118.19309997558594,True,-99.0,ACOE_LARiv95,H,NA,ESU,USA,Los Angeles,Los Angeles River,Los Angeles,San Pedro Bay,Long Beach Harbor,NA,
33.75699996948242,-118.19139862060547,True,-99.0,ACOE_LARiv95,I,NA,ESU,USA,Los Angeles,Los Angeles River,Los Angeles,San Pedro Bay,Long Beach Harbor,NA,
33.754398345947266,-118.17997741699219,True,-99.0,ACOE_LARiv95,Pitt-P,NA,ESU,USA,Los Angeles,Pacific Ocean,Los Angeles,San Pedro Bay,Long Beach Harbor,NA,
33.752899169921875,-118.18109893798828,True,-99.0,ACOE_LARiv95,Pitt-Q,NA,ESU,USA,Los Angeles,Pacific Ocean,Los Angeles,San Pedro Bay,Long Beach Harbor,NA,
33.755699157714844,-118.18620300292969,True,-99.0,ACOE_LARiv95,Pitt-R,NA,ESU,USA,Los Angeles,Pacific Ocean,Los Angeles,San Pedro Bay,Long Beach Harbor,NA,
33.75379943847656,-118.18620300292969,True,-99.0,ACOE_LARiv95,Pitt-S,NA,ESU,USA,Los Angeles,Pacific Ocean,Los Angeles,San Pedro Bay,Long Beach Harbor,NA,
33.75550079345703,-118.1843032836914,True,-99.0,ACOE_LARiv95,Pitt-W,NA,ESU,USA,Los Angeles,Pacific Ocean,Los Angeles,San Pedro Bay,Long Beach Harbor,NA,
33.75419998168945,-118.18440246582031,True,-99.0,ACOE_LARiv95,Pitt-X,NA,ESU,USA,Los Angeles,Pacific Ocean,Los Angeles,San Pedro Bay,Long Beach Harbor,NA,
33.737300872802734,-118.18270111083984,True,-99.0,ACOE_LARiv95,Pitt-Y,NA,ESP,USA,Los Angeles,Dominguez Watershed,Los Angeles,San Pedro Bay,Long Beach Harbor,POLB,
33.755001068115234,-118.18219757080078,True,-99.0,ACOE_LARiv95,Pitt-Z,NA,ESU,USA,Los Angeles,Pacific Ocean,Los Angeles,San Pedro Bay,Long Beach Harbor,NA,
33.760318756103516,-118.19979858398438,True,-99.0,ACOE_LARiv98,Area 1,NA,ESU,USA,Los Angeles,Los Angeles River,Los Angeles,San Pedro Bay,Long Beach Harbor,NA,
33.75912857055664,-118.19709777832031,True,-99.0,ACOE_LARiv98,Area 2,NA,ESU,USA,Los Angeles,Los Angeles River,Los Angeles,San Pedro Bay,Long Beach Harbor,NA,
33.75725173950195,-118.19139862060547,True,-99.0,ACOE_LARiv98,Area 3,NA,ESU,USA,Los Angeles,Los Angeles River,Los Angeles,San Pedro Bay,Long Beach Harbor,NA,
0.0,0.0,False,-99.0,ACOE_LARiv98,Beaver Creek,"Beaver Creek, OR Control",CNG,NA,NA,NA,NA,NA,NA,NA,
0.0,0.0,False,-99.0,ACOE_LARiv98,Bodega Bay,Bodega Bay Control,CNG,USA,San Francisco Bay,Bodega Bay,Sonoma,Bodega Bay,Bodega Bay,NA,
33.5533332824707,-118.18000030517578,False,-99.0,ACOE_LARiv98,LA-2 Reference,LA-2 Reference Site,OAA,USA,Santa Ana,Pacific Ocean,Orange,Pacific Ocean,Pacific Ocean,NA,
38.22999954223633,-122.96666717529297,False,-99.0,ACOE_LARiv98,Tomales Control,Tomales Bay Control,CNG,USA,San Francisco Bay,Marin Coastal,Marin,Tomales Bay,Tomales Bay North,NA,
33.960350036621094,-118.46080017089844,True,-99.0,ACOE_MDR98a,Area 3,NA,ESM,USA,Los Angeles,Santa Monica Bay,Los Angeles,Marina del Rey,Marina Del Rey,NA,
33.95989990234375,-118.46070098876953,True,-99.0,ACOE_MDR98a,Area 4,NA,ESM,USA,Los Angeles,Santa Monica Bay,Los Angeles,Marina del Rey,Marina Del Rey,NA,
33.96165084838867,-118.4625015258789,True,-99.0,ACOE_MDR98a,Area 5/6,NA,ESM,USA,Los Angeles,Santa Monica Bay,Los Angeles,Marina del Rey,Marina Del Rey,NA,
33.962520599365234,-118.46289825439453,True,-99.0,ACOE_MDR98a,Area 9,NA,ESM,USA,Los Angeles,Santa Monica Bay,Los Angeles,Marina del Rey,Marina Del Rey,NA,
0.0,0.0,False,-99.0,ACOE_MDR98a,Bodega Bay,Bodega Bay Control,CNG,USA,San Francisco Bay,Bodega Bay,Sonoma,Bodega Bay,Bodega Bay,NA,
0.0,0.0,False,-99.0,ACOE_MDR98a,Elkhorn Slough,Elkhorn Slough Negative Control,CNG,USA,Central Coast,Bolsa Neuva,Monterey,Elkhorn Slough,Elkhorn Slough,NA,
33.5533332824707,-118.18000030517578,False,-99.0,ACOE_MDR98a,LA-2 Reference,LA-2 Reference Site,OAA,USA,Santa Ana,Pacific Ocean,Orange,Pacific Ocean,Pacific Ocean,NA,Coordinates provided by EPA
0.0,0.0,False,-99.0,ACOE_MDR98a,San Pablo Bay,San Pablo Bay Sediment Control,CNG,USA,San Francisco Bay,San Francisco Bay,Sonoma,SFB San Pablo Bay,San Pablo Bay,NA,
38.22999954223633,-122.96666717529297,False,-99.0,ACOE_MDR98a,Tomales Control,Tomales Bay Control,CNG,USA,San Francisco Bay,Marin Coastal,Marin,Tomales Bay,Tomales Bay North,NA,
33.96044921875,-118.4606704711914,True,-99.0,ACOE_MDR98b,Station 1,NA,ESM,USA,Los Angeles,Santa Monica Bay,Los Angeles,Marina del Rey,Marina Del Rey,NA,
33.959999084472656,-118.4603271484375,True,-99.0,ACOE_MDR98b,Station 2,NA,ESM,USA,Los Angeles,Santa Monica Bay,Los Angeles,Marina del Rey,Marina Del Rey,NA,
33.95954895019531,-118.46015167236328,True,-99.0,ACOE_MDR98b,Station 3,NA,ESM,USA,Los Angeles,Santa Monica Bay,Los Angeles,Marina del Rey,Marina Del Rey,NA,
33.95975112915039,-118.4605484008789,True,-99.0,ACOE_MDR98b,Station 4,NA,ESM,USA,Los Angeles,Santa Monica Bay,Los Angeles,Marina del Rey,Marina Del Rey,NA,
33.959720611572266,-118.46096801757812,True,-99.0,ACOE_MDR98b,Station 5,NA,ESM,USA,Los Angeles,Santa Monica Bay,Los Angeles,Marina del Rey,Marina Del Rey,NA,
33.959529876708984,-118.46085357666016,True,-99.0,ACOE_MDR98b,Station 6,NA,ESM,USA,Los Angeles,Santa Monica Bay,Los Angeles,Marina del Rey,Marina Del Rey,NA,
33.96390151977539,-118.46119689941406,True,-99.0,ACOE_MDR99,Area 1,NA,ESM,USA,Los Angeles,Santa Monica Bay,Los Angeles,Marina del Rey,Marina Del Rey,NA,
33.96310043334961,-118.46269989013672,True,-99.0,ACOE_MDR99,Area 2,NA,ESM,USA,Los Angeles,Santa Monica Bay,Los Angeles,Marina del Rey,Marina Del Rey,NA,
33.96229934692383,-118.46269989013672,True,-99.0,ACOE_MDR99,Area 3,NA,ESM,USA,Los Angeles,Santa Monica Bay,Los Angeles,Marina del Rey,Marina Del Rey,NA,
-99.0,-99.0,True,-99.0,ACOE_MDR99,Area 4,NA,ESM,USA,Los Angeles,Santa Monica Bay,Los Angeles,Marina del Rey,Marina Del Rey,NA,
33.94240188598633,-118.4446029663086,True,-99.0,ACOE_MDR99,DockweilerBeach,NA,OAA,USA,Los Angeles,Santa Monica,Los Angeles,Santa Monica Bay,Santa Monica Bay,NA,
33.5533332824707,-118.18000030517578,False,-99.0,ACOE_MDR99,LA-2 Reference,LA-2 Reference Site,OAA,USA,Santa Ana,Pacific Ocean,Orange,Pacific Ocean,Pacific Ocean,NA,
-99.0,-99.0,False,-99.0,ACOE_MDR99,Redondo Beach,NA,OAA,USA,Los Angeles,Redondo,Los Angeles,Santa Monica Bay,Redondo Beach,NA,
33.77665710449219,-118.24077606201172,False,-99.0,ACOE_Port,CSL-1,NA,ESP,USA,Los Angeles,Dominguez Watershed,Los Angeles,San Pedro Bay,Los Angeles Harbor,POLA,
33.775672912597656,-118.2435073852539,False,-99.0,ACOE_Port,CSL-2,NA,ESP,USA,Los Angeles,Dominguez Watershed,Los Angeles,San Pedro Bay,Los Angeles Harbor,POLA,
33.77571487426758,-118.24427795410156,False,-99.0,ACOE_Port,CSL-3,NA,ESP,USA,Los Angeles,Dominguez Watershed,Los Angeles,San Pedro Bay,Los Angeles Harbor,POLA,
33.77445602416992,-118.24585723876953,False,-99.0,ACOE_Port,CSL-4,NA,ESP,USA,Los Angeles,Dominguez Watershed,Los Angeles,San Pedro Bay,Los Angeles Harbor,POLA,
33.772789001464844,-118.24752044677734,False,-99.0,ACOE_Port,CSL-5,NA,ESP,USA,Los Angeles,Dominguez Watershed,Los Angeles,San Pedro Bay,Los Angeles Harbor,POLA,
33.77187728881836,-118.24835968017578,False,-99.0,ACOE_Port,CSL-6,NA,ESP,USA,Los Angeles,Dominguez Watershed,Los Angeles,San Pedro Bay,Los Angeles Harbor,POLA,
33.730133056640625,-118.26986694335938,False,-99.0,ACOE_Port,DDA-1,NA,ESP,USA,Los Angeles,Dominguez Watershed,Los Angeles,San Pedro Bay,Los Angeles Harbor,POLA,
33.7379150390625,-118.27249145507812,False,-99.0,ACOE_Port,DDA-2,NA,ESP,USA,Los Angeles,Dominguez Watershed,Los Angeles,San Pedro Bay,Los Angeles Harbor,POLA,
33.737979888916016,-118.27044677734375,False,-99.0,ACOE_Port,DDA-3,NA,ESP,USA,Los Angeles,Dominguez Watershed,Los Angeles,San Pedro Bay,Los Angeles Harbor,POLA,
33.75373840332031,-118.27458190917969,False,-99.0,ACOE_Port,FCM-1,NA,ESP,USA,Los Angeles,Dominguez Watershed,Los Angeles,San Pedro Bay,Los Angeles Harbor,POLA,
33.75350570678711,-118.27333068847656,False,-99.0,ACOE_Port,FCM-2,NA,ESP,USA,Los Angeles,Dominguez Watershed,Los Angeles,San Pedro Bay,Los Angeles Harbor,POLA,
33.75135803222656,-118.27244567871094,False,-99.0,ACOE_Port,FCM-3,NA,ESP,USA,Los Angeles,Dominguez Watershed,Los Angeles,San Pedro Bay,Los Angeles Harbor,POLA,
33.7542610168457,-118.28104400634766,False,-99.0,ACOE_Port,FTS-1,NA,ESP,USA,Los Angeles,Dominguez Watershed,Los Angeles,San Pedro Bay,Los Angeles Harbor,POLA,
33.75436782836914,-118.28008270263672,False,-99.0,ACOE_Port,FTS-2,NA,ESP,USA,Los Angeles,Dominguez Watershed,Los Angeles,San Pedro Bay,Los Angeles Harbor,POLA,
33.75457763671875,-118.27838897705078,False,-99.0,ACOE_Port,FTS-3,NA,ESP,USA,Los Angeles,Dominguez Watershed,Los Angeles,San Pedro Bay,Los Angeles Harbor,POLA,
33.75491714477539,-118.27767944335938,False,-99.0,ACOE_Port,FTS-4,NA,ESP,USA,Los Angeles,Dominguez Watershed,Los Angeles,San Pedro Bay,Los Angeles Harbor,POLA,
33.75480270385742,-118.27654266357422,False,-99.0,ACOE_Port,FTS-5,NA,ESP,USA,Los Angeles,Dominguez Watershed,Los Angeles,San Pedro Bay,Los Angeles Harbor,POLA,
33.768253326416016,-118.25532531738281,False,-99.0,ACOE_Port,HNP-1,NA,ESP,USA,Los Angeles,Dominguez Watershed,Los Angeles,San Pedro Bay,Los Angeles Harbor,POLA,
33.7690544128418,-118.25257110595703,False,-99.0,ACOE_Port,HNP-2,NA,ESP,USA,Los Angeles,Dominguez Watershed,Los Angeles,San Pedro Bay,Los Angeles Harbor,POLA,
33.767845153808594,-118.27864837646484,False,-99.0,ACOE_Port,NWB-1,NA,ESP,USA,Los Angeles,Dominguez Watershed,Los Angeles,San Pedro Bay,Los Angeles Harbor,POLA,
33.76698303222656,-118.27604675292969,False,-99.0,ACOE_Port,NWB-2,NA,ESP,USA,Los Angeles,Dominguez Watershed,Los Angeles,San Pedro Bay,Los Angeles Harbor,POLA,
33.766666412353516,-118.27796173095703,False,-99.0,ACOE_Port,NWB-3,NA,ESP,USA,Los Angeles,Dominguez Watershed,Los Angeles,San Pedro Bay,Los Angeles Harbor,POLA,
33.73509216308594,-118.2706069946289,False,-99.0,ACOE_Port,SMS-1,NA,ESP,USA,Los Angeles,Dominguez Watershed,Los Angeles,San Pedro Bay,Los Angeles Harbor,POLA,
33.73265838623047,-118.27037811279297,False,-99.0,ACOE_Port,SMS-2,NA,ESP,USA,Los Angeles,Dominguez Watershed,Los Angeles,San Pedro Bay,Los Angeles Harbor,POLA,
33.73093795776367,-118.27090454101562,False,-99.0,ACOE_Port,SMS-3,NA,ESP,USA,Los Angeles,Dominguez Watershed,Los Angeles,San Pedro Bay,Los Angeles Harbor,POLA,
37.77933120727539,-122.30733489990234,False,-99.0,ANAS_SEAPL,BERC1,Seaplane Lagoon,ESP,USA,San Francisco Bay,San Francisco Bay,Alameda,SFB Central Bay,Alameda Seaplane,NA,
37.77531814575195,-122.30736541748047,False,-99.0,ANAS_SEAPL,BERC10,Seaplane Lagoon,ESP,USA,San Francisco Bay,San Francisco Bay,Alameda,SFB Central Bay,Alameda Seaplane,NA,
37.775115966796875,-122.30509948730469,False,-99.0,ANAS_SEAPL,BERC11,Seaplane Lagoon,ESP,USA,San Francisco Bay,San Francisco Bay,Alameda,SFB Central Bay,Alameda Seaplane,NA,
37.778831481933594,-122.3079833984375,False,-99.0,ANAS_SEAPL,BERC12,Seaplane Lagoon,ESP,USA,San Francisco Bay,San Francisco Bay,Alameda,SFB Central Bay,Alameda Seaplane,NA,
37.779781341552734,-122.30789947509766,False,-99.0,ANAS_SEAPL,BERC13,Seaplane Lagoon,ESP,USA,San Francisco Bay,San Francisco Bay,Alameda,SFB Central Bay,Alameda Seaplane,NA,
37.77975082397461,-122.3066177368164,False,-99.0,ANAS_SEAPL,BERC14,Seaplane Lagoon,ESP,USA,San Francisco Bay,San Francisco Bay,Alameda,SFB Central Bay,Alameda Seaplane,NA,
37.779449462890625,-122.30038452148438,False,-99.0,ANAS_SEAPL,BERC15,Seaplane Lagoon,ESP,USA,San Francisco Bay,San Francisco Bay,Alameda,SFB Central Bay,Alameda Seaplane,NA,
37.77933120727539,-122.29973602294922,False,-99.0,ANAS_SEAPL,BERC16,Seaplane Lagoon,ESP,USA,San Francisco Bay,San Francisco Bay,Alameda,SFB Central Bay,Alameda Seaplane,NA,
37.77939987182617,-122.29923248291016,False,-99.0,ANAS_SEAPL,BERC17,Seaplane Lagoon,ESP,USA,San Francisco Bay,San Francisco Bay,Alameda,SFB Central Bay,Alameda Seaplane,NA,
37.778682708740234,-122.29903411865234,False,-99.0,ANAS_SEAPL,BERC18,Seaplane Lagoon,ESP,USA,San Francisco Bay,San Francisco Bay,Alameda,SFB Central Bay,Alameda Seaplane,NA,
37.778682708740234,-122.29903411865234,False,-99.0,ANAS_SEAPL,BERC18 DUP,Seaplane Lagoon,ESP,USA,San Francisco Bay,San Francisco Bay,Alameda,SFB Central Bay,Alameda Seaplane,NA,
37.77836608886719,-122.29928588867188,False,-99.0,ANAS_SEAPL,BERC19,Seaplane Lagoon,ESP,USA,San Francisco Bay,San Francisco Bay,Alameda,SFB Central Bay,Alameda Seaplane,NA,
37.77914810180664,-122.30484771728516,False,-99.0,ANAS_SEAPL,BERC2,Seaplane Lagoon,ESP,USA,San Francisco Bay,San Francisco Bay,Alameda,SFB Central Bay,Alameda Seaplane,NA,
37.778465270996094,-122.30048370361328,False,-99.0,ANAS_SEAPL,BERC20,Seaplane Lagoon,ESP,USA,San Francisco Bay,San Francisco Bay,Alameda,SFB Central Bay,Alameda Seaplane,NA,
37.778968811035156,-122.30229949951172,False,-99.0,ANAS_SEAPL,BERC3,Seaplane Lagoon,ESP,USA,San Francisco Bay,San Francisco Bay,Alameda,SFB Central Bay,Alameda Seaplane,NA,
37.77891540527344,-122.29973602294922,False,-99.0,ANAS_SEAPL,BERC4,Seaplane Lagoon,ESP,USA,San Francisco Bay,San Francisco Bay,Alameda,SFB Central Bay,Alameda Seaplane,NA,
37.77695083618164,-122.29996490478516,False,-99.0,ANAS_SEAPL,BERC5,Seaplane Lagoon,ESP,USA,San Francisco Bay,San Francisco Bay,Alameda,SFB Central Bay,Alameda Seaplane,NA,
37.777099609375,-122.30266571044922,False,-99.0,ANAS_SEAPL,BERC6,Seaplane Lagoon,ESP,USA,San Francisco Bay,San Francisco Bay,Alameda,SFB Central Bay,Alameda Seaplane,NA,
37.777198791503906,-122.30491638183594,False,-99.0,ANAS_SEAPL,BERC7,Seaplane Lagoon,ESP,USA,San Francisco Bay,San Francisco Bay,Alameda,SFB Central Bay,Alameda Seaplane,NA,
37.777217864990234,-122.30741882324219,False,-99.0,ANAS_SEAPL,BERC8,Seaplane Lagoon,ESP,USA,San Francisco Bay,San Francisco Bay,Alameda,SFB Central Bay,Alameda Seaplane,NA,
37.77619934082031,-122.30628204345703,False,-99.0,ANAS_SEAPL,BERC9,Seaplane Lagoon,ESP,USA,San Francisco Bay,San Francisco Bay,Alameda,SFB Central Bay,Alameda Seaplane,NA,
37.7796630859375,-122.30219268798828,False,-99.0,ANAS_SEAPL,BF-FF,Seaplane Lagoon,ESP,USA,San Francisco Bay,San Francisco Bay,Alameda,SFB Central Bay,Alameda Seaplane,NA,
0.0,0.0,False,-99.0,ANAS_SEAPL,Control,Bioassay Negative Control,CNG,NA,NA,NA,NA,NA,NA,NA,
37.89883041381836,-122.46658325195312,False,-99.0,ANAS_SEAPL,PC-FF,Forage Fish station,ESM,USA,San Francisco Bay,San Francisco Bay,Marin,SFB Central Bay,Paradise Cove,NA,
37.82400131225586,-122.34860229492188,False,-99.0,ANAS_SEAPL,RL-4,Reference,ESC,USA,San Francisco Bay,San Francisco Bay,San Francisco,SFB Central Bay,Central Bay North,NA,
37.89937973022461,-122.46478271484375,False,-99.0,ANAS_SEAPL,RL-5,Reference,ESM,USA,San Francisco Bay,San Francisco Bay,Marin,SFB Central Bay,Paradise Cove,NA,
37.780059814453125,-122.30587005615234,False,-99.0,ANAS_SEAPL,S1,Seaplane Lagoon,ESP,USA,San Francisco Bay,San Francisco Bay,Alameda,SFB Central Bay,Alameda Seaplane,NA,
37.779258728027344,-122.3022689819336,False,-99.0,ANAS_SEAPL,S2,Seaplane Lagoon,ESP,USA,San Francisco Bay,San Francisco Bay,Alameda,SFB Central Bay,Alameda Seaplane,NA,
37.77935028076172,-122.29772186279297,False,-99.0,ANAS_SEAPL,S3,Seaplane Lagoon,EIP,USA,San Francisco Bay,San Francisco Bay,Alameda,SFB Central Bay,Alameda Seaplane,NA,
37.779598236083984,-122.30671691894531,False,-99.0,ANAS_SEAPL,S4,Seaplane Lagoon,ESP,USA,San Francisco Bay,San Francisco Bay,Alameda,SFB Central Bay,Alameda Seaplane,NA,
37.778079986572266,-122.30220794677734,False,-99.0,ANAS_SEAPL,S5,Seaplane Lagoon,ESP,USA,San Francisco Bay,San Francisco Bay,Alameda,SFB Central Bay,Alameda Seaplane,NA,
37.77701187133789,-122.2983169555664,False,-99.0,ANAS_SEAPL,S6,Seaplane Lagoon,EIP,USA,San Francisco Bay,San Francisco Bay,Alameda,SFB Central Bay,Alameda Seaplane,NA,
37.776371002197266,-122.30516815185547,False,-99.0,ANAS_SEAPL,S7,Seaplane Lagoon,ESP,USA,San Francisco Bay,San Francisco Bay,Alameda,SFB Central Bay,Alameda Seaplane,NA,
37.779239654541016,-122.29759216308594,False,-99.0,ANAS_SEAPL,SP-1,Seaplane Lagoon,EIP,USA,San Francisco Bay,San Francisco Bay,Alameda,SFB Central Bay,Alameda Seaplane,NA,
37.77703857421875,-122.30509185791016,False,-99.0,ANAS_SEAPL,SP-10,Seaplane Lagoon,ESP,USA,San Francisco Bay,San Francisco Bay,Alameda,SFB Central Bay,Alameda Seaplane,NA,
37.7790412902832,-122.29798889160156,False,-99.0,ANAS_SEAPL,SP-2,Seaplane Lagoon,EIP,USA,San Francisco Bay,San Francisco Bay,Alameda,SFB Central Bay,Alameda Seaplane,NA,
37.77873992919922,-122.29859161376953,False,-99.0,ANAS_SEAPL,SP-3,Seaplane Lagoon,ESP,USA,San Francisco Bay,San Francisco Bay,Alameda,SFB Central Bay,Alameda Seaplane,NA,
37.77824020385742,-122.30029296875,False,-99.0,ANAS_SEAPL,SP-4,Seaplane Lagoon,ESP,USA,San Francisco Bay,San Francisco Bay,Alameda,SFB Central Bay,Alameda Seaplane,NA,
37.77753829956055,-122.30229187011719,False,-99.0,ANAS_SEAPL,SP-5,Seaplane Lagoon,ESP,USA,San Francisco Bay,San Francisco Bay,Alameda,SFB Central Bay,Alameda Seaplane,NA,
37.77994155883789,-122.30728912353516,False,-99.0,ANAS_SEAPL,SP-6,Seaplane Lagoon,ESP,USA,San Francisco Bay,San Francisco Bay,Alameda,SFB Central Bay,Alameda Seaplane,NA,
37.77983856201172,-122.30709075927734,False,-99.0,ANAS_SEAPL,SP-7,Seaplane Lagoon,ESP,USA,San Francisco Bay,San Francisco Bay,Alameda,SFB Central Bay,Alameda Seaplane,NA,
37.779541015625,-122.30679321289062,False,-99.0,ANAS_SEAPL,SP-8,Seaplane Lagoon,ESP,USA,San Francisco Bay,San Francisco Bay,Alameda,SFB Central Bay,Alameda Seaplane,NA,
37.778839111328125,-122.30628967285156,False,-99.0,ANAS_SEAPL,SP-9,Seaplane Lagoon,ESP,USA,San Francisco Bay,San Francisco Bay,Alameda,SFB Central Bay,Alameda Seaplane,NA,
37.78010559082031,-122.30819702148438,False,-99.0,ANAS_SEAPL,SPL-A-FF,Seaplane Lagoon,ESP,USA,San Francisco Bay,San Francisco Bay,Alameda,SFB Central Bay,Alameda Seaplane,NA,
37.77962112426758,-122.30842590332031,False,-99.0,ANAS_SEAPL,SPL-A-OUTFALL,Seaplane Lagoon,ESP,USA,San Francisco Bay,San Francisco Bay,Alameda,SFB Central Bay,Alameda Seaplane,NA,
37.779701232910156,-122.30223083496094,False,-99.0,ANAS_SEAPL,SPL-B-FF,Seaplane Lagoon,ESP,USA,San Francisco Bay,San Francisco Bay,Alameda,SFB Central Bay,Alameda Seaplane,NA,
37.7793083190918,-122.30121612548828,False,-99.0,ANAS_SEAPL,SPL-C-FF,Seaplane Lagoon,ESP,USA,San Francisco Bay,San Francisco Bay,Alameda,SFB Central Bay,Alameda Seaplane,NA,
37.776248931884766,-122.30877685546875,False,-99.0,ANAS_SEAPL,SPL-D-FF,Seaplane Lagoon,ESP,USA,San Francisco Bay,San Francisco Bay,Alameda,SFB Central Bay,Alameda Seaplane,NA,
37.776180267333984,-122.30520629882812,False,-99.0,ANAS_SEAPL,SPL-E-FF,Seaplane Lagoon,ESP,USA,San Francisco Bay,San Francisco Bay,Alameda,SFB Central Bay,Alameda Seaplane,NA,
37.777809143066406,-122.3015365600586,False,-99.0,ANAS_SEAPL,SPL-F-FF,Seaplane Lagoon,ESP,USA,San Francisco Bay,San Francisco Bay,Alameda,SFB Central Bay,Alameda Seaplane,NA,
37.867618560791016,-122.4964828491211,True,-99.0,ARQUES,1,Arques Shipyard,ESM,USA,San Francisco Bay,San Francisco Bay,Marin,SFB Central Bay,Richardson Bay,NA,
37.8672981262207,-122.49653625488281,True,-99.0,ARQUES,2,Arques Shipyard,ESM,USA,San Francisco Bay,San Francisco Bay,Marin,SFB Central Bay,Richardson Bay,NA,
0.0,0.0,False,-99.0,ARQUES,Control,Northern SF Bay Control,CNG,USA,San Francisco Bay,San Francisco Bay,San Francisco,NA,NA,NA,
-99.0,-99.0,False,-99.0,ARQUES,Reference,Alcatraz Reference - Environs,ESU,USA,San Francisco Bay,San Francisco Bay,San Francisco,SFB Central Bay,Alcatraz,NA,
0.0,0.0,False,0.0,BAL_III_93,Background,Background sample,CNG,NA,NA,NA,NA,NA,NA,NA,
38.230499267578125,-122.96116638183594,False,0.0,BAL_III_93,C-NE,"control, Dillon Beach/Tomales Bay, CA",CNG,USA,San Francisco Bay,Marin Coastal,Marin,Tomales Bay,Tomales Bay North,NA,
38.03874969482422,-122.12132263183594,True,0.0,BAL_III_93,CS-1,Carquinez Strait composite,ESU,USA,San Francisco Bay,San Francisco Bay,Contra Costa,SFB Carquinez Strait,Carquinez,NA,
38.03874969482422,-122.12132263183594,False,0.0,BAL_III_93,CS-1-A,Carquinez Strait,ESU,USA,San Francisco Bay,San Francisco Bay,Contra Costa,SFB Carquinez Strait,Carquinez,NA,
38.03733825683594,-122.12071990966797,False,0.0,BAL_III_93,CS-1-B,Carquinez Strait,ESU,USA,San Francisco Bay,San Francisco Bay,Contra Costa,SFB Carquinez Strait,Carquinez,NA,
38.03873062133789,-122.12325286865234,False,0.0,BAL_III_93,CS-1-C,Carquinez Strait,ESU,USA,San Francisco Bay,San Francisco Bay,Contra Costa,SFB Carquinez Strait,Carquinez,NA,
48.06133270263672,-123.02216339111328,False,0.0,BAL_III_93,C-SB,"control, Sequim Bay, WA",CNG,USA,NA,Puget Sound,Jefferson,Puget Sound,Puget Sound,NA,
48.39716720581055,-122.66666412353516,False,0.0,BAL_III_93,C-WB,"control, West Beach, Whidbey Is., WA",CNG,USA,NA,Puget Sound,Island,Puget Sound,Puget Sound,NA,
38.006309509277344,-122.40634155273438,False,0.0,BAL_III_93,P II C,Pinole Shoal reach,ESU,USA,San Francisco Bay,San Francisco Bay,Contra Costa,SFB San Pablo Bay,San Pablo Bay,NA,
38.01860809326172,-122.38794708251953,False,0.0,BAL_III_93,P III.5 R,Pinole Shoal reach,ESU,USA,San Francisco Bay,San Francisco Bay,Contra Costa,SFB San Pablo Bay,San Pablo Bay,NA,
38.02339172363281,-122.38072967529297,False,0.0,BAL_III_93,P IV R,Pinole Shoal reach,ESU,USA,San Francisco Bay,San Francisco Bay,Contra Costa,SFB San Pablo Bay,San Pablo Bay,NA,
38.05414962768555,-122.31157684326172,False,0.0,BAL_III_93,P IX C,Pinole Shoal reach,ESU,USA,San Francisco Bay,San Francisco Bay,Contra Costa,SFB San Pablo Bay,San Pablo Bay,NA,
38.05596923828125,-122.30274200439453,False,0.0,BAL_III_93,P IX.5 L,Pinole Shoal reach,ESU,USA,San Francisco Bay,San Francisco Bay,Contra Costa,SFB San Pablo Bay,San Pablo Bay,NA,
38.03281021118164,-122.36856842041016,False,0.0,BAL_III_93,P V L,Pinole Shoal reach,ESU,USA,San Francisco Bay,San Francisco Bay,Contra Costa,SFB San Pablo Bay,San Pablo Bay,NA,
38.03166961669922,-122.36768341064453,False,0.0,BAL_III_93,P V R,Pinole Shoal reach,ESU,USA,San Francisco Bay,San Francisco Bay,Contra Costa,SFB San Pablo Bay,San Pablo Bay,NA,
38.03636169433594,-122.3591537475586,False,0.0,BAL_III_93,P V.5 C,Pinole Shoal reach,ESU,USA,San Francisco Bay,San Francisco Bay,Contra Costa,SFB San Pablo Bay,San Pablo Bay,NA,
38.04069137573242,-122.35243225097656,False,0.0,BAL_III_93,P VI L,Pinole Shoal reach,ESU,USA,San Francisco Bay,San Francisco Bay,Contra Costa,SFB San Pablo Bay,San Pablo Bay,NA,
38.03968811035156,-122.35154724121094,False,0.0,BAL_III_93,P VI R,Pinole Shoal reach,ESU,USA,San Francisco Bay,San Francisco Bay,Contra Costa,SFB San Pablo Bay,San Pablo Bay,NA,
38.0435791015625,-122.34503936767578,False,0.0,BAL_III_93,P VI.5 C,Pinole Shoal reach,ESU,USA,San Francisco Bay,San Francisco Bay,Contra Costa,SFB San Pablo Bay,San Pablo Bay,NA,
38.0460090637207,-122.33992004394531,False,0.0,BAL_III_93,P VII C,Pinole Shoal reach,ESU,USA,San Francisco Bay,San Francisco Bay,Contra Costa,SFB San Pablo Bay,San Pablo Bay,NA,
38.04890060424805,-122.33424377441406,False,0.0,BAL_III_93,P VII.5 C,Pinole Shoal reach,ESU,USA,San Francisco Bay,San Francisco Bay,Contra Costa,SFB San Pablo Bay,San Pablo Bay,NA,
38.05205154418945,-122.3284683227539,False,0.0,BAL_III_93,P VIII L,Pinole Shoal reach,ESU,USA,San Francisco Bay,San Francisco Bay,Contra Costa,SFB San Pablo Bay,San Pablo Bay,NA,
38.050811767578125,-122.32752990722656,False,0.0,BAL_III_93,P VIII R,Pinole Shoal reach,ESU,USA,San Francisco Bay,San Francisco Bay,Contra Costa,SFB San Pablo Bay,San Pablo Bay,NA,
38.05324172973633,-122.31816101074219,False,0.0,BAL_III_93,P VIII.5 C,Pinole Shoal reach,ESU,USA,San Francisco Bay,San Francisco Bay,Contra Costa,SFB San Pablo Bay,San Pablo Bay,NA,
38.055999755859375,-122.29633331298828,False,0.0,BAL_III_93,P X R,Pinole Shoal reach,ESU,USA,San Francisco Bay,San Francisco Bay,Contra Costa,SFB San Pablo Bay,San Pablo Bay,NA,
38.05807113647461,-122.2873764038086,False,0.0,BAL_III_93,P X.5 C,Pinole Shoal reach,ESU,USA,San Francisco Bay,San Francisco Bay,Contra Costa,SFB San Pablo Bay,San Pablo Bay,NA,
38.05936050415039,-122.2798080444336,False,0.0,BAL_III_93,P XI L,Pinole Shoal reach,ESU,USA,San Francisco Bay,San Francisco Bay,Contra Costa,SFB San Pablo Bay,San Pablo Bay,NA,
38.05611038208008,-122.27291107177734,False,0.0,BAL_III_93,P XII R,Pinole Shoal reach,ESU,USA,San Francisco Bay,San Francisco Bay,Contra Costa,SFB San Pablo Bay,San Pablo Bay,NA,
38.0554084777832,-122.27281951904297,False,0.0,BAL_III_93,P XII RR,Pinole Shoal reach,ESU,USA,San Francisco Bay,San Francisco Bay,Contra Costa,SFB San Pablo Bay,San Pablo Bay,NA,
38.05744171142578,-122.2689437866211,False,0.0,BAL_III_93,P XII.5 C,Pinole Shoal reach,ESU,USA,San Francisco Bay,San Francisco Bay,Contra Costa,SFB San Pablo Bay,San Pablo Bay,NA,
38.05595016479492,-122.26850891113281,False,0.0,BAL_III_93,P XII.5 R,Pinole Shoal reach,ESU,USA,San Francisco Bay,San Francisco Bay,Contra Costa,SFB San Pablo Bay,San Pablo Bay,NA,
38.05971145629883,-122.26094818115234,False,0.0,BAL_III_93,P XIII L,Pinole Shoal reach,ESU,USA,San Francisco Bay,San Francisco Bay,Contra Costa,SFB Carquinez Strait,Carquinez,NA,
38.05778121948242,-122.2603530883789,False,0.0,BAL_III_93,P XIII R,Pinole Shoal reach,ESU,USA,San Francisco Bay,San Francisco Bay,Contra Costa,SFB Carquinez Strait,Carquinez,NA,
38.060791015625,-122.2509765625,False,0.0,BAL_III_93,P XIV C,Pinole Shoal reach,ESU,USA,San Francisco Bay,San Francisco Bay,Contra Costa,SFB Carquinez Strait,Carquinez,NA,
38.01860809326172,-122.38794708251953,True,0.0,BAL_III_93,PS-1,Pinole Shoal reach composite,ESU,USA,San Francisco Bay,San Francisco Bay,Contra Costa,SFB San Pablo Bay,San Pablo Bay,NA,
38.0435791015625,-122.34503936767578,True,0.0,BAL_III_93,PS-2,Pinole Shoal reach composite,ESU,USA,San Francisco Bay,San Francisco Bay,Contra Costa,SFB San Pablo Bay,San Pablo Bay,NA,
38.05596923828125,-122.30274200439453,True,0.0,BAL_III_93,PS-3,Pinole Shoal reach composite,ESU,USA,San Francisco Bay,San Francisco Bay,Contra Costa,SFB San Pablo Bay,San Pablo Bay,NA,
38.05744171142578,-122.2689437866211,True,0.0,BAL_III_93,PS-4,Pinole Shoal reach composite,ESU,USA,San Francisco Bay,San Francisco Bay,Contra Costa,SFB San Pablo Bay,San Pablo Bay,NA,
37.74166488647461,-122.27666473388672,True,0.0,BAL_III_93,R-BF,Total Bay Farm Borrow-reference,ESU,USA,San Francisco Bay,San Francisco Bay,Alameda,SFB Central Bay,Central Bay South,NA,Check - may be NAD27
37.411834716796875,-123.24566650390625,False,0.0,BAL_III_93,R-OS,Deep Off-Shelf-reference,OAA,USA,San Francisco Bay,Pacific Ocean,NA,Pacific Ocean,Pacific Ocean,NA,Check - may be NAD27
37.92375183105469,-122.4437026977539,False,0.0,BAL_III_93,WR II L,West Richmond reach,ESU,USA,San Francisco Bay,San Francisco Bay,NA,SFB Central Bay,Central Bay North,NA,
37.914588928222656,-122.443603515625,True,0.0,BAL_III_93,WR-1,West Richmond reach composite,ESU,USA,San Francisco Bay,San Francisco Bay,NA,SFB Central Bay,Central Bay North,NA,
37.914588928222656,-122.44361114501953,False,0.0,BAL_III_93,WR-1-A,West Richmond reach,ESU,USA,San Francisco Bay,San Francisco Bay,NA,SFB Central Bay,Central Bay North,NA,
37.91082000732422,-122.44731903076172,False,0.0,BAL_III_93,WR-1-B,West Richmond reach,ESU,USA,San Francisco Bay,San Francisco Bay,NA,SFB Central Bay,Central Bay North,NA,
37.90660858154297,-122.44152069091797,False,0.0,BAL_III_93,WR-1-C,West Richmond reach,ESU,USA,San Francisco Bay,San Francisco Bay,NA,SFB Central Bay,Central Bay North,NA,
37.902828216552734,-122.4389877319336,False,0.0,BAL_III_93,WR-1-D,West Richmond reach,ESU,USA,San Francisco Bay,San Francisco Bay,NA,SFB Central Bay,Central Bay North,NA,
37.91273880004883,-122.44232940673828,False,0.0,BAL_III_93,WR-1-E,West Richmond reach,ESU,USA,San Francisco Bay,San Francisco Bay,NA,SFB Central Bay,Central Bay North,NA,
37.914588928222656,-122.44361114501953,True,0.0,BAL_III_93,WR-2,West Richmond reach composite,ESU,USA,San Francisco Bay,San Francisco Bay,NA,SFB Central Bay,Central Bay North,NA,
37.92107009887695,-122.44245910644531,False,0.0,BAL_III_93,WR-A,West Richmond reach,ESU,USA,San Francisco Bay,San Francisco Bay,NA,SFB Central Bay,Central Bay North,NA,
37.91822814941406,-122.44306945800781,False,0.0,BAL_III_93,WR-II.5 L,West Richmond reach,ESU,USA,San Francisco Bay,San Francisco Bay,NA,SFB Central Bay,Central Bay North,NA,
37.8209342956543,-122.33985137939453,True,-99.0,BAYBRIDGE,Access-N-1,NA,ESS,USA,San Francisco Bay,San Francisco Bay,San Francisco,SFB Central Bay,Central Bay North,NA,
37.821632385253906,-122.3359146118164,True,-99.0,BAYBRIDGE,Access-N-2,NA,ESS,USA,San Francisco Bay,San Francisco Bay,San Francisco,SFB Central Bay,Central Bay North,NA,
37.82135009765625,-122.33411407470703,True,-99.0,BAYBRIDGE,Access-N-3,NA,ESS,USA,San Francisco Bay,San Francisco Bay,San Francisco,SFB Central Bay,Central Bay North,NA,
37.82246780395508,-122.33003234863281,True,-99.0,BAYBRIDGE,Access-N-4,NA,ESS,USA,San Francisco Bay,San Francisco Bay,San Francisco,SFB Central Bay,Central Bay North,NA,
37.82270050048828,-122.32682037353516,True,-99.0,BAYBRIDGE,Access-N-5,NA,EIS,USA,San Francisco Bay,San Francisco Bay,San Francisco,SFB Central Bay,Central Bay North,NA,
37.829166412353516,-122.43133544921875,False,-99.0,BAYBRIDGE,Alcatraz Ref,Alcatraz Reference Site,ESC,USA,San Francisco Bay,San Francisco Bay,San Francisco,SFB Central Bay,Alcatraz,NA,
0.0,0.0,False,-99.0,BAYBRIDGE,Control,Bioassay Negative Control,CNG,NA,NA,NA,NA,NA,NA,NA,
37.89921569824219,-122.4643325805664,False,-99.0,BAYBRIDGE,Paradise Cove,Paradise Cove,ESM,USA,San Francisco Bay,San Francisco Bay,Marin,SFB Central Bay,Paradise Cove,NA,
37.41666793823242,-123.24833679199219,False,-99.0,BAYBRIDGE,SF-DODS,Ocean Reference Site West of SFB,OAA,USA,San Francisco Bay,Pacific Ocean,NA,Pacific Ocean,Pacific Ocean,NA,
37.817134857177734,-122.35475158691406,True,-99.0,BAYBRIDGE,SFOBB-N-1,NA,ESC,USA,San Francisco Bay,San Francisco Bay,San Francisco,SFB Central Bay,Central Bay North,NA,
37.81943130493164,-122.3482666015625,True,-99.0,BAYBRIDGE,SFOBB-N-2,NA,ESC,USA,San Francisco Bay,San Francisco Bay,San Francisco,SFB Central Bay,Central Bay North,NA,
37.819984436035156,-122.34290313720703,True,-99.0,BAYBRIDGE,SFOBB-N-3,NA,ESC,USA,San Francisco Bay,San Francisco Bay,San Francisco,SFB Central Bay,Central Bay North,NA,
37.82148361206055,-122.33464813232422,True,-99.0,BAYBRIDGE,SFOBB-N-4,NA,ESS,USA,San Francisco Bay,San Francisco Bay,San Francisco,SFB Central Bay,Central Bay North,NA,
37.82154846191406,-122.33125305175781,True,-99.0,BAYBRIDGE,SFOBB-N-5,NA,ESS,USA,San Francisco Bay,San Francisco Bay,San Francisco,SFB Central Bay,Central Bay North,NA,
37.82228469848633,-122.3271484375,True,-99.0,BAYBRIDGE,SFOBB-N-6,NA,EIS,USA,San Francisco Bay,San Francisco Bay,San Francisco,SFB Central Bay,Central Bay North,NA,
37.82251739501953,-122.32623291015625,True,-99.0,BAYBRIDGE,SFOBB-N-7,NA,EIS,USA,San Francisco Bay,San Francisco Bay,San Francisco,SFB Central Bay,Central Bay North,NA,
38.109100341796875,-122.42095184326172,False,-99.0,BAYBRIDGE,Tubbs Island,Tubbs Island,ESS,USA,San Francisco Bay,San Francisco Bay,Sonoma,SFB San Pablo Bay,Tubbs Island,NA,
38.04584884643555,-122.1572265625,True,-99.0,BENI_01,1,Benicia Marina,EIM,USA,San Francisco Bay,San Francisco Bay,Solano,SFB Carquinez Strait,Benicia Marina,NA,
38.04520034790039,-122.15498352050781,True,-99.0,BENI_01,2,Benicia Marina,ESM,USA,San Francisco Bay,San Francisco Bay,Solano,SFB Carquinez Strait,Benicia Marina,NA,
38.04473114013672,-122.1573486328125,False,-99.0,BENI_01,3,Benicia Marina,ESM,USA,San Francisco Bay,San Francisco Bay,Solano,SFB Carquinez Strait,Benicia Marina,NA,
38.04304885864258,-122.157470703125,True,-99.0,BENI_01,4,Benicia Marina,ESM,USA,San Francisco Bay,San Francisco Bay,Solano,SFB Carquinez Strait,Benicia Marina,NA,
0.0,0.0,False,-99.0,BENI_01,Control,Bioassay Negative Control,CNG,NA,NA,NA,NA,NA,NA,NA,
-99.0,-99.0,False,-99.0,BENI_01,Reference,Carquinez Disposal Site Reference,ESU,USA,San Francisco Bay,San Francisco Bay,Contra Costa,SFB Carquinez Strait,Carquinez,NA,
38.0434684753418,-122.15727233886719,True,-99.0,BENI_96,A,Benicia Marina,ESM,USA,San Francisco Bay,San Francisco Bay,Solano,SFB Carquinez Strait,Benicia Marina,NA,
38.04534912109375,-122.15740203857422,True,-99.0,BENI_96,B,Benicia Marina,ESM,USA,San Francisco Bay,San Francisco Bay,Solano,SFB Carquinez Strait,Benicia Marina,NA,
38.044979095458984,-122.15487670898438,True,-99.0,BENI_96,C,Benicia Marina,ESM,USA,San Francisco Bay,San Francisco Bay,Solano,SFB Carquinez Strait,Benicia Marina,NA,
0.0,0.0,False,-99.0,BENI_96,Control,San Francisco Bay Control,CNG,USA,San Francisco Bay,San Francisco Bay,San Francisco,NA,NA,NA,
-99.0,-99.0,False,-99.0,BENI_96,Reference,Carquinez Disposal Site Reference,ESU,USA,San Francisco Bay,San Francisco Bay,Contra Costa,SFB Carquinez Strait,Carquinez,NA,
38.043800354003906,-122.15621948242188,True,-99.0,BENI_97,A,Benicia Marina,EIM,USA,San Francisco Bay,San Francisco Bay,Solano,SFB Carquinez Strait,Benicia Marina,NA,
38.04534912109375,-122.15628051757812,True,-99.0,BENI_97,B,Benicia Marina,ESM,USA,San Francisco Bay,San Francisco Bay,Solano,SFB Carquinez Strait,Benicia Marina,NA,
38.04561996459961,-122.15357208251953,True,-99.0,BENI_97,C,Benicia Marina,EIM,USA,San Francisco Bay,San Francisco Bay,Solano,SFB Carquinez Strait,Benicia Marina,NA,
0.0,0.0,False,-99.0,BENI_97,Control,San Francisco Bay Control,CNG,USA,San Francisco Bay,San Francisco Bay,San Francisco,NA,NA,NA,
-99.0,-99.0,False,-99.0,BENI_97,Reference,Carquinez Disposal Site Reference,ESU,USA,San Francisco Bay,San Francisco Bay,Contra Costa,SFB Carquinez Strait,Carquinez,NA,
33.75638961791992,-118.27833557128906,False,34.0,BPTCP,1,Southwest Slip,ESP,USA,Los Angeles,Dominguez Watershed,Los Angeles,San Pedro Bay,Los Angeles Harbor,POLA,
33.72694396972656,-118.27166748046875,False,33.0,BPTCP,10,Lower Main Channel,ESP,USA,Los Angeles,Dominguez Watershed,Los Angeles,San Pedro Bay,Los Angeles Harbor,POLA,
36.7488899230957,-121.87694549560547,False,32.0,BPTCP,100,Monterey Bay Reference,OAA,USA,Central Coast,Monterey Bay,Monterey,Monterey Bay,Monterey Bay,NA,
32.70941162109375,-117.18949890136719,False,32.0,BPTCP,1000,CARRIER BASE V2 (x6),ESP,USA,San Diego,San Diego Bay,San Diego,San Diego Bay,SD Bay North,NA,
32.70943069458008,-117.18900299072266,False,32.0,BPTCP,1001,CARRIER BASE V2 (x7),ESP,USA,San Diego,San Diego Bay,San Diego,San Diego Bay,SD Bay North,NA,
33.768001556396484,-118.4540023803711,False,35.0,BPTCP,1002,PALOS VERDES (SWARTZ 6)-REP 1,OAA,USA,Los Angeles,Pacific Ocean,Los Angeles,Pacific Ocean,Pacific Ocean,NA,
33.7668342590332,-118.45449829101562,False,32.0,BPTCP,1003,PALOS VERDES (SWARTZ 6)-REP 2,OAA,USA,Los Angeles,Pacific Ocean,Los Angeles,Pacific Ocean,Pacific Ocean,NA,
33.768001556396484,-118.45249938964844,False,32.0,BPTCP,1004,PALOS VERDES (SWARTZ 6)-REP 3,OAA,USA,Los Angeles,Pacific Ocean,Los Angeles,Pacific Ocean,Pacific Ocean,NA,
33.71500015258789,-118.28116607666016,False,34.0,BPTCP,1005,PALOS V.(SWARTZ 6)-REP 4 BLIND,ESP,USA,Los Angeles,Dominguez Watershed,Los Angeles,San Pedro Bay,Los Angeles Harbor,POLA,
33.71466827392578,-118.28067016601562,False,32.0,BPTCP,1006,OFF CABRILLO BEACH-REP 1,ESP,USA,Los Angeles,Dominguez Watershed,Los Angeles,San Pedro Bay,Los Angeles Harbor,POLA,
33.714332580566406,-118.28133392333984,False,34.0,BPTCP,1007,OFF CABRILLO BEACH-REP 2,ESP,USA,Los Angeles,Dominguez Watershed,Los Angeles,San Pedro Bay,Los Angeles Harbor,POLA,
33.71366882324219,-118.28099822998047,False,33.0,BPTCP,1008,OFF CABRILLO BEACH-REP 3,ESP,USA,Los Angeles,Dominguez Watershed,Los Angeles,San Pedro Bay,Los Angeles Harbor,POLA,
36.745277404785156,-121.87944030761719,False,32.0,BPTCP,101,Monterey Bay Reference,OAA,USA,Central Coast,Monterey Bay,Monterey,Monterey Bay,Monterey Bay,NA,
32.69150161743164,-117.16016387939453,False,33.0,BPTCP,1013,S.S.- CORONADO DD3 (x1) REP 1,ESS,USA,San Diego,San Diego Bay,San Diego,San Diego Bay,SD Bay North,NA,
32.692501068115234,-117.16100311279297,False,34.0,BPTCP,1014,S.S.- CORONADO DD3 (x1) REP 2,ESS,USA,San Diego,San Diego Bay,San Diego,San Diego Bay,SD Bay North,NA,
32.691165924072266,-117.16100311279297,False,34.0,BPTCP,1015,S.S.- CORONADO DD3 (x1) REP 3,ESS,USA,San Diego,San Diego Bay,San Diego,San Diego Bay,SD Bay North,NA,
32.68266677856445,-117.15116882324219,False,35.0,BPTCP,1016,SILVER STRAND FF4 (x4) REP 1,ESS,USA,San Diego,San Diego Bay,San Diego,San Diego Bay,SD Bay South,NA,
32.68316650390625,-117.1520004272461,False,35.0,BPTCP,1017,SILVER STRAND FF4 (x4) REP 2,ESS,USA,San Diego,San Diego Bay,San Diego,San Diego Bay,SD Bay South,NA,
32.68283462524414,-117.15216827392578,False,35.0,BPTCP,1018,SILVER STRAND FF4 (x4) REP 3,ESS,USA,San Diego,San Diego Bay,San Diego,San Diego Bay,SD Bay South,NA,
32.625831604003906,-117.10900115966797,False,34.0,BPTCP,1019,5 SDG&E REP 1,ESS,USA,San Diego,San Diego Bay,San Diego,San Diego Bay,SD Bay South,NA,
36.75027847290039,-121.87638854980469,False,32.0,BPTCP,102,Monterey Bay Reference,OAA,USA,Central Coast,Monterey Bay,Monterey,Monterey Bay,Monterey Bay,NA,
32.6254997253418,-117.1086654663086,False,34.0,BPTCP,1020,5 SDG&E REP 2,ESS,USA,San Diego,San Diego Bay,San Diego,San Diego Bay,SD Bay South,NA,
32.625,-117.10900115966797,False,34.0,BPTCP,1021,5 SDG&E REP 3,ESS,USA,San Diego,San Diego Bay,San Diego,San Diego Bay,SD Bay South,NA,
32.63249969482422,-117.10694122314453,False,32.0,BPTCP,1022,STORMDRAIN EA (ROHR CH.) REP 1,EIU,USA,San Diego,San Diego Bay,San Diego,San Diego Bay,SD Bay South,NA,
32.633056640625,-117.10694122314453,False,32.0,BPTCP,1023,STORMDRAIN EA (ROHR CH.) REP 2,EIU,USA,San Diego,San Diego Bay,San Diego,San Diego Bay,SD Bay South,NA,
32.63194274902344,-117.10694122314453,False,32.0,BPTCP,1024,STORMDRAIN EA (ROHR CH.) REP 3,EIU,USA,San Diego,San Diego Bay,San Diego,San Diego Bay,SD Bay South,NA,
32.621334075927734,-117.12982940673828,False,35.0,BPTCP,1025,CORONADO CAYS T3 (x1),ESM,USA,San Diego,San Diego Bay,San Diego,San Diego Bay,SD Bay South,NA,
32.63249969482422,-117.12266540527344,False,35.0,BPTCP,1026,SOUTH BAY GG4 (x1),ESS,USA,San Diego,San Diego Bay,San Diego,San Diego Bay,SD Bay South,NA,
32.647666931152344,-117.12149810791016,False,35.0,BPTCP,1027,CHANNEL-SOUTH BAY AA1 (x1),ESP,USA,San Diego,San Diego Bay,San Diego,San Diego Bay,SD Bay South,NA,
32.64799880981445,-117.12933349609375,False,34.0,BPTCP,1028,SOUTH BAY GG2 (x1),ESS,USA,San Diego,San Diego Bay,San Diego,San Diego Bay,SD Bay South,NA,
32.757667541503906,-117.22633361816406,False,28.0,BPTCP,1029,SAN DIEGO RIVER B2 (x2),ESR,USA,San Diego,Penasquitos,San Diego,San Diego River,San Diego River,NA,
33.72305679321289,-118.24749755859375,False,34.0,BPTCP,103,San Pedro Bay- POLA 19,ESP,USA,Los Angeles,Dominguez Watershed,Los Angeles,San Pedro Bay,Los Angeles Harbor,POLA,
32.723331451416016,-117.22666931152344,False,34.0,BPTCP,1030,COMMERCIAL BASIN F1 (x1),ESM,USA,San Diego,San Diego Bay,San Diego,San Diego Bay,SD Bay North,NA,
32.78300094604492,-117.21466827392578,False,34.0,BPTCP,1031,MISSION BAY A2 (x1),ESS,USA,San Diego,Penasquitos,San Diego,Mission Bay,Mission Bay,NA,
32.559165954589844,-117.12333679199219,False,31.0,BPTCP,1032,TIJUANA R. ESTUARY HH2 (x1),EIR,USA,San Diego,Tijuana,San Diego,Tijuana River,Tijuana River,NA,
32.633331298828125,-117.11283111572266,False,34.0,BPTCP,1033,SOUTHBAY GG5 (x1),ESS,USA,San Diego,San Diego Bay,San Diego,San Diego Bay,SD Bay South,NA,
32.55950164794922,-117.12616729736328,False,34.0,BPTCP,1034,TIJUANA R. ESTUARY HH2 (x5),EIR,USA,San Diego,Tijuana,San Diego,Tijuana River,Tijuana River,NA,
32.643001556396484,-117.13700103759766,False,35.0,BPTCP,1035,SOUTH BAY GG1 (x1)  REP 1,ESS,USA,San Diego,San Diego Bay,San Diego,San Diego Bay,SD Bay South,NA,
32.641666412353516,-117.13733673095703,False,35.0,BPTCP,1036,SOUTH BAY GG1 (x1)  REP 2,ESS,USA,San Diego,San Diego Bay,San Diego,San Diego Bay,SD Bay South,NA,
32.64149856567383,-117.13700103759766,False,35.0,BPTCP,1037,SOUTH BAY GG1 (x1)  REP 3,ESS,USA,San Diego,San Diego Bay,San Diego,San Diego Bay,SD Bay South,NA,
33.7678337097168,-118.45349884033203,False,33.0,BPTCP,1038,PALOS VERDES (SWARTZ 6)-REP 1,OAA,USA,Los Angeles,Pacific Ocean,Los Angeles,Pacific Ocean,Pacific Ocean,NA,
33.76900100708008,-118.45700073242188,False,33.0,BPTCP,1039,PALOS VERDES (SWARTZ 6)-REP 2,OAA,USA,Los Angeles,Pacific Ocean,Los Angeles,Pacific Ocean,Pacific Ocean,NA,
33.72249984741211,-118.24555969238281,False,36.0,BPTCP,104,San Pedro Bay- POLA 19,ESP,USA,Los Angeles,Dominguez Watershed,Los Angeles,San Pedro Bay,Los Angeles Harbor,POLA,
33.767333984375,-118.44916534423828,False,33.0,BPTCP,1040,PALOS VERDES (SWARTZ 6)-REP 3,OAA,USA,Los Angeles,Pacific Ocean,Los Angeles,Pacific Ocean,Pacific Ocean,NA,
33.73116683959961,-118.16616821289062,False,32.0,BPTCP,1041,LONG BEACH OUTER HAR. -18 REP1,ESU,USA,Los Angeles,Pacific Ocean,Los Angeles,San Pedro Bay,Long Beach Harbor,NA,
33.731666564941406,-118.16583251953125,False,32.0,BPTCP,1042,LONG BEACH OUTER HAR. -18 REP2,ESU,USA,Los Angeles,Pacific Ocean,Los Angeles,San Pedro Bay,Long Beach Harbor,NA,
33.73149871826172,-118.16583251953125,False,32.0,BPTCP,1043,LONG BEACH OUTER HAR. -18 REP3,ESU,USA,Los Angeles,Pacific Ocean,Los Angeles,San Pedro Bay,Long Beach Harbor,NA,
33.73550033569336,-118.08899688720703,False,34.0,BPTCP,1044,ANAHEIM BAY-NAVAL RES.- REP 1,ESP,USA,Santa Ana,Santa Ana River,Orange,Anaheim Bay,Anaheim Bay,NA,
33.73533248901367,-118.0885009765625,False,34.0,BPTCP,1045,ANAHEIM BAY-NAVAL RES.- REP 2,ESP,USA,Santa Ana,Santa Ana River,Orange,Anaheim Bay,Anaheim Bay,NA,
33.73533248901367,-118.08866882324219,False,34.0,BPTCP,1046,ANAHEIM BAY-NAVAL RES.- REP 3,ESP,USA,Santa Ana,Santa Ana River,Orange,Anaheim Bay,Anaheim Bay,NA,
33.74283218383789,-118.20500183105469,False,33.0,BPTCP,1047,SOUTHEAST BASIN- REP1,ESP,USA,Los Angeles,Dominguez Watershed,Los Angeles,San Pedro Bay,Long Beach Harbor,POLB,
33.74216842651367,-118.20449829101562,False,33.0,BPTCP,1048,SOUTHEAST BASIN- REP2,ESP,USA,Los Angeles,Dominguez Watershed,Los Angeles,San Pedro Bay,Long Beach Harbor,POLB,
33.74216842651367,-118.20532989501953,False,33.0,BPTCP,1049,SOUTHEAST BASIN- REP3,ESP,USA,Los Angeles,Dominguez Watershed,Los Angeles,San Pedro Bay,Long Beach Harbor,POLB,
33.7227783203125,-118.24583435058594,False,36.0,BPTCP,105,San Pedro Bay- POLA 19,ESP,USA,Los Angeles,Dominguez Watershed,Los Angeles,San Pedro Bay,Los Angeles Harbor,POLA,
33.77613067626953,-118.24394226074219,False,32.0,BPTCP,1050,CONSOLIDATED SLIP- REP 1,ESP,USA,Los Angeles,Dominguez Watershed,Los Angeles,San Pedro Bay,Los Angeles Harbor,POLA,
33.77616882324219,-118.24433135986328,False,32.0,BPTCP,1051,CONSOLIDATED SLIP- REP 2,ESP,USA,Los Angeles,Dominguez Watershed,Los Angeles,San Pedro Bay,Los Angeles Harbor,POLA,
33.77583312988281,-118.24383544921875,False,32.0,BPTCP,1052,CONSOLIDATED SLIP- REP 3,ESP,USA,Los Angeles,Dominguez Watershed,Los Angeles,San Pedro Bay,Los Angeles Harbor,POLA,
33.752498626708984,-118.27050018310547,False,32.0,BPTCP,1053,"TURNING BASIN, PIER 151- REP 1",ESP,USA,Los Angeles,Dominguez Watershed,Los Angeles,San Pedro Bay,Los Angeles Harbor,POLA,
33.75266647338867,-118.27033233642578,False,32.0,BPTCP,1054,"TURNING BASIN, PIER 151- REP 2",ESP,USA,Los Angeles,Dominguez Watershed,Los Angeles,San Pedro Bay,Los Angeles Harbor,POLA,
33.75299835205078,-118.27066802978516,False,32.0,BPTCP,1055,"TURNING BASIN, PIER 151- REP 3",ESP,USA,Los Angeles,Dominguez Watershed,Los Angeles,San Pedro Bay,Los Angeles Harbor,POLA,
33.7586669921875,-118.19833374023438,False,26.0,BPTCP,1056,INNER QUEENSWAY BAY- REP 1,ESU,USA,Los Angeles,Los Angeles River,Los Angeles,San Pedro Bay,Long Beach Harbor,NA,
33.75849914550781,-118.19966888427734,False,26.0,BPTCP,1057,INNER QUEENSWAY BAY- REP 2,ESU,USA,Los Angeles,Los Angeles River,Los Angeles,San Pedro Bay,Long Beach Harbor,NA,
33.757999420166016,-118.19866943359375,False,26.0,BPTCP,1058,INNER QUEENSWAY BAY- REP 3,ESU,USA,Los Angeles,Los Angeles River,Los Angeles,San Pedro Bay,Long Beach Harbor,NA,
33.72966766357422,-118.20050048828125,False,32.0,BPTCP,1059,LONG BEACH CHANNEL- REP 1,ESP,USA,Los Angeles,Dominguez Watershed,Los Angeles,San Pedro Bay,Long Beach Harbor,POLB,
33.72916793823242,-118.20066833496094,False,32.0,BPTCP,1060,LONG BEACH CHANNEL- REP 2,ESP,USA,Los Angeles,Dominguez Watershed,Los Angeles,San Pedro Bay,Long Beach Harbor,POLB,
33.729331970214844,-118.20099639892578,False,32.0,BPTCP,1061,LONG BEACH CHANNEL- REP 3,ESP,USA,Los Angeles,Dominguez Watershed,Los Angeles,San Pedro Bay,Long Beach Harbor,POLB,
33.75550079345703,-118.27950286865234,False,32.0,BPTCP,1062,SOUTHWEST SLIP- REP 1,ESP,USA,Los Angeles,Dominguez Watershed,Los Angeles,San Pedro Bay,Los Angeles Harbor,POLA,
33.75550079345703,-118.27967071533203,False,32.0,BPTCP,1063,SOUTHWEST SLIP- REP 2,ESP,USA,Los Angeles,Dominguez Watershed,Los Angeles,San Pedro Bay,Los Angeles Harbor,POLA,
33.75583267211914,-118.27967071533203,False,32.0,BPTCP,1064,SOUTHWEST SLIP- REP 3,ESP,USA,Los Angeles,Dominguez Watershed,Los Angeles,San Pedro Bay,Los Angeles Harbor,POLA,
33.758331298828125,-118.1884994506836,False,32.0,BPTCP,1065,SHORELINE MARINA- REP 1,ESU,USA,Los Angeles,Pacific Ocean,Los Angeles,San Pedro Bay,Long Beach Harbor,NA,
33.75849914550781,-118.18900299072266,False,32.0,BPTCP,1066,SHORELINE MARINA- REP 2,ESU,USA,Los Angeles,Pacific Ocean,Los Angeles,San Pedro Bay,Long Beach Harbor,NA,
33.759002685546875,-118.18833923339844,False,32.0,BPTCP,1067,SHORELINE MARINA- REP 3,ESU,USA,Los Angeles,Pacific Ocean,Los Angeles,San Pedro Bay,Long Beach Harbor,NA,
33.71466827392578,-118.28067016601562,False,32.0,BPTCP,1068,OFF CABRILLO BEACH-REP 1,ESP,USA,Los Angeles,Dominguez Watershed,Los Angeles,San Pedro Bay,Los Angeles Harbor,POLA,
33.71500015258789,-118.28083038330078,False,32.0,BPTCP,1069,OFF CABRILLO BEACH-REP 2,ESP,USA,Los Angeles,Dominguez Watershed,Los Angeles,San Pedro Bay,Los Angeles Harbor,POLA,
33.71466827392578,-118.28083038330078,False,30.0,BPTCP,1070,OFF CABRILLO BEACH-REP 3,ESP,USA,Los Angeles,Dominguez Watershed,Los Angeles,San Pedro Bay,Los Angeles Harbor,POLA,
33.715126037597656,-118.28199768066406,False,32.0,BPTCP,1071,OFF CABRILLO BEACH-REP 1,ESP,USA,Los Angeles,Dominguez Watershed,Los Angeles,San Pedro Bay,Los Angeles Harbor,POLA,
33.715667724609375,-118.28199768066406,False,32.0,BPTCP,1072,OFF CABRILLO BEACH-REP 2,ESP,USA,Los Angeles,Dominguez Watershed,Los Angeles,San Pedro Bay,Los Angeles Harbor,POLA,
33.71466827392578,-118.28266906738281,False,31.0,BPTCP,1073,OFF CABRILLO BEACH-REP 3,ESP,USA,Los Angeles,Dominguez Watershed,Los Angeles,San Pedro Bay,Los Angeles Harbor,POLA,
33.71366882324219,-118.28099822998047,False,33.0,BPTCP,1074,OFF CABRILLO BEACH-REP 1,ESP,USA,Los Angeles,Dominguez Watershed,Los Angeles,San Pedro Bay,Los Angeles Harbor,POLA,
33.713165283203125,-118.28133392333984,False,32.0,BPTCP,1075,OFF CABRILLO BEACH-REP 2,ESP,USA,Los Angeles,Dominguez Watershed,Los Angeles,San Pedro Bay,Los Angeles Harbor,POLA,
33.71266555786133,-118.28216552734375,False,31.0,BPTCP,1076,OFF CABRILLO BEACH-REP 3,ESP,USA,Los Angeles,Dominguez Watershed,Los Angeles,San Pedro Bay,Los Angeles Harbor,POLA,
33.76421356201172,-118.11186218261719,False,34.0,BPTCP,1077,LOS CERRITOS CHNL TIDAL P-REP1,ESM,USA,Los Angeles,San Gabriel River,Los Angeles,Alamitos Bay,Alamitos Bay,NA,
33.764373779296875,-118.11219024658203,False,34.0,BPTCP,1078,LOS CERRITOS CHNL TIDAL P-REP2,ESM,USA,Los Angeles,San Gabriel River,Los Angeles,Alamitos Bay,Alamitos Bay,NA,
33.76466751098633,-118.11216735839844,False,34.0,BPTCP,1079,LOS CERRITOS CHNL TIDAL P-REP3,ESM,USA,Los Angeles,San Gabriel River,Los Angeles,Alamitos Bay,Alamitos Bay,NA,
33.98283386230469,-118.4558334350586,False,34.0,BPTCP,1080,MARINA DEL REY-REP 1,ESM,USA,Los Angeles,Santa Monica Bay,Los Angeles,Marina del Rey,Marina Del Rey,NA,
33.983001708984375,-118.4556655883789,False,34.0,BPTCP,1081,MARINA DEL REY-REP 2,ESM,USA,Los Angeles,Santa Monica Bay,Los Angeles,Marina del Rey,Marina Del Rey,NA,
33.98283386230469,-118.45549774169922,False,34.0,BPTCP,1082,MARINA DEL REY-REP 3,ESM,USA,Los Angeles,Santa Monica Bay,Los Angeles,Marina del Rey,Marina Del Rey,NA,
33.963165283203125,-118.45317077636719,False,34.0,BPTCP,1083,BALLONA CREEK-REP 1,ESR,USA,Los Angeles,Santa Monica Bay,Los Angeles,Ballona Creek,Ballona Creek,NA,
33.963111877441406,-118.45305633544922,False,34.0,BPTCP,1084,BALLONA CREEK-REP 2,ESR,USA,Los Angeles,Santa Monica Bay,Los Angeles,Ballona Creek,Ballona Creek,NA,
33.963050842285156,-118.45320892333984,False,34.0,BPTCP,1085,BALLONA CREEK REP3,ESR,USA,Los Angeles,Santa Monica Bay,Los Angeles,Ballona Creek,Ballona Creek,NA,
33.7313346862793,-118.0788345336914,False,32.0,BPTCP,1086,ANAHEIM BAY-NAVY MARSH-REP 1,EIH,USA,Santa Ana,Santa Ana River,Orange,Anaheim Bay,Anaheim Bay NWR,NA,
33.7313346862793,-118.07866668701172,False,32.0,BPTCP,1087,ANAHEIM BAY-NAVY MARSH-REP 2,EIH,USA,Santa Ana,Santa Ana River,Orange,Anaheim Bay,Anaheim Bay NWR,NA,
33.731666564941406,-118.07866668701172,False,32.0,BPTCP,1088,ANAHEIM BAY-NAVY MARSH-REP 3,EIH,USA,Santa Ana,Santa Ana River,Orange,Anaheim Bay,Anaheim Bay NWR,NA,
33.740665435791016,-118.07333374023438,False,33.0,BPTCP,1089,ANAHEIM BAY-NAVY MARSH #2-REP1,EIH,USA,Santa Ana,Santa Ana River,Orange,Anaheim Bay,Anaheim Bay NWR,NA,
33.740665435791016,-118.072998046875,False,33.0,BPTCP,1090,ANAHEIM BAY-NAVY MARSH #2-REP2,EIH,USA,Santa Ana,Santa Ana River,Orange,Anaheim Bay,Anaheim Bay NWR,NA,
33.740665435791016,-118.07316589355469,False,33.0,BPTCP,1091,ANAHEIM BAY-NAVY MARSH #2-REP3,EIH,USA,Santa Ana,Santa Ana River,Orange,Anaheim Bay,Anaheim Bay NWR,NA,
33.74399948120117,-118.07766723632812,False,32.0,BPTCP,1092,SEAL BEACH NWR-BOLSA AVE-REP 1,EIU,USA,Santa Ana,Santa Ana River,Orange,Anaheim Bay,Anaheim Bay NWR,NA,
33.74416732788086,-118.07766723632812,False,32.0,BPTCP,1093,SEAL BEACH NWR-BOLSA AVE-REP 2,EIU,USA,Santa Ana,Santa Ana River,Orange,Anaheim Bay,Anaheim Bay NWR,NA,
33.74366760253906,-118.07766723632812,False,32.0,BPTCP,1094,SEAL BEACH NWR-BOLSA AVE-REP 3,EIU,USA,Santa Ana,Santa Ana River,Orange,Anaheim Bay,Anaheim Bay NWR,NA,
33.737823486328125,-118.08612823486328,False,33.0,BPTCP,1095,SEAL BEACH NWR-REP 1,ESS,USA,Santa Ana,Santa Ana River,Orange,Anaheim Bay,Anaheim Bay NWR,NA,
33.73816680908203,-118.08600616455078,False,33.0,BPTCP,1096,SEAL BEACH NWR-REP 2,ESS,USA,Santa Ana,Santa Ana River,Orange,Anaheim Bay,Anaheim Bay NWR,NA,
33.737648010253906,-118.08618927001953,False,33.0,BPTCP,1097,SEAL BEACH NWR-REP 3,ESS,USA,Santa Ana,Santa Ana River,Orange,Anaheim Bay,Anaheim Bay NWR,NA,
32.6523323059082,-117.14749908447266,False,32.0,BPTCP,1098,37 SWARTZ-REP 1,ESM,USA,San Diego,San Diego Bay,San Diego,San Diego Bay,SD Bay South,NA,
32.65266799926758,-117.14783477783203,False,32.0,BPTCP,1099,37 SWARTZ-REP 2,ESM,USA,San Diego,San Diego Bay,San Diego,San Diego Bay,SD Bay South,NA,
33.72722244262695,-118.27222442626953,False,32.5,BPTCP,11,Lower Main Channel,ESP,USA,Los Angeles,Dominguez Watershed,Los Angeles,San Pedro Bay,Los Angeles Harbor,POLA,
33.73720932006836,-118.26666259765625,False,37.0,BPTCP,110,Inner Fish Harbor,ESP,USA,Los Angeles,Dominguez Watershed,Los Angeles,San Pedro Bay,Los Angeles Harbor,POLA,
32.65283203125,-117.14766693115234,False,32.0,BPTCP,1100,37 SWARTZ-REP 3,ESM,USA,San Diego,San Diego Bay,San Diego,San Diego Bay,SD Bay South,NA,
32.782833099365234,-117.21516418457031,False,32.0,BPTCP,1101,MISSION BAY A2 (x1)-REP 1,ESS,USA,San Diego,Penasquitos,San Diego,Mission Bay,Mission Bay,NA,
32.78266525268555,-117.2145004272461,False,32.0,BPTCP,1102,MISSION BAY A2 (x1)-REP 2,ESS,USA,San Diego,Penasquitos,San Diego,Mission Bay,Mission Bay,NA,
32.782501220703125,-117.21466827392578,False,32.0,BPTCP,1103,MISSION BAY A2 (x1)-REP 3,ESS,USA,San Diego,Penasquitos,San Diego,Mission Bay,Mission Bay,NA,
32.692935943603516,-117.1474380493164,False,34.0,BPTCP,1104,G DE LAPPE-REP 1,ESP,USA,San Diego,San Diego Bay,San Diego,San Diego Bay,SD Bay South,NA,
32.69308090209961,-117.1478271484375,False,34.0,BPTCP,1105,G DE LAPPE-REP 2,ESP,USA,San Diego,San Diego Bay,San Diego,San Diego Bay,SD Bay South,NA,
32.692867279052734,-117.14775848388672,False,33.0,BPTCP,1106,G DE LAPPE-REP 3,ESP,USA,San Diego,San Diego Bay,San Diego,San Diego Bay,SD Bay South,NA,
32.678890228271484,-117.12527465820312,False,32.0,BPTCP,1107,P SWARTZ-REP 1,ESP,USA,San Diego,San Diego Bay,San Diego,San Diego Bay,SD Bay South,NA,
32.678611755371094,-117.12472534179688,False,32.0,BPTCP,1108,P SWARTZ-REP 2,ESP,USA,San Diego,San Diego Bay,San Diego,San Diego Bay,SD Bay South,NA,
32.678890228271484,-117.12472534179688,False,32.0,BPTCP,1109,P SWARTZ-REP 3,ESP,USA,San Diego,San Diego Bay,San Diego,San Diego Bay,SD Bay South,NA,
33.7680549621582,-118.2227783203125,False,34.0,BPTCP,111,Inner Harbor- Channel 3,ESP,USA,Los Angeles,Dominguez Watershed,Los Angeles,San Pedro Bay,Long Beach Harbor,POLB,
32.68983459472656,-117.14016723632812,False,32.0,BPTCP,1110,NAVAL SHIPYARDS O6 (x1)-REP 1,ESP,USA,San Diego,San Diego Bay,San Diego,San Diego Bay,SD Bay South,NA,
32.69016647338867,-117.14016723632812,False,32.0,BPTCP,1111,NAVAL SHIPYARDS O6 (x1)-REP 2,ESP,USA,San Diego,San Diego Bay,San Diego,San Diego Bay,SD Bay South,NA,
32.68983459472656,-117.1405029296875,False,32.0,BPTCP,1112,NAVAL SHIPYARDS O6 (x1)-REP 3,ESP,USA,San Diego,San Diego Bay,San Diego,San Diego Bay,SD Bay South,NA,
32.692501068115234,-117.2388916015625,False,32.0,BPTCP,1113,NSB-R1-REP 1,ESP,USA,San Diego,San Diego Bay,San Diego,San Diego Bay,SD Bay North,NA,
32.69194412231445,-117.23916625976562,False,32.0,BPTCP,1114,NSB-R1-REP 2,ESP,USA,San Diego,San Diego Bay,San Diego,San Diego Bay,SD Bay North,NA,
32.69194412231445,-117.23860931396484,False,32.0,BPTCP,1115,NSB-R1-REP 3,ESP,USA,San Diego,San Diego Bay,San Diego,San Diego Bay,SD Bay North,NA,
32.706668853759766,-117.19049835205078,False,33.0,BPTCP,1116,SDNI-N1-REP 1,ESP,USA,San Diego,San Diego Bay,San Diego,San Diego Bay,SD Bay North,NA,
32.706668853759766,-117.19000244140625,False,34.0,BPTCP,1117,SDNI-N1-REP 2,ESP,USA,San Diego,San Diego Bay,San Diego,San Diego Bay,SD Bay North,NA,
32.707000732421875,-117.19000244140625,False,34.0,BPTCP,1118,SDNI-N1-REP 3,ESP,USA,San Diego,San Diego Bay,San Diego,San Diego Bay,SD Bay North,NA,
32.694740295410156,-117.15005493164062,False,33.0,BPTCP,1119,NAVAL SHIPYARDS O2 (x1)-REP 1,ESP,USA,San Diego,San Diego Bay,San Diego,San Diego Bay,SD Bay North,NA,
32.69486618041992,-117.14984130859375,False,33.0,BPTCP,1120,NAVAL SHIPYARDS O2 (x1)-REP 2,ESP,USA,San Diego,San Diego Bay,San Diego,San Diego Bay,SD Bay North,NA,
32.69499969482422,-117.1500015258789,False,33.0,BPTCP,1121,NAVAL SHIPYARDS O2 (x1)-REP 3,ESP,USA,San Diego,San Diego Bay,San Diego,San Diego Bay,SD Bay North,NA,
32.694000244140625,-117.14900207519531,False,32.0,BPTCP,1122,NAVAL SHIPYARDS O3 (x1)-REP 1,ESP,USA,San Diego,San Diego Bay,San Diego,San Diego Bay,SD Bay South,NA,
32.69383239746094,-117.14933013916016,False,32.0,BPTCP,1123,NAVAL SHIPYARDS O3 (x1)-REP 2,ESP,USA,San Diego,San Diego Bay,San Diego,San Diego Bay,SD Bay South,NA,
32.693668365478516,-117.14883422851562,False,32.0,BPTCP,1124,NAVAL SHIPYARDS O3 (x1)-REP 3,ESP,USA,San Diego,San Diego Bay,San Diego,San Diego Bay,SD Bay South,NA,
32.67183303833008,-117.12333679199219,False,32.0,BPTCP,1125,NAVAL SHIPYARDS O14 (x1),ESP,USA,San Diego,San Diego Bay,San Diego,San Diego Bay,Paleta Creek Channel,NA,
32.70316696166992,-117.2363052368164,False,33.0,BPTCP,1126,FUEL PIERS D2 (x2),ESP,USA,San Diego,San Diego Bay,San Diego,San Diego Bay,SD Bay North,NA,
32.689666748046875,-117.23650360107422,False,34.0,BPTCP,1127,SUB BASE C1 (x1),ESP,USA,San Diego,San Diego Bay,San Diego,San Diego Bay,SD Bay North,NA,
32.66849899291992,-117.12232971191406,False,32.0,BPTCP,1128,MARINE TERMINAL R1 (x1),ESP,USA,San Diego,San Diego Bay,San Diego,San Diego Bay,SD Bay South,NA,
32.64816665649414,-117.11699676513672,False,35.0,BPTCP,1129,32 SWARTZ(SWEETWATER CH)-REP 1,ESP,USA,San Diego,Sweetwater,San Diego,San Diego Bay,Sweetwater Channel,NA,
32.647666931152344,-117.11699676513672,False,34.0,BPTCP,1130,32 SWARTZ(SWEETWATER CH)-REP 2,ESP,USA,San Diego,San Diego Bay,San Diego,San Diego Bay,Sweetwater Channel,NA,
32.647499084472656,-117.1155014038086,False,34.0,BPTCP,1131,32 SWARTZ(SWEETWATER CH)-REP 3,ESP,USA,San Diego,Sweetwater,San Diego,San Diego Bay,Sweetwater Channel,NA,
32.559165954589844,-117.12300109863281,False,34.0,BPTCP,1132,TIJUANA R. EST. HH2 (x1)-REP 1,EIR,USA,San Diego,Tijuana,San Diego,Tijuana River,Tijuana River,NA,
32.558834075927734,-117.12200164794922,False,34.0,BPTCP,1133,TIJUANA R. EST. HH2 (x1)-REP 2,EIR,USA,San Diego,Tijuana,San Diego,Tijuana River,Tijuana River,NA,
32.558799743652344,-117.12268829345703,False,34.0,BPTCP,1134,TIJUANA R. EST. HH2 (x1)-REP 3,EIR,USA,San Diego,Tijuana,San Diego,Tijuana River,Tijuana River,NA,
32.55950164794922,-117.12516784667969,False,34.0,BPTCP,1135,TIJUANA R. EST. HH2 (x5)-REP 1,EIR,USA,San Diego,Tijuana,San Diego,Tijuana River,Tijuana River,NA,
32.559165954589844,-117.12533569335938,False,34.0,BPTCP,1136,TIJUANA R. EST. HH2 (x5)-REP 2,EIR,USA,San Diego,Tijuana,San Diego,Tijuana River,Tijuana River,NA,
32.55983352661133,-117.12516784667969,False,34.0,BPTCP,1137,TIJUANA R. EST. HH2 (x5)-REP 3,EIR,USA,San Diego,Tijuana,San Diego,Tijuana River,Tijuana River,NA,
32.630001068115234,-117.13616943359375,False,34.0,BPTCP,1138,CORONADO CAYS T1 (x1)-REP 1,ESM,USA,San Diego,San Diego Bay,San Diego,San Diego Bay,SD Bay South,NA,
32.62983322143555,-117.13600158691406,False,34.0,BPTCP,1139,CORONADO CAYS T1 (x1)-REP 2,ESM,USA,San Diego,Otay,San Diego,San Diego Bay,SD Bay South,NA,
32.630001068115234,-117.13566589355469,False,35.0,BPTCP,1140,CORONADO CAYS T1 (x1)-REP 3,ESM,USA,San Diego,San Diego Bay,San Diego,San Diego Bay,SD Bay South,NA,
32.64833450317383,-117.12149810791016,False,35.0,BPTCP,1141,CHANNEL-SOUTH BAY AA2(x1)-REP1,ESP,USA,San Diego,San Diego Bay,San Diego,San Diego Bay,SD Bay South,NA,
32.64833450317383,-117.12117004394531,False,34.0,BPTCP,1142,CHANNEL-SOUTH BAY AA2(x1)-REP2,ESP,USA,San Diego,San Diego Bay,San Diego,San Diego Bay,SD Bay South,NA,
32.647499084472656,-117.12083435058594,False,35.0,BPTCP,1143,CHANNEL-SOUTH BAY AA2(x1)-REP3,ESP,USA,San Diego,San Diego Bay,San Diego,San Diego Bay,SD Bay South,NA,
32.68944549560547,-117.14305877685547,False,35.0,BPTCP,1144,BF SCHROEDER SITE F-REP 1,ESP,USA,San Diego,San Diego Bay,San Diego,San Diego Bay,SD Bay South,NA,
32.68944549560547,-117.1433334350586,False,35.0,BPTCP,1145,BF SCHROEDER SITE F-REP 2,ESP,USA,San Diego,San Diego Bay,San Diego,San Diego Bay,SD Bay South,NA,
32.689720153808594,-117.1433334350586,False,35.0,BPTCP,1146,BF SCHROEDER SITE F-REP 3,ESP,USA,San Diego,San Diego Bay,San Diego,San Diego Bay,SD Bay South,NA,
32.635833740234375,-117.13316345214844,False,34.0,BPTCP,1147,SOUTH BAY GG3 (x1)-REP 1,ESS,USA,San Diego,San Diego Bay,San Diego,San Diego Bay,SD Bay South,NA,
32.635501861572266,-117.1336669921875,False,36.0,BPTCP,1148,SOUTH BAY GG3 (x1)-REP 2,ESS,USA,San Diego,San Diego Bay,San Diego,San Diego Bay,SD Bay South,NA,
32.635501861572266,-117.13300323486328,False,35.0,BPTCP,1149,SOUTH BAY GG3 (x1)-REP 3,ESS,USA,San Diego,San Diego Bay,San Diego,San Diego Bay,SD Bay South,NA,
32.55366516113281,-117.12633514404297,False,32.0,BPTCP,1150,TIJUANA R. EST. HH3 (x2)-REP 1,EIR,USA,San Diego,Tijuana,San Diego,Tijuana River,Tijuana River,NA,
32.554500579833984,-117.12733459472656,False,32.0,BPTCP,1151,TIJUANA R. EST. HH3 (x2)-REP 2,ESR,USA,San Diego,Tijuana,San Diego,Tijuana River,Tijuana River,NA,
32.55366516113281,-117.12733459472656,False,32.0,BPTCP,1152,TIJUANA R. EST. HH3 (x2)-REP 3,ESR,USA,San Diego,Tijuana,San Diego,Tijuana River,Tijuana River,NA,
32.73516845703125,-117.2106704711914,False,34.0,BPTCP,1153,NAVY ESTUARY G2 (x1)-REP 1,ESR,USA,San Diego,San Diego Bay,San Diego,San Diego Bay,SD Bay North,NA,
32.73550033569336,-117.21050262451172,False,34.0,BPTCP,1154,NAVY ESTUARY G2 (x1)-REP 2,ESR,USA,San Diego,San Diego Bay,San Diego,San Diego Bay,SD Bay North,NA,
32.73533248901367,-117.21016693115234,False,34.0,BPTCP,1155,NAVY ESTUARY G2 (x1)-REP 3,ESR,USA,San Diego,San Diego Bay,San Diego,San Diego Bay,SD Bay North,NA,
32.698333740234375,-117.1661148071289,False,35.0,BPTCP,1156,CORONADO WHARF-REP 1,ESP,USA,San Diego,San Diego Bay,San Diego,San Diego Bay,SD Bay North,NA,
32.698612213134766,-117.16694641113281,False,36.0,BPTCP,1157,CORONADO WHARF-REP 2,ESP,USA,San Diego,San Diego Bay,San Diego,San Diego Bay,SD Bay North,NA,
32.698612213134766,-117.1675033569336,False,34.0,BPTCP,1158,CORONADO WHARF-REP 3,ESP,USA,San Diego,San Diego Bay,San Diego,San Diego Bay,SD Bay North,NA,
32.7226676940918,-117.17366790771484,False,33.0,BPTCP,1159,STORMDRAIN EM(GRAPE ST.)-REP 1,ESM,USA,San Diego,San Diego Bay,San Diego,San Diego Bay,SD Bay North,NA,
32.7226676940918,-117.17383575439453,False,33.0,BPTCP,1160,STORMDRAIN EM(GRAPE ST.)-REP 2,ESM,USA,San Diego,San Diego Bay,San Diego,San Diego Bay,SD Bay North,NA,
32.7226676940918,-117.17395782470703,False,31.0,BPTCP,1161,STORMDRAIN EM(GRAPE ST.)-REP 3,ESM,USA,San Diego,San Diego Bay,San Diego,San Diego Bay,SD Bay North,NA,
32.70800018310547,-117.18399810791016,False,34.0,BPTCP,1162,CHANNEL-CORONADO Y1 (x2)-REP 1,ESP,USA,San Diego,San Diego Bay,San Diego,San Diego Bay,SD Bay North,NA,
32.70766830444336,-117.18416595458984,False,34.0,BPTCP,1163,CHANNEL-CORONADO Y1 (x2)-REP 2,ESP,USA,San Diego,San Diego Bay,San Diego,San Diego Bay,SD Bay North,NA,
32.70800018310547,-117.18350219726562,False,34.0,BPTCP,1164,CHANNEL-CORONADO Y1 (x2)-REP 3,ESP,USA,San Diego,San Diego Bay,San Diego,San Diego Bay,SD Bay North,NA,
32.712501525878906,-117.23217010498047,False,33.0,BPTCP,1165,SHELTER ISLAND E3 (x2)-REP 1,ESM,USA,San Diego,San Diego Bay,San Diego,San Diego Bay,SD Bay North,NA,
32.71266555786133,-117.23233032226562,False,33.0,BPTCP,1166,SHELTER ISLAND E3 (x2)-REP 2,ESM,USA,San Diego,San Diego Bay,San Diego,San Diego Bay,SD Bay North,NA,
32.712501525878906,-117.232666015625,False,33.0,BPTCP,1167,SHELTER ISLAND E3 (x2)-REP 3,ESM,USA,San Diego,San Diego Bay,San Diego,San Diego Bay,SD Bay North,NA,
32.718666076660156,-117.2229995727539,False,32.0,BPTCP,1168,COMMERCIAL BASIN F3 (x1)-REP 1,ESM,USA,San Diego,San Diego Bay,San Diego,San Diego Bay,SD Bay North,NA,
32.71916580200195,-117.2231674194336,False,32.0,BPTCP,1169,COMMERCIAL BASIN F3 (x1)-REP 2,ESM,USA,San Diego,San Diego Bay,San Diego,San Diego Bay,SD Bay North,NA,
32.71900177001953,-117.22283172607422,False,32.0,BPTCP,1170,COMMERCIAL BASIN F3 (x1)-REP 3,ESM,USA,San Diego,San Diego Bay,San Diego,San Diego Bay,SD Bay North,NA,
33.73533248901367,-118.09500122070312,False,32.0,BPTCP,1171,"ANAHEIM BAY, OUTER-REP 1",ESS,USA,Santa Ana,Santa Ana River,Orange,Anaheim Bay,Anaheim Bay,NA,
33.73533248901367,-118.09432983398438,False,32.0,BPTCP,1172,"ANAHEIM BAY, OUTER-REP 2",ESS,USA,Santa Ana,Santa Ana River,Orange,Anaheim Bay,Anaheim Bay,NA,
33.73550033569336,-118.09500122070312,False,32.0,BPTCP,1173,"ANAHEIM BAY, OUTER-REP 3",ESS,USA,Santa Ana,Santa Ana River,Orange,Anaheim Bay,Anaheim Bay,NA,
33.71333312988281,-118.0606689453125,False,29.0,BPTCP,1174,"HUNTINGTON HARBOR, UPPER-REP 1",ESM,USA,Santa Ana,Santa Ana River,Orange,Huntington Harbor,Huntington Harbor,NA,
33.71366882324219,-118.06099700927734,False,29.0,BPTCP,1175,"HUNTINGTON HARBOR, UPPER-REP 2",ESM,USA,Santa Ana,Santa Ana River,Orange,Huntington Harbor,Huntington Harbor,NA,
33.71333312988281,-118.06116485595703,False,29.0,BPTCP,1176,"HUNTINGTON HARBOR, UPPER-REP 3",ESM,USA,Santa Ana,Santa Ana River,Orange,Huntington Harbor,Huntington Harbor,NA,
33.72133255004883,-118.06466674804688,False,30.0,BPTCP,1177,"HUNTINGTON HARBOR,MIDDLE-REP 1",ESM,USA,Santa Ana,Santa Ana River,Orange,Huntington Harbor,Huntington Harbor,NA,
33.721168518066406,-118.06483459472656,False,30.0,BPTCP,1178,"HUNTINGTON HARBOR,MIDDLE-REP 2",ESM,USA,Santa Ana,Santa Ana River,Orange,Huntington Harbor,Huntington Harbor,NA,
33.721500396728516,-118.06483459472656,False,30.0,BPTCP,1179,"HUNTINGTON HARBOR,MIDDLE-REP 3",ESM,USA,Santa Ana,Santa Ana River,Orange,Huntington Harbor,Huntington Harbor,NA,
32.79283142089844,-117.2213363647461,False,33.0,BPTCP,1180,MISSION BAY A3 (x1)-REP 1,ESS,USA,San Diego,Penasquitos,San Diego,Mission Bay,Mission Bay,NA,
32.79316711425781,-117.2211685180664,False,31.0,BPTCP,1181,MISSION BAY A3 (x1)-REP 2,ESS,USA,San Diego,Penasquitos,San Diego,Mission Bay,Mission Bay,NA,
32.793331146240234,-117.22166442871094,False,31.0,BPTCP,1182,MISSION BAY A3 (x1)-REP 3,ESS,USA,San Diego,Penasquitos,San Diego,Mission Bay,Mission Bay,NA,
32.696998596191406,-117.1520004272461,False,32.0,BPTCP,1183,D DE LAPPE-REP 1,ESP,USA,San Diego,San Diego Bay,San Diego,San Diego Bay,SD Bay North,NA,
32.696414947509766,-117.15181732177734,False,32.0,BPTCP,1184,D DE LAPPE-REP 2,ESP,USA,San Diego,San Diego Bay,San Diego,San Diego Bay,SD Bay North,NA,
32.6966667175293,-117.15216827392578,False,32.0,BPTCP,1185,D DE LAPPE-REP 3,ESP,USA,San Diego,San Diego Bay,San Diego,San Diego Bay,SD Bay North,NA,
32.7234992980957,-117.21533203125,False,33.0,BPTCP,1186,WEST BASIN ENTRANCE(71C)-REP 1,ESS,USA,San Diego,San Diego Bay,San Diego,San Diego Bay,SD Bay North,NA,
32.72366714477539,-117.21483612060547,False,33.0,BPTCP,1187,WEST BASIN ENTRANCE(71C)-REP 2,ESS,USA,San Diego,San Diego Bay,San Diego,San Diego Bay,SD Bay North,NA,
32.723331451416016,-117.21516418457031,False,33.0,BPTCP,1188,WEST BASIN ENTRANCE(71C)-REP 3,ESS,USA,San Diego,San Diego Bay,San Diego,San Diego Bay,SD Bay North,NA,
33.7686653137207,-118.45233154296875,False,33.0,BPTCP,1189,PALOS VERDES (SWARTZ 6)-REP 1,OAA,USA,Los Angeles,Pacific Ocean,Los Angeles,Pacific Ocean,Pacific Ocean,NA,
33.768165588378906,-118.45266723632812,False,33.0,BPTCP,1190,PALOS VERDES (SWARTZ 6)-REP 2,OAA,USA,Los Angeles,Pacific Ocean,Los Angeles,Pacific Ocean,Pacific Ocean,NA,
33.76499938964844,-118.45433044433594,False,33.0,BPTCP,1191,PALOS VERDES (SWARTZ 6)-REP 3,OAA,USA,Los Angeles,Pacific Ocean,Los Angeles,Pacific Ocean,Pacific Ocean,NA,
33.7321662902832,-118.16566467285156,False,34.0,BPTCP,1192,LONG BEACH OUTER HAR.-18-REP 1,ESU,USA,Los Angeles,Pacific Ocean,Los Angeles,San Pedro Bay,Long Beach Harbor,NA,
33.7321662902832,-118.16533660888672,False,34.0,BPTCP,1193,LONG BEACH OUTER HAR.-18-REP 2,ESU,USA,Los Angeles,Pacific Ocean,Los Angeles,San Pedro Bay,Long Beach Harbor,NA,
33.73233413696289,-118.16549682617188,False,34.0,BPTCP,1194,LONG BEACH OUTER HAR.-18-REP 3,ESU,USA,Los Angeles,Pacific Ocean,Los Angeles,San Pedro Bay,Long Beach Harbor,NA,
33.73533248901367,-118.08916473388672,False,34.0,BPTCP,1195,ANAHEIM BAY-NAVAL RES.-REP 1,ESP,USA,Santa Ana,Santa Ana River,Orange,Anaheim Bay,Anaheim Bay,NA,
33.73550033569336,-118.08916473388672,False,34.0,BPTCP,1196,ANAHEIM BAY-NAVAL RES.-REP 2,ESP,USA,Santa Ana,Santa Ana River,Orange,Anaheim Bay,Anaheim Bay,NA,
33.73500061035156,-118.08866882324219,False,35.0,BPTCP,1197,ANAHEIM BAY-NAVAL RES.-REP 3,ESP,USA,Santa Ana,Santa Ana River,Orange,Anaheim Bay,Anaheim Bay,NA,
33.75383377075195,-118.2298355102539,False,35.0,BPTCP,1198,L.B. NAVAL STN.-PIER 3-REP 1,ESP,USA,Los Angeles,Dominguez Watershed,Los Angeles,San Pedro Bay,Long Beach Harbor,POLB,
33.75416564941406,-118.23016357421875,False,35.0,BPTCP,1199,L.B. NAVAL STN.-PIER 3-REP 2,ESP,USA,Los Angeles,Dominguez Watershed,Los Angeles,San Pedro Bay,Long Beach Harbor,POLB,
33.72694396972656,-118.27278137207031,False,34.0,BPTCP,12,Lower Main Channel,ESP,USA,Los Angeles,Dominguez Watershed,Los Angeles,San Pedro Bay,Los Angeles Harbor,POLA,
33.75450134277344,-118.22966766357422,False,35.0,BPTCP,1200,L.B. NAVAL STN.-PIER 3-REP 3,ESP,USA,Los Angeles,Dominguez Watershed,Los Angeles,San Pedro Bay,Long Beach Harbor,POLB,
33.72683334350586,-118.06517028808594,False,35.0,BPTCP,1201,HUNTINGTON HARBOR-LAUNCH-REP 1,ESM,USA,Santa Ana,Santa Ana River,Orange,Huntington Harbor,Huntington Harbor,NA,
33.72683334350586,-118.06549835205078,False,34.0,BPTCP,1202,HUNTINGTON HARBOR-LAUNCH-REP 2,ESM,USA,Santa Ana,Santa Ana River,Orange,Huntington Harbor,Huntington Harbor,NA,
33.72683334350586,-118.06583404541016,False,34.0,BPTCP,1203,HUNTINGTON HARBOR-LAUNCH-REP 3,ESM,USA,Santa Ana,Santa Ana River,Orange,Huntington Harbor,Huntington Harbor,NA,
33.695831298828125,-118.0461654663086,False,30.0,BPTCP,1204,BOLSA CHICA ECOL RESERVE-REP 1,ESU,USA,Santa Ana,Santa Ana River,Orange,Bolsa Bay,Bolsa Chica,NA,
33.695831298828125,-118.04582977294922,False,30.0,BPTCP,1205,BOLSA CHICA ECOL RESERVE-REP 2,EIU,USA,Santa Ana,Santa Ana River,Orange,Bolsa Bay,Bolsa Chica,NA,
33.695831298828125,-118.0459976196289,False,30.0,BPTCP,1206,BOLSA CHICA ECOL RESERVE-REP 3,ESU,USA,Santa Ana,Santa Ana River,Orange,Bolsa Bay,Bolsa Chica,NA,
34.17033386230469,-119.22750091552734,False,34.0,BPTCP,1207,CHANNEL ISLANDS HARBOR-REP 1,ESM,USA,Los Angeles,Oxnard,Ventura,Channel Islands Harbor,Channel Islands Harbor,NA,
34.170501708984375,-119.22733306884766,False,34.0,BPTCP,1208,CHANNEL ISLANDS HARBOR-REP 2,ESM,USA,Los Angeles,Oxnard,Ventura,Channel Islands Harbor,Channel Islands Harbor,NA,
34.170501708984375,-119.22766876220703,False,34.0,BPTCP,1209,CHANNEL ISLANDS HARBOR-REP 3,ESM,USA,Los Angeles,Oxnard,Ventura,Channel Islands Harbor,Channel Islands Harbor,NA,
34.21099853515625,-119.25433349609375,False,23.0,BPTCP,1210,MCGRATH LAKE ESTUARY-REP 1,ESU,USA,Los Angeles,Oxnard,Ventura,McGrath Lake,McGrath Lake Estuary,NA,
34.21083450317383,-119.25416564941406,False,23.0,BPTCP,1211,MCGRATH LAKE ESTUARY-REP 2,ESU,USA,Los Angeles,Oxnard,Ventura,McGrath Lake,McGrath Lake Estuary,NA,
34.21066665649414,-119.25433349609375,False,23.0,BPTCP,1212,MCGRATH LAKE ESTUARY-REP 3,ESU,USA,Los Angeles,Oxnard,Ventura,McGrath Lake,McGrath Lake Estuary,NA,
34.099334716796875,-119.08132934570312,False,35.0,BPTCP,1213,MUGU/ENTRANCE-REP 1,EIU,USA,Los Angeles,Calleguas,Ventura,Mugu Lagoon,Mugu Lagoon,NA,
34.0989990234375,-119.08149719238281,False,35.0,BPTCP,1214,MUGU/ENTRANCE-REP 2,EIU,USA,Los Angeles,Calleguas,Ventura,Mugu Lagoon,Mugu Lagoon,NA,
34.09916687011719,-119.08149719238281,False,35.0,BPTCP,1215,MUGU/ENTRANCE-REP 3,EIU,USA,Los Angeles,Calleguas,Ventura,Mugu Lagoon,Mugu Lagoon,NA,
34.10499954223633,-119.12333679199219,False,35.0,BPTCP,1216,MUGU/OXNARD DITCH #1-REP 1,ESU,USA,Los Angeles,Calleguas,Ventura,Mugu Lagoon,Mugu Lagoon,NA,
34.105167388916016,-119.12333679199219,False,35.0,BPTCP,1217,MUGU/OXNARD DITCH #1-REP 2,ESU,USA,Los Angeles,Calleguas,Ventura,Mugu Lagoon,Mugu Lagoon,NA,
34.10533142089844,-119.1231689453125,False,35.0,BPTCP,1218,MUGU/OXNARD DITCH #1-REP 3,ESU,USA,Los Angeles,Calleguas,Ventura,Mugu Lagoon,Mugu Lagoon,NA,
37.898834228515625,-122.4643325805664,False,25.0,BPTCP,1219,PARADISE COVE-REP 1,ESM,USA,San Francisco Bay,San Francisco Bay,Marin,SFB Central Bay,Paradise Cove,NA,
37.899166107177734,-122.46416473388672,False,28.0,BPTCP,1220,PARADISE COVE-REP 2,ESM,USA,San Francisco Bay,San Francisco Bay,Marin,SFB Central Bay,Paradise Cove,NA,
37.90016555786133,-122.46516418457031,False,30.0,BPTCP,1221,PARADISE COVE-REP 3,ESM,USA,San Francisco Bay,San Francisco Bay,Marin,SFB Central Bay,Paradise Cove,NA,
38.114498138427734,-122.41967010498047,False,22.0,BPTCP,1222,SAN PABLO BAY-TUBBS IS.- REP 1,ESS,USA,San Francisco Bay,San Francisco Bay,Sonoma,SFB San Pablo Bay,Tubbs Island,NA,
38.114498138427734,-122.4193344116211,False,21.0,BPTCP,1223,SAN PABLO BAY-TUBBS IS.- REP 2,ESS,USA,San Francisco Bay,San Francisco Bay,Sonoma,SFB San Pablo Bay,Tubbs Island,NA,
38.114498138427734,-122.41666412353516,False,21.0,BPTCP,1224,SAN PABLO BAY-TUBBS IS.- REP 3,ESS,USA,San Francisco Bay,San Francisco Bay,Sonoma,SFB San Pablo Bay,Tubbs Island,NA,
38.111000061035156,-122.32849884033203,False,21.0,BPTCP,1225,SAN PABLO BAY-ISLAND #1-REP 1,ESS,USA,San Francisco Bay,San Francisco Bay,Solano,SFB San Pablo Bay,San Pablo Bay Island,NA,
38.11199951171875,-122.32849884033203,False,24.0,BPTCP,1226,SAN PABLO BAY-ISLAND #1-REP 2,EIS,USA,San Francisco Bay,San Francisco Bay,Solano,SFB San Pablo Bay,San Pablo Bay Island,NA,
38.11216735839844,-122.32949829101562,False,24.0,BPTCP,1227,SAN PABLO BAY-ISLAND #1-REP 3,EIS,USA,San Francisco Bay,San Francisco Bay,Solano,SFB San Pablo Bay,San Pablo Bay Island,NA,
37.92842483520508,-122.68260192871094,False,-99.0,BPTCP,1228,Bolinas_Audubon Cyn._Rep 1,ESH,USA,San Francisco Bay,South Marin,Marin,Bolinas Lagoon,Bolinas,NA,
37.92814636230469,-122.68260192871094,False,-99.0,BPTCP,1229,Bolinas_Audubon Cyn._Rep 2,ESH,USA,San Francisco Bay,South Marin,Marin,Bolinas Lagoon,Bolinas,NA,
37.9278678894043,-122.68260192871094,False,-99.0,BPTCP,1230,Bolinas_Audubon Cyn._Rep 3,ESH,USA,San Francisco Bay,South Marin,Marin,Bolinas Lagoon,Bolinas,NA,
38.13916778564453,-122.87449645996094,False,29.0,BPTCP,1231,Tomales Bay_Marconi Cove,ESU,USA,San Francisco Bay,Marin Coastal,Marin,Tomales Bay,Tomales Bay,NA,
38.13933181762695,-122.87466430664062,False,30.0,BPTCP,1232,Tomales Bay_Marconi Cove,ESU,USA,San Francisco Bay,Marin Coastal,Marin,Tomales Bay,Tomales Bay,NA,
38.13999938964844,-122.87433624267578,False,31.0,BPTCP,1233,Tomales Bay_Marconi Cove,ESU,USA,San Francisco Bay,Marin Coastal,Marin,Tomales Bay,Tomales Bay,NA,
33.76250076293945,-118.25499725341797,False,33.0,BPTCP,13,East Basin- Turning Basin,ESP,USA,Los Angeles,Dominguez Watershed,Los Angeles,San Pedro Bay,Los Angeles Harbor,POLA,
36.81388854980469,-121.7611083984375,False,-99.0,BPTCP,130,Elkhorn Slough- Seal Point,EIH,USA,Central Coast,Bolsa Neuva,Monterey,Elkhorn Slough,Elkhorn Slough,NA,
32.701499938964844,-117.23683166503906,False,34.0,BPTCP,1303,FUEL PIERS D2 (x2)-REP 1,ESP,USA,San Diego,San Diego Bay,San Diego,San Diego Bay,SD Bay North,NA,
32.70183181762695,-117.23699951171875,False,34.0,BPTCP,1304,FUEL PIERS D2 (x2)-REP 2,ESP,USA,San Diego,San Diego Bay,San Diego,San Diego Bay,SD Bay North,NA,
32.70183181762695,-117.23666381835938,False,34.0,BPTCP,1305,FUEL PIERS D2 (x2)-REP 3,ESP,USA,San Diego,San Diego Bay,San Diego,San Diego Bay,SD Bay North,NA,
32.66849899291992,-117.12232971191406,False,37.0,BPTCP,1306,MARINE TERMINAL R1 (x1)-REP 1,ESP,USA,San Diego,San Diego Bay,San Diego,San Diego Bay,SD Bay South,NA,
32.667999267578125,-117.12232971191406,False,35.0,BPTCP,1307,MARINE TERMINAL R1 (x1)-REP 2,ESP,USA,San Diego,San Diego Bay,San Diego,San Diego Bay,SD Bay South,NA,
32.668312072753906,-117.12101745605469,False,35.0,BPTCP,1308,MARINE TERMINAL R1 (x1)-REP 3,ESP,USA,San Diego,San Diego Bay,San Diego,San Diego Bay,SD Bay South,NA,
32.67266845703125,-117.1221694946289,False,35.0,BPTCP,1309,NAVAL SHIPYARDS O14 (x1)-REP 1,ESP,USA,San Diego,San Diego Bay,San Diego,San Diego Bay,Paleta Creek Channel,NA,
36.8136100769043,-121.76194763183594,False,-99.0,BPTCP,131,Elkhorn Slough- Seal Point,EIH,USA,Central Coast,Bolsa Neuva,Monterey,Elkhorn Slough,Elkhorn Slough,NA,
32.672332763671875,-117.1221694946289,False,35.0,BPTCP,1310,NAVAL SHIPYARDS O14 (x1)-REP 2,ESP,USA,San Diego,San Diego Bay,San Diego,San Diego Bay,Paleta Creek Channel,NA,
32.67216873168945,-117.12232971191406,False,34.0,BPTCP,1311,NAVAL SHIPYARDS O14 (x1)-REP 3,ESP,USA,San Diego,San Diego Bay,San Diego,San Diego Bay,Paleta Creek Channel,NA,
32.68983459472656,-117.23683166503906,False,34.0,BPTCP,1312,SUB BASE C1 (x1)-REP 1,ESP,USA,San Diego,San Diego Bay,San Diego,San Diego Bay,SD Bay North,NA,
32.689666748046875,-117.23733520507812,False,34.0,BPTCP,1313,SUB BASE C1 (x1)-REP 2,ESP,USA,San Diego,San Diego Bay,San Diego,San Diego Bay,SD Bay North,NA,
32.68983459472656,-117.23783111572266,False,34.0,BPTCP,1314,SUB BASE C1 (x1)-REP 3,ESP,USA,San Diego,San Diego Bay,San Diego,San Diego Bay,SD Bay North,NA,
32.65216827392578,-117.14733123779297,False,35.0,BPTCP,1318,37 SWARTZ,ESM,USA,San Diego,San Diego Bay,San Diego,San Diego Bay,SD Bay South,NA,
32.78333282470703,-117.2145004272461,False,35.0,BPTCP,1319,MISSION BAY A2 (x1),ESS,USA,San Diego,Penasquitos,San Diego,Mission Bay,Mission Bay,NA,
36.813331604003906,-121.76139068603516,False,-99.0,BPTCP,132,Elkhorn Slough- Seal Point,EIH,USA,Central Coast,Bolsa Neuva,Monterey,Elkhorn Slough,Elkhorn Slough,NA,
32.64816665649414,-117.11783599853516,False,35.0,BPTCP,1320,32 SWARTZ,ESP,USA,San Diego,San Diego Bay,San Diego,San Diego Bay,Sweetwater Channel,NA,
38.322418212890625,-123.03804016113281,False,37.0,BPTCP,1321,Uncontaminated Site_33d,ESU,USA,San Francisco Bay,Salmon Creek,Sonoma,Bodega Bay,Bodega Bay Harbor,NA,
38.298057556152344,-122.99833679199219,False,34.0,BPTCP,1322,Estero Americano,ESR,USA,San Francisco Bay,Salmon Creek,Sonoma,Estero Americano,Estero Americano,NA,
36.64616775512695,-121.88933563232422,False,35.0,BPTCP,1323,MONTEREY BAY REFERENCE SOUTH,OAA,USA,Central Coast,Monterey Bay,Monterey,Monterey Bay,Monterey Bay,NA,
36.60416793823242,-121.892333984375,False,36.0,BPTCP,1324,MONTEREY STORMDRAIN NO.2,ESM,USA,Central Coast,Monterey Bay,Monterey,Monterey Harbor,Monterey Harbor,NA,
36.791282653808594,-121.79015350341797,False,16.0,BPTCP,1325,ELKHORN SL. PORTRERO REFERENCE,ESH,USA,Central Coast,Bolsa Neuva,Monterey,Elkhorn Slough,Elkhorn Slough,NA,
36.7988166809082,-121.78492736816406,False,34.0,BPTCP,1326,MORO COJO SLOUGH,EIH,USA,Central Coast,Salinas,Monterey,Moro Cojo Slough,Moro Cojo Slough,NA,
36.809165954589844,-121.78388977050781,False,35.0,BPTCP,1327,HIGHWAY 1 BRIDGE REFERENCE,ESM,USA,Central Coast,Bolsa Neuva,Monterey,Moss Landing Harbor,Moss Landing Harbor,NA,
35.170997619628906,-120.74102020263672,False,34.0,BPTCP,1328,SAN LUIS HARBOR TRANS,OAA,USA,Central Coast,Estero Bay,San Luis Obispo,San Luis Obispo Bay,San Luis Harbor,NA,
35.34716796875,-120.84716796875,False,35.0,BPTCP,1329,MORRO BAY-MID BAY,ESU,USA,Central Coast,Estero Bay,San Luis Obispo,Morro Bay,Morro Bay,NA,
36.815555572509766,-121.76777648925781,False,-99.0,BPTCP,133,Elkhorn Slough- Seal Bend,ESH,USA,Central Coast,Bolsa Neuva,Monterey,Elkhorn Slough,Elkhorn Slough,NA,
34.404998779296875,-119.54199981689453,False,20.0,BPTCP,1330,CARPINETRIA MARSH-3,EIH,USA,Central Coast,Santa Barbara Coastal,Santa Barbara,Carpinetria Creek,Carpinetria Creek,NA,
33.714332580566406,-118.28133392333984,False,34.0,BPTCP,1331,OFF CABRILLO BEACH,ESP,USA,Los Angeles,Dominguez Watershed,Los Angeles,San Pedro Bay,Los Angeles Harbor,POLA,
33.7140007019043,-118.28150177001953,False,34.0,BPTCP,1332,OFF CABRILLO BEACH,ESP,USA,Los Angeles,Dominguez Watershed,Los Angeles,San Pedro Bay,Los Angeles Harbor,POLA,
33.71366882324219,-118.28067016601562,False,34.0,BPTCP,1333,OFF CABRILLO BEACH,ESP,USA,Los Angeles,Dominguez Watershed,Los Angeles,San Pedro Bay,Los Angeles Harbor,POLA,
33.731834411621094,-118.16583251953125,False,35.0,BPTCP,1334,LONG BEACH OUTER HAR.-18,ESU,USA,Los Angeles,Pacific Ocean,Los Angeles,San Pedro Bay,Long Beach Harbor,NA,
33.73583221435547,-118.09483337402344,False,35.0,BPTCP,1335,ANAHEIM BAY-NAVAL RESERVE,ESS,USA,Santa Ana,Santa Ana River,Orange,Anaheim Bay,Anaheim Bay,NA,
36.815277099609375,-121.76860809326172,False,-99.0,BPTCP,134,Elkhorn Slough- Seal Bend,ESH,USA,Central Coast,Bolsa Neuva,Monterey,Elkhorn Slough,Elkhorn Slough,NA,
36.815277099609375,-121.76750183105469,False,-99.0,BPTCP,135,Elkhorn Slough- Seal Bend,ESH,USA,Central Coast,Bolsa Neuva,Monterey,Elkhorn Slough,Elkhorn Slough,NA,
38.332332611083984,-123.05883026123047,False,36.0,BPTCP,1350,Bodega Bay_Mason's Marina Rep1,ESM,USA,San Francisco Bay,Salmon Creek,Sonoma,Bodega Bay,Bodega Bay Harbor,NA,
38.33212661743164,-123.05901336669922,False,36.0,BPTCP,1351,Bodega Bay_Mason's Marina Rep2,ESM,USA,San Francisco Bay,Salmon Creek,Sonoma,Bodega Bay,Bodega Bay Harbor,NA,
38.33183288574219,-123.05883026123047,False,36.0,BPTCP,1352,Bodega Bay_Mason's Marina Rep3,ESM,USA,San Francisco Bay,Salmon Creek,Sonoma,Bodega Bay,Bodega Bay Harbor,NA,
38.327667236328125,-123.05583190917969,False,36.0,BPTCP,1353,Bodega_Spud Point Marina Rep1,ESM,USA,San Francisco Bay,Salmon Creek,Sonoma,Bodega Bay,Bodega Bay Harbor,NA,
38.32733154296875,-123.05599975585938,False,36.0,BPTCP,1354,Bodega_Spud Point Marina Rep2,ESM,USA,San Francisco Bay,Salmon Creek,Sonoma,Bodega Bay,Bodega Bay Harbor,NA,
38.327667236328125,-123.05633544921875,False,36.0,BPTCP,1355,Bodega_Spud Point Marina Rep3,ESM,USA,San Francisco Bay,Salmon Creek,Sonoma,Bodega Bay,Bodega Bay Harbor,NA,
38.33399963378906,-123.05066680908203,False,36.0,BPTCP,1356,PORTO BODEGA MARINA REP1,ESM,USA,San Francisco Bay,Salmon Creek,Sonoma,Bodega Bay,Bodega Bay Harbor,NA,
38.33399963378906,-123.0510025024414,False,36.0,BPTCP,1357,PORTO BODEGA MARINA REP2,ESM,USA,San Francisco Bay,Salmon Creek,Sonoma,Bodega Bay,Bodega Bay Harbor,NA,
38.33399963378906,-123.05133056640625,False,36.0,BPTCP,1358,PORTO BODEGA MARINA REP3,ESM,USA,San Francisco Bay,Salmon Creek,Sonoma,Bodega Bay,Bodega Bay Harbor,NA,
38.32229995727539,-123.03853607177734,False,38.0,BPTCP,1359,Uncontaminated Site_33d Rep1,ESU,USA,San Francisco Bay,Salmon Creek,Sonoma,Bodega Bay,Bodega Bay Harbor,NA,
33.7147216796875,-118.28221893310547,False,32.0,BPTCP,136,Off Cabrillo Beach,ESP,USA,Los Angeles,Dominguez Watershed,Los Angeles,San Pedro Bay,Los Angeles Harbor,POLA,
38.32245635986328,-123.03861236572266,False,38.0,BPTCP,1360,Uncontaminated Site_33d Rep2,ESU,USA,San Francisco Bay,Salmon Creek,Sonoma,Bodega Bay,Bodega Bay Harbor,NA,
38.322628021240234,-123.03875732421875,False,38.0,BPTCP,1361,Uncontaminated Site_33d Rep3,ESU,USA,San Francisco Bay,Salmon Creek,Sonoma,Bodega Bay,Bodega Bay Harbor,NA,
36.8125,-121.78766632080078,False,35.0,BPTCP,1362,M.L. YACHT HARBOR REP1,ESM,USA,Central Coast,Bolsa Neuva,Monterey,Moss Landing Harbor,Moss Landing Harbor,NA,
36.81266784667969,-121.7874984741211,False,35.0,BPTCP,1363,M.L. YACHT HARBOR REP2,ESM,USA,Central Coast,Bolsa Neuva,Monterey,Moss Landing Harbor,Moss Landing Harbor,NA,
36.81233215332031,-121.7874984741211,False,35.0,BPTCP,1364,M.L. YACHT HARBOR REP3,ESM,USA,Central Coast,Bolsa Neuva,Monterey,Moss Landing Harbor,Moss Landing Harbor,NA,
36.800331115722656,-121.7874984741211,False,30.0,BPTCP,1365,SANDHOLDT BRIDGE REP1,ESM,USA,Central Coast,Bolsa Neuva,Monterey,Moss Landing Harbor,Moss Landing Harbor,NA,
36.800167083740234,-121.7873306274414,False,29.0,BPTCP,1366,SANDHOLDT BRIDGE REP2,ESM,USA,Central Coast,Bolsa Neuva,Monterey,Moss Landing Harbor,Moss Landing Harbor,NA,
36.800167083740234,-121.7874984741211,False,33.0,BPTCP,1367,SANDHOLDT BRIDGE REP3,ESM,USA,Central Coast,Bolsa Neuva,Monterey,Moss Landing Harbor,Moss Landing Harbor,NA,
36.81983184814453,-121.79000091552734,False,36.0,BPTCP,1368,BENNETT SL./ESTUARY REP1,EIH,USA,Central Coast,Bolsa Neuva,Monterey,Bennett Slough,Bennett Slough,NA,
36.81999969482422,-121.79016876220703,False,36.0,BPTCP,1369,BENNETT SL./ESTUARY REP2,EIH,USA,Central Coast,Bolsa Neuva,Monterey,Bennett Slough,Bennett Slough,NA,
33.71500015258789,-118.28028106689453,False,32.0,BPTCP,137,Off Cabrillo Beach,ESP,USA,Los Angeles,Dominguez Watershed,Los Angeles,San Pedro Bay,Los Angeles Harbor,POLA,
36.820167541503906,-121.79016876220703,False,36.0,BPTCP,1370,BENNETT SL./ESTUARY REP3,EIH,USA,Central Coast,Bolsa Neuva,Monterey,Bennett Slough,Bennett Slough,NA,
36.822166442871094,-121.74617004394531,False,36.0,BPTCP,1371,EGRET LANDING REP1,ESU,USA,Central Coast,Bolsa Neuva,Monterey,Egret Landing,Egret Landing,NA,
36.8216667175293,-121.74617004394531,False,37.0,BPTCP,1372,EGRET LANDING REP2,ESU,USA,Central Coast,Bolsa Neuva,Monterey,Egret Landing,Egret Landing,NA,
36.82266616821289,-121.74617004394531,False,36.0,BPTCP,1373,EGRET LANDING REP3,ESU,USA,Central Coast,Bolsa Neuva,Monterey,Egret Landing,Egret Landing,NA,
36.80966567993164,-121.78416442871094,False,35.0,BPTCP,1374,HIGHWAY 1 BRIDGE REP1,ESM,USA,Central Coast,Bolsa Neuva,Monterey,Moss Landing Harbor,Moss Landing Harbor,NA,
36.808998107910156,-121.7836685180664,False,35.0,BPTCP,1375,HIGHWAY 1 BRIDGE REP2,ESM,USA,Central Coast,Bolsa Neuva,Monterey,Moss Landing Harbor,Moss Landing Harbor,NA,
36.80933380126953,-121.78416442871094,False,36.0,BPTCP,1376,HIGHWAY 1 BRIDGE REP3,ESM,USA,Central Coast,Bolsa Neuva,Monterey,Moss Landing Harbor,Moss Landing Harbor,NA,
36.824668884277344,-121.7405014038086,False,40.0,BPTCP,1377,ANDREWS POND REP1,FAA,USA,Central Coast,Bolsa Neuva,Monterey,Andrews Pond,Andrews Pond,NA,
36.824501037597656,-121.7405014038086,False,40.0,BPTCP,1378,ANDREWS POND REP2,FAA,USA,Central Coast,Bolsa Neuva,Monterey,Andrews Pond,Andrews Pond,NA,
36.82433319091797,-121.7403335571289,False,40.0,BPTCP,1379,ANDREWS POND REP3,FAA,USA,Central Coast,Bolsa Neuva,Monterey,Andrews Pond,Andrews Pond,NA,
33.7136116027832,-118.28138732910156,False,32.0,BPTCP,138,Off Cabrillo Beach,ESP,USA,Los Angeles,Dominguez Watershed,Los Angeles,San Pedro Bay,Los Angeles Harbor,POLA,
33.14044952392578,-117.32271575927734,False,36.0,BPTCP,1380,AGUA HEDIONDA LAGOON (190),ESH,USA,San Diego,Carlsbad,San Diego,Agua Hedionda Estuary,Agua Hedionda Lagoon,NA,
33.140682220458984,-117.32593536376953,False,36.0,BPTCP,1381,AGUA HEDIONDA LAGOON (234),ESH,USA,San Diego,Carlsbad,San Diego,Agua Hedionda Estuary,Agua Hedionda Lagoon,NA,
33.144832611083984,-117.32298278808594,False,36.0,BPTCP,1382,AGUA HEDIONDA LAGOON (FINGER),ESH,USA,San Diego,Carlsbad,San Diego,Agua Hedionda Estuary,Agua Hedionda Lagoon,NA,
33.46066665649414,-117.6983642578125,False,36.0,BPTCP,1383,DANA POINT HARBOR (386),ESM,USA,Santa Ana,Dana Point,Orange,Dana Point Harbor,Dana Point Harbor,NA,
33.460750579833984,-117.69121551513672,False,36.0,BPTCP,1384,DANA POINT HARBOR(COMM. BASIN),ESM,USA,Santa Ana,Dana Point,Orange,Dana Point Harbor,Dana Point Harbor,NA,
32.932281494140625,-117.25341796875,False,32.0,BPTCP,1385,LOS PENASQUITOS (319),EIH,USA,San Diego,Penasquitos,San Diego,Penasquitos Lagoon,Los Penasquitos,NA,
32.92921829223633,-117.24811553955078,False,34.0,BPTCP,1386,LOS PENASQUITOS (331),EIH,USA,San Diego,Penasquitos,San Diego,Penasquitos Lagoon,Los Penasquitos,NA,
33.63471603393555,-117.89089965820312,False,30.0,BPTCP,1387,NEWPORT BAY (523),ESS,USA,Santa Ana,Santa Ana River,Orange,Newport Bay,Newport Bay,NA,
33.6163330078125,-117.92091369628906,False,35.0,BPTCP,1388,NEWPORT BAY (616),ESM,USA,Santa Ana,Santa Ana River,Orange,Newport Bay,Newport Bay,NA,
33.60908126831055,-117.88996887207031,False,36.0,BPTCP,1389,NEWPORT BAY (791),ESM,USA,Santa Ana,Santa Ana River,Orange,Newport Bay,Newport Bay,NA,
33.61113357543945,-117.9021987915039,False,36.0,BPTCP,1390,NEWPORT BAY (877),ESM,USA,Santa Ana,Santa Ana River,Orange,Newport Bay,Newport Bay,NA,
33.6085319519043,-117.89534759521484,False,36.0,BPTCP,1391,NEWPORT BAY (949),ESM,USA,Santa Ana,Santa Ana River,Orange,Newport Bay,Newport Bay,NA,
33.61161804199219,-117.92314910888672,False,35.0,BPTCP,1392,NEWPORT BAY (1009),ESM,USA,Santa Ana,Santa Ana River,Orange,Newport Bay,Newport Bay,NA,
33.207183837890625,-117.39346313476562,False,35.0,BPTCP,1393,OCEANSIDE HARBOR (110),ESM,USA,San Diego,Santa Margarita,San Diego,Oceanside Harbor,Oceanside Harbor,NA,
33.009666442871094,-117.27041625976562,False,38.0,BPTCP,1394,SAN ELIJO LAGOON (24),ESH,USA,San Diego,Carlsbad,San Diego,San Elijo Lagoon,San Elijo Lagoon,NA,
33.007667541503906,-117.27103424072266,False,37.0,BPTCP,1395,SAN ELIJO LAGOON (269),ESH,USA,San Diego,Carlsbad,San Diego,San Elijo Lagoon,San Elijo Lagoon,NA,
33.01106643676758,-117.27543640136719,False,38.0,BPTCP,1396,SAN ELIJO LAGOON (WASTE SITE),ESH,USA,San Diego,Carlsbad,San Diego,San Elijo Lagoon,San Elijo Lagoon,NA,
33.23496627807617,-117.40725708007812,False,32.0,BPTCP,1397,SANTA MARGARITA RIVER (33),ESR,USA,San Diego,Santa Margarita,San Diego,Santa Margarita River,Santa Margarita River,NA,
37.89899826049805,-122.46366882324219,False,32.0,BPTCP,1398,PARADISE COVE-REP 1,ESM,USA,San Francisco Bay,San Francisco Bay,Marin,SFB Central Bay,Paradise Cove,NA,
37.89950180053711,-122.4645004272461,False,32.0,BPTCP,1399,PARADISE COVE-REP 2,ESM,USA,San Francisco Bay,San Francisco Bay,Marin,SFB Central Bay,Paradise Cove,NA,
33.76333236694336,-118.25666809082031,False,33.0,BPTCP,14,East Basin- Turning Basin,ESP,USA,Los Angeles,Dominguez Watershed,Los Angeles,San Pedro Bay,Los Angeles Harbor,POLA,
37.900001525878906,-122.46533203125,False,32.0,BPTCP,1400,PARADISE COVE-REP 3,ESM,USA,San Francisco Bay,San Francisco Bay,Marin,SFB Central Bay,Paradise Cove,NA,
38.11366653442383,-122.4193344116211,False,38.0,BPTCP,1401,SAN PABLO BAY-TUBBS IS.-REP 1,ESS,USA,San Francisco Bay,San Francisco Bay,Sonoma,SFB San Pablo Bay,Tubbs Island,NA,
38.114498138427734,-122.4193344116211,False,38.0,BPTCP,1402,SAN PABLO BAY-TUBBS IS.-REP 2,ESS,USA,San Francisco Bay,San Francisco Bay,Sonoma,SFB San Pablo Bay,Tubbs Island,NA,
38.11366653442383,-122.41983032226562,False,38.0,BPTCP,1403,SAN PABLO BAY-TUBBS IS.-REP 3,ESS,USA,San Francisco Bay,San Francisco Bay,Sonoma,SFB San Pablo Bay,Tubbs Island,NA,
38.111000061035156,-122.32849884033203,False,30.0,BPTCP,1404,SAN PABLO BAY-ISLAND #1-REP 1,ESS,USA,San Francisco Bay,San Francisco Bay,Solano,SFB San Pablo Bay,San Pablo Bay Island,NA,
38.11149978637695,-122.32849884033203,False,30.0,BPTCP,1405,SAN PABLO BAY-ISLAND #1-REP 2,EIS,USA,San Francisco Bay,San Francisco Bay,Solano,SFB San Pablo Bay,San Pablo Bay Island,NA,
38.11183166503906,-122.32917022705078,False,30.0,BPTCP,1406,SAN PABLO BAY-ISLAND #1-REP 3,EIS,USA,San Francisco Bay,San Francisco Bay,Solano,SFB San Pablo Bay,San Pablo Bay Island,NA,
38.13949966430664,-122.87366485595703,False,38.0,BPTCP,1407,Tomales Bay_Marconi Cove,ESU,USA,San Francisco Bay,Marin Coastal,Marin,Tomales Bay,Tomales Bay,NA,
38.13933181762695,-122.87433624267578,False,38.0,BPTCP,1408,Tomales Bay_Marconi Cove,ESU,USA,San Francisco Bay,Marin Coastal,Marin,Tomales Bay,Tomales Bay,NA,
38.13916778564453,-122.87333679199219,False,38.0,BPTCP,1409,Tomales Bay_Marconi Cove,ESU,USA,San Francisco Bay,Marin Coastal,Marin,Tomales Bay,Tomales Bay,NA,
37.9543342590332,-122.40149688720703,False,31.0,BPTCP,1410,CASTRO COVE-EVSO4,EIS,USA,San Francisco Bay,San Francisco Bay,Contra Costa,SFB San Pablo Bay,Castro Cove,NA,
37.748191833496094,-122.39191436767578,False,34.0,BPTCP,1411,ISLAIS CREEK,EIG,USA,San Francisco Bay,San Francisco Bay,San Francisco,SFB Central Bay,Islais Creek,NA,
33.145965576171875,-117.33094787597656,False,37.0,BPTCP,1412,AGUA HEDIONDA LAGOON (144),ESH,USA,San Diego,Carlsbad,San Diego,Agua Hedionda Estuary,Agua Hedionda Lagoon,NA,
33.142967224121094,-117.32530212402344,False,36.0,BPTCP,1413,AGUA HEDIONDA LAGOON (179),ESH,USA,San Diego,Carlsbad,San Diego,Agua Hedionda Estuary,Agua Hedionda Lagoon,NA,
33.145118713378906,-117.3349838256836,False,36.0,BPTCP,1414,AGUA HEDIONDA LAGOON (212),ESH,USA,San Diego,Carlsbad,San Diego,Agua Hedionda Estuary,Agua Hedionda Lagoon,NA,
33.458831787109375,-117.69813537597656,False,36.0,BPTCP,1415,DANA POINT HARBOR (396),ESM,USA,Santa Ana,Dana Point,Orange,Dana Point Harbor,Dana Point Harbor,NA,
33.462432861328125,-117.70561981201172,False,36.0,BPTCP,1416,DANA POINT HARBOR(STORM DRAIN),ESM,USA,Santa Ana,Dana Point,Orange,Dana Point Harbor,Dana Point Harbor,NA,
32.9279670715332,-117.24671936035156,False,35.0,BPTCP,1417,LOS PENASQUITOS (336),EIH,USA,San Diego,Penasquitos,San Diego,Penasquitos Lagoon,Los Penasquitos,NA,
33.64836883544922,-117.8772201538086,False,29.0,BPTCP,1418,NEWPORT BAY (431),EIU,USA,Santa Ana,Santa Ana River,Orange,Newport Bay,Newport Bay,NA,
33.621131896972656,-117.89433288574219,False,35.0,BPTCP,1419,NEWPORT BAY (670),ESS,USA,Santa Ana,Santa Ana River,Orange,Newport Bay,Newport Bay,NA,
33.61991882324219,-117.90106964111328,False,35.0,BPTCP,1420,NEWPORT BAY (705),ESS,USA,Santa Ana,Santa Ana River,Orange,Newport Bay,Newport Bay,NA,
33.61481857299805,-117.91558074951172,False,36.0,BPTCP,1421,NEWPORT BAY (819),ESM,USA,Santa Ana,Santa Ana River,Orange,Newport Bay,Newport Bay,NA,
33.60966873168945,-117.9027328491211,False,35.0,BPTCP,1422,NEWPORT BAY (905),ESM,USA,Santa Ana,Santa Ana River,Orange,Newport Bay,Newport Bay,NA,
33.60768127441406,-117.91194915771484,False,36.0,BPTCP,1423,NEWPORT BAY (1064),ESM,USA,Santa Ana,Santa Ana River,Orange,Newport Bay,Newport Bay,NA,
33.61201858520508,-117.9278335571289,False,36.0,BPTCP,1424,NEWPORT BAY (RHINE CHANNEL),ESM,USA,Santa Ana,Santa Ana River,Orange,Newport Bay,Rhine Channel,NA,
33.620849609375,-117.93623352050781,False,36.0,BPTCP,1425,NEWPORT BAY (NEWPORT ISLAND),ESM,USA,Santa Ana,Santa Ana River,Orange,Newport Bay,Newport Bay,NA,
33.6199836730957,-117.92828369140625,False,36.0,BPTCP,1426,NEWPORT BAY (ARCHES S. DRAINS),ESM,USA,Santa Ana,Santa Ana River,Orange,Newport Bay,Newport Bay,NA,
33.606849670410156,-117.8862533569336,False,35.0,BPTCP,1427,NEWPORT BAY (YACHTMANS COVE),ESM,USA,Santa Ana,Santa Ana River,Orange,Newport Bay,Newport Bay,NA,
33.64569854736328,-117.8863296508789,False,30.0,BPTCP,1428,NEWPORT BAY (UNIT II BASIN),EIU,USA,Santa Ana,Santa Ana River,Orange,Newport Bay,Newport Bay,NA,
33.650367736816406,-117.8675537109375,False,23.0,BPTCP,1429,NEWPORT BAY (UNIT I BASIN),EIU,USA,Santa Ana,Santa Ana River,Orange,Newport Bay,Newport Bay,NA,
33.21139907836914,-117.3949966430664,False,37.0,BPTCP,1430,OCEANSIDE HARBOR (90),ESM,USA,San Diego,Santa Margarita,San Diego,Oceanside Harbor,Oceanside Harbor,NA,
33.20534896850586,-117.38978576660156,False,36.0,BPTCP,1431,OCEANSIDE HARBOR (COMM. BASIN),ESM,USA,San Diego,Santa Margarita,San Diego,Oceanside Harbor,Oceanside Harbor,NA,
33.21776580810547,-117.40148162841797,False,36.0,BPTCP,1432,OCEANSIDE HARBOR (PENDLETON),ESM,USA,San Diego,Santa Margarita,San Diego,Oceanside Harbor,Oceanside Harbor,NA,
33.21218490600586,-117.39466857910156,False,36.0,BPTCP,1433,OCEANSIDE HARBOR(STORM DRAINS),ESM,USA,San Diego,Santa Margarita,San Diego,Oceanside Harbor,Oceanside Harbor,NA,
33.01119613647461,-117.2739028930664,False,40.0,BPTCP,1434,SAN ELIJO LAGOON (18),ESH,USA,San Diego,Carlsbad,San Diego,San Elijo Lagoon,San Elijo Lagoon,NA,
32.96482467651367,-117.2564926147461,False,38.0,BPTCP,1435,SAN DIEGUITO LAGOON (306),ESH,USA,San Diego,San Dieguito,San Diego,San Dieguito Lagoon,San Dieguito Lagoon,NA,
33.23368835449219,-117.41119384765625,False,36.0,BPTCP,1436,SANTA MARGARITA RIVER (48),ESR,USA,San Diego,Santa Margarita,San Diego,Santa Margarita River,Santa Margarita River,NA,
40.86111068725586,-124.0905532836914,False,-99.0,BPTCP,1437,ARCATA BAY-JOLLY GIANT NORTH,FAA,USA,North Coast,Eureka Plain,Humboldt,Arcata Bay,Arcata Bay,NA,Station: 14003 Tissue station.
40.86111068725586,-124.0905532836914,False,6.0,BPTCP,1438,ARCATA BAY- JOLLY GIANT NORTH,FAA,USA,North Coast,Eureka Plain,Humboldt,Arcata Bay,Arcata Bay,NA,Chem only.
40.799198150634766,-124.18389892578125,False,-99.0,BPTCP,1439,H. BAY-UNION  OIL PLANT,ESU,USA,North Coast,Eureka Plain,Humboldt,Humboldt Bay,Humboldt Bay,NA,Station: 10018 Tissue station.
40.799198150634766,-124.18389892578125,False,32.0,BPTCP,1440,H. BAY- WASHINGTON STREET,ESU,USA,North Coast,Eureka Plain,Humboldt,Humboldt Bay,Humboldt Bay,NA,Chem only.
40.79410171508789,-124.18768310546875,False,-99.0,BPTCP,1441,H. BAY-COAL/OIL/GAS PLANT,ESU,USA,North Coast,Eureka Plain,Humboldt,Humboldt Bay,Humboldt Bay,NA,Station: 10019 Tissue station.
40.79410171508789,-124.18768310546875,False,30.0,BPTCP,1442,H. BAY- COAL/OIL/GAS PLANT,ESU,USA,North Coast,Eureka Plain,Humboldt,Humboldt Bay,Humboldt Bay,NA,Chem only.
40.78776550292969,-124.18726348876953,False,-99.0,BPTCP,1443,H. BAY-OLD PAC. LUMBER SITE,EIU,USA,North Coast,Eureka Plain,Humboldt,Humboldt Bay,Humboldt Bay,NA,Station: 10020 Tissue station.
40.78776550292969,-124.18726348876953,False,28.0,BPTCP,1444,H. BAY- OLD PAC. LUMBER SITE,EIU,USA,North Coast,Eureka Plain,Humboldt,Humboldt Bay,Humboldt Bay,NA,Chem only.
40.804866790771484,-124.17340087890625,False,32.0,BPTCP,1446,DAVENPORT MARINE,ESU,USA,North Coast,Eureka Plain,Humboldt,Humboldt Bay,Humboldt Bay,NA,Chem only.
40.80593490600586,-124.16851806640625,False,-99.0,BPTCP,1447,HUMBOLDT BAY EUREKA SM.22,ESU,USA,North Coast,Eureka Plain,Humboldt,Humboldt Bay,Humboldt Bay,NA,Station: 10022 Tissue station.
40.80593490600586,-124.16851806640625,False,32.0,BPTCP,1448,HUMBOLDT BAY EUREKA SM.22,ESU,USA,North Coast,Eureka Plain,Humboldt,Humboldt Bay,Humboldt Bay,NA,Chem only.
40.806365966796875,-124.16535186767578,False,-99.0,BPTCP,1449,EUREKA WATERFRONT- H STREET,ESM,USA,North Coast,Eureka Plain,Humboldt,Humboldt Bay,Humboldt Bay,NA,Station: 14001 Tissue station.
33.735557556152344,-118.09416961669922,False,32.0,BPTCP,145,Anaheim Bay- Outer,ESS,USA,Santa Ana,Santa Ana River,Orange,Anaheim Bay,Anaheim Bay,NA,
40.806365966796875,-124.16535186767578,False,-99.0,BPTCP,1450,EUREKA WATERFRONT H STREET,ESM,USA,North Coast,Eureka Plain,Humboldt,Humboldt Bay,Humboldt Bay,NA,Chem only.
40.8065185546875,-124.1629867553711,False,-99.0,BPTCP,1451,EUREKA WATERFRONT- J STREET,ESM,USA,North Coast,Eureka Plain,Humboldt,Humboldt Bay,Humboldt Bay,NA,Station: 14002 Tissue station.
40.8065185546875,-124.1629867553711,False,30.0,BPTCP,1452,EUREKA WATERFRONT J STREET,ESM,USA,North Coast,Eureka Plain,Humboldt,Humboldt Bay,Humboldt Bay,NA,Chem only.
40.8065185546875,-124.1629867553711,False,-99.0,BPTCP,1453,EUREKA WATERFRONT- J STREET,ESM,USA,North Coast,Eureka Plain,Humboldt,Humboldt Bay,Humboldt Bay,NA,Station: 14002 Tissue station.
40.8065185546875,-124.1629867553711,False,-99.0,BPTCP,1454,EUREKA WATERFRONT- J STREET,ESM,USA,North Coast,Eureka Plain,Humboldt,Humboldt Bay,Humboldt Bay,NA,Station: 14002 Tissue station.
40.8065185546875,-124.1629867553711,False,-99.0,BPTCP,1455,EUREKA WATERFRONT- J STREET,ESM,USA,North Coast,Eureka Plain,Humboldt,Humboldt Bay,Humboldt Bay,NA,Station: 14002 Tissue station.
37.89884948730469,-122.46363067626953,False,17.0,BPTCP,1461,PARADISE COVE-REP 1,ESM,USA,San Francisco Bay,San Francisco Bay,Marin,SFB Central Bay,Paradise Cove,NA,
37.8981819152832,-122.46401977539062,False,17.0,BPTCP,1462,PARADISE COVE-REP 2,EIM,USA,San Francisco Bay,San Francisco Bay,Marin,SFB Central Bay,Paradise Cove,NA,
37.89963150024414,-122.46620178222656,False,17.0,BPTCP,1463,PARADISE COVE-REP 3,ESM,USA,San Francisco Bay,San Francisco Bay,Marin,SFB Central Bay,Paradise Cove,NA,
38.112098693847656,-122.32833099365234,False,2.5,BPTCP,1464,SAN PABLO BAY-ISLAND #1-REP 1,EIS,USA,San Francisco Bay,San Francisco Bay,Solano,SFB San Pablo Bay,San Pablo Bay Island,NA,
38.112831115722656,-122.32839965820312,False,3.0,BPTCP,1465,SAN PABLO BAY-ISLAND #1-REP 2,EIS,USA,San Francisco Bay,San Francisco Bay,Solano,SFB San Pablo Bay,San Pablo Bay Island,NA,
38.11344909667969,-122.32831573486328,False,3.0,BPTCP,1466,SAN PABLO BAY-ISLAND #1-REP 3,EIS,USA,San Francisco Bay,San Francisco Bay,Solano,SFB San Pablo Bay,San Pablo Bay Island,NA,
38.11448287963867,-122.41889953613281,False,3.0,BPTCP,1467,SAN PABLO BAY-TUBBS IS.-REP 1,ESS,USA,San Francisco Bay,San Francisco Bay,Sonoma,SFB San Pablo Bay,Tubbs Island,NA,
38.11389923095703,-122.4195327758789,False,3.0,BPTCP,1468,SAN PABLO BAY-TUBBS IS.-REP 2,ESS,USA,San Francisco Bay,San Francisco Bay,Sonoma,SFB San Pablo Bay,Tubbs Island,NA,
38.113983154296875,-122.41815185546875,False,3.0,BPTCP,1469,SAN PABLO BAY-TUBBS IS.-REP 3,ESS,USA,San Francisco Bay,San Francisco Bay,Sonoma,SFB San Pablo Bay,Tubbs Island,NA,
38.139400482177734,-122.8746337890625,False,27.0,BPTCP,1470,Tomales Bay_Marconi Cove,ESU,USA,San Francisco Bay,Marin Coastal,Marin,Tomales Bay,Tomales Bay,NA,
37.81436538696289,-122.36430358886719,False,15.0,BPTCP,1471,TREASURE ISLAND-CLIPPER COVE,ESS,USA,San Francisco Bay,San Francisco Bay,San Francisco,SFB Central Bay,Yerba Buena Island,NA,
37.57160186767578,-122.14983367919922,False,18.0,BPTCP,1472,N. SOUTH BAY REFERENCE - REP 1,ESS,USA,San Francisco Bay,San Francisco Bay,Alameda,SFB South Bay,Union City,NA,
37.5711669921875,-122.1489028930664,False,20.0,BPTCP,1473,N. SOUTH BAY REFERENCE - REP 2,ESS,USA,San Francisco Bay,San Francisco Bay,Alameda,SFB South Bay,Union City,NA,
37.570648193359375,-122.14971923828125,False,20.0,BPTCP,1474,N. SOUTH BAY REFERENCE - REP 3,ESS,USA,San Francisco Bay,San Francisco Bay,Alameda,SFB South Bay,Union City,NA,
37.535884857177734,-122.11898040771484,False,17.0,BPTCP,1475,S. SOUTH BAY REFERENCE - REP 1,EIS,USA,San Francisco Bay,San Francisco Bay,Alameda,SFB South Bay,Nat Wildlife Refuge,NA,
37.53638458251953,-122.11934661865234,False,17.0,BPTCP,1476,S. SOUTH BAY REFERENCE - REP 2,EIS,USA,San Francisco Bay,San Francisco Bay,Alameda,SFB South Bay,Nat Wildlife Refuge,NA,
37.53654861450195,-122.1194839477539,False,17.0,BPTCP,1477,S. SOUTH BAY REFERENCE - REP 3,EIS,USA,San Francisco Bay,San Francisco Bay,Alameda,SFB South Bay,Nat Wildlife Refuge,NA,
38.090484619140625,-122.08428192138672,False,0.0,BPTCP,1478,NORTH RESERVE FLEET-SUISUN,ESS,USA,San Francisco Bay,San Francisco Bay,Solano,SFB Suisun Bay,Suisun Bay,NA,
38.06123352050781,-122.1184310913086,False,0.0,BPTCP,1479,SOUTH RESERVE FLEET-SUISUN,ESS,USA,San Francisco Bay,San Francisco Bay,Contra Costa,SFB Suisun Bay,Suisun Bay,NA,
38.045433044433594,-122.09431457519531,False,0.0,BPTCP,1480,PACHECO CR-NEAR MOUTH-SITE 1,ESD,USA,San Francisco Bay,San Francisco Bay,Contra Costa,SFB Suisun Bay,Pacheco Creek,NA,
38.030216217041016,-122.08035278320312,False,0.0,BPTCP,1481,PACHECO CR-ABOVE BRIDGE-SITE 2,EID,USA,San Francisco Bay,San Francisco Bay,Contra Costa,SFB Suisun Bay,Pacheco Creek,NA,
38.037418365478516,-122.1139907836914,False,0.0,BPTCP,1482,PEYTON SLOUGH-MOUTH-SITE 1,EIS,USA,San Francisco Bay,San Francisco Bay,Contra Costa,Suisun Bay Sloughs,Peyton Slough,NA,
38.03288650512695,-122.1125717163086,False,0.0,BPTCP,1483,PEYTON SLOUGH-UPPER-SITE 2,EIS,USA,San Francisco Bay,San Francisco Bay,Contra Costa,Suisun Bay Sloughs,Peyton Slough,NA,
38.12773132324219,-122.27722930908203,False,2.0,BPTCP,1484,Vallejo_Mare Island,ESR,USA,San Francisco Bay,San Francisco Bay,Solano,Napa River,Napa River,NA,
38.11298370361328,-122.2775650024414,False,2.0,BPTCP,1485,Vallejo_Mare Island,ESR,USA,San Francisco Bay,San Francisco Bay,Solano,Napa River,Napa River,NA,
38.11320114135742,-122.326416015625,False,6.0,BPTCP,1486,SAN PABLO BAY-IS. #1 REFERENCE,EIS,USA,San Francisco Bay,San Francisco Bay,Solano,SFB San Pablo Bay,San Pablo Bay Island,NA,
38.0482177734375,-122.4910659790039,False,8.0,BPTCP,1487,SAN PABLO BAY- HAMILTON,EIS,USA,San Francisco Bay,San Francisco Bay,Marin,SFB San Pablo Bay,San Pablo Bay,NA,
37.8985481262207,-122.46393585205078,False,11.0,BPTCP,1488,PARADISE COVE- REFERENCE,ESM,USA,San Francisco Bay,San Francisco Bay,Marin,SFB Central Bay,Paradise Cove,NA,
37.954368591308594,-122.40125274658203,False,10.0,BPTCP,1489,CASTRO COVE,EIS,USA,San Francisco Bay,San Francisco Bay,Contra Costa,SFB San Pablo Bay,Castro Cove,NA,
37.90719985961914,-122.37335968017578,False,15.0,BPTCP,1490,Potrero Point,EIS,USA,San Francisco Bay,San Francisco Bay,Contra Costa,SFB Central Bay,Point Richmond,NA,
37.905860900878906,-122.37095642089844,False,14.0,BPTCP,1491,Potrero Point,EIS,USA,San Francisco Bay,San Francisco Bay,Contra Costa,SFB Central Bay,Point Richmond,NA,
37.92256546020508,-122.37487030029297,False,17.0,BPTCP,1492,SANTA FE CHANNEL- END,EIP,USA,San Francisco Bay,San Francisco Bay,Contra Costa,SFB Central Bay,Richmond Santa Fe & Harbor Channel,POR,
37.91054916381836,-122.34778594970703,False,18.0,BPTCP,1493,RICHMOND HARBOR,ESM,USA,San Francisco Bay,San Francisco Bay,Contra Costa,SFB Central Bay,Richmond Marina Bay,NA,
37.908931732177734,-122.332763671875,False,0.0,BPTCP,1494,RICHMOND INNER HBR.-HOFFMAN MR,EIH,USA,San Francisco Bay,San Francisco Bay,Contra Costa,SFB Central Bay,Richmond Zeneca Marsh,NA,
37.896881103515625,-122.31195068359375,False,0.0,BPTCP,1495,El Cerrito,EIH,USA,San Francisco Bay,San Francisco Bay,Alameda,SFB Central Bay,Albany Mud Flats Reserve,NA,
37.88898468017578,-122.3102035522461,False,0.0,BPTCP,1496,El Cerrito,EIH,USA,San Francisco Bay,San Francisco Bay,Alameda,SFB Central Bay,Albany Mud Flats Reserve,NA,
37.830684661865234,-122.29820251464844,False,10.0,BPTCP,1497,EMERYVILLE MARSH,EIS,USA,San Francisco Bay,San Francisco Bay,Alameda,SFB Central Bay,Central Bay North,NA,
37.79062271118164,-122.2894515991211,False,17.0,BPTCP,1498,Oakland Harbor Inner,ESP,USA,San Francisco Bay,San Francisco Bay,Alameda,SFB Central Bay,Oakland Harbor,POAK,
37.79499816894531,-122.28916931152344,False,15.0,BPTCP,1499,Oakland Harbor Inner,ESP,USA,San Francisco Bay,San Francisco Bay,Alameda,SFB Central Bay,Oakland Harbor,POAK,
33.76166534423828,-118.25611114501953,False,33.0,BPTCP,15,East Basin- Turning Basin,ESP,USA,Los Angeles,Dominguez Watershed,Los Angeles,San Pedro Bay,Los Angeles Harbor,POLA,
32.72694396972656,-117.19416809082031,False,35.0,BPTCP,150,11 SWARTZ,ESM,USA,San Diego,San Diego Bay,San Diego,San Diego Bay,SD Bay North,NA,
37.78535079956055,-122.2475814819336,False,12.0,BPTCP,1500,Oakland Harbor Inner,ESP,USA,San Francisco Bay,San Francisco Bay,Alameda,SFB Central Bay,Oakland Harbor,POAK,
37.78899002075195,-122.25897979736328,False,11.0,BPTCP,1501,Oakland Harbor Inner,EIP,USA,San Francisco Bay,San Francisco Bay,Alameda,SFB Central Bay,Oakland Harbor,POAK,
37.785316467285156,-122.25476837158203,False,13.0,BPTCP,1502,Oakland Harbor Inner,ESP,USA,San Francisco Bay,San Francisco Bay,Alameda,SFB Central Bay,Oakland Harbor,POAK,
37.76966857910156,-122.23255157470703,False,2.0,BPTCP,1503,Oakland Harbor Inner,ESP,USA,San Francisco Bay,San Francisco Bay,Alameda,SFB Central Bay,Oakland Harbor,POAK,
37.74304962158203,-122.2085189819336,False,10.0,BPTCP,1504,San Leandro Bay,EIG,USA,San Francisco Bay,San Francisco Bay,San Francisco,SFB Central Bay,San Leandro Bay,NA,
37.74911880493164,-122.21305084228516,False,10.0,BPTCP,1505,San Leandro Bay,ESG,USA,San Francisco Bay,San Francisco Bay,San Francisco,SFB Central Bay,San Leandro Bay,NA,
37.79988479614258,-122.39624786376953,False,20.0,BPTCP,1506,SAN FRANCISCO- PIER 7,EIP,USA,San Francisco Bay,San Francisco Bay,San Francisco,SFB Central Bay,San Francisco North Nearshore,PSF,
37.77222442626953,-122.39595031738281,False,20.0,BPTCP,1507,Mission Creek,EIG,USA,San Francisco Bay,San Francisco Bay,San Francisco,SFB Central Bay,Mission Creek,NA,
37.77783203125,-122.38656616210938,False,20.0,BPTCP,1508,Mission Creek,ESP,USA,San Francisco Bay,San Francisco Bay,San Francisco,SFB Central Bay,Mission Creek,NA,
37.75468444824219,-122.3830795288086,False,16.0,BPTCP,1509,Potrero Point,EIP,USA,San Francisco Bay,San Francisco Bay,San Francisco,SFB Central Bay,Central Bay Nearshore,NA,
32.72694396972656,-117.17610931396484,False,36.0,BPTCP,151,12 SWARTZ,ESM,USA,San Diego,San Diego Bay,San Diego,San Diego Bay,SD Bay North,NA,
37.73848342895508,-122.37415313720703,False,15.0,BPTCP,1510,Hunters Point,EIG,USA,San Francisco Bay,San Francisco Bay,San Francisco,SFB Central Bay,San Francisco South Nearshore,NA,
37.733848571777344,-122.3742904663086,False,16.0,BPTCP,1511,Hunters Point,EIG,USA,San Francisco Bay,San Francisco Bay,San Francisco,SFB Central Bay,San Francisco South Nearshore,NA,
37.67164993286133,-122.3808364868164,False,16.0,BPTCP,1512,SIERRA POINT,ESG,USA,San Francisco Bay,San Francisco Bay,San Mateo,SFB Central Bay,San Francisco South Nearshore,NA,
37.66743087768555,-122.39229583740234,False,16.0,BPTCP,1513,Oyster Point,EIG,USA,San Francisco Bay,San Francisco Bay,San Mateo,SFB Central Bay,San Francisco South Nearshore,NA,
37.667049407958984,-122.38803100585938,False,16.0,BPTCP,1514,Oyster Point,ESG,USA,San Francisco Bay,San Francisco Bay,San Mateo,SFB Central Bay,San Francisco South Nearshore,NA,
37.647315979003906,-122.38390350341797,False,16.0,BPTCP,1515,SAN BRUNO CHANNEL,EIG,USA,San Francisco Bay,San Francisco Bay,San Mateo,SFB Central Bay,San Francisco South Nearshore,NA,
37.53704833984375,-122.2293701171875,False,12.0,BPTCP,1516,Steinberger Slough,ESR,USA,San Francisco Bay,San Francisco Bay,San Mateo,Redwood City  Sloughs,Redwood City Bair Island Reserve Sloughs,NA,
37.50798416137695,-122.24224853515625,False,12.0,BPTCP,1517,Steinberger Slough,EIR,USA,San Francisco Bay,San Francisco Bay,San Mateo,Redwood City  Sloughs,Redwood City Bair Island Reserve Sloughs,NA,
37.4418830871582,-122.0314712524414,False,0.0,BPTCP,1518,GUADALUPE SLOUGH,EIH,USA,San Francisco Bay,San Francisco Bay,Santa Clara,SFB Southern Sloughs,Guadalupe Slough,NA,
37.47840118408203,-122.11763000488281,False,10.0,BPTCP,1519,MAYFIELD SLOUGH-NR COOLEY LDNG,ESS,USA,San Francisco Bay,San Francisco Bay,San Mateo,SFB Lower South Bay,Lower South Bay,NA,
32.71565628051758,-117.17672729492188,False,35.0,BPTCP,152,14 SWARTZ,ESP,USA,San Diego,San Diego Bay,San Diego,San Diego Bay,SD Bay North,NA,
37.457733154296875,-122.1016845703125,False,7.0,BPTCP,1520,MAYFIELD SLOUGH-NEAR SAND PT.,EID,USA,San Francisco Bay,San Francisco Bay,San Mateo,SFB Southern Sloughs,Mayfield Slough,NA,
37.570716857910156,-122.1491470336914,False,10.0,BPTCP,1521,N. SOUTH BAY REFERENCE,ESS,USA,San Francisco Bay,San Francisco Bay,Alameda,SFB South Bay,Union City,NA,
37.536399841308594,-122.11907958984375,False,10.0,BPTCP,1522,SOUTH-SOUTH BAY-REFERENCE,EIS,USA,San Francisco Bay,San Francisco Bay,Alameda,SFB South Bay,Nat Wildlife Refuge,NA,
37.49201583862305,-122.04122924804688,False,13.0,BPTCP,1523,MOWRY SLOUGH,EIH,USA,San Francisco Bay,San Francisco Bay,San Mateo,SFB Southern Sloughs,Mowry Slough,NA,
37.4599494934082,-121.97447967529297,False,5.0,BPTCP,1524,COYOTE SLOUGH-@FIXED R/R BRIDG,EIH,USA,San Francisco Bay,San Francisco Bay,Santa Clara,SFB Southern Sloughs,Southern Sloughs,NA,
38.02277755737305,-121.84638977050781,False,1.0,BPTCP,1529,DOW CHEMICAL- KIRKER CREEK,EIH,USA,San Francisco Bay,San Francisco Bay,Contra Costa,Sacramento San Joaquin Confluence,Sacramento San Joaquin Confluence,NA,
32.710472106933594,-117.17320251464844,False,34.0,BPTCP,153,15 SWARTZ,ESP,USA,San Diego,San Diego Bay,San Diego,San Diego Bay,SD Bay North,NA,
38.094722747802734,-122.03221893310547,False,6.0,BPTCP,1530,GRIZZLY BAY- RMP BF20,ESS,USA,San Francisco Bay,San Francisco Bay,Solano,SFB Suisun Bay,Grizzly Bay,NA,
38.205013275146484,-122.06097412109375,False,0.0,BPTCP,1531,Boynton Slough,EIR,USA,San Francisco Bay,San Francisco Bay,Solano,Suisun Bay Sloughs,Suisun Montezuma Slough,NA,
38.225833892822266,-122.02222442626953,False,1.0,BPTCP,1532,Hill Slough,EIH,USA,San Francisco Bay,San Francisco Bay,Solano,Suisun Bay Sloughs,Suisun Montezuma Slough,NA,
38.1238899230957,-122.0777816772461,False,4.0,BPTCP,1533,SUISUN SLOUGH,ESR,USA,San Francisco Bay,San Francisco Bay,Solano,Suisun Bay Sloughs,Suisun Montezuma Slough,NA,
38.17927932739258,-122.07444763183594,False,6.0,BPTCP,1534,Chadborne Slough,EIH,USA,San Francisco Bay,San Francisco Bay,Solano,Suisun Bay Sloughs,Suisun Montezuma Slough,NA,
38.06916809082031,-122.23722076416016,False,17.0,BPTCP,1535,Semple Point,ESR,USA,San Francisco Bay,San Francisco Bay,Solano,SFB Carquinez Strait,Napa River,NA,
38.05694580078125,-122.25027465820312,False,18.0,BPTCP,1536,Unocal,ESC,USA,San Francisco Bay,San Francisco Bay,Solano,SFB Carquinez Strait,Carquinez,NA,
37.79920959472656,-122.2588119506836,False,30.0,BPTCP,1537,Lake Merrit,FAA,USA,San Francisco Bay,San Francisco Bay,Alameda,SFB Central Bay,Lake Merrit,NA,
38.095279693603516,-122.2572250366211,False,13.0,BPTCP,1538,PG&E_Vallejo,EIR,USA,San Francisco Bay,San Francisco Bay,Solano,Napa River,Napa River,NA,
38.111942291259766,-122.48555755615234,False,16.0,BPTCP,1539,PETALUMA RIVER MOUTH- BD20,ESR,USA,San Francisco Bay,San Francisco Bay,Sonoma,Petaluma River,Petaluma River,NA,
32.68779373168945,-117.13798522949219,False,30.0,BPTCP,154,21 SWARTZ,ESP,USA,San Diego,San Diego Bay,San Diego,San Diego Bay,SD Bay South,NA,
38.025333404541016,-122.5165023803711,False,20.0,BPTCP,1540,Miller Creek,EIR,USA,San Francisco Bay,San Francisco Bay,Marin,Novato & Miller Creek,Novato & Miller Creek,NA,
38.02818298339844,-122.51823425292969,False,20.0,BPTCP,1541,Miller Creek,EIR,USA,San Francisco Bay,San Francisco Bay,Marin,Novato & Miller Creek,Novato & Miller Creek,NA,
38.0178108215332,-122.5230941772461,False,20.0,BPTCP,1542,Gallinas Creek,EIR,USA,San Francisco Bay,San Francisco Bay,Marin,Novato & Miller Creek,Novato & Miller Creek,NA,
38.087223052978516,-122.51499938964844,False,15.0,BPTCP,1543,Novato Creek,EIR,USA,San Francisco Bay,San Francisco Bay,Marin,Novato & Miller Creek,Novato & Miller Creek,NA,
38.11722183227539,-122.45194244384766,False,19.0,BPTCP,1544,Tolay Creek,EIR,USA,San Francisco Bay,San Francisco Bay,Sonoma,Tolay Creek,Tolay Creek,NA,
38.16194534301758,-122.42138671875,False,16.0,BPTCP,1545,Sonoma Creek,EIR,USA,San Francisco Bay,San Francisco Bay,Sonoma,Napa Sonoma Marsh,Napa Sonoma Marsh,NA,
38.16001510620117,-122.37980651855469,False,16.0,BPTCP,1546,Napa Slough,EIR,USA,San Francisco Bay,San Francisco Bay,Napa,Napa Sonoma Marsh,Napa Sonoma Marsh,NA,
37.981468200683594,-122.37051391601562,False,22.0,BPTCP,1547,RICHMOND ROD AND GUN,EIS,USA,San Francisco Bay,San Francisco Bay,Contra Costa,SFB San Pablo Bay,San Pablo Bay,NA,
37.88851547241211,-122.51506805419922,False,27.0,BPTCP,1548,SILVA ISLAND MARSH- MC61,EIG,USA,San Francisco Bay,San Francisco Bay,Marin,SFB Central Bay,Richardson Bay,NA,
37.87068176269531,-122.49765014648438,False,30.0,BPTCP,1549,SAUSALITO HARBOR-ANDERSON B.Y.,ESM,USA,San Francisco Bay,San Francisco Bay,Marin,SFB Central Bay,Richardson Bay,NA,
32.68693542480469,-117.13388061523438,False,36.0,BPTCP,155,23 SWARTZ,ESP,USA,San Diego,San Diego Bay,San Diego,San Diego Bay,Chollas Creek Channel,NA,
37.81399917602539,-122.35847473144531,False,29.0,BPTCP,1550,YERBA BUENA ISLAND - NAVAL STN,ESC,USA,San Francisco Bay,San Francisco Bay,San Francisco,SFB Central Bay,Yerba Buena Island,NA,
38.11476516723633,-122.41874694824219,False,18.0,BPTCP,1551,SAN PABLO BAY-TUBBS IS.-REP #1,ESS,USA,San Francisco Bay,San Francisco Bay,Sonoma,SFB San Pablo Bay,Tubbs Island,NA,
37.89933395385742,-122.46441650390625,False,30.0,BPTCP,1552,PARADISE COVE-REP #1,ESM,USA,San Francisco Bay,San Francisco Bay,Marin,SFB Central Bay,Paradise Cove,NA,
37.82033157348633,-122.36299896240234,False,30.0,BPTCP,1553,TREASURE ISLAND - CLIPPER COVE,EIS,USA,San Francisco Bay,San Francisco Bay,San Francisco,SFB Central Bay,Yerba Buena Island,NA,
37.94359588623047,-122.51358795166016,False,25.0,BPTCP,1554,Corte Madera Creek,ESR,USA,San Francisco Bay,San Francisco Bay,Marin,Corte Madera Creek,Corte Madera Creek,NA,
37.806331634521484,-122.40283203125,False,26.0,BPTCP,1555,SANSOME STREET CSO - PIER 31,EIP,USA,San Francisco Bay,San Francisco Bay,San Francisco,SFB Central Bay,San Francisco North Nearshore,PSF,
37.792999267578125,-122.39067077636719,False,29.0,BPTCP,1556,HOWARD STREET CSO,ESP,USA,San Francisco Bay,San Francisco Bay,San Francisco,SFB Central Bay,Central Bay Nearshore,PSF,
37.78533172607422,-122.38749694824219,False,29.0,BPTCP,1557,BRANNAN STREET CSO - PIER 32,EIP,USA,San Francisco Bay,San Francisco Bay,San Francisco,SFB Central Bay,Central Bay Nearshore,PSF,
37.763668060302734,-122.38583374023438,False,30.0,BPTCP,1558,CENTRAL BASIN - INNER,EIP,USA,San Francisco Bay,San Francisco Bay,San Francisco,SFB Central Bay,Central Bay Nearshore,NA,
37.76316833496094,-122.3846664428711,False,30.0,BPTCP,1559,CENTRAL BASIN - OUTER,EIP,USA,San Francisco Bay,San Francisco Bay,San Francisco,SFB Central Bay,Central Bay Nearshore,NA,
32.68027877807617,-117.12889099121094,False,34.0,BPTCP,156,25 SWARTZ,ESP,USA,San Diego,San Diego Bay,San Diego,San Diego Bay,SD Bay South,NA,
37.806453704833984,-122.4325180053711,False,30.0,BPTCP,1561,GASHOUSE COVE - LAGUNA ST. CSO,ESM,USA,San Francisco Bay,San Francisco Bay,San Francisco,SFB Central Bay,San Francisco North Fort Mason,NA,
37.786258697509766,-122.24755096435547,False,26.0,BPTCP,1562,Oakland Harbor Inner,EIP,USA,San Francisco Bay,San Francisco Bay,Alameda,SFB Central Bay,Oakland Harbor,POAK,
37.78649139404297,-122.24774169921875,False,26.0,BPTCP,1563,Oakland Harbor Inner,EIP,USA,San Francisco Bay,San Francisco Bay,Alameda,SFB Central Bay,Oakland Harbor,POAK,
37.630714416503906,-122.38856506347656,False,26.0,BPTCP,1564,S.F. AIRPORT - SEAPLANE HARBOR,EIG,USA,San Francisco Bay,San Francisco Bay,San Mateo,SFB Central Bay,SF Airport Nearshore,NA,
37.62983322143555,-122.37633514404297,False,28.0,BPTCP,1565,S.F. AIRPORT - CENTRAL,ESS,USA,San Francisco Bay,San Francisco Bay,San Mateo,SFB Central Bay,SF Airport Nearshore,NA,
37.606170654296875,-122.37675476074219,False,27.0,BPTCP,1566,S.F. AIRPORT - SOUTH,EIG,USA,San Francisco Bay,San Francisco Bay,San Mateo,SFB Central Bay,SF Airport Nearshore,NA,
37.529300689697266,-122.19670867919922,False,25.0,BPTCP,1567,REDWOOD CREEK - BA40,EIR,USA,San Francisco Bay,San Francisco Bay,San Mateo,Redwood City  Sloughs,Redwood City Bair Island Reserve Sloughs,NA,
37.49716567993164,-122.21966552734375,False,26.0,BPTCP,1568,Redwood Creek,EIR,USA,San Francisco Bay,San Francisco Bay,San Mateo,Redwood City  Sloughs,Redwood City Bair Island Reserve Sloughs,NA,
37.46366882324219,-121.96099853515625,False,15.0,BPTCP,1569,COYOTE CREEK - CX,EIH,USA,San Francisco Bay,San Francisco Bay,Santa Clara,SFB Southern Sloughs,Southern Sloughs,NA,
32.67416763305664,-117.12555694580078,False,35.0,BPTCP,157,27 SWARTZ,ESP,USA,San Diego,San Diego Bay,San Diego,San Diego Bay,SD Bay South,NA,
37.456668853759766,-122.01933288574219,False,23.0,BPTCP,1570,ALVISO SLOUGH,ESH,USA,San Francisco Bay,San Francisco Bay,Santa Clara,SFB Southern Sloughs,Alviso Slough,NA,
37.48282241821289,-122.15118408203125,False,9.0,BPTCP,1571,Ravenswood Creek,EIR,USA,San Francisco Bay,San Francisco Bay,San Mateo,Redwood City  Sloughs,Redwood City  Sloughs,NA,
37.48249816894531,-122.08999633789062,False,27.0,BPTCP,1572,SOUTH BAY BASIN - BA20,ESS,USA,San Francisco Bay,San Francisco Bay,Alameda,SFB Lower South Bay,Lower South Bay,NA,
37.506168365478516,-122.13349914550781,False,26.0,BPTCP,1573,DUMBARTON BRIDGE - BA30,EIS,USA,San Francisco Bay,San Francisco Bay,San Mateo,SFB South Bay,Dumbarton Bridge,NA,
37.5711669921875,-122.14966583251953,False,25.0,BPTCP,1574,NORTH SOUTH BAY - REP 1,ESS,USA,San Francisco Bay,San Francisco Bay,Alameda,SFB South Bay,Union City,NA,
37.53666687011719,-122.12000274658203,False,25.0,BPTCP,1575,SOUTH SOUTH BAY - REP 1,EIS,USA,San Francisco Bay,San Francisco Bay,Alameda,SFB South Bay,Nat Wildlife Refuge,NA,
37.930267333984375,-122.69615173339844,False,22.0,BPTCP,1576,BOLINAS LAGOON,ESH,USA,San Francisco Bay,South Marin,Marin,Bolinas Lagoon,Bolinas,NA,
37.723785400390625,-122.38484954833984,False,30.0,BPTCP,1577,Hunters Point,EIP,USA,San Francisco Bay,San Francisco Bay,San Francisco,SFB Central Bay,Yosemite Creek,NA,
40.805118560791016,-124.17350006103516,False,26.0,BPTCP,1578,DAVENPORT MARINE,ESU,USA,North Coast,Eureka Plain,Humboldt,Humboldt Bay,Humboldt Bay,NA,
40.802734375,-124.17925262451172,False,22.0,BPTCP,1579,H. BAY EUREKA STORM 23,ESU,USA,North Coast,Eureka Plain,Humboldt,Humboldt Bay,Humboldt Bay,NA,
32.67295837402344,-117.11698913574219,False,34.0,BPTCP,158,28 SWARTZ,ESP,USA,San Diego,San Diego Bay,San Diego,San Diego Bay,Paleta Creek Channel,NA,
40.856082916259766,-124.09066772460938,False,15.0,BPTCP,1580,ARCATA BAY-JOLLY GIANT SL.,ESH,USA,North Coast,Eureka Plain,Humboldt,Arcata Bay,Arcata Bay,NA,
40.80675506591797,-124.14339447021484,False,22.0,BPTCP,1581,ARCATA BAY-EUREKA SL.,ESH,USA,North Coast,Eureka Plain,Humboldt,Arcata Bay,Arcata Bay,NA,
40.77830123901367,-124.19528198242188,False,30.0,BPTCP,1582,H. BAY-CHEVRON TERMINAL,ESU,USA,North Coast,Eureka Plain,Humboldt,Humboldt Bay,Humboldt Bay,NA,
40.79421615600586,-124.18816375732422,False,29.0,BPTCP,1583,H. BAY-COAL/OIL/GAS PLANT,ESU,USA,North Coast,Eureka Plain,Humboldt,Humboldt Bay,Humboldt Bay,NA,
40.79541778564453,-124.18681335449219,False,28.0,BPTCP,1584,H. BAY-UNION OIL PLANT,ESU,USA,North Coast,Eureka Plain,Humboldt,Humboldt Bay,Humboldt Bay,NA,
40.80936813354492,-124.15278625488281,False,27.0,BPTCP,1585,H. BAY- HALBERSON SHORELINE,ESU,USA,North Coast,Eureka Plain,Humboldt,Humboldt Bay,Humboldt Bay,NA,
40.806331634521484,-124.16224670410156,False,28.0,BPTCP,1586,EUREKA WATERFRONT- J STREET,ESM,USA,North Coast,Eureka Plain,Humboldt,Humboldt Bay,Humboldt Bay,NA,
40.80631637573242,-124.1644515991211,False,26.0,BPTCP,1587,EUREKA WATERFRONT- H STREET,ESM,USA,North Coast,Eureka Plain,Humboldt,Humboldt Bay,Humboldt Bay,NA,
36.9677848815918,-122.0024185180664,False,34.0,BPTCP,1588,SANTA CRUZ YACHT BASIN,ESM,USA,Central Coast,Big Basin,Santa Cruz,Monterey Bay,Santa Cruz Harbor,NA,
36.96663284301758,-122.00180053710938,False,33.0,BPTCP,1589,SANTA CRUZ YACHT BASIN-A3,ESM,USA,Central Coast,Big Basin,Santa Cruz,Monterey Bay,Santa Cruz Harbor,NA,Chem only.
32.65833282470703,-117.1191635131836,False,35.0,BPTCP,159,31 SWARTZ,ESP,USA,San Diego,San Diego Bay,San Diego,San Diego Bay,SD Bay South,NA,
36.97273254394531,-121.99946594238281,False,32.0,BPTCP,1590,SANTA CRUZ YACHT BASIN-A9,ESM,USA,Central Coast,Big Basin,Santa Cruz,Monterey Bay,Santa Cruz Harbor,NA,Chem only.
36.60808181762695,-121.89331817626953,False,35.0,BPTCP,1591,MONTEREY BOATYARD-LEAD 1,ESM,USA,Central Coast,Monterey Bay,Monterey,Monterey Harbor,Monterey Harbor,NA,
36.60801696777344,-121.8926010131836,False,35.0,BPTCP,1592,MONTEREY BOATYARD-LEAD 2,ESM,USA,Central Coast,Monterey Bay,Monterey,Monterey Harbor,Monterey Harbor,NA,Chem only.
36.60843276977539,-121.89212036132812,False,35.0,BPTCP,1593,MONTEREY BOATYARD-LEAD 3,ESM,USA,Central Coast,Monterey Bay,Monterey,Monterey Harbor,Monterey Harbor,NA,Chem only.
36.60810089111328,-121.89022064208984,False,35.0,BPTCP,1594,MONTEREY BOATYARD-LEAD 4,ESM,USA,Central Coast,Monterey Bay,Monterey,Monterey Harbor,Monterey Harbor,NA,Chem only.
36.603248596191406,-121.89025115966797,False,33.0,BPTCP,1596,MONTEREY YACHT CLUB,ESM,USA,Central Coast,Monterey Bay,Monterey,Monterey Harbor,Monterey Harbor,NA,
36.80023193359375,-121.78765106201172,False,17.0,BPTCP,1597,SANDHOLDT BRIDGE,ESM,USA,Central Coast,Bolsa Neuva,Monterey,Moss Landing Harbor,Moss Landing Harbor,NA,
40.806331634521484,-124.16224670410156,False,-99.0,BPTCP,1598,EUREKA WATERFRONT- J STREET,ESM,USA,North Coast,Eureka Plain,Humboldt,Humboldt Bay,Humboldt Bay,NA,Station: 14002 Tissue station.
40.806331634521484,-124.16224670410156,False,-99.0,BPTCP,1599,EUREKA WATERFRONT- J STREET,ESM,USA,North Coast,Eureka Plain,Humboldt,Humboldt Bay,Humboldt Bay,NA,Station: 14002 Tissue station.
33.7761116027832,-118.2441635131836,False,30.0,BPTCP,16,Consolidated Slip,ESP,USA,Los Angeles,Dominguez Watershed,Los Angeles,San Pedro Bay,Los Angeles Harbor,POLA,
32.636112213134766,-117.11555480957031,False,34.0,BPTCP,160,33 SWARTZ,ESS,USA,San Diego,San Diego Bay,San Diego,San Diego Bay,SD Bay South,NA,
40.806331634521484,-124.16224670410156,False,-99.0,BPTCP,1600,EUREKA WATERFRONT- J STREET,ESM,USA,North Coast,Eureka Plain,Humboldt,Humboldt Bay,Humboldt Bay,NA,Station: 14002 Tissue station.
40.856082916259766,-124.09066772460938,False,-99.0,BPTCP,1602,ARCATA BAY-JOLLY GIANT SL.,ESH,USA,North Coast,Eureka Plain,Humboldt,Arcata Bay,Arcata Bay,NA,Station: 10016 Tissue station.
40.80936813354492,-124.15278625488281,False,-99.0,BPTCP,1604,H. BAY- HALBERSON SHORELINE,ESU,USA,North Coast,Eureka Plain,Humboldt,Humboldt Bay,Humboldt Bay,NA,Station: 15001 Tissue station.
40.80936813354492,-124.15278625488281,False,-99.0,BPTCP,1605,H. BAY- HALBERSON SHORELINE,ESU,USA,North Coast,Eureka Plain,Humboldt,Humboldt Bay,Humboldt Bay,NA,Station: 15001 Tissue station.
40.80936813354492,-124.15278625488281,False,-99.0,BPTCP,1608,H. BAY- HALBERSON SHORELINE,ESU,USA,North Coast,Eureka Plain,Humboldt,Humboldt Bay,Humboldt Bay,NA,Station: 15001 Tissue station.
32.621665954589844,-117.10111236572266,False,25.0,BPTCP,161,34 SWARTZ,ESM,USA,San Diego,San Diego Bay,San Diego,San Diego Bay,SD Bay South,NA,
40.80631637573242,-124.1644515991211,False,-99.0,BPTCP,1610,EUREKA WATERFRONT- H STREET,ESM,USA,North Coast,Eureka Plain,Humboldt,Humboldt Bay,Humboldt Bay,NA,Station: 14001 Tissue station.
40.80631637573242,-124.1644515991211,False,-99.0,BPTCP,1611,EUREKA WATERFRONT- H STREET,ESM,USA,North Coast,Eureka Plain,Humboldt,Humboldt Bay,Humboldt Bay,NA,Station: 14001 Tissue station.
40.80631637573242,-124.1644515991211,False,-99.0,BPTCP,1612,EUREKA WATERFRONT- H STREET,ESM,USA,North Coast,Eureka Plain,Humboldt,Humboldt Bay,Humboldt Bay,NA,Station: 14001 Tissue station.
38.018165588378906,-122.52296447753906,False,12.0,BPTCP,1613,Gallinas Creek,EIR,USA,San Francisco Bay,San Francisco Bay,Marin,Novato & Miller Creek,Novato & Miller Creek,NA,
38.162349700927734,-122.42150115966797,False,20.0,BPTCP,1614,Sonoma Creek,EIR,USA,San Francisco Bay,San Francisco Bay,Sonoma,Napa Sonoma Marsh,Napa Sonoma Marsh,NA,
38.1791877746582,-122.07506561279297,False,1.0,BPTCP,1615,Chadborne Slough,EIH,USA,San Francisco Bay,San Francisco Bay,Solano,Suisun Bay Sloughs,Suisun Montezuma Slough,NA,
37.888214111328125,-122.51480102539062,False,20.0,BPTCP,1616,SILVA ISLAND MARSH-MC61,EIG,USA,San Francisco Bay,San Francisco Bay,Marin,SFB Central Bay,Richardson Bay,NA,
38.028350830078125,-122.51776885986328,False,1.0,BPTCP,1617,Miller Creek,EIR,USA,San Francisco Bay,San Francisco Bay,Marin,Novato & Miller Creek,Novato & Miller Creek,NA,
38.08696746826172,-122.51468658447266,False,12.0,BPTCP,1618,Novato Creek,EIR,USA,San Francisco Bay,San Francisco Bay,Marin,Novato & Miller Creek,Novato & Miller Creek,NA,
37.870574951171875,-122.49781799316406,False,26.0,BPTCP,1619,SAUSALITO HARBOR-ANDERSON B.Y.,EIM,USA,San Francisco Bay,San Francisco Bay,Marin,SFB Central Bay,Richardson Bay,NA,
32.65305709838867,-117.14722442626953,False,34.0,BPTCP,162,37 SWARTZ,ESM,USA,San Diego,San Diego Bay,San Diego,San Diego Bay,SD Bay South,NA,
37.456668853759766,-122.01899719238281,False,15.0,BPTCP,1620,ALVISO SLOUGH,EIH,USA,San Francisco Bay,San Francisco Bay,Santa Clara,SFB Southern Sloughs,Alviso Slough,NA,
37.52858352661133,-122.19666290283203,False,22.0,BPTCP,1621,REDWOOD CREEK BA40,ESR,USA,San Francisco Bay,San Francisco Bay,San Mateo,Redwood City  Sloughs,Redwood City Bair Island Reserve Sloughs,NA,
38.11314010620117,-122.41874694824219,False,12.0,BPTCP,1622,SAN PABLO BAY-TUBBS IS. REP 1,ESS,USA,San Francisco Bay,San Francisco Bay,Sonoma,SFB San Pablo Bay,Tubbs Island,NA,
33.76070022583008,-118.25437927246094,False,34.0,BPTCP,1623,HUGO NEUPROLER- #1,ESP,USA,Los Angeles,Dominguez Watershed,Los Angeles,San Pedro Bay,Los Angeles Harbor,POLA,
33.761016845703125,-118.2536849975586,False,33.0,BPTCP,1624,HUGO NEUPROLER- #2,ESP,USA,Los Angeles,Dominguez Watershed,Los Angeles,San Pedro Bay,Los Angeles Harbor,POLA,
33.761661529541016,-118.25199890136719,False,34.0,BPTCP,1625,HUGO NEUPROLER- #3,ESP,USA,Los Angeles,Dominguez Watershed,Los Angeles,San Pedro Bay,Los Angeles Harbor,POLA,
34.15321731567383,-119.21029663085938,False,33.0,BPTCP,1626,PORT HUENEME-WHARF B,ESM,USA,Los Angeles,Oxnard,Ventura,Port Hueneme,Port Hueneme,NA,
34.14817810058594,-119.20213317871094,False,34.0,BPTCP,1627,PORT HUENEME-WHARF #1,ESM,USA,Los Angeles,Oxnard,Ventura,Port Hueneme,Port Hueneme,NA,
34.21318435668945,-119.2551498413086,False,8.0,BPTCP,1628,MCGRATH LAKE ESTUARY,ESU,USA,Los Angeles,Oxnard,Ventura,McGrath Lake,McGrath Lake Estuary,NA,
34.0989990234375,-119.081298828125,False,32.0,BPTCP,1629,MUGU/ENTRANCE-REP 1,EIU,USA,Los Angeles,Calleguas,Ventura,Mugu Lagoon,Mugu Lagoon,NA,
32.67361068725586,-117.13361358642578,False,33.0,BPTCP,163,38 SWARTZ,ESS,USA,San Diego,San Diego Bay,San Diego,San Diego Bay,SD Bay South,NA,
33.98291778564453,-118.45580291748047,False,32.0,BPTCP,1630,MARINA DEL REY,ESM,USA,Los Angeles,Santa Monica Bay,Los Angeles,Marina del Rey,Marina Del Rey,NA,
33.758750915527344,-118.18910217285156,False,32.0,BPTCP,1631,SHORELINE MARINA,ESU,USA,Los Angeles,Pacific Ocean,Los Angeles,San Pedro Bay,Long Beach Harbor,NA,
33.74343490600586,-118.20523071289062,False,34.0,BPTCP,1632,SOUTHEAST BASIN,ESP,USA,Los Angeles,Dominguez Watershed,Los Angeles,San Pedro Bay,Long Beach Harbor,POLB,
33.61213302612305,-117.92806243896484,False,34.0,BPTCP,1633,NEWPORT BAY (RHINE CHANNEL),ESM,USA,Santa Ana,Santa Ana River,Orange,Newport Bay,Rhine Channel,NA,
33.635101318359375,-117.89061737060547,False,31.0,BPTCP,1634,NEWPORT BAY (523),ESS,USA,Santa Ana,Santa Ana River,Orange,Newport Bay,Newport Bay,NA,
32.68055725097656,-117.17305755615234,False,28.0,BPTCP,164,41 SWARTZ,ESM,USA,San Diego,San Diego Bay,San Diego,San Diego Bay,Glorietta Bay,NA,
33.768367767333984,-118.2516860961914,False,32.0,BPTCP,1647,CONSOLIDATED SLIP-198-SURFACE,ESP,USA,Los Angeles,Dominguez Watershed,Los Angeles,San Pedro Bay,Los Angeles Harbor,POLA,
33.768367767333984,-118.2516860961914,False,32.0,BPTCP,1648,CONSOLIDATED SLIP-198-DEPTH 2,ESP,USA,Los Angeles,Dominguez Watershed,Los Angeles,San Pedro Bay,Los Angeles Harbor,POLA,
32.713890075683594,-117.18444061279297,False,34.0,BPTCP,165,42 SWARTZ,ESS,USA,San Diego,San Diego Bay,San Diego,San Diego Bay,SD Bay North,NA,
33.77058410644531,-118.24996948242188,False,32.0,BPTCP,1650,CONSOLIDATED SLIP-200-SURFACE,ESP,USA,Los Angeles,Dominguez Watershed,Los Angeles,San Pedro Bay,Los Angeles Harbor,POLA,
33.77058410644531,-118.24996948242188,False,32.0,BPTCP,1651,CONSOLIDATED SLIP-200-DEPTH 2,ESP,USA,Los Angeles,Dominguez Watershed,Los Angeles,San Pedro Bay,Los Angeles Harbor,POLA,
33.7725830078125,-118.24893188476562,False,32.0,BPTCP,1653,CONSOLIDATED SLIP-200B-SURFACE,ESP,USA,Los Angeles,Dominguez Watershed,Los Angeles,San Pedro Bay,Los Angeles Harbor,POLA,
33.7725830078125,-118.24893188476562,False,32.0,BPTCP,1654,CONSOLIDATED SLIP-200B-DEPTH 2,ESP,USA,Los Angeles,Dominguez Watershed,Los Angeles,San Pedro Bay,Los Angeles Harbor,POLA,
33.77421569824219,-118.2470474243164,False,32.0,BPTCP,1656,CONSOLIDATED SLIP-200E-SURFACE,ESP,USA,Los Angeles,Dominguez Watershed,Los Angeles,San Pedro Bay,Los Angeles Harbor,POLA,
33.77421569824219,-118.2470474243164,False,32.0,BPTCP,1657,CONSOLIDATED SLIP-200E-DEPTH 2,ESP,USA,Los Angeles,Dominguez Watershed,Los Angeles,San Pedro Bay,Los Angeles Harbor,POLA,
33.77593231201172,-118.24295043945312,False,32.0,BPTCP,1659,CONSOLIDATED SLIP-200T-SURFACE,ESP,USA,Los Angeles,Dominguez Watershed,Los Angeles,San Pedro Bay,Los Angeles Harbor,POLA,
32.7022705078125,-117.16041564941406,False,35.0,BPTCP,166,C DELAPPE,ESP,USA,San Diego,San Diego Bay,San Diego,San Diego Bay,SD Bay North,NA,
33.77593231201172,-118.24295043945312,False,32.0,BPTCP,1660,CONSOLIDATED SLIP-200T-DEPTH 2,ESP,USA,Los Angeles,Dominguez Watershed,Los Angeles,San Pedro Bay,Los Angeles Harbor,POLA,
33.77593231201172,-118.24295043945312,False,32.0,BPTCP,1661,CONSOLIDATED SLIP-200T-DEPTH 3,ESP,USA,Los Angeles,Dominguez Watershed,Los Angeles,San Pedro Bay,Los Angeles Harbor,POLA,
33.77658462524414,-118.24168395996094,False,32.0,BPTCP,1662,CONSOLIDATED SLIP-END-SURFACE,ESP,USA,Los Angeles,Dominguez Watershed,Los Angeles,San Pedro Bay,Los Angeles Harbor,POLA,
33.77378463745117,-118.24851989746094,False,32.0,BPTCP,1663,CONSOLIDATED SLIP-STORM DRAIN,ESP,USA,Los Angeles,Dominguez Watershed,Los Angeles,San Pedro Bay,Los Angeles Harbor,POLA,
33.77545166015625,-118.24503326416016,False,32.0,BPTCP,1664,CONSOLIDATED SLIP-200G-SURFACE,ESP,USA,Los Angeles,Dominguez Watershed,Los Angeles,San Pedro Bay,Los Angeles Harbor,POLA,
33.77716827392578,-118.24116516113281,False,32.0,BPTCP,1665,DOMINGUEZ-H. FORD BRIDGE-SURFC,ESU,USA,Los Angeles,Dominguez Watershed,Los Angeles,Dominguez Channel,Dominguez Channel,NA,
32.69663619995117,-117.15186309814453,False,30.0,BPTCP,167,D DE LAPPE,ESP,USA,San Diego,San Diego Bay,San Diego,San Diego Bay,SD Bay North,NA,
32.68090057373047,-117.12902069091797,False,33.0,BPTCP,1673,25 SWARTZ (NAVAL BASE/SY O10),ESP,USA,San Diego,San Diego Bay,San Diego,San Diego Bay,SD Bay South,NA,
32.67551803588867,-117.12460327148438,False,33.0,BPTCP,1674,27 SWARTZ (NAVAL BASE/SH O13),ESP,USA,San Diego,San Diego Bay,San Diego,San Diego Bay,SD Bay South,NA,
32.678531646728516,-117.12438201904297,False,32.0,BPTCP,1675,P SWARTZ (NAVAL BASE O12),ESP,USA,San Diego,San Diego Bay,San Diego,San Diego Bay,SD Bay South,NA,
32.70195007324219,-117.15863037109375,False,34.0,BPTCP,1676,CL,ESP,USA,San Diego,San Diego Bay,San Diego,San Diego Bay,SD Bay North,NA,
32.69371795654297,-117.14862060546875,False,33.0,BPTCP,1677,NAVAL SHIPYARDS O3 (x1),ESP,USA,San Diego,San Diego Bay,San Diego,San Diego Bay,SD Bay South,NA,
32.693233489990234,-117.14756774902344,False,33.0,BPTCP,1678,G DE LAPPE,ESP,USA,San Diego,San Diego Bay,San Diego,San Diego Bay,SD Bay South,NA,
32.695316314697266,-117.14996337890625,False,34.0,BPTCP,1679,NAVAL SHIPYARDS O2 (x1),ESP,USA,San Diego,San Diego Bay,San Diego,San Diego Bay,SD Bay North,NA,
32.6949348449707,-117.14971160888672,False,35.0,BPTCP,168,E DE LAPPE,ESP,USA,San Diego,San Diego Bay,San Diego,San Diego Bay,SD Bay North,NA,
32.65250015258789,-117.1478500366211,False,35.0,BPTCP,1680,37 SWARTZ (MARINA),ESM,USA,San Diego,San Diego Bay,San Diego,San Diego Bay,SD Bay South,NA,
32.93190002441406,-117.25296783447266,False,25.0,BPTCP,1681,LOS PENASQUITOS (319),EIH,USA,San Diego,Penasquitos,San Diego,Penasquitos Lagoon,Los Penasquitos,NA,
38.33209991455078,-123.05843353271484,False,32.0,BPTCP,1682,BODEGA BAY MASON'S MARINA,ESM,USA,San Francisco Bay,Salmon Creek,Sonoma,Bodega Bay,Bodega Bay Harbor,NA,
38.32685089111328,-123.0546646118164,False,32.0,BPTCP,1683,Bodega_Spud Point Marina,ESM,USA,San Francisco Bay,Salmon Creek,Sonoma,Bodega Bay,Bodega Bay Harbor,NA,
38.334468841552734,-123.05052947998047,False,28.0,BPTCP,1684,PORTO BODEGA MARINA,ESM,USA,San Francisco Bay,Salmon Creek,Sonoma,Bodega Bay,Bodega Bay Harbor,NA,
38.3224983215332,-123.0406494140625,False,31.0,BPTCP,1685,Uncontaminated Site_33d,ESU,USA,San Francisco Bay,Salmon Creek,Sonoma,Bodega Bay,Bodega Bay Harbor,NA,
33.98270034790039,-118.45307922363281,False,32.0,BPTCP,1686,MARINA DEL REY- A1 (X1),ESM,USA,Los Angeles,Santa Monica Bay,Los Angeles,Marina del Rey,Marina Del Rey,NA,
33.980918884277344,-118.45103454589844,False,32.0,BPTCP,1687,MARINA DEL REY- A2 (X2),ESM,USA,Los Angeles,Santa Monica Bay,Los Angeles,Marina del Rey,Marina Del Rey,NA,
33.97556686401367,-118.45504760742188,False,32.0,BPTCP,1688,MARINA DEL REY- B1 (X1),ESM,USA,Los Angeles,Santa Monica Bay,Los Angeles,Marina del Rey,Marina Del Rey,NA,
33.97486877441406,-118.44734954833984,False,32.0,BPTCP,1689,MARINA DEL REY- B2 (X2),ESM,USA,Los Angeles,Santa Monica Bay,Los Angeles,Marina del Rey,Marina Del Rey,NA,
32.69301223754883,-117.14706420898438,False,28.0,BPTCP,169,G DE LAPPE,ESP,USA,San Diego,San Diego Bay,San Diego,San Diego Bay,SD Bay South,NA,
33.964900970458984,-118.452880859375,False,34.0,BPTCP,1690,MARINA DEL REY- C1 (X1),ESM,USA,Los Angeles,Santa Monica Bay,Los Angeles,Marina del Rey,Marina Del Rey,NA,
33.75925064086914,-118.18983459472656,False,31.0,BPTCP,1691,SHORELINE MARINA- A1 (X1),ESU,USA,Los Angeles,Pacific Ocean,Los Angeles,San Pedro Bay,Long Beach Harbor,NA,
33.75891876220703,-118.1872329711914,False,32.0,BPTCP,1692,SHORELINE MARINA- B1 (X1),ESU,USA,Los Angeles,Pacific Ocean,Los Angeles,San Pedro Bay,Long Beach Harbor,NA,
33.76203155517578,-118.18374633789062,False,32.0,BPTCP,1693,SHORELINE MARINA- C1 (X1),ESU,USA,Los Angeles,Pacific Ocean,Los Angeles,San Pedro Bay,Long Beach Harbor,NA,
33.734901428222656,-118.22098541259766,False,32.0,BPTCP,1694,SAN PEDRO BAY OUTER HARBOR,ESP,USA,Los Angeles,Dominguez Watershed,Los Angeles,San Pedro Bay,Long Beach Harbor,POLB,
33.73125076293945,-118.16561889648438,False,32.0,BPTCP,1695,LONG BEACH OUTER HARBOR- 18,ESU,USA,Los Angeles,Pacific Ocean,Los Angeles,San Pedro Bay,Long Beach Harbor,NA,
33.732398986816406,-118.14163208007812,False,32.0,BPTCP,1696,LONG BEACH OUTER HARBOR- 20,ESU,USA,Los Angeles,Pacific Ocean,Los Angeles,San Pedro Bay,Long Beach Harbor,NA,
33.75381851196289,-118.27037048339844,False,32.0,BPTCP,1697,TURNING BASIN,ESP,USA,Los Angeles,Dominguez Watershed,Los Angeles,San Pedro Bay,Los Angeles Harbor,POLA,
33.72913360595703,-118.26591491699219,False,32.0,BPTCP,1698,FISH HARBOR ENTRANCE,ESP,USA,Los Angeles,Dominguez Watershed,Los Angeles,San Pedro Bay,Los Angeles Harbor,POLA,
33.746299743652344,-118.21973419189453,False,32.0,BPTCP,1699,WEST BASIN ENTRANCE,ESP,USA,Los Angeles,Dominguez Watershed,Los Angeles,San Pedro Bay,Long Beach Harbor,POLB,
33.77527618408203,-118.24555969238281,False,30.0,BPTCP,17,Consolidated Slip,ESP,USA,Los Angeles,Dominguez Watershed,Los Angeles,San Pedro Bay,Los Angeles Harbor,POLA,
32.69224548339844,-117.14559936523438,False,35.0,BPTCP,170,K SWARTZ,ESP,USA,San Diego,San Diego Bay,San Diego,San Diego Bay,SD Bay South,NA,
33.84773254394531,-118.39641571044922,False,32.0,BPTCP,1700,KING HARBOR,ESM,USA,Los Angeles,Santa Monica Bay,Los Angeles,King Harbor,King Harbor,NA,
33.75186538696289,-118.11273193359375,False,32.0,BPTCP,1701,ALAMITOS BAY-LONG BEACH MARINA,ESM,USA,Los Angeles,San Gabriel River,Los Angeles,Alamitos Bay,Alamitos Bay,NA,
34.166168212890625,-119.22470092773438,False,32.0,BPTCP,1702,CHANNEL IS. HARBOR- FRONT,ESM,USA,Los Angeles,Oxnard,Ventura,Channel Islands Harbor,Channel Islands Harbor,NA,
34.10161590576172,-119.10375213623047,False,34.0,BPTCP,1703,WEST MUGU LAGOON- A1 (X2),ESH,USA,Los Angeles,Calleguas,Ventura,Mugu Lagoon,Mugu Lagoon,NA,
34.10298156738281,-119.11656951904297,False,34.0,BPTCP,1704,WEST MUGU LAGOON- A2 (X3),EIH,USA,Los Angeles,Calleguas,Ventura,Mugu Lagoon,Mugu Lagoon,NA,
34.105716705322266,-119.09246826171875,False,14.0,BPTCP,1705,CENTRAL MUGU LAGOON- B1 (X4),EIH,USA,Los Angeles,Calleguas,Ventura,Mugu Lagoon,Mugu Lagoon,NA,
34.105018615722656,-119.09719848632812,False,35.0,BPTCP,1706,CENTRAL MUGU LAGOON- B2 (X3),EIH,USA,Los Angeles,Calleguas,Ventura,Mugu Lagoon,Mugu Lagoon,NA,
34.09633255004883,-119.07644653320312,False,34.0,BPTCP,1707,EAST MUGU LAGOON- C1 (X1),EIH,USA,Los Angeles,Calleguas,Ventura,Mugu Lagoon,Mugu Lagoon,NA,
34.0950813293457,-119.07398223876953,False,34.0,BPTCP,1708,EAST MUGU LAGOON- C2 (X2),EIH,USA,Los Angeles,Calleguas,Ventura,Mugu Lagoon,Mugu Lagoon,NA,
32.67869186401367,-117.1249008178711,False,34.0,BPTCP,171,P SWARTZ,ESP,USA,San Diego,San Diego Bay,San Diego,San Diego Bay,SD Bay South,NA,
38.063533782958984,-121.80853271484375,False,0.0,BPTCP,1714,SACRAMENTO RIVER (RMP),ESS,USA,San Francisco Bay,San Francisco Bay,Contra Costa,Sacramento San Joaquin Confluence,Sacramento San Joaquin Confluence,NA,
38.023468017578125,-121.80525207519531,False,0.0,BPTCP,1715,SAN JOAQUIN RIVER (RMP),ESS,USA,San Francisco Bay,San Francisco Bay,Contra Costa,Sacramento San Joaquin Confluence,Sacramento San Joaquin Confluence,NA,
38.019100189208984,-121.76748657226562,False,0.0,BPTCP,1716,ANTIOCH POINT,ESC,USA,San Francisco Bay,San Francisco Bay,Contra Costa,Sacramento San Joaquin Confluence,Sacramento San Joaquin Confluence,NA,
38.28654861450195,-121.66284942626953,False,0.0,BPTCP,1717,PROSPECT SLOUGH,FAA,USA,Central Valley,San Francisco Bay,Sacramento,Sacramento River,Sacramento River,NA,
38.194950103759766,-121.65878295898438,False,0.0,BPTCP,1718,Cache Slough,FAA,USA,Central Valley,San Francisco Bay,Sacramento,Sacramento River,Sacramento River,NA,
37.949832916259766,-121.30773162841797,False,0.0,BPTCP,1719,McCORMICK & BAXTER,FAA,USA,Central Valley,San Francisco Bay,San Joaquin,San Joaquin River,San Joaquin River,NA,
32.7136116027832,-117.20944213867188,False,35.0,BPTCP,172,NM SANDBAG,ESP,USA,San Diego,San Diego Bay,San Diego,San Diego Bay,SD Bay North,NA,
37.950748443603516,-121.37713623046875,False,0.0,BPTCP,1720,ROUGH & READY IS.,FAA,USA,Central Valley,San Francisco Bay,San Joaquin,San Joaquin River,San Joaquin River,NA,
37.967750549316406,-121.30726623535156,False,0.0,BPTCP,1721,SMITH CANAL,FAA,USA,Central Valley,San Francisco Bay,San Joaquin,San Joaquin River,San Joaquin River,NA,
37.92789840698242,-121.3271484375,False,0.0,BPTCP,1722,SAN JOAQUIN RIVER @ HW4,FAA,USA,Central Valley,San Francisco Bay,San Joaquin,San Joaquin River,San Joaquin River,NA,
37.95581817626953,-121.29336547851562,False,0.0,BPTCP,1723,Stockton _ Downtown,FAA,USA,Central Valley,San Francisco Bay,San Joaquin,San Joaquin River,San Joaquin River,NA,
37.9512825012207,-121.33364868164062,False,0.0,BPTCP,1724,STOCKTON TURNING BASIN,FAA,USA,Central Valley,San Francisco Bay,San Joaquin,San Joaquin River,San Joaquin River,NA,
37.919517517089844,-121.30695343017578,False,0.0,BPTCP,1725,French Camp @ I_5,FAA,USA,Central Valley,San Francisco Bay,San Joaquin,San Joaquin River,San Joaquin River,NA,
37.94088363647461,-121.55803680419922,False,0.0,BPTCP,1726,Old River _ Woodland Is.,FAA,USA,Central Valley,San Francisco Bay,San Joaquin,San Joaquin River,San Joaquin River,NA,
38.10128402709961,-121.578369140625,False,0.0,BPTCP,1727,SAN ANDREAS SHOAL,FAA,USA,Central Valley,San Francisco Bay,San Joaquin,San Joaquin River,San Joaquin River,NA,
38.04741668701172,-121.47401428222656,False,0.0,BPTCP,1728,DISAPPOINTMENT SLOUGH,FAA,USA,Central Valley,San Francisco Bay,San Joaquin,San Joaquin River,San Joaquin River,NA,
38.19483184814453,-121.47540283203125,False,0.0,BPTCP,1729,BEAVER SLOUGH,FAA,USA,Central Valley,San Francisco Bay,Sacramento,Sacramento River,Sacramento River,NA,
32.70694351196289,-117.1897201538086,False,33.0,BPTCP,173,SDNI-N1,ESP,USA,San Diego,San Diego Bay,San Diego,San Diego Bay,SD Bay North,NA,
38.561851501464844,-121.54598236083984,False,0.0,BPTCP,1730,Sacramento Turning Basin,FAA,USA,Central Valley,San Francisco Bay,Sacramento,Sacramento River,Sacramento River,NA,
38.56621551513672,-121.551513671875,False,0.0,BPTCP,1731,Sacramento Turning Basin,FAA,USA,Central Valley,San Francisco Bay,Sacramento,Sacramento River,Sacramento River,NA,
37.77163314819336,-122.39676666259766,False,28.0,BPTCP,1732,Mission Creek,EIG,USA,San Francisco Bay,San Francisco Bay,San Francisco,SFB Central Bay,Mission Creek,NA,
37.77486801147461,-122.39273071289062,False,28.0,BPTCP,1733,Mission Creek,EIG,USA,San Francisco Bay,San Francisco Bay,San Francisco,SFB Central Bay,Mission Creek,NA,
37.7775993347168,-122.38838195800781,False,30.0,BPTCP,1734,Mission Creek,EIP,USA,San Francisco Bay,San Francisco Bay,San Francisco,SFB Central Bay,Mission Creek,NA,
37.74781799316406,-122.39229583740234,False,30.0,BPTCP,1735,ISLAIS CREEK,EIG,USA,San Francisco Bay,San Francisco Bay,San Francisco,SFB Central Bay,Islais Creek,NA,
37.74755096435547,-122.38801574707031,False,30.0,BPTCP,1736,Islais Creek,EIG,USA,San Francisco Bay,San Francisco Bay,San Francisco,SFB Central Bay,Islais Creek,NA,
37.74781799316406,-122.3856201171875,False,25.0,BPTCP,1737,Islais Creek,EIG,USA,San Francisco Bay,San Francisco Bay,San Francisco,SFB Central Bay,Islais Creek,NA,
38.03300857543945,-122.11255645751953,False,0.0,BPTCP,1738,PEYTON SLOUGH-UPPER-SITE 2,EIS,USA,San Francisco Bay,San Francisco Bay,Contra Costa,Suisun Bay Sloughs,Peyton Slough,NA,
38.0338020324707,-122.11238861083984,False,0.0,BPTCP,1739,PEYTON SLOUGH- MID GRADIENT,EIS,USA,San Francisco Bay,San Francisco Bay,Contra Costa,Suisun Bay Sloughs,Peyton Slough,NA,
32.70833206176758,-117.18888854980469,False,35.0,BPTCP,174,SDNI-N5,ESP,USA,San Diego,San Diego Bay,San Diego,San Diego Bay,SD Bay North,NA,
38.036720275878906,-122.11317443847656,False,4.0,BPTCP,1740,PEYTON SLOUGH- END GRADIENT,EIS,USA,San Francisco Bay,San Francisco Bay,Contra Costa,Suisun Bay Sloughs,Peyton Slough,NA,
37.89944839477539,-122.46472930908203,False,25.0,BPTCP,1741,PARADISE COVE- REFERENCE,ESM,USA,San Francisco Bay,San Francisco Bay,Marin,SFB Central Bay,Paradise Cove,NA,
37.79993438720703,-122.3967514038086,False,25.0,BPTCP,1742,SAN FRANCISCO- PIER 7,EIP,USA,San Francisco Bay,San Francisco Bay,San Francisco,SFB Central Bay,San Francisco North Nearshore,PSF,
37.79304885864258,-122.3897705078125,False,25.0,BPTCP,1744,HOWARD STREET CSO,ESP,USA,San Francisco Bay,San Francisco Bay,San Francisco,SFB Central Bay,Central Bay Nearshore,PSF,
37.763450622558594,-122.38618469238281,False,25.0,BPTCP,1745,CENTRAL BASIN - INNER,EIP,USA,San Francisco Bay,San Francisco Bay,San Francisco,SFB Central Bay,Central Bay Nearshore,NA,
37.87355041503906,-122.50343322753906,False,30.0,BPTCP,1746,WALDO POINT,EIM,USA,San Francisco Bay,San Francisco Bay,Marin,SFB Central Bay,Richardson Bay,NA,
37.75444412231445,-122.37944030761719,False,25.0,BPTCP,1747,Warm Water Cove,ESP,USA,San Francisco Bay,San Francisco Bay,San Francisco,SFB Central Bay,Central Bay Nearshore,NA,
37.57111740112305,-122.14971923828125,False,22.0,BPTCP,1749,N. SOUTH BAY- REP #1,ESS,USA,San Francisco Bay,San Francisco Bay,Alameda,SFB South Bay,Union City,NA,
32.69658279418945,-117.22795867919922,False,34.0,BPTCP,175,SDNI-N18,ESP,USA,San Diego,San Diego Bay,San Diego,San Diego Bay,SD Bay North,NA,
38.104984283447266,-122.3290023803711,False,20.0,BPTCP,1750,SAN PABLO BAY-ISLAND #1- REP 1,ESS,USA,San Francisco Bay,San Francisco Bay,Solano,SFB San Pablo Bay,San Pablo Bay Island,NA,
37.44186782836914,-122.03118133544922,False,11.0,BPTCP,1751,GUADALUPE SLOUGH,EIH,USA,San Francisco Bay,San Francisco Bay,Santa Clara,SFB Southern Sloughs,Guadalupe Slough,NA,
37.64965057373047,-122.3812026977539,False,0.0,BPTCP,1752,San Bruno Channel,EIG,USA,San Francisco Bay,San Francisco Bay,San Mateo,SFB Central Bay,San Francisco South Nearshore,NA,
37.786067962646484,-122.2475814819336,False,24.0,BPTCP,1753,Oakland Harbor Inner,EIP,USA,San Francisco Bay,San Francisco Bay,Alameda,SFB Central Bay,Oakland Harbor,POAK,
37.76902389526367,-122.23115539550781,False,25.0,BPTCP,1754,Oakland Harbor Inner,ESP,USA,San Francisco Bay,San Francisco Bay,Alameda,SFB Central Bay,Oakland Harbor,POAK,
37.74158477783203,-122.2071533203125,False,24.0,BPTCP,1755,San Leandro Bay,EIG,USA,San Francisco Bay,San Francisco Bay,San Francisco,SFB Central Bay,San Leandro Bay,NA,
37.74363327026367,-122.20649719238281,False,24.0,BPTCP,1756,San Leandro Bay,EIG,USA,San Francisco Bay,San Francisco Bay,San Francisco,SFB Central Bay,San Leandro Bay,NA,
37.75189971923828,-122.20956420898438,False,24.0,BPTCP,1757,San Leandro Bay,EIG,USA,San Francisco Bay,San Francisco Bay,San Francisco,SFB Central Bay,San Leandro Bay,NA,
37.75185012817383,-122.21784973144531,False,24.0,BPTCP,1758,San Leandro Bay,ESG,USA,San Francisco Bay,San Francisco Bay,San Francisco,SFB Central Bay,San Leandro Bay,NA,
37.75938415527344,-122.21823120117188,False,24.0,BPTCP,1759,San Leandro Bay,EIG,USA,San Francisco Bay,San Francisco Bay,San Francisco,SFB Central Bay,San Leandro Bay,NA,
32.68722152709961,-117.23555755615234,False,34.0,BPTCP,176,NSB-S1,ESP,USA,San Diego,San Diego Bay,San Diego,San Diego Bay,SD Bay North,NA,
37.70216751098633,-122.41091918945312,False,0.0,BPTCP,1760,PG&E_Levinson,EIR,USA,San Francisco Bay,San Francisco Bay,San Francisco,SFB Central Bay,San Francisco North Nearshore,NA,
38.05591583251953,-122.25054931640625,False,16.0,BPTCP,1761,Unocal,ESS,USA,San Francisco Bay,San Francisco Bay,Solano,SFB Carquinez Strait,Carquinez,NA,
36.80023193359375,-121.78765106201172,False,-99.0,BPTCP,1762,SANDHOLDT BRIDGE,ESM,USA,Central Coast,Bolsa Neuva,Monterey,Moss Landing Harbor,Moss Landing Harbor,NA,
36.771949768066406,-121.78763580322266,False,11.0,BPTCP,1763,TEMBLADERO MOUTH,EIU,USA,Central Coast,Salinas,Monterey,Tembladero Slough,Tembladero Slough,NA,
36.74003219604492,-121.73896789550781,False,0.6000000238418579,BPTCP,1764,CENTRAL TEMBLADERO,FAA,USA,Central Coast,Salinas,Monterey,Tembladero Slough,Tembladero Slough,NA,
36.6884651184082,-121.6760025024414,False,0.5,BPTCP,1765,UPPER TEMBLADERO-SALINAS CITY,FAA,USA,Central Coast,Salinas,Monterey,Tembladero Slough,Tembladero Slough,NA,
36.751651763916016,-121.74168395996094,False,1.899999976158142,BPTCP,1766,ESPINOSA SLOUGH,FAA,USA,Central Coast,Salinas,Monterey,Espinosa Slough,Espinosa Slough,NA,
36.741634368896484,-121.740966796875,False,1.899999976158142,BPTCP,1767,ALISAL SLOUGH,FAA,USA,Central Coast,Salinas,Monterey,Alisal Slough,Alisal Slough,NA,
36.76694869995117,-121.79524993896484,False,19.0,BPTCP,1768,OLD SALINAS RIVER CHANNEL,EIU,USA,Central Coast,Salinas,Monterey,Salinas River,Salinas River,NA,
33.73495101928711,-118.22049713134766,False,-99.0,BPTCP,1769,SAN PEDRO BAY OUTER HARBOR,ESP,USA,Los Angeles,Dominguez Watershed,Los Angeles,San Pedro Bay,Long Beach Harbor,POLB,
32.68805694580078,-117.23666381835938,False,34.0,BPTCP,177,NSB-M1,ESP,USA,San Diego,San Diego Bay,San Diego,San Diego Bay,SD Bay North,NA,
33.73115158081055,-118.1657485961914,False,-99.0,BPTCP,1770,LONG BEACH OUTER HARBOR- 18,ESU,USA,Los Angeles,Pacific Ocean,Los Angeles,San Pedro Bay,Long Beach Harbor,NA,
33.73244857788086,-118.14234924316406,False,-99.0,BPTCP,1771,LONG BEACH OUTER HARBOR- 20,ESU,USA,Los Angeles,Pacific Ocean,Los Angeles,San Pedro Bay,Long Beach Harbor,NA,
33.75374984741211,-118.27040100097656,False,-99.0,BPTCP,1772,TURNING BASIN,ESP,USA,Los Angeles,Dominguez Watershed,Los Angeles,San Pedro Bay,Los Angeles Harbor,POLA,
33.72953414916992,-118.2659683227539,False,-99.0,BPTCP,1773,FISH HARBOR ENTRANCE,ESP,USA,Los Angeles,Dominguez Watershed,Los Angeles,San Pedro Bay,Los Angeles Harbor,POLA,
33.74599838256836,-118.22004699707031,False,-99.0,BPTCP,1774,WEST BASIN ENTRANCE,ESP,USA,Los Angeles,Dominguez Watershed,Los Angeles,San Pedro Bay,Long Beach Harbor,POLB,
33.74599838256836,-118.22004699707031,False,-99.0,BPTCP,1774.2,WEST BASIN ENTRANCE-2,ESP,USA,Los Angeles,Dominguez Watershed,Los Angeles,San Pedro Bay,Long Beach Harbor,POLB,Station: 40009 Tissue station.
33.74599838256836,-118.22004699707031,False,-99.0,BPTCP,1774.3,WEST BASIN ENTRANCE-3,ESP,USA,Los Angeles,Dominguez Watershed,Los Angeles,San Pedro Bay,Long Beach Harbor,POLB,Station: 40009 Tissue station.
33.84773254394531,-118.39641571044922,False,-99.0,BPTCP,1775,KING HARBOR,ESM,USA,Los Angeles,Santa Monica Bay,Los Angeles,King Harbor,King Harbor,NA,
33.7520866394043,-118.11302947998047,False,-99.0,BPTCP,1776,ALAMITOS BAY-LONG BEACH MARINA,ESM,USA,Los Angeles,San Gabriel River,Los Angeles,Alamitos Bay,Alamitos Bay,NA,
34.16633224487305,-119.22491455078125,False,-99.0,BPTCP,1777,CHANNEL IS. HARBOR- FRONT,ESM,USA,Los Angeles,Oxnard,Ventura,Channel Islands Harbor,Channel Islands Harbor,NA,
33.71538162231445,-118.2822036743164,False,-99.0,BPTCP,1778,CABRILLO BEACH PIER- WEST,ESP,USA,Los Angeles,Dominguez Watershed,Los Angeles,San Pedro Bay,Los Angeles Harbor,POLA,
33.70903396606445,-118.2751693725586,False,-99.0,BPTCP,1779,CABRILLO BEACH PIER- CENTRAL,ESP,USA,Los Angeles,Dominguez Watershed,Los Angeles,San Pedro Bay,Los Angeles Harbor,POLA,
33.70903396606445,-118.2751693725586,False,-99.0,BPTCP,1779.2,CABRILLO BEACH PIER- CENTRAL-2,ESP,USA,Los Angeles,Dominguez Watershed,Los Angeles,San Pedro Bay,Los Angeles Harbor,POLA,Station: 49002 Tissue station.
33.70903396606445,-118.2751693725586,False,-99.0,BPTCP,1779.3,CABRILLO BEACH PIER- CENTRAL-3,ESP,USA,Los Angeles,Dominguez Watershed,Los Angeles,San Pedro Bay,Los Angeles Harbor,POLA,Station: 49002 Tissue station.
32.690834045410156,-117.23805236816406,False,33.0,BPTCP,178,NSB-R1,ESP,USA,San Diego,San Diego Bay,San Diego,San Diego Bay,SD Bay North,NA,
33.709999084472656,-118.27017974853516,False,-99.0,BPTCP,1780,CABRILLO BEACH PIER- EAST,ESP,USA,Los Angeles,Dominguez Watershed,Los Angeles,San Pedro Bay,Los Angeles Harbor,POLA,
33.709999084472656,-118.27017974853516,False,-99.0,BPTCP,1780.2,CABRILLO BEACH PIER- EAST-2,ESP,USA,Los Angeles,Dominguez Watershed,Los Angeles,San Pedro Bay,Los Angeles Harbor,POLA,Station: 49003 Tissue station.
33.709999084472656,-118.27017974853516,False,-99.0,BPTCP,1780.3,CABRILLO BEACH PIER- EAST-3,ESP,USA,Los Angeles,Dominguez Watershed,Los Angeles,San Pedro Bay,Los Angeles Harbor,POLA,Station: 49003 Tissue station.
33.73244857788086,-118.14234924316406,False,-99.0,BPTCP,1781,LONG BEACH OUTER HARBOR- 20,ESU,USA,Los Angeles,Pacific Ocean,Los Angeles,San Pedro Bay,Long Beach Harbor,NA,Station: 40020.2 Tissue station.
33.71538162231445,-118.2822036743164,False,-99.0,BPTCP,1782,CABRILLO BEACH PIER- WEST,ESP,USA,Los Angeles,Dominguez Watershed,Los Angeles,San Pedro Bay,Los Angeles Harbor,POLA,Station: 49001 Tissue station.
33.70903396606445,-118.2751693725586,False,-99.0,BPTCP,1783,CABRILLO BEACH PIER- CENTRAL,ESP,USA,Los Angeles,Dominguez Watershed,Los Angeles,San Pedro Bay,Los Angeles Harbor,POLA,Station: 49002 Tissue station.
33.709999084472656,-118.27017974853516,False,-99.0,BPTCP,1784,CABRILLO BEACH PIER- EAST,ESP,USA,Los Angeles,Dominguez Watershed,Los Angeles,San Pedro Bay,Los Angeles Harbor,POLA,Station: 49003 Tissue station.
33.71538162231445,-118.2822036743164,False,-99.0,BPTCP,1785,CABRILLO BEACH PIER- WEST,ESP,USA,Los Angeles,Dominguez Watershed,Los Angeles,San Pedro Bay,Los Angeles Harbor,POLA,Station: 49001 Tissue station.
33.70903396606445,-118.2751693725586,False,-99.0,BPTCP,1786,CABRILLO BEACH PIER- CENTRAL,ESP,USA,Los Angeles,Dominguez Watershed,Los Angeles,San Pedro Bay,Los Angeles Harbor,POLA,Station: 49002 Tissue station.
33.709999084472656,-118.27017974853516,False,-99.0,BPTCP,1787,CABRILLO BEACH PIER- EAST,ESP,USA,Los Angeles,Dominguez Watershed,Los Angeles,San Pedro Bay,Los Angeles Harbor,POLA,Station: 49003 Tissue station.
33.63481521606445,-117.89057922363281,False,27.0,BPTCP,1788,NEWPORT BAY (523),ESS,USA,Santa Ana,Santa Ana River,Orange,Newport Bay,Newport Bay,NA,
33.65141677856445,-117.8559799194336,False,1.7999999523162842,BPTCP,1789,SAN DIEGO CREEK- CAMPUS,FAA,USA,Santa Ana,Santa Ana River,Orange,San Diego Creek,San Diego Creek,NA,
32.68980026245117,-117.14274597167969,False,30.0,BPTCP,179,BF SCHROEDER SITE F,ESP,USA,San Diego,San Diego Bay,San Diego,San Diego Bay,SD Bay South,NA,
33.65116882324219,-117.86248016357422,False,7.75,BPTCP,1790,SAN DIEGO CREEK- MACARTHUR,EIU,USA,Santa Ana,Santa Ana River,Orange,San Diego Creek,San Diego Creek,NA,
33.65308380126953,-117.88349914550781,False,18.0,BPTCP,1791,SANTA ANA/DELHI CHANNEL-BRIDGE,EIU,USA,Santa Ana,Santa Ana River,Orange,Delhi Channel,Delhi Channel,NA,
33.65256881713867,-117.88500213623047,False,19.799999237060547,BPTCP,1792,SANTA ANA/DELHI CHANNEL-OUTER,EIU,USA,Santa Ana,Santa Ana River,Orange,Delhi Channel,Delhi Channel,NA,
33.71598434448242,-118.2725830078125,False,33.0,BPTCP,1793,KAISER INTL.- BERTH 49,ESP,USA,Los Angeles,Dominguez Watershed,Los Angeles,San Pedro Bay,Los Angeles Harbor,POLA,
33.71440124511719,-118.27114868164062,False,33.0,BPTCP,1794,KAISER INTL.- BERTH 48,ESP,USA,Los Angeles,Dominguez Watershed,Los Angeles,San Pedro Bay,Los Angeles Harbor,POLA,
37.91093444824219,-122.33478546142578,False,40.0,BPTCP,1795,ZENECA MARSH #1,EIH,USA,San Francisco Bay,San Francisco Bay,Contra Costa,SFB Central Bay,Richmond Zeneca Marsh,NA,
37.91025161743164,-122.33308410644531,False,27.0,BPTCP,1796,ZENECA MARSH #2,EIH,USA,San Francisco Bay,San Francisco Bay,Contra Costa,SFB Central Bay,Richmond Zeneca Marsh,NA,
37.910133361816406,-122.33063507080078,False,30.0,BPTCP,1797,ZENECA MARSH #3,EIH,USA,San Francisco Bay,San Francisco Bay,Contra Costa,SFB Central Bay,Richmond Zeneca Marsh,NA,
37.908634185791016,-122.33043670654297,False,29.0,BPTCP,1798,Carlson Creek,EIH,USA,San Francisco Bay,San Francisco Bay,Contra Costa,SFB Central Bay,Richmond Zeneca Marsh,NA,
37.91093444824219,-122.33478546142578,False,15.0,BPTCP,1799,ZENECA MARSH #1,EIH,USA,San Francisco Bay,San Francisco Bay,Contra Costa,SFB Central Bay,Richmond Zeneca Marsh,NA,
33.7761116027832,-118.2427749633789,False,31.0,BPTCP,18,Consolidated Slip,ESP,USA,Los Angeles,Dominguez Watershed,Los Angeles,San Pedro Bay,Los Angeles Harbor,POLA,
32.6899528503418,-117.14258575439453,False,35.0,BPTCP,180,BG SCHROEDER SITE G,ESP,USA,San Diego,San Diego Bay,San Diego,San Diego Bay,SD Bay South,NA,
37.91025161743164,-122.33307647705078,False,8.0,BPTCP,1800,ZENECA MARSH #2,EIH,USA,San Francisco Bay,San Francisco Bay,Contra Costa,SFB Central Bay,Richmond Zeneca Marsh,NA,
37.909000396728516,-122.33041381835938,False,23.0,BPTCP,1801,Carlson Creek,EIH,USA,San Francisco Bay,San Francisco Bay,Contra Costa,SFB Central Bay,Richmond Zeneca Marsh,NA,
0.0,-0.0,False,-99.0,BPTCP,1805.2,GC- INITIAL BEFORE EXPOSURE-2,CNG,NA,NA,NA,NA,NA,NA,NA,Station:  Tissue station.
0.0,-0.0,False,-99.0,BPTCP,1805.3,GC- INITIAL BEFORE EXPOSURE-3,CNG,NA,NA,NA,NA,NA,NA,NA,Station:  Tissue station.
0.0,-0.0,False,-99.0,BPTCP,1806.2,GC- HOME CONTROL-2,CNG,NA,NA,NA,NA,NA,NA,NA,Station:  Tissue station.
0.0,-0.0,False,-99.0,BPTCP,1806.3,GC- HOME CONTROL-3,CNG,NA,NA,NA,NA,NA,NA,NA,Station:  Tissue station.
32.688289642333984,-117.13658905029297,False,32.0,BPTCP,181,BM SCHROEDER SITE M,ESP,USA,San Diego,San Diego Bay,San Diego,San Diego Bay,SD Bay South,NA,
32.63249969482422,-117.10694122314453,False,35.0,BPTCP,185,STORM DRAIN- ROHR CHANNEL,EIU,USA,San Diego,San Diego Bay,San Diego,San Diego Bay,SD Bay South,NA,
32.72249221801758,-117.17374420166016,False,30.0,BPTCP,186,STORM DRAIN EM- GRAPE STREET,ESM,USA,San Diego,San Diego Bay,San Diego,San Diego Bay,SD Bay North,NA,
32.70305633544922,-117.16000366210938,False,35.0,BPTCP,187,CC,ESP,USA,San Diego,San Diego Bay,San Diego,San Diego Bay,SD Bay North,NA,
32.70192337036133,-117.15805053710938,False,30.0,BPTCP,188,CL,ESP,USA,San Diego,San Diego Bay,San Diego,San Diego Bay,SD Bay North,NA,
32.6422233581543,-117.11555480957031,False,28.0,BPTCP,189,SWEETWATER MARSH SD BAY,ESS,USA,San Diego,Sweetwater,San Diego,San Diego Bay,Sweetwater Marsh,NA,
33.77586364746094,-118.21102142333984,False,33.0,BPTCP,19,Long Beach Harbor- Channel 2,ESP,USA,Los Angeles,Dominguez Watershed,Los Angeles,San Pedro Bay,Long Beach Harbor,POLB,
32.61138916015625,-117.11360931396484,False,24.0,BPTCP,190,SOUTH SD BAY WETLANDS- OTAY R.,ESS,USA,San Diego,San Diego Bay,San Diego,San Diego Bay,SD Bay South,NA,
32.698890686035156,-117.16666412353516,False,30.0,BPTCP,192,CORONADO WHARF,ESP,USA,San Diego,San Diego Bay,San Diego,San Diego Bay,SD Bay North,NA,
32.71611022949219,-117.22833251953125,False,33.0,BPTCP,197,6 SWARTZ,ESM,USA,San Diego,San Diego Bay,San Diego,San Diego Bay,SD Bay North,NA,
32.72138977050781,-117.21639251708984,False,33.0,BPTCP,198,8B,ESS,USA,San Diego,San Diego Bay,San Diego,San Diego Bay,SD Bay North,NA,
32.72766876220703,-117.19983673095703,False,34.0,BPTCP,199,10 SWARTZ,ESM,USA,San Diego,San Diego Bay,San Diego,San Diego Bay,SD Bay North,NA,
33.75555419921875,-118.2794418334961,False,34.0,BPTCP,2,Southwest Slip,ESP,USA,Los Angeles,Dominguez Watershed,Los Angeles,San Pedro Bay,Los Angeles Harbor,POLA,
33.775001525878906,-118.21333312988281,False,35.0,BPTCP,20,Long Beach Harbor- Channel 2,ESP,USA,Los Angeles,Dominguez Watershed,Los Angeles,San Pedro Bay,Long Beach Harbor,POLB,
32.706111907958984,-117.16583251953125,False,35.0,BPTCP,200,16 SWARTZ,ESM,USA,San Diego,San Diego Bay,San Diego,San Diego Bay,SD Bay North,NA,
32.647499084472656,-117.11666870117188,False,35.0,BPTCP,201,32 SWARTZ,ESP,USA,San Diego,Sweetwater,San Diego,San Diego Bay,Sweetwater Channel,NA,
32.628334045410156,-117.13055419921875,False,35.0,BPTCP,202,35 SWARTZ,ESM,USA,San Diego,San Diego Bay,San Diego,San Diego Bay,SD Bay South,NA,
32.63750076293945,-117.13722229003906,False,35.0,BPTCP,203,36 SWARTZ,ESS,USA,San Diego,San Diego Bay,San Diego,San Diego Bay,SD Bay South,NA,
32.70861053466797,-117.18694305419922,False,34.0,BPTCP,204,43 SWARTZ,ESP,USA,San Diego,San Diego Bay,San Diego,San Diego Bay,SD Bay North,NA,
32.71916580200195,-117.21749877929688,False,33.0,BPTCP,205,8A SWARTZ,ESS,USA,San Diego,San Diego Bay,San Diego,San Diego Bay,SD Bay North,NA,
32.62638854980469,-117.10749816894531,False,25.0,BPTCP,206,5 SDG&E,ESS,USA,San Diego,San Diego Bay,San Diego,San Diego Bay,SD Bay South,NA,
32.616943359375,-117.11194610595703,False,24.0,BPTCP,207,7 SDG&E,ESS,USA,San Diego,San Diego Bay,San Diego,San Diego Bay,SD Bay South,NA,
33.77555465698242,-118.21221923828125,False,34.0,BPTCP,21,Long Beach Harbor- Channel 2,ESP,USA,Los Angeles,Dominguez Watershed,Los Angeles,San Pedro Bay,Long Beach Harbor,POLB,
32.68805694580078,-117.28639221191406,False,35.0,BPTCP,212,THOMPSON SITE 205,OAA,USA,San Diego,Pacific Ocean,San Diego,Pacific Ocean,Pacific Ocean,NA,
33.75666809082031,-118.21416473388672,False,38.0,BPTCP,22,East Basin- Pier C,ESP,USA,Los Angeles,Dominguez Watershed,Los Angeles,San Pedro Bay,Long Beach Harbor,POLB,
32.695556640625,-117.23555755615234,False,35.0,BPTCP,220,BAIT BARGE,ESS,USA,San Diego,San Diego Bay,San Diego,San Diego Bay,SD Bay North,NA,
33.75555419921875,-118.2138900756836,False,36.0,BPTCP,23,East Basin- Pier C,ESP,USA,Los Angeles,Dominguez Watershed,Los Angeles,San Pedro Bay,Long Beach Harbor,POLB,
33.75583267211914,-118.21305847167969,False,36.0,BPTCP,24,East Basin- Pier C,ESP,USA,Los Angeles,Dominguez Watershed,Los Angeles,San Pedro Bay,Long Beach Harbor,POLB,
33.74611282348633,-118.22000122070312,False,36.0,BPTCP,25,West Basin Entrance,ESP,USA,Los Angeles,Dominguez Watershed,Los Angeles,San Pedro Bay,Long Beach Harbor,POLB,
32.70706558227539,-117.23639678955078,False,35.0,BPTCP,250,SCRIPPS PIER,ESS,USA,San Diego,San Diego Bay,San Diego,San Diego Bay,SD Bay North,NA,
36.821388244628906,-121.74444580078125,False,32.0,BPTCP,251,EGRET LANDING- REFERENCE,ESU,USA,Central Coast,Bolsa Neuva,Monterey,Egret Landing,Egret Landing,NA,
36.809165954589844,-121.78388977050781,False,-99.0,BPTCP,254,HIGHWAY 1 BRIDGE REFERENCE,ESM,USA,Central Coast,Bolsa Neuva,Monterey,Moss Landing Harbor,Moss Landing Harbor,NA,
32.728084564208984,-117.21434020996094,False,34.0,BPTCP,256,HARBOR BRIDGE 71A,ESM,USA,San Diego,San Diego Bay,San Diego,San Diego Bay,SD Bay North,NA,
32.706668853759766,-117.23416900634766,False,34.0,BPTCP,257,SCRIPPS TRIANGLE,ESS,USA,San Diego,San Diego Bay,San Diego,San Diego Bay,SD Bay North,NA,
36.82416534423828,-121.73944091796875,False,32.0,BPTCP,258,ANDREWS POND REFERENCE,FAA,USA,Central Coast,Bolsa Neuva,Monterey,Andrews Pond,Andrews Pond,NA,
33.74555587768555,-118.21861267089844,False,37.0,BPTCP,26,West Basin Entrance,ESP,USA,Los Angeles,Dominguez Watershed,Los Angeles,San Pedro Bay,Long Beach Harbor,POLB,
33.74611282348633,-118.21944427490234,False,37.0,BPTCP,27,West Basin Entrance,ESP,USA,Los Angeles,Dominguez Watershed,Los Angeles,San Pedro Bay,Long Beach Harbor,POLB,
32.723331451416016,-117.21444702148438,False,31.0,BPTCP,275,WEST BASIN ENTRANCE (71C) REFERENCE,ESS,USA,San Diego,San Diego Bay,San Diego,San Diego Bay,SD Bay North,NA,
33.714168548583984,-118.28166961669922,False,36.0,BPTCP,28,Off Cabrillo Beach,ESP,USA,Los Angeles,Dominguez Watershed,Los Angeles,San Pedro Bay,Los Angeles Harbor,POLA,
36.80027770996094,-121.78666687011719,False,-99.0,BPTCP,280,SANDHOLDT BRIDGE,ESM,USA,Central Coast,Bolsa Neuva,Monterey,Moss Landing Harbor,Moss Landing Harbor,NA,Station: 30007 Tissue station.
36.85333251953125,-121.80722045898438,False,-99.0,BPTCP,281,WATSONVILLE SLOUGH-PAJARO,ESR,USA,Central Coast,Pajaro River,Santa Cruz,Pajaro River,Pajaro River,NA,Station: 30006 Tissue station.
36.85333251953125,-121.80722045898438,False,-99.0,BPTCP,282,WATSONVILLE SLOUGH-PAJARO,ESR,USA,Central Coast,Pajaro River,Santa Cruz,Pajaro River,Pajaro River,NA,Station: 30006 Tissue station.
34.10944366455078,-119.09278106689453,False,-99.0,BPTCP,283,POINT MUGU- LAGOON,FAA,USA,Los Angeles,Calleguas,Ventura,Mugu Lagoon,Mugu Lagoon,NA,Station: 44016 Tissue station.
34.10944366455078,-119.09278106689453,False,-99.0,BPTCP,284,POINT MUGU- LAGOON,FAA,USA,Los Angeles,Calleguas,Ventura,Mugu Lagoon,Mugu Lagoon,NA,Station: 44016 Tissue station.
33.61166763305664,-117.92277526855469,False,-99.0,BPTCP,285,RHINE CHANNEL-NEWPORT,ESM,USA,Santa Ana,Santa Ana River,Orange,Newport Bay,Rhine Channel,NA,Station: 82017 Tissue station.
32.62916564941406,-117.10916900634766,False,-99.0,BPTCP,286,SILVERGATE (5 SDG&E),ESS,USA,San Diego,San Diego Bay,San Diego,San Diego Bay,SD Bay South,NA,Station: 90057 Tissue station.
32.62916564941406,-117.10916900634766,False,-99.0,BPTCP,287,SILVERGATE (5 SDG&E),ESS,USA,San Diego,San Diego Bay,San Diego,San Diego Bay,SD Bay South,NA,Station: 90057 Tissue station.
33.7147216796875,-118.28166961669922,False,36.0,BPTCP,29,Off Cabrillo Beach,ESP,USA,Los Angeles,Dominguez Watershed,Los Angeles,San Pedro Bay,Los Angeles Harbor,POLA,
33.755001068115234,-118.27916717529297,False,34.0,BPTCP,3,Southwest Slip,ESP,USA,Los Angeles,Dominguez Watershed,Los Angeles,San Pedro Bay,Los Angeles Harbor,POLA,
33.7136116027832,-118.28166961669922,False,36.0,BPTCP,30,Off Cabrillo Beach,ESP,USA,Los Angeles,Dominguez Watershed,Los Angeles,San Pedro Bay,Los Angeles Harbor,POLA,
40.86027908325195,-124.10055541992188,False,26.0,BPTCP,304,ARCATA BAY-MCDANIEL SL.,ESH,USA,North Coast,Eureka Plain,Humboldt,Arcata Bay,Arcata Bay,NA,
38.4466667175293,-123.12361145019531,False,0.0,BPTCP,305,Russian River,FAA,USA,San Francisco Bay,Russian River,Sonoma,Russian River,Russian River,NA,
38.33222198486328,-123.05860900878906,False,30.0,BPTCP,306,Bodega Bay_Mason's Marina,ESM,USA,San Francisco Bay,Salmon Creek,Sonoma,Bodega Bay,Bodega Bay Harbor,NA,
38.32805633544922,-123.0566635131836,False,30.0,BPTCP,307,Bodega Bay_Spud Point Marina,ESM,USA,San Francisco Bay,Salmon Creek,Sonoma,Bodega Bay,Bodega Bay Harbor,NA,
33.76777648925781,-118.2219467163086,False,33.0,BPTCP,31,Inner Harbor- Channel 3,ESP,USA,Los Angeles,Dominguez Watershed,Los Angeles,San Pedro Bay,Long Beach Harbor,POLB,
40.8650016784668,-124.1500015258789,False,30.0,BPTCP,315,ARCATA BAY-MAD RIVER SL.,ESH,USA,North Coast,Eureka Plain,Humboldt,Arcata Bay,Arcata Bay,NA,
40.856109619140625,-124.0905532836914,False,21.0,BPTCP,316,ARCATA BAY-JOLLY GIANT SL,ESH,USA,North Coast,Eureka Plain,Humboldt,Arcata Bay,Arcata Bay,NA,
40.809444427490234,-124.14583587646484,False,30.0,BPTCP,317,ARCATA BAY-EUREKA SL.,ESH,USA,North Coast,Eureka Plain,Humboldt,Arcata Bay,Arcata Bay,NA,
40.796112060546875,-124.18638610839844,False,32.0,BPTCP,318,H. BAY-UNION OIL PLANT,ESU,USA,North Coast,Eureka Plain,Humboldt,Humboldt Bay,Humboldt Bay,NA,
40.793888092041016,-124.18802642822266,False,33.0,BPTCP,319,H. BAY-COAL/OIL/GAS PLANT,ESU,USA,North Coast,Eureka Plain,Humboldt,Humboldt Bay,Humboldt Bay,NA,
33.768333435058594,-118.22250366210938,False,34.0,BPTCP,32,Inner Harbor- Channel 3,ESP,USA,Los Angeles,Dominguez Watershed,Los Angeles,San Pedro Bay,Long Beach Harbor,POLB,
40.7863883972168,-124.1883316040039,False,33.0,BPTCP,320,H. BAY-OLD PAC. LUMBER SITE,EIU,USA,North Coast,Eureka Plain,Humboldt,Humboldt Bay,Humboldt Bay,NA,
40.77750015258789,-124.19499969482422,False,34.0,BPTCP,321,H. BAY-CHEVRON TERMINAL,EIU,USA,North Coast,Eureka Plain,Humboldt,Humboldt Bay,Humboldt Bay,NA,
40.80638885498047,-124.16500091552734,False,29.0,BPTCP,322,EUREKA WATERFRONT- H STREET,ESM,USA,North Coast,Eureka Plain,Humboldt,Humboldt Bay,Humboldt Bay,NA,
40.80233383178711,-124.17865753173828,False,32.0,BPTCP,323,H. BAY EUREKA STORM 23,ESU,USA,North Coast,Eureka Plain,Humboldt,Humboldt Bay,Humboldt Bay,NA,
40.719993591308594,-124.22029113769531,False,33.0,BPTCP,324,H. BAY FIELDS LANDING,ESU,USA,North Coast,Eureka Plain,Humboldt,Humboldt Bay,Humboldt Bay,NA,
40.70111083984375,-124.22611236572266,False,34.0,BPTCP,325,H. BAY HOOKTON SL.,ESU,USA,North Coast,Eureka Plain,Humboldt,Humboldt Bay,Humboldt Bay,NA,
38.33388900756836,-123.05166625976562,False,30.0,BPTCP,328,BODEGA BAY PORTO BODEGA MARINA,ESM,USA,San Francisco Bay,Salmon Creek,Sonoma,Bodega Bay,Bodega Bay Harbor,NA,
38.309444427490234,-122.9366683959961,False,0.0,BPTCP,329,Estero Americano,FAA,USA,San Francisco Bay,Salmon Creek,Sonoma,Estero Americano,Estero Americano,NA,
33.768611907958984,-118.22222137451172,False,34.0,BPTCP,33,Inner Harbor- Channel 3,ESP,USA,Los Angeles,Dominguez Watershed,Los Angeles,San Pedro Bay,Long Beach Harbor,POLB,
38.27777862548828,-122.94805908203125,False,0.0,BPTCP,330,Estero De San Antonio_Valley F,FAA,USA,San Francisco Bay,Stemple Creek,Marin,Estero San Antonio,Estero San Antonio,NA,
38.298057556152344,-122.99833679199219,False,27.0,BPTCP,331,Estero Americano,ESR,USA,San Francisco Bay,Salmon Creek,Sonoma,Estero Americano,Estero Americano,NA,
38.27277755737305,-122.97611236572266,False,1.0,BPTCP,332,MOUTH OF ESTERO DE SAN ANTONIO,FAA,USA,San Francisco Bay,Stemple Creek,Marin,Estero San Antonio,Estero San Antonio,NA,
40.743141174316406,-124.2291488647461,False,34.0,BPTCP,336,SOUTHPORT CHANNEL-33B,EIC,USA,North Coast,Eureka Plain,Humboldt,Humboldt Bay,Humboldt Bay,NA,
40.771942138671875,-124.19583129882812,False,33.0,BPTCP,337,H. BAY-MOUTH OF ELK RIVER,EIR,USA,North Coast,Eureka Plain,Humboldt,Humboldt Bay,Humboldt Bay,NA,
40.80527877807617,-124.17305755615234,False,30.0,BPTCP,338,DAVENPORT MARINE,ESU,USA,North Coast,Eureka Plain,Humboldt,Humboldt Bay,Humboldt Bay,NA,
38.31861114501953,-123.0433349609375,False,18.0,BPTCP,339,Uncontaminated Site_33c,ESU,USA,San Francisco Bay,Salmon Creek,Sonoma,Bodega Bay,Bodega Bay Harbor,NA,
33.74305725097656,-118.20527648925781,False,37.0,BPTCP,34,Southeast Basin,ESP,USA,Los Angeles,Dominguez Watershed,Los Angeles,San Pedro Bay,Long Beach Harbor,POLB,
38.3223991394043,-123.03800964355469,False,20.0,BPTCP,340,Uncontaminated Site_33d,ESU,USA,San Francisco Bay,Salmon Creek,Sonoma,Bodega Bay,Bodega Bay Harbor,NA,
38.350555419921875,-123.06500244140625,False,0.0,BPTCP,341,Salmon Creek_34L,FAA,USA,San Francisco Bay,Salmon Creek,Sonoma,Salmon Creek,Salmon Creek,NA,
33.74388885498047,-118.20249938964844,False,36.0,BPTCP,35,Southeast Basin,ESP,USA,Los Angeles,Dominguez Watershed,Los Angeles,San Pedro Bay,Long Beach Harbor,POLB,
36.809165954589844,-121.78388977050781,False,32.0,BPTCP,351,HIGHWAY 1 BRIDGE REFERENCE,ESM,USA,Central Coast,Bolsa Neuva,Monterey,Moss Landing Harbor,Moss Landing Harbor,NA,
36.809165954589844,-121.78388977050781,False,11.5,BPTCP,352,HIGHWAY 1 BRIDGE REFERENCE,ESM,USA,Central Coast,Bolsa Neuva,Monterey,Moss Landing Harbor,Moss Landing Harbor,NA,
33.741390228271484,-118.20361328125,False,36.0,BPTCP,36,Southeast Basin,ESP,USA,Los Angeles,Dominguez Watershed,Los Angeles,San Pedro Bay,Long Beach Harbor,POLB,
33.758331298828125,-118.19889068603516,False,30.0,BPTCP,37,Inner Queensway Bay,ESU,USA,Los Angeles,Los Angeles River,Los Angeles,San Pedro Bay,Long Beach Harbor,NA,
33.758609771728516,-118.19833374023438,False,24.0,BPTCP,38,Inner Queensway Bay,ESU,USA,Los Angeles,Los Angeles River,Los Angeles,San Pedro Bay,Long Beach Harbor,NA,
33.758056640625,-118.1977767944336,False,25.0,BPTCP,39,Inner Queensway Bay,ESU,USA,Los Angeles,Los Angeles River,Los Angeles,San Pedro Bay,Long Beach Harbor,NA,
33.76250076293945,-118.27444458007812,False,33.0,BPTCP,4,West Basin- Pier 143,ESP,USA,Los Angeles,Dominguez Watershed,Los Angeles,San Pedro Bay,Los Angeles Harbor,POLA,
33.753334045410156,-118.1852798461914,False,33.0,BPTCP,40,Outer Queensway Bay,ESU,USA,Los Angeles,Pacific Ocean,Los Angeles,San Pedro Bay,Long Beach Harbor,NA,
33.731388092041016,-118.07888793945312,False,30.0,BPTCP,401,ANAHEIM BAY-NAVY MARSH,EIH,USA,Santa Ana,Santa Ana River,Orange,Anaheim Bay,Anaheim Bay NWR,NA,
33.74055480957031,-118.07250213623047,False,28.0,BPTCP,402,ANAHEIM BAY-NAVY MARSH #2,EIH,USA,Santa Ana,Santa Ana River,Orange,Anaheim Bay,Anaheim Bay NWR,NA,
33.73222351074219,-118.08555603027344,False,30.0,BPTCP,403,ANEHEIM BAY-ENTRANCE,ESS,USA,Santa Ana,Santa Ana River,Orange,Anaheim Bay,Anaheim Bay,NA,
33.728057861328125,-118.08000183105469,False,30.0,BPTCP,404,ANAHEIM BAY-FUEL DOCK S.,ESS,USA,Santa Ana,Santa Ana River,Orange,Anaheim Bay,Anaheim Bay,NA,
33.72694396972656,-118.06555938720703,False,29.0,BPTCP,405,HUNTINGTON HARBOR-LAUNCH,ESM,USA,Santa Ana,Santa Ana River,Orange,Huntington Harbor,Huntington Harbor,NA,
33.71903610229492,-118.0677490234375,False,30.0,BPTCP,406,HUNTINGTON HARBOR-PETER'S,ESM,USA,Santa Ana,Santa Ana River,Orange,Huntington Harbor,Huntington Harbor,NA,
33.72249984741211,-118.05638885498047,False,30.0,BPTCP,409,HUNTINGTON HARBOR-HAR. LA,ESM,USA,Santa Ana,Santa Ana River,Orange,Huntington Harbor,Huntington Harbor,NA,
33.75444412231445,-118.18499755859375,False,34.0,BPTCP,41,Outer Queensway Bay,ESU,USA,Los Angeles,Pacific Ocean,Los Angeles,San Pedro Bay,Long Beach Harbor,NA,
33.75361251831055,-118.18444061279297,False,35.0,BPTCP,42,Outer Queensway Bay,ESU,USA,Los Angeles,Pacific Ocean,Los Angeles,San Pedro Bay,Long Beach Harbor,NA,
33.735252380371094,-118.07775115966797,False,29.0,BPTCP,420,SEAL BEACH NWR-NASA IS.,EIU,USA,Santa Ana,Santa Ana River,Orange,Anaheim Bay,Anaheim Bay NWR,NA,
33.733428955078125,-118.07247924804688,False,29.0,BPTCP,421,SEAL BEACH NWR-HOG IS.,EIU,USA,Santa Ana,Santa Ana River,Orange,Anaheim Bay,Anaheim Bay NWR,NA,
33.7327766418457,-118.07666778564453,False,29.0,BPTCP,422,SEAL BEACH NWR-SUNSET AGU,EIU,USA,Santa Ana,Santa Ana River,Orange,Anaheim Bay,Anaheim Bay NWR,NA,
33.744056701660156,-118.07768249511719,False,28.0,BPTCP,423,SEAL BEACH NWR-BOLSA AVE,EIU,USA,Santa Ana,Santa Ana River,Orange,Anaheim Bay,Anaheim Bay NWR,NA,
33.71058654785156,-118.06005859375,False,26.0,BPTCP,424,BOLSA BAY-MOUTH OF EGGW,ESS,USA,Santa Ana,Santa Ana River,Orange,Bolsa Bay,Bolsa Chica,NA,
33.72916793823242,-118.26555633544922,False,37.0,BPTCP,43,Fish Harbor Entrance,ESP,USA,Los Angeles,Dominguez Watershed,Los Angeles,San Pedro Bay,Los Angeles Harbor,POLA,
33.73542785644531,-118.08881378173828,False,31.0,BPTCP,430,ANAHEIM BAY-NAVAL RESERVE,ESP,USA,Santa Ana,Santa Ana River,Orange,Anaheim Bay,Anaheim Bay,NA,
33.695556640625,-118.04611206054688,False,26.0,BPTCP,439,BOLSA CHICA ECOL RESERVE,EIU,USA,Santa Ana,Santa Ana River,Orange,Bolsa Bay,Bolsa Chica,NA,
33.72861099243164,-118.26583099365234,False,37.0,BPTCP,44,Fish Harbor Entrance,ESP,USA,Los Angeles,Dominguez Watershed,Los Angeles,San Pedro Bay,Los Angeles Harbor,POLA,
33.73772048950195,-118.08615112304688,False,29.0,BPTCP,440,SEAL BEACH NWR,ESS,USA,Santa Ana,Santa Ana River,Orange,Anaheim Bay,Anaheim Bay NWR,NA,
33.73027801513672,-118.2669448852539,False,36.0,BPTCP,45,Fish Harbor Entrance,ESP,USA,Los Angeles,Dominguez Watershed,Los Angeles,San Pedro Bay,Los Angeles Harbor,POLA,
36.82416534423828,-121.73944091796875,False,-99.0,BPTCP,451,ANDREWS POND REFERENCE,FAA,USA,Central Coast,Bolsa Neuva,Monterey,Andrews Pond,Andrews Pond,NA,
33.73027801513672,-118.25111389160156,False,34.0,BPTCP,46,Terminal Island STP,ESP,USA,Los Angeles,Dominguez Watershed,Los Angeles,San Pedro Bay,Los Angeles Harbor,POLA,
33.731666564941406,-118.25416564941406,False,35.0,BPTCP,47,Terminal Island STP,ESP,USA,Los Angeles,Dominguez Watershed,Los Angeles,San Pedro Bay,Los Angeles Harbor,POLA,
33.72999954223633,-118.25305938720703,False,36.0,BPTCP,48,Terminal Island STP,ESP,USA,Los Angeles,Dominguez Watershed,Los Angeles,San Pedro Bay,Los Angeles Harbor,POLA,
33.731109619140625,-118.20111083984375,False,34.0,BPTCP,49,Long Beach Channel,ESP,USA,Los Angeles,Dominguez Watershed,Los Angeles,San Pedro Bay,Long Beach Harbor,POLB,
33.76194381713867,-118.27471923828125,False,33.0,BPTCP,5,West Basin- Pier 143,ESP,USA,Los Angeles,Dominguez Watershed,Los Angeles,San Pedro Bay,Los Angeles Harbor,POLA,
33.730831146240234,-118.19972229003906,False,34.0,BPTCP,50,Long Beach Channel,ESP,USA,Los Angeles,Dominguez Watershed,Los Angeles,San Pedro Bay,Long Beach Harbor,POLB,
36.96771240234375,-122.00233459472656,False,31.0,BPTCP,501,SANTA CRUZ YACHT BASIN,ESM,USA,Central Coast,Big Basin,Santa Cruz,Monterey Bay,Santa Cruz Harbor,NA,
36.60333251953125,-121.88999938964844,False,32.0,BPTCP,502,MONTEREY YACHT CLUB,ESM,USA,Central Coast,Monterey Bay,Monterey,Monterey Harbor,Monterey Harbor,NA,
34.40638732910156,-119.69166564941406,False,31.0,BPTCP,503,SANTA BARBARA HARBOR,ESM,USA,Central Coast,Santa Barbara Coastal,Santa Barbara,Santa Barbara Harbor,Santa Barbara Harbor,NA,
36.81277847290039,-121.78778076171875,False,30.0,BPTCP,504,M.L. YACHT HARBOR,ESM,USA,Central Coast,Bolsa Neuva,Monterey,Moss Landing Harbor,Moss Landing Harbor,NA,
36.80583190917969,-121.78555297851562,False,12.0,BPTCP,505,M.L. SOUTH HARBOR,ESM,USA,Central Coast,Bolsa Neuva,Monterey,Moss Landing Harbor,Moss Landing Harbor,NA,
36.85416793823242,-121.80999755859375,False,12.0,BPTCP,506,PAJARO RIVER ESTUARY,ESR,USA,Central Coast,Pajaro River,Santa Cruz,Pajaro River,Pajaro River,NA,
36.80027770996094,-121.7874984741211,False,11.0,BPTCP,507,SANDHOLDT BRIDGE,ESM,USA,Central Coast,Bolsa Neuva,Monterey,Moss Landing Harbor,Moss Landing Harbor,NA,
35.170997619628906,-120.74116516113281,False,32.0,BPTCP,508,SAN LUIS HARBOR TRANS,OAA,USA,Central Coast,Estero Bay,San Luis Obispo,San Luis Obispo Bay,San Luis Harbor,NA,
34.41777801513672,-119.8324966430664,False,5.0,BPTCP,509,GOLETA SL.,FAA,USA,Central Coast,Santa Barbara Coastal,Santa Barbara,Goleta Slough,Goleta Slough,NA,
33.72972106933594,-118.20055389404297,False,34.0,BPTCP,51,Long Beach Channel,ESP,USA,Los Angeles,Dominguez Watershed,Los Angeles,San Pedro Bay,Long Beach Harbor,POLB,
34.4033317565918,-119.54000091552734,False,26.0,BPTCP,510,CARPINTERIA MARSH-1,EIH,USA,Central Coast,Santa Barbara Coastal,Santa Barbara,Carpinetria Creek,Carpinetria Creek,NA,
36.74125289916992,-121.7968978881836,False,14.0,BPTCP,511,SALINAS RIVER LAGOON,ESH,USA,Central Coast,Salinas,Monterey,Salinas River,Salinas River,NA,
36.608612060546875,-121.89277648925781,False,33.0,BPTCP,512,MONTEREY BOATYARD,ESM,USA,Central Coast,Monterey Bay,Monterey,Monterey Harbor,Monterey Harbor,NA,
36.60388946533203,-121.89221954345703,False,32.0,BPTCP,513,MONTEREY STORMDRAIN NO.2,ESM,USA,Central Coast,Monterey Bay,Monterey,Monterey Harbor,Monterey Harbor,NA,
36.605831146240234,-121.89277648925781,False,32.0,BPTCP,514,MONTEREY STORMDRAIN NO. 3,ESM,USA,Central Coast,Monterey Bay,Monterey,Monterey Bay,Monterey Bay,NA,
36.79887771606445,-121.78482055664062,False,26.0,BPTCP,519,MORO COJO SLOUGH,EIH,USA,Central Coast,Salinas,Monterey,Moro Cojo Slough,Moro Cojo Slough,NA,
33.72999954223633,-118.16722106933594,False,34.0,BPTCP,52,Long Beach Outer Harbor- 18,ESU,USA,Los Angeles,Pacific Ocean,Los Angeles,San Pedro Bay,Long Beach Harbor,NA,
34.96666717529297,-120.64666748046875,False,0.0,BPTCP,520,SANTA MARIA RIVER ESTUARY,ESR,USA,Central Coast,Santa Maria,Santa Barbara,Santa Maria River,Santa Maria River,NA,
34.69388961791992,-120.59805297851562,False,0.0,BPTCP,521,SANTA YNEZ RIVER ESTUARY,EIR,USA,Central Coast,Santa Ynez,Santa Barbara,Santa Ynez River,Santa Ynez River,NA,
36.9727783203125,-121.95333099365234,False,5.0,BPTCP,522,SOQUEL LAGOON,FAA,USA,Central Coast,Big Basin,Santa Cruz,Soquel Lagoon,Soquel Lagoon,NA,
36.82029724121094,-121.79037475585938,False,35.0,BPTCP,523,BENNETT SL./ESTUARY,EIH,USA,Central Coast,Bolsa Neuva,Monterey,Bennett Slough,Bennett Slough,NA,
35.369205474853516,-120.85540008544922,False,32.0,BPTCP,524,MORRO BAY,ESU,USA,Central Coast,Estero Bay,San Luis Obispo,Morro Bay,Morro Bay,NA,
35.329166412353516,-120.85194396972656,False,20.0,BPTCP,525,MORRO BAY-SOUTH BAY,ESU,USA,Central Coast,Estero Bay,San Luis Obispo,Morro Bay,Morro Bay,NA,
37.04138946533203,-122.22944641113281,False,0.0,BPTCP,526,SCOTT CREEK #26B,FAA,USA,Central Coast,Big Basin,Santa Cruz,Scott Creek,Scott Creek,NA,
36.64611053466797,-121.88916778564453,False,31.0,BPTCP,527,MONTEREY BAY REFERENCE SOUTH,OAA,USA,Central Coast,Monterey Bay,Monterey,Monterey Bay,Monterey Bay,NA,
36.791446685791016,-121.79005432128906,False,1.0,BPTCP,528,ELKHORN SL. PORTRERO REFERENCE,ESH,USA,Central Coast,Bolsa Neuva,Monterey,Elkhorn Slough,Elkhorn Slough,NA,
33.731388092041016,-118.1675033569336,False,35.0,BPTCP,53,Long Beach Outer Harbor- 18,ESU,USA,Los Angeles,Pacific Ocean,Los Angeles,San Pedro Bay,Long Beach Harbor,NA,
35.3488883972168,-120.84722137451172,False,31.0,BPTCP,530,MORRO BAY-MID BAY,ESU,USA,Central Coast,Estero Bay,San Luis Obispo,Morro Bay,Morro Bay,NA,
34.47222137451172,-120.22721862792969,False,1.0,BPTCP,531,CANADA DE LA GAVIOTA (26d),FAA,USA,Central Coast,Santa Barbara Coastal,Santa Barbara,Carpinetria Creek,Carpinetria Creek,NA,
34.399444580078125,-119.5352783203125,False,18.0,BPTCP,532,CARPINTERIA MARSH-2,EIH,USA,Central Coast,Santa Barbara Coastal,Santa Barbara,Carpinetria Creek,Carpinetria Creek,NA,
34.404998779296875,-119.5425033569336,False,20.0,BPTCP,533,CARPINETRIA MARSH-3,EIH,USA,Central Coast,Santa Barbara Coastal,Santa Barbara,Carpinetria Creek,Carpinetria Creek,NA,
35.356781005859375,-120.84925842285156,False,30.0,BPTCP,534,MORRO BAY-FUEL DOCK,ESU,USA,Central Coast,Estero Bay,San Luis Obispo,Morro Bay,Morro Bay,NA,
33.731109619140625,-118.1661148071289,False,33.0,BPTCP,54,Long Beach Outer Harbor- 18,ESU,USA,Los Angeles,Pacific Ocean,Los Angeles,San Pedro Bay,Long Beach Harbor,NA,
33.73762512207031,-118.26732635498047,False,37.0,BPTCP,55,Inner Fish Harbor,ESP,USA,Los Angeles,Dominguez Watershed,Los Angeles,San Pedro Bay,Los Angeles Harbor,POLA,
33.73611068725586,-118.26721954345703,False,37.0,BPTCP,56,Inner Fish Harbor,ESP,USA,Los Angeles,Dominguez Watershed,Los Angeles,San Pedro Bay,Los Angeles Harbor,POLA,
33.737205505371094,-118.2663345336914,False,35.0,BPTCP,57,Inner Fish Harbor,ESP,USA,Los Angeles,Dominguez Watershed,Los Angeles,San Pedro Bay,Los Angeles Harbor,POLA,
33.7327766418457,-118.13972473144531,False,32.0,BPTCP,58,Long Beach Outer Harbor- 20,ESU,USA,Los Angeles,Pacific Ocean,Los Angeles,San Pedro Bay,Long Beach Harbor,NA,
33.7327766418457,-118.14138793945312,False,35.0,BPTCP,59,Long Beach Outer Harbor- 20,ESU,USA,Los Angeles,Pacific Ocean,Los Angeles,San Pedro Bay,Long Beach Harbor,NA,
33.76166534423828,-118.27444458007812,False,34.0,BPTCP,6,West Basin- Pier 143,ESP,USA,Los Angeles,Dominguez Watershed,Los Angeles,San Pedro Bay,Los Angeles Harbor,POLA,
33.733333587646484,-118.13999938964844,False,34.0,BPTCP,60,Long Beach Outer Harbor- 20,ESU,USA,Los Angeles,Pacific Ocean,Los Angeles,San Pedro Bay,Long Beach Harbor,NA,
33.75972366333008,-118.12055969238281,False,32.0,BPTCP,61,Alamitos Bay- Marine Stadium,ESM,USA,Los Angeles,San Gabriel River,Los Angeles,Alamitos Bay,Alamitos Bay,NA,
33.76361083984375,-118.11222076416016,False,16.0,BPTCP,611,LOS CERRITOS CHNL TIDAL P,ESM,USA,Los Angeles,San Gabriel River,Los Angeles,Alamitos Bay,Alamitos Bay,NA,
34.15305709838867,-119.21083068847656,False,20.0,BPTCP,612,PORT HUENEME- WHARF B,ESM,USA,Los Angeles,Oxnard,Ventura,Port Hueneme,Port Hueneme,NA,
34.14830780029297,-119.20418548583984,False,30.0,BPTCP,613,PORT HUENEME- WHARF #1,ESM,USA,Los Angeles,Oxnard,Ventura,Port Hueneme,Port Hueneme,NA,
33.9827766418457,-118.45555877685547,False,15.0,BPTCP,614,MARINA DEL REY,ESM,USA,Los Angeles,Santa Monica Bay,Los Angeles,Marina del Rey,Marina Del Rey,NA,
34.109249114990234,-119.09274291992188,False,3.0,BPTCP,616,MUGU LAGOON,FAA,USA,Los Angeles,Calleguas,Ventura,Mugu Lagoon,Mugu Lagoon,NA,
33.77111053466797,-118.13639068603516,False,16.0,BPTCP,617,COLORADO LAGOON,ESM,USA,Los Angeles,San Gabriel River,Los Angeles,Alamitos Bay,Alamitos Bay,NA,
34.03333282470703,-118.68222045898438,False,2.0,BPTCP,618,MALIBU LAGOON,FAA,USA,Los Angeles,Santa Monica Bay,Los Angeles,Malibu Lagoon,Malibu Lagoon,NA,
33.75972366333008,-118.12166595458984,False,32.0,BPTCP,62,Alamitos Bay- Marine Stadium,ESM,USA,Los Angeles,San Gabriel River,Los Angeles,Alamitos Bay,Alamitos Bay,NA,
33.758888244628906,-118.1883316040039,False,32.0,BPTCP,620,SHORELINE MARINA,ESU,USA,Los Angeles,Pacific Ocean,Los Angeles,San Pedro Bay,Long Beach Harbor,NA,
34.24475860595703,-119.26429748535156,False,15.0,BPTCP,621,VENTURA MARINA,ESM,USA,Los Angeles,Buenaventura,Ventura,Ventura Harbor,Ventura Harbor,NA,
34.2761116027832,-119.30722045898438,False,4.0,BPTCP,622,VENTURA RIVER ESTUARY,FAA,USA,Los Angeles,Ventura River,Ventura,Ventura River,Ventura River,NA,
34.16999816894531,-119.22721862792969,False,27.0,BPTCP,623,CHANNEL ISLANDS HARBOR,ESM,USA,Los Angeles,Oxnard,Ventura,Channel Islands Harbor,Channel Islands Harbor,NA,
33.96305465698242,-118.4527816772461,False,20.0,BPTCP,624,BALLONA CREEK,ESR,USA,Los Angeles,Santa Monica Bay,Los Angeles,Ballona Creek,Ballona Creek,NA,
34.2327766418457,-119.25694274902344,False,0.0,BPTCP,625,SANTA CLARA RIVER ESTUARY,EIR,USA,Los Angeles,Santa Clara - Calleguas,Ventura,Santa Clara River,Santa Clara River,NA,
33.7680549621582,-118.1177749633789,False,0.0,BPTCP,626,SIM'S POND,FAA,USA,Los Angeles,San Gabriel River,Los Angeles,Alamitos Bay,Sim's Pond,NA,
34.2136116027832,-119.25472259521484,False,1.0,BPTCP,627,MCGRATH LAKE ESTUARY,ESU,USA,Los Angeles,Oxnard,Ventura,McGrath Lake,McGrath Lake Estuary,NA,
33.760555267333984,-118.12083435058594,False,32.0,BPTCP,63,Alamitos Bay- Marine Stadium,ESM,USA,Los Angeles,San Gabriel River,Los Angeles,Alamitos Bay,Alamitos Bay,NA,
33.75055694580078,-118.12000274658203,False,34.0,BPTCP,64,Alamitos Bay- Entrance,ESM,USA,Los Angeles,San Gabriel River,Los Angeles,Alamitos Bay,Alamitos Bay,NA,
33.749168395996094,-118.11861419677734,False,34.0,BPTCP,65,Alamitos Bay- Entrance,ESM,USA,Los Angeles,San Gabriel River,Los Angeles,Alamitos Bay,Alamitos Bay,NA,
34.112220764160156,-119.09166717529297,False,4.5,BPTCP,651,CALLEGUS/OXNARD DITCH #3,FAA,USA,Los Angeles,Calleguas,Ventura,Mugu Lagoon,Callegus/Oxnard Ditch #3,NA,
34.10472106933594,-119.09610748291016,False,25.0,BPTCP,652,MUGU/MAIN LAGOON,EIH,USA,Los Angeles,Calleguas,Ventura,Mugu Lagoon,Mugu Lagoon,NA,
34.10319137573242,-119.11027526855469,False,29.0,BPTCP,653,MUGU/WESTERN ARM,ESU,USA,Los Angeles,Calleguas,Ventura,Mugu Lagoon,Mugu Lagoon,NA,
34.10499954223633,-119.12333679199219,False,21.0,BPTCP,654,MUGU/OXNARD DITCH #1,ESU,USA,Los Angeles,Calleguas,Ventura,Mugu Lagoon,Mugu Lagoon,NA,
34.09972381591797,-119.08222198486328,False,25.0,BPTCP,655,MUGU/ENTRANCE,EIU,USA,Los Angeles,Calleguas,Ventura,Mugu Lagoon,Mugu Lagoon,NA,
33.74972152709961,-118.11805725097656,False,34.0,BPTCP,66,Alamitos Bay- Entrance,ESM,USA,Los Angeles,San Gabriel River,Los Angeles,Alamitos Bay,Alamitos Bay,NA,
33.75194549560547,-118.11250305175781,False,32.0,BPTCP,67,Alamitos Bay- Long Beach,ESM,USA,Los Angeles,San Gabriel River,Los Angeles,Alamitos Bay,Alamitos Bay,NA,
36.809165954589844,-121.78388977050781,False,33.0,BPTCP,675,HIGHWAY 1 BRIDGE REFERENCE,ESM,USA,Central Coast,Bolsa Neuva,Monterey,Moss Landing Harbor,Moss Landing Harbor,NA,
33.75194549560547,-118.11333465576172,False,32.0,BPTCP,68,Alamitos Bay- Long Beach,ESM,USA,Los Angeles,San Gabriel River,Los Angeles,Alamitos Bay,Alamitos Bay,NA,
33.752498626708984,-118.11250305175781,False,33.0,BPTCP,69,Alamitos Bay- Long Beach,ESM,USA,Los Angeles,San Gabriel River,Los Angeles,Alamitos Bay,Alamitos Bay,NA,
33.753334045410156,-118.26972198486328,False,33.0,BPTCP,7,Turning Basin- Pier 151,ESP,USA,Los Angeles,Dominguez Watershed,Los Angeles,San Pedro Bay,Los Angeles Harbor,POLA,
32.775665283203125,-117.2161636352539,False,33.0,BPTCP,700,MISSION BAY A1 (x1),ESS,USA,San Diego,Penasquitos,San Diego,Mission Bay,Mission Bay,NA,
32.78333282470703,-117.21466827392578,False,33.0,BPTCP,701,MISSION BAY A2 (x1),ESS,USA,San Diego,Penasquitos,San Diego,Mission Bay,Mission Bay,NA,
32.79316711425781,-117.2211685180664,False,33.0,BPTCP,702,MISSION BAY A3 (x1),ESS,USA,San Diego,Penasquitos,San Diego,Mission Bay,Mission Bay,NA,
32.78799819946289,-117.22699737548828,False,33.0,BPTCP,703,MISSION BAY A4 (x1),ESS,USA,San Diego,Penasquitos,San Diego,Mission Bay,Mission Bay,NA,
32.77899932861328,-117.23117065429688,False,33.0,BPTCP,704,MISSION BAY A5 (x1),ESS,USA,San Diego,Penasquitos,San Diego,Mission Bay,Mission Bay,NA,
32.78150177001953,-117.24400329589844,False,32.0,BPTCP,705,MISSION BAY A6 (x1),ESS,USA,San Diego,Penasquitos,San Diego,Mission Bay,Mission Bay,NA,
32.76649856567383,-117.21849822998047,False,32.0,BPTCP,706,MISSION BAY A7 (x3),ESS,USA,San Diego,Penasquitos,San Diego,Mission Bay,Mission Bay,NA,
32.768165588378906,-117.24749755859375,False,32.0,BPTCP,707,MISSION BAY A8 (x1),ESM,USA,San Diego,Penasquitos,San Diego,Mission Bay,Mission Bay,NA,
32.768333435058594,-117.22650146484375,False,33.0,BPTCP,708,MISSION BAY A9 (x1),ESS,USA,San Diego,Penasquitos,San Diego,Mission Bay,Mission Bay,NA,
32.76266860961914,-117.24016571044922,False,32.0,BPTCP,709,MISSION BAY A10 (x1),ESM,USA,San Diego,Penasquitos,San Diego,Mission Bay,Mission Bay,NA,
32.760833740234375,-117.23883056640625,False,31.0,BPTCP,710,MISSION BAY A11 (x1),ESM,USA,San Diego,Penasquitos,San Diego,Mission Bay,Mission Bay,NA,
32.75699996948242,-117.23466491699219,False,5.0,BPTCP,711,SAN DIEGO RIVER B1 (x4),ESR,USA,San Diego,Penasquitos,San Diego,San Diego River,San Diego River,NA,
32.757667541503906,-117.22633361816406,False,6.0,BPTCP,712,SAN DIEGO RIVER B2 (x2),ESR,USA,San Diego,Penasquitos,San Diego,San Diego River,San Diego River,NA,
32.56733322143555,-117.13150024414062,False,21.0,BPTCP,713,TIJUANA R. ESTUARY HH1 (x2),ESR,USA,San Diego,Tijuana,San Diego,Tijuana River,Tijuana River,NA,
32.564998626708984,-117.13116455078125,False,-99.0,BPTCP,714,TIJUANA R. ESTUARY HH1 (x1),ESR,USA,San Diego,Tijuana,San Diego,Tijuana River,Tijuana River,NA,
32.55866622924805,-117.12333679199219,False,21.0,BPTCP,715,TIJUANA R. ESTUARY HH2 (x1),EIR,USA,San Diego,Tijuana,San Diego,Tijuana River,Tijuana River,NA,
32.55866622924805,-117.12616729736328,False,21.0,BPTCP,716,TIJUANA R. ESTUARY HH2 (x5),EIR,USA,San Diego,Tijuana,San Diego,Tijuana River,Tijuana River,NA,
32.72694396972656,-117.17610931396484,False,32.0,BPTCP,719,12 SWARTZ,ESM,USA,San Diego,San Diego Bay,San Diego,San Diego Bay,SD Bay North,NA,
32.72254180908203,-117.1735610961914,False,32.0,BPTCP,720,STORMDRAIN EM- GRAPE STREET,ESM,USA,San Diego,San Diego Bay,San Diego,San Diego Bay,SD Bay North,NA,
32.68055725097656,-117.17305755615234,False,32.0,BPTCP,721,41 SWARTZ,ESM,USA,San Diego,San Diego Bay,San Diego,San Diego Bay,Glorietta Bay,NA,
32.621665954589844,-117.10111236572266,False,30.0,BPTCP,722,34 SWARTZ,ESM,USA,San Diego,San Diego Bay,San Diego,San Diego Bay,SD Bay South,NA,
32.62638854980469,-117.10749816894531,False,31.0,BPTCP,723,5 SDG&E,ESS,USA,San Diego,San Diego Bay,San Diego,San Diego Bay,SD Bay South,NA,
32.647499084472656,-117.11666870117188,False,31.0,BPTCP,724,32 SWARTZ,ESP,USA,San Diego,Sweetwater,San Diego,San Diego Bay,Sweetwater Channel,NA,
32.69150161743164,-117.16016387939453,False,32.0,BPTCP,725,SOUTH SHORE-CORONADO DD3 (x1),ESS,USA,San Diego,San Diego Bay,San Diego,San Diego Bay,SD Bay North,NA,
32.68600082397461,-117.16083526611328,False,32.0,BPTCP,726,SILVER STRAND FF1 (x1),ESS,USA,San Diego,San Diego Bay,San Diego,San Diego Bay,SD Bay South,NA,
32.68016815185547,-117.163330078125,False,32.0,BPTCP,727,SILVER STRAND FF2 (x1),ESS,USA,San Diego,San Diego Bay,San Diego,San Diego Bay,SD Bay South,NA,
32.68266677856445,-117.15116882324219,False,31.0,BPTCP,728,SILVER STRAND FF4 (x4),ESS,USA,San Diego,San Diego Bay,San Diego,San Diego Bay,SD Bay South,NA,
32.662166595458984,-117.13733673095703,False,33.0,BPTCP,729,SILVER STRAND FF7 (x2),ESS,USA,San Diego,San Diego Bay,San Diego,San Diego Bay,SD Bay South,NA,
33.71444320678711,-118.22777557373047,False,37.0,BPTCP,73,San Pedro Breakwater,OAA,USA,Los Angeles,Pacific Ocean,Los Angeles,San Pedro Bay,San Pedro Bay,NA,
32.64799880981445,-117.12933349609375,False,32.0,BPTCP,730,SOUTH BAY GG2 (x1),ESS,USA,San Diego,San Diego Bay,San Diego,San Diego Bay,SD Bay South,NA,
32.686668395996094,-117.13361358642578,False,31.0,BPTCP,731,23 SCHWARTZ,ESP,USA,San Diego,San Diego Bay,San Diego,San Diego Bay,Chollas Creek Channel,NA,
32.63249969482422,-117.12266540527344,False,31.0,BPTCP,732,SOUTH BAY GG4 (x1),ESS,USA,San Diego,San Diego Bay,San Diego,San Diego Bay,SD Bay South,NA,
32.67361068725586,-117.13361358642578,False,34.0,BPTCP,733,38 SCHWARTZ,ESS,USA,San Diego,San Diego Bay,San Diego,San Diego Bay,SD Bay South,NA,
32.630332946777344,-117.13616943359375,False,32.0,BPTCP,734,CORONADO CAYS T1 (x1),ESM,USA,San Diego,San Diego Bay,San Diego,San Diego Bay,SD Bay South,NA,
32.621334075927734,-117.12982940673828,False,30.0,BPTCP,735,CORONADO CAYS T3 (x1),ESM,USA,San Diego,San Diego Bay,San Diego,San Diego Bay,SD Bay South,NA,
32.67300033569336,-117.12866973876953,False,33.0,BPTCP,736,CHANNEL-NAVAL BASE Z1 (x1),ESS,USA,San Diego,San Diego Bay,San Diego,San Diego Bay,SD Bay South,NA,
32.70866775512695,-117.22233581542969,False,32.0,BPTCP,737,SOUTH SHORE-MOUTH BB2 (x1),ESS,USA,San Diego,San Diego Bay,San Diego,San Diego Bay,SD Bay North,NA,
32.715667724609375,-117.20716857910156,False,32.0,BPTCP,738,SOUTH SHORE-MOUTH BB3 (x1),ESP,USA,San Diego,San Diego Bay,San Diego,San Diego Bay,SD Bay North,NA,
32.70866775512695,-117.22883605957031,False,33.0,BPTCP,739,NORTH SHORE-MOUTH CC2 (x1),ESS,USA,San Diego,San Diego Bay,San Diego,San Diego Bay,SD Bay North,NA,
33.71500015258789,-118.2227783203125,False,37.0,BPTCP,74,San Pedro Breakwater,OAA,USA,Los Angeles,Pacific Ocean,Los Angeles,San Pedro Bay,San Pedro Bay,NA,
32.72249984741211,-117.2106704711914,False,32.0,BPTCP,740,NORTH SHORE-MOUTH CC3 (x1),ESS,USA,San Diego,San Diego Bay,San Diego,San Diego Bay,SD Bay North,NA,
32.712501525878906,-117.23233032226562,False,32.0,BPTCP,741,SHELTER ISLAND E3 (x2),ESM,USA,San Diego,San Diego Bay,San Diego,San Diego Bay,SD Bay North,NA,
32.723331451416016,-117.22666931152344,False,33.0,BPTCP,742,COMMERCIAL BASIN F1 (x1),ESM,USA,San Diego,San Diego Bay,San Diego,San Diego Bay,SD Bay North,NA,
32.723167419433594,-117.22366333007812,False,33.0,BPTCP,743,COMMERCIAL BASIN F2 (x1),ESM,USA,San Diego,San Diego Bay,San Diego,San Diego Bay,SD Bay North,NA,
32.718833923339844,-117.2231674194336,False,32.0,BPTCP,744,COMMERCIAL BASIN F3 (x1),ESM,USA,San Diego,San Diego Bay,San Diego,San Diego Bay,SD Bay North,NA,
32.69656753540039,-117.1519775390625,False,32.0,BPTCP,748,D DE LAPPE,ESP,USA,San Diego,San Diego Bay,San Diego,San Diego Bay,SD Bay North,NA,
32.689735412597656,-117.14241027832031,False,30.0,BPTCP,749,BF SCHROEDER SITE F,ESP,USA,San Diego,San Diego Bay,San Diego,San Diego Bay,SD Bay South,NA,
33.7147216796875,-118.22805786132812,False,36.0,BPTCP,75,San Pedro Breakwater,OAA,USA,Los Angeles,Pacific Ocean,Los Angeles,San Pedro Bay,San Pedro Bay,NA,
32.633331298828125,-117.11283111572266,False,31.0,BPTCP,750,SOUTHBAY GG5 (x1),ESS,USA,San Diego,San Diego Bay,San Diego,San Diego Bay,SD Bay South,NA,
32.70766830444336,-117.18383026123047,False,32.0,BPTCP,751,CHANNEL-CORONADO Y1 (x2),ESP,USA,San Diego,San Diego Bay,San Diego,San Diego Bay,SD Bay North,NA,
32.70650100708008,-117.17816925048828,False,32.0,BPTCP,752,SOUTH SHORE-CORONADO DD1(X1),ESS,USA,San Diego,San Diego Bay,San Diego,San Diego Bay,SD Bay North,NA,
32.70600128173828,-117.23633575439453,False,34.0,BPTCP,753,FUEL PIERS D1 (x1),ESS,USA,San Diego,San Diego Bay,San Diego,San Diego Bay,SD Bay North,NA,
32.704166412353516,-117.1623306274414,False,32.0,BPTCP,754,CAMPBELL SHIPYARDS N1 (x1),ESP,USA,San Diego,San Diego Bay,San Diego,San Diego Bay,SD Bay North,NA,
32.701332092285156,-117.1614990234375,False,32.0,BPTCP,755,CAMPBELL SHIPYARDS N2 (x1),ESP,USA,San Diego,San Diego Bay,San Diego,San Diego Bay,SD Bay North,NA,
32.6793327331543,-117.17266845703125,False,32.0,BPTCP,756,GLORIETTA BAY U2 (x1),ESM,USA,San Diego,San Diego Bay,San Diego,San Diego Bay,Glorietta Bay,NA,
32.67850112915039,-117.1711654663086,False,34.0,BPTCP,757,GLORIETTA BAY U3 (x1),ESM,USA,San Diego,San Diego Bay,San Diego,San Diego Bay,Glorietta Bay,NA,
32.70866775512695,-117.22450256347656,False,32.0,BPTCP,758,CHANNEL-MOUTH X1 (x1),ESS,USA,San Diego,San Diego Bay,San Diego,San Diego Bay,SD Bay North,NA,
32.65999984741211,-117.12566375732422,False,32.0,BPTCP,759,CHANNEL-NAVAL BASE Z1 (x2),ESS,USA,San Diego,San Diego Bay,San Diego,San Diego Bay,SD Bay South,NA,
33.76555633544922,-118.45305633544922,False,32.0,BPTCP,76,Palos Verdes- Swartz 6,OAA,USA,Los Angeles,Pacific Ocean,Los Angeles,Pacific Ocean,Pacific Ocean,NA,
32.64799880981445,-117.12166595458984,False,31.0,BPTCP,760,CHANNEL-SOUTH BAY AA1 (x1),ESP,USA,San Diego,San Diego Bay,San Diego,San Diego Bay,SD Bay South,NA,
32.6956672668457,-117.2300033569336,False,32.0,BPTCP,761,SOUTH SHORE-MOUTH BB1 (x1),ESS,USA,San Diego,San Diego Bay,San Diego,San Diego Bay,SD Bay North,NA,
32.6974983215332,-117.23500061035156,False,32.0,BPTCP,762,NORTH SHORE-MOUTH CC1 (x1 ),ESS,USA,San Diego,San Diego Bay,San Diego,San Diego Bay,SD Bay North,NA,
32.71950149536133,-117.18783569335938,False,32.0,BPTCP,763,NORTH SHORE-MOUTH CC4 (x1),ESS,USA,San Diego,San Diego Bay,San Diego,San Diego Bay,SD Bay North,NA,
32.70050048828125,-117.16867065429688,False,32.0,BPTCP,764,SOUTH SHORE-CORONADO DD2 (x1),ESP,USA,San Diego,San Diego Bay,San Diego,San Diego Bay,SD Bay North,NA,
32.71516799926758,-117.1806640625,False,32.0,BPTCP,765,NORTH SHORE-CORONADO EE1 (x1),ESS,USA,San Diego,San Diego Bay,San Diego,San Diego Bay,SD Bay North,NA,
32.70750045776367,-117.1729965209961,False,32.0,BPTCP,766,NORTH SHORE-CORONADO EE2 (x1),ESS,USA,San Diego,San Diego Bay,San Diego,San Diego Bay,SD Bay North,NA,
32.641666412353516,-117.13700103759766,False,32.0,BPTCP,767,SOUTH BAY GG1 (x1),ESS,USA,San Diego,San Diego Bay,San Diego,San Diego Bay,SD Bay South,NA,
32.635833740234375,-117.13316345214844,False,32.0,BPTCP,768,SOUTH BAY GG3 (x1),ESS,USA,San Diego,San Diego Bay,San Diego,San Diego Bay,SD Bay South,NA,
33.73532485961914,-118.07758331298828,False,31.0,BPTCP,769,SEAL BEACH NWR-NASA IS.,EIU,USA,Santa Ana,Santa Ana River,Orange,Anaheim Bay,Anaheim Bay NWR,NA,
33.768611907958984,-118.45500183105469,False,33.0,BPTCP,77,Palos Verdes- Swartz 6,OAA,USA,Los Angeles,Pacific Ocean,Los Angeles,Pacific Ocean,Pacific Ocean,NA,
33.7103385925293,-118.05979919433594,False,30.0,BPTCP,770,BOLSA BAY-MOUTH OF EGGW FLOOD,ESS,USA,Santa Ana,Santa Ana River,Orange,Bolsa Bay,Bolsa Chica,NA,
33.74416732788086,-118.07766723632812,False,34.0,BPTCP,771,SEAL BEACH NWR-BOLSA AVE.,EIU,USA,Santa Ana,Santa Ana River,Orange,Anaheim Bay,Anaheim Bay NWR,NA,
33.73516845703125,-118.08899688720703,False,32.0,BPTCP,772,ANAHEIM BAY-NAVAL RESERVE,ESP,USA,Santa Ana,Santa Ana River,Orange,Anaheim Bay,Anaheim Bay,NA,
32.64799880981445,-117.12166595458984,False,31.0,BPTCP,773,CHANNEL-SOUTH BAY AA2(x1)BLIND,ESP,USA,San Diego,San Diego Bay,San Diego,San Diego Bay,SD Bay South,NA,
32.69016647338867,-117.23699951171875,False,32.0,BPTCP,774,SUB BASE C1 (x1),ESP,USA,San Diego,San Diego Bay,San Diego,San Diego Bay,SD Bay North,NA,
32.688499450683594,-117.2354965209961,False,32.0,BPTCP,775,SUB BASE C3 (x1),ESP,USA,San Diego,San Diego Bay,San Diego,San Diego Bay,SD Bay North,NA,
32.702999114990234,-117.23633575439453,False,32.0,BPTCP,776,FUEL PIERS D2 (x2),ESP,USA,San Diego,San Diego Bay,San Diego,San Diego Bay,SD Bay North,NA,
32.71733474731445,-117.22716522216797,False,32.0,BPTCP,777,SHELTER ISLAND E1 (x1),ESM,USA,San Diego,San Diego Bay,San Diego,San Diego Bay,SD Bay North,NA,
32.74016571044922,-117.20850372314453,False,32.0,BPTCP,778,NAVY ESTUARY G1 (x1),ESR,USA,San Diego,San Diego Bay,San Diego,San Diego Bay,SD Bay North,NA,
32.73550033569336,-117.20999908447266,False,32.0,BPTCP,779,NAVY ESTUARY G2 (x1),ESR,USA,San Diego,San Diego Bay,San Diego,San Diego Bay,SD Bay North,NA,
33.77055740356445,-118.45333099365234,False,34.0,BPTCP,78,Palos Verdes- Swartz 6,OAA,USA,Los Angeles,Pacific Ocean,Los Angeles,Pacific Ocean,Pacific Ocean,NA,
32.73433303833008,-117.21116638183594,False,32.0,BPTCP,780,NAVY ESTUARY G3 (x1),ESR,USA,San Diego,San Diego Bay,San Diego,San Diego Bay,SD Bay North,NA,
32.72783279418945,-117.20983123779297,False,32.0,BPTCP,781,WEST BASIN H2 (x1),ESM,USA,San Diego,San Diego Bay,San Diego,San Diego Bay,SD Bay North,NA,
32.727500915527344,-117.18583679199219,False,31.0,BPTCP,782,EAST BASIN I2 (x1),ESM,USA,San Diego,San Diego Bay,San Diego,San Diego Bay,SD Bay North,NA,
32.68716812133789,-117.13333129882812,False,34.0,BPTCP,783,CHOLLAS CREEK P1 (x2),ESP,USA,San Diego,San Diego Bay,San Diego,San Diego Bay,Chollas Creek Channel,NA,
32.66849899291992,-117.12183380126953,False,31.0,BPTCP,784,MARINE TERMINAL R1 (x1),ESP,USA,San Diego,San Diego Bay,San Diego,San Diego Bay,SD Bay South,NA,
32.67966842651367,-117.16133117675781,False,1.0,BPTCP,785,SILVER STRAND FF3 (x1),ESS,USA,San Diego,San Diego Bay,San Diego,San Diego Bay,SD Bay South,NA,
32.66983413696289,-117.15733337402344,False,32.0,BPTCP,786,SILVER STRAND FF6 (x1),ESS,USA,San Diego,San Diego Bay,San Diego,San Diego Bay,SD Bay South,NA,
32.55400085449219,-117.1268310546875,False,34.0,BPTCP,787,TIJUANA R. ESTUARY HH3 (x2),ESR,USA,San Diego,Tijuana,San Diego,Tijuana River,Tijuana River,NA,
32.55466842651367,-117.12666320800781,False,34.0,BPTCP,788,TIJUANA R. ESTUARY HH3 (x3),ESR,USA,San Diego,Tijuana,San Diego,Tijuana River,Tijuana River,NA,
33.72722244262695,-118.27278137207031,False,32.0,BPTCP,789,LOWER MAIN CHANNEL,ESP,USA,Los Angeles,Dominguez Watershed,Los Angeles,San Pedro Bay,Los Angeles Harbor,POLA,
33.72305679321289,-118.24749755859375,False,33.0,BPTCP,79,San Pedro Bay- POLA 19,ESP,USA,Los Angeles,Dominguez Watershed,Los Angeles,San Pedro Bay,Los Angeles Harbor,POLA,
33.74583435058594,-118.21849822998047,False,34.0,BPTCP,790,WEST BASIN ENTRANCE,ESP,USA,Los Angeles,Dominguez Watershed,Los Angeles,San Pedro Bay,Long Beach Harbor,POLB,
33.7582893371582,-118.19908905029297,False,27.0,BPTCP,791,INNER QUEENSWAY BAY,ESU,USA,Los Angeles,Los Angeles River,Los Angeles,San Pedro Bay,Long Beach Harbor,NA,
33.72850036621094,-118.26483154296875,False,32.0,BPTCP,792,FISH HARBOR ENTRANCE,ESP,USA,Los Angeles,Dominguez Watershed,Los Angeles,San Pedro Bay,Los Angeles Harbor,POLA,
33.72966766357422,-118.25116729736328,False,-99.0,BPTCP,793,TERMINAL ISLAND STP,ESP,USA,Los Angeles,Dominguez Watershed,Los Angeles,San Pedro Bay,Los Angeles Harbor,POLA,
32.71733474731445,-117.22716522216797,False,32.0,BPTCP,794,MARINE TERMINAL R6 (x1) BLIND,ESM,USA,San Diego,San Diego Bay,San Diego,San Diego Bay,SD Bay North,NA,
32.695831298828125,-117.15149688720703,False,32.0,BPTCP,795,NAVAL SHIPYARDS O1 (x1),ESP,USA,San Diego,San Diego Bay,San Diego,San Diego Bay,SD Bay North,NA,
32.69416809082031,-117.14966583251953,False,34.0,BPTCP,796,NAVAL SHIPYARDS O2 (x1),ESP,USA,San Diego,San Diego Bay,San Diego,San Diego Bay,SD Bay North,NA,
32.69383239746094,-117.14849853515625,False,32.0,BPTCP,797,NAVAL SHIPYARDS O3 (x1),ESP,USA,San Diego,San Diego Bay,San Diego,San Diego Bay,SD Bay South,NA,
32.69065856933594,-117.1436996459961,False,34.0,BPTCP,798,NAVAL BASE/SHIPYARDS O5 (x1),ESP,USA,San Diego,San Diego Bay,San Diego,San Diego Bay,SD Bay South,NA,
32.68983459472656,-117.13966369628906,False,34.0,BPTCP,799,NAVAL SHIPYARDS O6 (x1),ESP,USA,San Diego,San Diego Bay,San Diego,San Diego Bay,SD Bay South,NA,
33.752498626708984,-118.27055358886719,False,33.0,BPTCP,8,Turning Basin- Pier 151,ESP,USA,Los Angeles,Dominguez Watershed,Los Angeles,San Pedro Bay,Los Angeles Harbor,POLA,
33.72222137451172,-118.24694061279297,False,34.0,BPTCP,80,San Pedro Bay- POLA 19,ESP,USA,Los Angeles,Dominguez Watershed,Los Angeles,San Pedro Bay,Los Angeles Harbor,POLA,
32.686832427978516,-117.13500213623047,False,32.0,BPTCP,800,NAVAL SHIPYARDS O8 (x4),ESP,USA,San Diego,San Diego Bay,San Diego,San Diego Bay,Chollas Creek Channel,NA,
32.686058044433594,-117.1326904296875,False,34.0,BPTCP,801,NAVAL SHIPYARDS O9 (x1),ESP,USA,San Diego,San Diego Bay,San Diego,San Diego Bay,Chollas Creek Channel,NA,
32.68016815185547,-117.12616729736328,False,34.0,BPTCP,802,NAVAL SHIPYARDS O11 (x1),ESP,USA,San Diego,San Diego Bay,San Diego,San Diego Bay,SD Bay South,NA,
32.672122955322266,-117.12332916259766,False,32.0,BPTCP,803,NAVAL SHIPYARDS O14 (x1),ESP,USA,San Diego,San Diego Bay,San Diego,San Diego Bay,Paleta Creek Channel,NA,
32.699832916259766,-117.23816680908203,False,32.0,BPTCP,804,FUEL PIER D4 (x1),ESP,USA,San Diego,San Diego Bay,San Diego,San Diego Bay,SD Bay North,NA,
32.66666793823242,-117.12033081054688,False,32.0,BPTCP,805,MARINE TERMINAL R2 (x1),ESP,USA,San Diego,San Diego Bay,San Diego,San Diego Bay,SD Bay South,NA,
32.711334228515625,-117.18916320800781,False,30.0,BPTCP,806,CARRIER BASE V1 (x2),ESP,USA,San Diego,San Diego Bay,San Diego,San Diego Bay,SD Bay North,NA,
33.73533248901367,-118.09449768066406,False,34.0,BPTCP,807,ANAHEIM BAY- OUTER,ESS,USA,Santa Ana,Santa Ana River,Orange,Anaheim Bay,Anaheim Bay,NA,
33.72216796875,-118.05699920654297,False,31.0,BPTCP,808,HUNTINGTON HARBOR-HAR. LA,ESM,USA,Santa Ana,Santa Ana River,Orange,Huntington Harbor,Huntington Harbor,NA,
33.74073028564453,-118.07276153564453,False,32.0,BPTCP,809,ANAHEIM BAY-NAVY MARSH #2,EIH,USA,Santa Ana,Santa Ana River,Orange,Anaheim Bay,Anaheim Bay NWR,NA,
33.72249984741211,-118.24610900878906,False,33.0,BPTCP,81,San Pedro Bay- POLA 19,ESP,USA,Los Angeles,Dominguez Watershed,Los Angeles,San Pedro Bay,Los Angeles Harbor,POLA,
33.71266555786133,-118.28016662597656,False,34.0,BPTCP,810,OFF CABRILLO BEACH,ESP,USA,Los Angeles,Dominguez Watershed,Los Angeles,San Pedro Bay,Los Angeles Harbor,POLA,
33.72911071777344,-118.20001220703125,False,32.0,BPTCP,811,LONG BEACH CHANNEL,ESP,USA,Los Angeles,Dominguez Watershed,Los Angeles,San Pedro Bay,Long Beach Harbor,POLB,
33.74216842651367,-118.2058334350586,False,34.0,BPTCP,812,SOUTHEAST BASIN,ESP,USA,Los Angeles,Dominguez Watershed,Los Angeles,San Pedro Bay,Long Beach Harbor,POLB,
32.711334228515625,-117.18916320800781,False,32.0,BPTCP,814,NAVAL SHIPYARDS O15 (x1) BLIND,ESP,USA,San Diego,San Diego Bay,San Diego,San Diego Bay,SD Bay North,NA,
32.65299987792969,-117.14716339111328,False,34.0,BPTCP,815,37 SWARTZ (MARINA),ESM,USA,San Diego,San Diego Bay,San Diego,San Diego Bay,SD Bay South,NA,
32.65216827392578,-117.14800262451172,False,32.0,BPTCP,816,MARINA II1 (x1),ESM,USA,San Diego,San Diego Bay,San Diego,San Diego Bay,SD Bay South,NA,
32.651451110839844,-117.14883422851562,False,33.0,BPTCP,817,MARINA II1 (x3),ESM,USA,San Diego,San Diego Bay,San Diego,San Diego Bay,SD Bay South,NA,
32.7061653137207,-117.16583251953125,False,34.0,BPTCP,818,16 SWARTZ (INTERCONT. MARINA),ESM,USA,San Diego,San Diego Bay,San Diego,San Diego Bay,SD Bay North,NA,
32.70750045776367,-117.16867065429688,False,34.0,BPTCP,819,INTERCONT. MARINA M1 (x2),ESM,USA,San Diego,San Diego Bay,San Diego,San Diego Bay,SD Bay North,NA,
33.71500015258789,-118.2611083984375,False,32.0,BPTCP,82,Outer Harbor- POLA 10,ESP,USA,Los Angeles,Dominguez Watershed,Los Angeles,San Pedro Bay,Los Angeles Harbor,POLA,
32.70716857910156,-117.16649627685547,False,34.0,BPTCP,820,INTERCONT. MARINA M1 (x1),ESM,USA,San Diego,San Diego Bay,San Diego,San Diego Bay,SD Bay North,NA,
32.68050003051758,-117.1729965209961,False,33.0,BPTCP,821,41 SWARTZ (GLORIETTA BAY),ESM,USA,San Diego,San Diego Bay,San Diego,San Diego Bay,Glorietta Bay,NA,
32.67866516113281,-117.16983032226562,False,33.0,BPTCP,822,GLORIETTA BAY U1 (x1),ESM,USA,San Diego,San Diego Bay,San Diego,San Diego Bay,Glorietta Bay,NA,
32.677833557128906,-117.16950225830078,False,33.0,BPTCP,823,GLORIETTA BAY U1 (x2),ESM,USA,San Diego,San Diego Bay,San Diego,San Diego Bay,Glorietta Bay,NA,
32.621665954589844,-117.10099792480469,False,34.0,BPTCP,824,34 SWARTZ (C.V. YACHT BASIN),ESM,USA,San Diego,San Diego Bay,San Diego,San Diego Bay,SD Bay South,NA,
32.624332427978516,-117.1018295288086,False,34.0,BPTCP,825,CHULA V. YACHT BASIN S1 (x1),ESM,USA,San Diego,San Diego Bay,San Diego,San Diego Bay,SD Bay South,NA,
32.62466812133789,-117.10316467285156,False,33.0,BPTCP,826,CHULA V. YACHT BASIN S1 (x3),ESM,USA,San Diego,San Diego Bay,San Diego,San Diego Bay,SD Bay South,NA,
32.72251510620117,-117.17347717285156,False,34.0,BPTCP,827,STORMDRAIN EM (GRAPE ST.)-REP1,ESM,USA,San Diego,San Diego Bay,San Diego,San Diego Bay,SD Bay North,NA,
32.7221794128418,-117.17346954345703,False,34.0,BPTCP,828,STORMDRAIN EM (GRAPE ST.)-REP2,ESM,USA,San Diego,San Diego Bay,San Diego,San Diego Bay,SD Bay North,NA,
32.72281265258789,-117.1734619140625,False,33.0,BPTCP,829,STORMDRAIN EM (GRAPE ST.)-REP3,ESM,USA,San Diego,San Diego Bay,San Diego,San Diego Bay,SD Bay North,NA,
33.714168548583984,-118.26000213623047,False,32.0,BPTCP,83,Outer Harbor- POLA 10,ESP,USA,Los Angeles,Dominguez Watershed,Los Angeles,San Pedro Bay,Los Angeles Harbor,POLA,
33.722999572753906,-118.2699966430664,False,32.0,BPTCP,830,LOWER MAIN CHANNEL-REP 1,ESP,USA,Los Angeles,Dominguez Watershed,Los Angeles,San Pedro Bay,Los Angeles Harbor,POLA,
33.723331451416016,-118.26983642578125,False,34.0,BPTCP,831,LOWER MAIN CHANNEL-REP 2,ESP,USA,Los Angeles,Dominguez Watershed,Los Angeles,San Pedro Bay,Los Angeles Harbor,POLA,
33.723167419433594,-118.2699966430664,False,33.0,BPTCP,832,LOWER MAIN CHANNEL-REP 3,ESP,USA,Los Angeles,Dominguez Watershed,Los Angeles,San Pedro Bay,Los Angeles Harbor,POLA,
32.7061653137207,-117.16583251953125,False,33.0,BPTCP,833,INTERCONT. MARINA M2(x1) BLIND,ESM,USA,San Diego,San Diego Bay,San Diego,San Diego Bay,SD Bay North,NA,
33.74611282348633,-118.22000122070312,False,32.0,BPTCP,834,WEST BASIN ENTRANCE-REFERENCE 1,ESP,USA,Los Angeles,Dominguez Watershed,Los Angeles,San Pedro Bay,Long Beach Harbor,POLB,
33.74555587768555,-118.22027587890625,False,33.0,BPTCP,835,WEST BASIN ENTRANCE-REFERENCE 2,ESP,USA,Los Angeles,Dominguez Watershed,Los Angeles,San Pedro Bay,Long Beach Harbor,POLB,
33.74611282348633,-118.21971893310547,False,32.0,BPTCP,836,WEST BASIN ENTRANCE-REFERENCE 3,ESP,USA,Los Angeles,Dominguez Watershed,Los Angeles,San Pedro Bay,Long Beach Harbor,POLB,
32.72783279418945,-117.20033264160156,False,-99.0,BPTCP,837,10 SWARTZ (WEST BASIN),ESM,USA,San Diego,San Diego Bay,San Diego,San Diego Bay,SD Bay North,NA,
32.72779083251953,-117.19905090332031,False,-99.0,BPTCP,838,WEST BASIN H1 (x1),ESM,USA,San Diego,San Diego Bay,San Diego,San Diego Bay,SD Bay North,NA,
32.72816848754883,-117.204833984375,False,-99.0,BPTCP,839,WEST BASIN H1 (x4),ESM,USA,San Diego,San Diego Bay,San Diego,San Diego Bay,SD Bay North,NA,
33.713890075683594,-118.26166534423828,False,32.0,BPTCP,84,Outer Harbor- POLA 10,ESP,USA,Los Angeles,Dominguez Watershed,Los Angeles,San Pedro Bay,Los Angeles Harbor,POLA,
32.72650146484375,-117.19450378417969,False,-99.0,BPTCP,840,11 SWARTZ (EAST BASIN),ESM,USA,San Diego,San Diego Bay,San Diego,San Diego Bay,SD Bay North,NA,
32.72700119018555,-117.19466400146484,False,-99.0,BPTCP,841,EAST BASIN I1 (x1),ESM,USA,San Diego,San Diego Bay,San Diego,San Diego Bay,SD Bay North,NA,
32.72666549682617,-117.19100189208984,False,-99.0,BPTCP,842,EAST BASIN I1 (x5),ESM,USA,San Diego,San Diego Bay,San Diego,San Diego Bay,SD Bay North,NA,
32.628334045410156,-117.13066864013672,False,32.0,BPTCP,843,35 SWARTZ (CORONADO CAYS),ESM,USA,San Diego,San Diego Bay,San Diego,San Diego Bay,SD Bay South,NA,
32.62533187866211,-117.13150024414062,False,34.0,BPTCP,844,CORONADO CAYS T2 (x1),ESM,USA,San Diego,San Diego Bay,San Diego,San Diego Bay,SD Bay South,NA,
32.62466812133789,-117.13116455078125,False,34.0,BPTCP,845,CORONADO CAYS T2 (x2),ESM,USA,San Diego,San Diego Bay,San Diego,San Diego Bay,SD Bay South,NA,
32.715667724609375,-117.17716979980469,False,34.0,BPTCP,846,14 SWARTZ (DOWNTOWN PIERS),ESP,USA,San Diego,San Diego Bay,San Diego,San Diego Bay,SD Bay North,NA,
32.71649932861328,-117.17516326904297,False,33.0,BPTCP,847,DOWNTOWN PIERS K1 (x9),ESP,USA,San Diego,San Diego Bay,San Diego,San Diego Bay,SD Bay North,NA,
32.716331481933594,-117.17633056640625,False,33.0,BPTCP,848,DOWNTOWN PIERS K1 (x11),ESP,USA,San Diego,San Diego Bay,San Diego,San Diego Bay,SD Bay North,NA,
32.710445404052734,-117.1733169555664,False,32.0,BPTCP,849,15 SWARTZ (G ST. PIER MARINA),ESP,USA,San Diego,San Diego Bay,San Diego,San Diego Bay,SD Bay North,NA,
33.73500061035156,-118.09500122070312,False,32.0,BPTCP,85,Anaheim Bay- Outer,ESS,USA,Santa Ana,Santa Ana River,Orange,Anaheim Bay,Anaheim Bay,NA,
32.71200180053711,-117.17400360107422,False,34.0,BPTCP,850,G ST. PIER MARINA L1 (x4),ESP,USA,San Diego,San Diego Bay,San Diego,San Diego Bay,SD Bay North,NA,
32.71216583251953,-117.17333221435547,False,33.0,BPTCP,851,G ST. PIER MARINA L1 (x5),ESP,USA,San Diego,San Diego Bay,San Diego,San Diego Bay,SD Bay North,NA,
32.716331481933594,-117.17633056640625,False,33.0,BPTCP,852,DOWNTOWN PIERS K4 BLIND (x4),ESP,USA,San Diego,San Diego Bay,San Diego,San Diego Bay,SD Bay North,NA,
32.79316711425781,-117.2211685180664,False,34.0,BPTCP,853,MISSION BAY A3 (x1)-REP 1,ESS,USA,San Diego,Penasquitos,San Diego,Mission Bay,Mission Bay,NA,
32.79316711425781,-117.2211685180664,False,34.0,BPTCP,854,MISSION BAY A3 (x1)-REP 2,ESS,USA,San Diego,Penasquitos,San Diego,Mission Bay,Mission Bay,NA,
32.79316711425781,-117.2211685180664,False,34.0,BPTCP,855,MISSION BAY A3 (x1)-REP 3,ESS,USA,San Diego,Penasquitos,San Diego,Mission Bay,Mission Bay,NA,
32.768165588378906,-117.24783325195312,False,35.0,BPTCP,856,MISSION BAY A8 (x1)-REP 1,ESM,USA,San Diego,Penasquitos,San Diego,Mission Bay,Mission Bay,NA,
32.768165588378906,-117.24783325195312,False,35.0,BPTCP,857,MISSION BAY A8 (x1)-REP 2,ESM,USA,San Diego,Penasquitos,San Diego,Mission Bay,Mission Bay,NA,
32.768165588378906,-117.24783325195312,False,35.0,BPTCP,858,MISSION BAY A8 (x1)-REP 3,ESM,USA,San Diego,Penasquitos,San Diego,Mission Bay,Mission Bay,NA,
32.78799819946289,-117.22699737548828,False,34.0,BPTCP,859,MISSION BAY A4 (x1)-REP 1,ESS,USA,San Diego,Penasquitos,San Diego,Mission Bay,Mission Bay,NA,
33.73638916015625,-118.09527587890625,False,34.0,BPTCP,86,Anaheim Bay- Outer,ESS,USA,Santa Ana,Santa Ana River,Orange,Anaheim Bay,Anaheim Bay,NA,
32.78799819946289,-117.22699737548828,False,34.0,BPTCP,860,MISSION BAY A4 (x1)-REP 2,ESS,USA,San Diego,Penasquitos,San Diego,Mission Bay,Mission Bay,NA,
32.78799819946289,-117.22699737548828,False,34.0,BPTCP,861,MISSION BAY A4 (x1)-REP 3,ESS,USA,San Diego,Penasquitos,San Diego,Mission Bay,Mission Bay,NA,
32.69200134277344,-117.14616394042969,False,34.0,BPTCP,862,K SWARTZ (NAVAL BASE O4),ESP,USA,San Diego,San Diego Bay,San Diego,San Diego Bay,SD Bay South,NA,
32.692970275878906,-117.14632415771484,False,34.0,BPTCP,863,NAVAL BASE/SHIPYARDS O4 (x1),ESP,USA,San Diego,San Diego Bay,San Diego,San Diego Bay,SD Bay South,NA,
32.692832946777344,-117.14583587646484,False,34.0,BPTCP,864,NAVAL BASE/SHIPYARDS O4 (x2),ESP,USA,San Diego,San Diego Bay,San Diego,San Diego Bay,SD Bay South,NA,
32.686668395996094,-117.13417053222656,False,34.0,BPTCP,865,23 SWARTZ (NAVAL BASE O7),ESP,USA,San Diego,San Diego Bay,San Diego,San Diego Bay,Chollas Creek Channel,NA,
32.68766784667969,-117.13349914550781,False,33.0,BPTCP,866,NAVAL BASE/SHIPYARDS 07 (x1),ESP,USA,San Diego,San Diego Bay,San Diego,San Diego Bay,Chollas Creek Channel,NA,
32.68733215332031,-117.13433074951172,False,33.0,BPTCP,867,NAVAL BASE/SHIPYARDS O7 (x4),ESP,USA,San Diego,San Diego Bay,San Diego,San Diego Bay,Chollas Creek Channel,NA,
32.67900085449219,-117.125,False,34.0,BPTCP,868,P SWARTZ (NAVAL BASE O12),ESP,USA,San Diego,San Diego Bay,San Diego,San Diego Bay,SD Bay South,NA,
32.67449951171875,-117.12516784667969,False,33.0,BPTCP,869,NAVAL BASE/SHIPYARDS O12 (x3),ESP,USA,San Diego,San Diego Bay,San Diego,San Diego Bay,SD Bay South,NA,
33.735557556152344,-118.09416961669922,False,32.0,BPTCP,87,Anaheim Bay- Outer,ESS,USA,Santa Ana,Santa Ana River,Orange,Anaheim Bay,Anaheim Bay,NA,
32.675907135009766,-117.12602233886719,False,34.0,BPTCP,870,NAVAL BASE/SHIPYARDS O12 (x4),ESP,USA,San Diego,San Diego Bay,San Diego,San Diego Bay,SD Bay South,NA,
32.6879997253418,-117.23666381835938,False,33.0,BPTCP,871,NSB-M1 (SUB BASE C2),ESP,USA,San Diego,San Diego Bay,San Diego,San Diego Bay,SD Bay North,NA,
32.688331604003906,-117.23566436767578,False,33.0,BPTCP,872,SUB BASE C2 (x1),ESP,USA,San Diego,San Diego Bay,San Diego,San Diego Bay,SD Bay North,NA,
32.68783187866211,-117.23683166503906,False,33.0,BPTCP,873,SUB BASE C2 (x3),ESP,USA,San Diego,San Diego Bay,San Diego,San Diego Bay,SD Bay North,NA,
32.68783187866211,-117.23683166503906,False,33.0,BPTCP,874,SUB BASE C2 (x11) BLIND,ESP,USA,San Diego,San Diego Bay,San Diego,San Diego Bay,SD Bay North,NA,
32.64783477783203,-117.11566925048828,False,34.0,BPTCP,875,32 SWARTZ(SWEETWATER CH)-REP 1,ESP,USA,San Diego,Sweetwater,San Diego,San Diego Bay,Sweetwater Channel,NA,
32.64733123779297,-117.11333465576172,False,32.0,BPTCP,876,SWEETWATER CH. JJ1 (x1)-REP 2,ESP,USA,San Diego,Sweetwater,San Diego,San Diego Bay,Sweetwater Channel,NA,
32.647666931152344,-117.114501953125,False,35.0,BPTCP,877,SWEETWATER CH. JJ1 (x8)-REP 3,ESP,USA,San Diego,Sweetwater,San Diego,San Diego Bay,Sweetwater Channel,NA,
32.72666549682617,-117.17749786376953,False,33.0,BPTCP,878,12 SWARTZ(DOWNTOWN ANCH)-REP 1,ESM,USA,San Diego,San Diego Bay,San Diego,San Diego Bay,SD Bay North,NA,
32.725833892822266,-117.17666625976562,False,32.0,BPTCP,879,DOWNTOWN ANCH. J1 (x1)-REP 2,ESM,USA,San Diego,San Diego Bay,San Diego,San Diego Bay,SD Bay North,NA,
33.73472213745117,-118.08444213867188,False,32.0,BPTCP,88,Anaheim Bay- Oil Island,ESS,USA,Santa Ana,Santa Ana River,Orange,Anaheim Bay,Anaheim Bay,NA,
32.725833892822266,-117.17566680908203,False,33.0,BPTCP,880,DOWNTOWN ANCH. J1 (x2)-REP 3,ESM,USA,San Diego,San Diego Bay,San Diego,San Diego Bay,SD Bay North,NA,
32.75699996948242,-117.23466491699219,False,33.0,BPTCP,881,SAN DIEGO RIVER B1 (x4)-REP 1,ESR,USA,San Diego,Penasquitos,San Diego,San Diego River,San Diego River,NA,
32.75699996948242,-117.23483276367188,False,33.0,BPTCP,882,SAN DIEGO RIVER B1 (x4)-REP 2,ESR,USA,San Diego,Penasquitos,San Diego,San Diego River,San Diego River,NA,
32.75699996948242,-117.2344970703125,False,33.0,BPTCP,883,SAN DIEGO RIVER B1 (x4)-REP 3,ESR,USA,San Diego,Penasquitos,San Diego,San Diego River,San Diego River,NA,
33.73116683959961,-118.16549682617188,False,32.0,BPTCP,884,LONG BEACH OUTER HAR.-18-REP 1,ESU,USA,Los Angeles,Pacific Ocean,Los Angeles,San Pedro Bay,Long Beach Harbor,NA,
33.730831146240234,-118.16566467285156,False,32.0,BPTCP,885,LONG BEACH OUTER HAR.-18-REP 2,ESU,USA,Los Angeles,Pacific Ocean,Los Angeles,San Pedro Bay,Long Beach Harbor,NA,
33.731998443603516,-118.16600036621094,False,32.0,BPTCP,886,LONG BEACH OUTER HAR.-18-REP 3,ESU,USA,Los Angeles,Pacific Ocean,Los Angeles,San Pedro Bay,Long Beach Harbor,NA,
32.68116760253906,-117.12916564941406,False,34.0,BPTCP,887,25 SWARTZ (NAVAL BASE/SY O10),ESP,USA,San Diego,San Diego Bay,San Diego,San Diego Bay,SD Bay South,NA,
32.682373046875,-117.12770080566406,False,33.0,BPTCP,888,NAVAL BASE/SHIPYARD O10 (x2),ESP,USA,San Diego,San Diego Bay,San Diego,San Diego Bay,SD Bay South,NA,
32.679744720458984,-117.12950897216797,False,35.0,BPTCP,889,NAVAL BASE/SHIPYARD O10(x6),ESP,USA,San Diego,San Diego Bay,San Diego,San Diego Bay,SD Bay South,NA,
33.73444366455078,-118.08416748046875,False,32.0,BPTCP,89,Anaheim Bay- Oil Island,ESS,USA,Santa Ana,Santa Ana River,Orange,Anaheim Bay,Anaheim Bay,NA,
32.67546844482422,-117.12478637695312,False,34.0,BPTCP,890,27 SWARTZ (NAVAL BASE/SH O13),ESP,USA,San Diego,San Diego Bay,San Diego,San Diego Bay,SD Bay South,NA,
32.67599868774414,-117.12232971191406,False,33.0,BPTCP,891,NAVAL BASE/SHIPYARD O13 (x1),ESP,USA,San Diego,San Diego Bay,San Diego,San Diego Bay,SD Bay South,NA,
32.676666259765625,-117.12366485595703,False,34.0,BPTCP,892,NAVAL BASE/SHIPYARD O13 (x3),ESP,USA,San Diego,San Diego Bay,San Diego,San Diego Bay,SD Bay South,NA,
32.67290115356445,-117.11708068847656,False,34.0,BPTCP,893,28 SWARTZ (7TH ST CHANNEL Q1),ESP,USA,San Diego,San Diego Bay,San Diego,San Diego Bay,Paleta Creek Channel,NA,
32.673667907714844,-117.1163330078125,False,33.0,BPTCP,894,SEVENTH ST CHANNEL Q1 (x5),ESP,USA,San Diego,San Diego Bay,San Diego,San Diego Bay,Paleta Creek Channel,NA,
32.67316818237305,-117.11616516113281,False,35.0,BPTCP,895,SEVENTH ST CHANNEL Q1 (x6),ESP,USA,San Diego,San Diego Bay,San Diego,San Diego Bay,Paleta Creek Channel,NA,
32.65800094604492,-117.11900329589844,False,34.0,BPTCP,896,31 SWARTZ (MARINE TERMINAL R3),ESP,USA,San Diego,San Diego Bay,San Diego,San Diego Bay,SD Bay South,NA,
32.65966796875,-117.11883544921875,False,34.0,BPTCP,897,MARINE TERMINAL R3 (x1),ESP,USA,San Diego,San Diego Bay,San Diego,San Diego Bay,SD Bay South,NA,
32.659332275390625,-117.11883544921875,False,33.0,BPTCP,898,MARINE TERMINAL R3 (x3),ESP,USA,San Diego,San Diego Bay,San Diego,San Diego Bay,SD Bay South,NA,
32.70833206176758,-117.18866729736328,False,32.0,BPTCP,899,SDNI-N5 (CARRIER BASE V2),ESP,USA,San Diego,San Diego Bay,San Diego,San Diego Bay,SD Bay North,NA,
33.753055572509766,-118.26944732666016,False,33.0,BPTCP,9,Turning Basin- Pier 151,ESP,USA,Los Angeles,Dominguez Watershed,Los Angeles,San Pedro Bay,Los Angeles Harbor,POLA,
33.73416519165039,-118.08416748046875,False,32.0,BPTCP,90,Anaheim Bay- Oil Island,ESS,USA,Santa Ana,Santa Ana River,Orange,Anaheim Bay,Anaheim Bay,NA,
40.772499084472656,-124.19611358642578,False,-99.0,BPTCP,900,MEGAMUD-HUMBOLDT(ELK)-REP 1,ESU,USA,North Coast,Eureka Plain,Humboldt,Humboldt Bay,Humboldt Bay,NA,
40.772499084472656,-124.19611358642578,False,-99.0,BPTCP,901,MEGAMUD-HUMBOLDT(ELK)-REP 2,ESU,USA,North Coast,Eureka Plain,Humboldt,Humboldt Bay,Humboldt Bay,NA,
40.772499084472656,-124.19611358642578,False,-99.0,BPTCP,902,MEGAMUD-HUMBOLDT(ELK)-REP 3,ESU,USA,North Coast,Eureka Plain,Humboldt,Humboldt Bay,Humboldt Bay,NA,
40.772499084472656,-124.19611358642578,False,-99.0,BPTCP,906,MEGAMUD-HUMBOLDT(ELK)-REP 1,ESU,USA,North Coast,Eureka Plain,Humboldt,Humboldt Bay,Humboldt Bay,NA,Tox only.
40.772499084472656,-124.19611358642578,False,-99.0,BPTCP,907,MEGAMUD-HUMBOLDT(ELK)-REP 2,ESU,USA,North Coast,Eureka Plain,Humboldt,Humboldt Bay,Humboldt Bay,NA,Tox only.
40.772499084472656,-124.19611358642578,False,-99.0,BPTCP,908,MEGAMUD-HUMBOLDT(ELK)-REP 3,ESU,USA,North Coast,Eureka Plain,Humboldt,Humboldt Bay,Humboldt Bay,NA,Tox only.
33.726112365722656,-118.07611083984375,False,34.0,BPTCP,91,Huntington Harbor- Lower,ESM,USA,Santa Ana,Santa Ana River,Orange,Huntington Harbor,Huntington Harbor,NA,
40.772499084472656,-124.19611358642578,False,-99.0,BPTCP,912,MEGAMUD-HUMBOLDT(ELK)-REP 1,ESU,USA,North Coast,Eureka Plain,Humboldt,Humboldt Bay,Humboldt Bay,NA,Tox only.
40.772499084472656,-124.19611358642578,False,-99.0,BPTCP,913,MEGAMUD-HUMBOLDT(ELK)-REP 2,ESU,USA,North Coast,Eureka Plain,Humboldt,Humboldt Bay,Humboldt Bay,NA,Tox only.
40.772499084472656,-124.19611358642578,False,-99.0,BPTCP,914,MEGAMUD-HUMBOLDT(ELK)-REP 3,ESU,USA,North Coast,Eureka Plain,Humboldt,Humboldt Bay,Humboldt Bay,NA,Tox only.
40.772499084472656,-124.19611358642578,False,-99.0,BPTCP,915,MEGAMUD-HUMBOLDT(ELK)-REP 1,ESU,USA,North Coast,Eureka Plain,Humboldt,Humboldt Bay,Humboldt Bay,NA,Tox only.
40.772499084472656,-124.19611358642578,False,-99.0,BPTCP,916,MEGAMUD-HUMBOLDT(ELK)-REP 2,ESU,USA,North Coast,Eureka Plain,Humboldt,Humboldt Bay,Humboldt Bay,NA,Tox only.
40.772499084472656,-124.19611358642578,False,-99.0,BPTCP,917,MEGAMUD-HUMBOLDT(ELK)-REP 3,ESU,USA,North Coast,Eureka Plain,Humboldt,Humboldt Bay,Humboldt Bay,NA,Tox only.
33.72639083862305,-118.07583618164062,False,33.0,BPTCP,92,Huntington Harbor- Lower,ESM,USA,Santa Ana,Santa Ana River,Orange,Huntington Harbor,Huntington Harbor,NA,
33.72666549682617,-118.07583618164062,False,33.0,BPTCP,93,Huntington Harbor- Lower,ESM,USA,Santa Ana,Santa Ana River,Orange,Huntington Harbor,Huntington Harbor,NA,
33.72083282470703,-118.06444549560547,False,33.0,BPTCP,94,Huntington Harbor- Middle,ESM,USA,Santa Ana,Santa Ana River,Orange,Huntington Harbor,Huntington Harbor,NA,
33.72222137451172,-118.06416320800781,False,34.0,BPTCP,95,Huntington Harbor- Middle,ESM,USA,Santa Ana,Santa Ana River,Orange,Huntington Harbor,Huntington Harbor,NA,
33.72194290161133,-118.06500244140625,False,34.0,BPTCP,96,Huntington Harbor- Middle,ESM,USA,Santa Ana,Santa Ana River,Orange,Huntington Harbor,Huntington Harbor,NA,
33.71277618408203,-118.06055450439453,False,34.0,BPTCP,97,Huntington Harbor- Upper,ESM,USA,Santa Ana,Santa Ana River,Orange,Huntington Harbor,Huntington Harbor,NA,
33.713890075683594,-118.06083679199219,False,34.0,BPTCP,98,Huntington Harbor- Upper,ESM,USA,Santa Ana,Santa Ana River,Orange,Huntington Harbor,Huntington Harbor,NA,
33.7136116027832,-118.0616683959961,False,34.0,BPTCP,99,Huntington Harbor- Upper,ESM,USA,Santa Ana,Santa Ana River,Orange,Huntington Harbor,Huntington Harbor,NA,
0.0,0.0,False,-99.0,BPTCP,CONTROL-C1,Bioassay Negative Control,CNG,NA,NA,NA,NA,NA,NA,NA,Tox only.
0.0,0.0,False,-99.0,BPTCP,CONTROL-C2,Bioassay Negative Control,CNG,NA,NA,NA,NA,NA,NA,NA,Tox only.
0.0,0.0,False,-99.0,BPTCP,CONTROL-C3,Bioassay Negative Control,CNG,NA,NA,NA,NA,NA,NA,NA,Tox only.
38.155555725097656,-122.35028076171875,False,-99.0,CISNET,CAN,Canvas Back Duck Club,EIR,USA,San Francisco Bay,San Francisco Bay,Solano,Napa Sonoma Marsh,Napa Sonoma Marsh,NA,"Napa/Sonoma Marsh, South Slough.  On DFG managed l"
0.0,0.0,False,-99.0,CISNET,Control,Bioassay Negative Control,CNG,NA,NA,NA,NA,NA,NA,NA,
38.051944732666016,-122.27694702148438,False,-99.0,CISNET,DAVIS PT,Davis Point-SPBay (INTERMED),ESC,USA,San Francisco Bay,San Francisco Bay,Contra Costa,SFB San Pablo Bay,San Pablo Bay,NA,"RMP Site, West end of Carquinez Straits, south sid"
38.128055572509766,-122.3022232055664,False,-99.0,CISNET,DUTCH,Dutchman Slough,EIR,USA,San Francisco Bay,San Francisco Bay,Solano,Napa Sonoma Marsh,Napa Sonoma Marsh,NA,"Dutchman Slough, Napa/Sonoma Marsh, in the middle "
38.204444885253906,-122.37027740478516,False,-99.0,CISNET,HUDE,Hudeman Slough,EIR,USA,San Francisco Bay,San Francisco Bay,Sonoma,Napa Sonoma Marsh,Napa Sonoma Marsh,NA,"Hudeman Slough, Napa/Sonoma Marsh, approx 0.4 km e"
38.20888900756836,-122.30638885498047,False,-99.0,CISNET,M14,Napa River Upper,EIR,USA,San Francisco Bay,San Francisco Bay,Napa,Napa River,Napa River,NA,"Napa River, immediately south of Channel Marker 14"
38.11027908325195,-122.48555755615234,False,-99.0,CISNET,M19,Marker 19-SPBay (INTERMED),ESR,USA,San Francisco Bay,San Francisco Bay,Sonoma,Petaluma River,Petaluma River,NA,"Petaluma River Channel Marker 19, Northwest corner"
38.088890075683594,-122.44249725341797,False,-99.0,CISNET,M9,Marker 9-SPBay (INTERMED),ESS,USA,San Francisco Bay,San Francisco Bay,NA,SFB San Pablo Bay,San Pablo Bay,NA,"Petaluma River Channel Marker 9, Actually in west "
38.11111068725586,-122.27361297607422,False,-99.0,CISNET,MIC,Napa River Lower,ESR,USA,San Francisco Bay,San Francisco Bay,Solano,Napa River,Napa River,NA,"Napa River, approximately 500' south of Mare Islan"
38.15250015258789,-122.40472412109375,False,-99.0,CISNET,PABLO,Sonoma Creek,EIR,USA,San Francisco Bay,San Francisco Bay,Sonoma,Napa Sonoma Marsh,Napa Sonoma Marsh,NA,Mouth of Sonoma Creek at Northern limit of San Pab
-99.0,-99.0,False,-99.0,CISNET,PEDRO,Point San Pedro,ESU,USA,San Francisco Bay,San Francisco Bay,Contra Costa,SFB San Pablo Bay,San Pablo Bay,NA,Fish tissue data only.
38.14666748046875,-122.5294418334961,False,-99.0,CISNET,PET ,Petaluma River-Upper (INTENSE),ESR,USA,San Francisco Bay,San Francisco Bay,Sonoma,Petaluma River,Petaluma River,NA,"Petaluma River, east of radio transmission towers,"
38.101112365722656,-122.32888793945312,False,-99.0,CISNET,RADAR,Radar-SPBay (INTERMED),ESS,USA,San Francisco Bay,San Francisco Bay,Solano,SFB San Pablo Bay,San Pablo Bay,NA,East Side of San Pablo Bay at old navy radar woode
38.19166564941406,-122.42749786376953,False,-99.0,CISNET,SOCR,Sonoma Creek Slough,EIR,USA,San Francisco Bay,San Francisco Bay,Sonoma,Napa Sonoma Marsh,Napa Sonoma Marsh,NA,"Napa/Sonoma Marsh, Sonoma Creek, 800' north of jun"
0.0,0.0,False,-99.0,CLIPPER,Control_EE,Bioassay Sediment Control,CNG,NA,NA,NA,NA,NA,NA,NA,
0.0,0.0,False,-99.0,CLIPPER,Control_NA,Bioassay Sediment Control,CNG,NA,NA,NA,NA,NA,NA,NA,
37.81385040283203,-122.4261703491211,False,-99.0,CLIPPER,Reference,Alcatraz Reference Site,ESC,USA,San Francisco Bay,San Francisco Bay,San Francisco,SFB Central Bay,Alcatraz,NA,
37.86894989013672,-122.49607849121094,True,-99.0,CLIPPER,Site 2 ,Carquinez,ESM,USA,San Francisco Bay,San Francisco Bay,Marin,SFB Central Bay,Richardson Bay,NA,
37.870731353759766,-122.49748229980469,True,-99.0,CLIPPER,Site 3,Carquinez,ESM,USA,San Francisco Bay,San Francisco Bay,Marin,SFB Central Bay,Richardson Bay,NA,
37.872798919677734,-122.49857330322266,True,-99.0,CLIPPER,Site 4,Carquinez,ESM,USA,San Francisco Bay,San Francisco Bay,Marin,SFB Central Bay,Richardson Bay,NA,
0.0,0.0,False,-99.0,CLIPPER,SWControl,Bioassay Seawater Control,CNG,NA,NA,NA,NA,NA,NA,NA,
37.8138313293457,-122.41502380371094,False,-99.0,COYOTE,AlcatrazRef,Alcatraz Reference Site,ESC,USA,San Francisco Bay,San Francisco Bay,San Francisco,SFB Central Bay,Alcatraz,NA,
37.58953094482422,-122.31780242919922,True,-99.0,COYOTE,Basin1,Basin 1,EIM,USA,San Francisco Bay,San Francisco Bay,San Mateo,SFB South Bay,Coyote Point,NA,
37.58869934082031,-122.31549835205078,True,-99.0,COYOTE,Basin2,Basin 2,EIM,USA,San Francisco Bay,San Francisco Bay,San Mateo,SFB South Bay,Coyote Point,NA,
37.591331481933594,-122.31493377685547,True,-99.0,COYOTE,Channel,Entrance and Approach Channels,ESM,USA,San Francisco Bay,San Francisco Bay,San Mateo,SFB South Bay,Coyote Point,NA,
0.0,0.0,False,-99.0,COYOTE,Home,Bioassay Sediment Control,CNG,NA,NA,NA,NA,NA,NA,NA,"""Home"" sediment, from species sample sites."
0.0,0.0,False,-99.0,COYOTE,LabControl,Bioassay Negative Control,CNG,NA,NA,NA,NA,NA,NA,NA,Granite Canyon Sea Water
37.83879852294922,-122.31144714355469,True,-99.0,EMRY_MAR_00,1,Emery Cove Marina,ESM,USA,San Francisco Bay,San Francisco Bay,Alameda,SFB Central Bay,Emeryville Marina,NA,
37.83906936645508,-122.30988311767578,True,-99.0,EMRY_MAR_00,2,Emery Cove Marina,ESM,USA,San Francisco Bay,San Francisco Bay,Alameda,SFB Central Bay,Emeryville Marina,NA,
37.83924865722656,-122.30876922607422,True,-99.0,EMRY_MAR_00,3,Emery Cove Marina,ESM,USA,San Francisco Bay,San Francisco Bay,Alameda,SFB Central Bay,Emeryville Marina,NA,
0.0,0.0,False,-99.0,EMRY_MAR_00,Control,Bodega Bay Control,CNG,USA,San Francisco Bay,Bodega Bay,Sonoma,Bodega Bay,Bodega Bay,NA,Suspended phase bioassay control
0.0,0.0,False,-99.0,EMRY_MAR_00,Control-AA,Northern SF Bay Control,CNG,USA,San Francisco Bay,San Francisco Bay,San Francisco,NA,NA,NA,
38.22999954223633,-122.96666717529297,False,-99.0,EMRY_MAR_00,Control-NC,Tomales Bay Control,CNG,USA,San Francisco Bay,Marin Coastal,Marin,Tomales Bay,Tomales Bay North,NA,
-99.0,-99.0,True,-99.0,EMRY_MAR_00,Reference,Alcatraz Reference - Environs,ESU,USA,San Francisco Bay,San Francisco Bay,San Francisco,SFB Central Bay,Alcatraz,NA,
37.94491958618164,-122.50817108154297,True,-99.0,FERRY_LARK2,1,Corte Madera Creek,EIR,USA,San Francisco Bay,San Francisco Bay,Marin,Corte Madera Creek,Corte Madera Creek,NA,
37.94422912597656,-122.5073471069336,True,-99.0,FERRY_LARK2,2,Corte Madera Creek,EIR,USA,San Francisco Bay,San Francisco Bay,Marin,Corte Madera Creek,Corte Madera Creek,NA,
0.0,0.0,False,-99.0,FERRY_LARK2,AAControl,Northern SF Bay Control,CNG,USA,San Francisco Bay,San Francisco Bay,San Francisco,NA,NA,NA,
-99.0,-99.0,True,-99.0,FERRY_LARK2,Alcatraz,Alcatraz Reference Site,ESU,USA,San Francisco Bay,San Francisco Bay,San Francisco,SFB Central Bay,Alcatraz,NA,
0.0,0.0,False,-99.0,FERRY_LARK2,MEControl,Bioassay Negative Control,CNG,NA,NA,NA,NA,NA,NA,NA,
38.22999954223633,-122.96666717529297,False,-99.0,FERRY_LARK2,NCControl,Tomales Bay Control,CNG,USA,San Francisco Bay,Marin Coastal,Marin,Tomales Bay,Tomales Bay North,NA,
38.1002197265625,-122.26307678222656,True,-99.0,FERRY_VAL,A,Vallejo_Ferry Terminal,ESR,USA,San Francisco Bay,San Francisco Bay,Solano,Napa River,Napa River,NA,
38.09981918334961,-122.26283264160156,True,-99.0,FERRY_VAL,B,Vallejo_Ferry Terminal,ESR,USA,San Francisco Bay,San Francisco Bay,Solano,Napa River,Napa River,NA,
0.0,0.0,False,-99.0,FERRY_VAL,EEControl,Bioassay Sediment Control,CNG,NA,NA,NA,NA,NA,NA,NA,
0.0,0.0,False,-99.0,FERRY_VAL,LabControl,Bioassay Negative Control,CNG,NA,NA,NA,NA,NA,NA,NA,
0.0,0.0,False,-99.0,FERRY_VAL,NAControl,Bioassay Negative Control,CNG,NA,NA,NA,NA,NA,NA,NA,
-99.0,-99.0,False,-99.0,FERRY_VAL,Reference,Carquinez Disposal Site Reference - SF-9,ESU,USA,San Francisco Bay,San Francisco Bay,Contra Costa,SFB Carquinez Strait,Carquinez,NA,
0.0,0.0,False,-99.0,FERRY_VAL,SWControl,Site Water Control,CNG,NA,NA,NA,NA,NA,NA,NA,
40.805564880371094,-124.18895721435547,True,-99.0,HUMB_93,C_EKUP,Eureka Upper Channel,ESC,USA,North Coast,Eureka Plain,Humboldt,Humboldt Bay,Humboldt Bay,NA,
40.74777603149414,-124.22228240966797,True,-99.0,HUMB_93,C_FLTB,Fields Landing,ESU,USA,North Coast,Eureka Plain,Humboldt,Humboldt Bay,Humboldt Bay,NA,
40.81721878051758,-124.17249298095703,True,-99.0,HUMB_93,C_SAMTB,Samos Turning Basin,ESC,USA,North Coast,Eureka Plain,Humboldt,Humboldt Bay,Humboldt Bay,NA,
0.0,0.0,False,-99.0,HUMB_93,Control,Bioassay Negative Control,CNG,NA,NA,NA,NA,NA,NA,NA,
40.74972152709961,-124.34278106689453,False,-99.0,HUMB_93,Reference,Reference,OAA,USA,North Coast,Pacific Ocean,Humboldt,Pacific Ocean,Pacific Ocean,NA,Offshore reference area
40.8037109375,-124.18013763427734,True,-99.0,HUMB_94,C_EKUP,Eureka Upper Channel,ESC,USA,North Coast,Eureka Plain,Humboldt,Humboldt Bay,Humboldt Bay,NA,
40.73705291748047,-124.22067260742188,True,-99.0,HUMB_94,C_FLTB,Fields Landing,ESU,USA,North Coast,Eureka Plain,Humboldt,Humboldt Bay,Humboldt Bay,NA,
40.817317962646484,-124.1783447265625,True,-99.0,HUMB_94,C_SAMTB,Samos Turning Basin,ESC,USA,North Coast,Eureka Plain,Humboldt,Humboldt Bay,Humboldt Bay,NA,
0.0,0.0,False,-99.0,HUMB_94,Control,Bioassay Negative Control,CNG,NA,NA,NA,NA,NA,NA,NA,
0.0,0.0,False,-99.0,HUMB_94,Home A,Bioassay Sediment Control,CNG,NA,NA,NA,NA,NA,NA,NA,
0.0,0.0,False,-99.0,HUMB_94,Home B,Bioassay Sediment Control,CNG,NA,NA,NA,NA,NA,NA,NA,
40.74972915649414,-124.34288787841797,False,-99.0,HUMB_94,Reference,Reference,OAA,USA,North Coast,Pacific Ocean,Humboldt,Pacific Ocean,Pacific Ocean,NA,Offshore reference area
40.80585479736328,-124.17076110839844,True,-99.0,HUMB_95,C_EKEX,Eureka Upper Channel Extension,ESC,USA,North Coast,Eureka Plain,Humboldt,Humboldt Bay,Humboldt Bay,NA,
40.805477142333984,-124.17255401611328,True,-99.0,HUMB_95,C_EKUP,Eureka Upper Channel,ESC,USA,North Coast,Eureka Plain,Humboldt,Humboldt Bay,Humboldt Bay,NA,
40.72218322753906,-124.22391510009766,True,-99.0,HUMB_95,C_FLTB,Fields Landing,ESU,USA,North Coast,Eureka Plain,Humboldt,Humboldt Bay,Humboldt Bay,NA,
40.817317962646484,-124.1783447265625,True,-99.0,HUMB_95,C_SAMTB,Samos Turning Basin,ESC,USA,North Coast,Eureka Plain,Humboldt,Humboldt Bay,Humboldt Bay,NA,Coordinates confirmed; incorrect coords in report?
0.0,0.0,False,-99.0,HUMB_95,Control,Bioassay Negative Control,CNG,NA,NA,NA,NA,NA,NA,NA,
0.0,0.0,False,-99.0,HUMB_95,Home A,Bioassay Sediment Control,CNG,NA,NA,NA,NA,NA,NA,NA,
0.0,0.0,False,-99.0,HUMB_95,Home B,Bioassay Sediment Control,CNG,NA,NA,NA,NA,NA,NA,NA,
40.828006744384766,-124.308349609375,True,-99.0,HUMB_95,Reference,Reference,OAA,USA,North Coast,Pacific Ocean,Humboldt,Pacific Ocean,Pacific Ocean,NA,Offshore reference area
40.806358337402344,-124.16560363769531,True,0.0,HUMB_EUR,COMP EK-1,Eureka Channel,ESC,USA,North Coast,Eureka Plain,Humboldt,Humboldt Bay,Humboldt Bay,NA,
40.80638885498047,-124.16290283203125,True,0.0,HUMB_EUR,COMP EK-2,Eureka Channel,ESC,USA,North Coast,Eureka Plain,Humboldt,Humboldt Bay,Humboldt Bay,NA,
40.80768966674805,-124.1593017578125,True,0.0,HUMB_EUR,COMP EK-3,Eureka Channel,ESC,USA,North Coast,Eureka Plain,Humboldt,Humboldt Bay,Humboldt Bay,NA,
0.0,0.0,False,0.0,HUMB_EUR,Control,Control,CNG,NA,NA,NA,NA,NA,NA,NA,
40.75333023071289,-124.34100341796875,False,0.0,HUMB_EUR,HOODS Ref,Reference,OAA,USA,North Coast,Pacific Ocean,Humboldt,Pacific Ocean,Pacific Ocean,NA,
33.73338317871094,-118.09417724609375,False,-99.0,HUNT,1,Anaheim Bay,ESS,USA,Santa Ana,Santa Ana River,Orange,Anaheim Bay,Anaheim Bay,NA,
33.733558654785156,-118.09123229980469,False,-99.0,HUNT,10,Anaheim Bay,ESS,USA,Santa Ana,Santa Ana River,Orange,Anaheim Bay,Anaheim Bay,NA,
33.7291259765625,-118.09227752685547,False,-99.0,HUNT,11,Anaheim Bay,ESS,USA,Santa Ana,Santa Ana River,Orange,Anaheim Bay,Anaheim Bay,NA,
33.73245620727539,-118.09687042236328,False,-99.0,HUNT,12,Anaheim Bay,ESS,USA,Santa Ana,Santa Ana River,Orange,Anaheim Bay,Anaheim Bay,NA,
33.73394775390625,-118.09615325927734,False,-99.0,HUNT,13,Anaheim Bay,ESS,USA,Santa Ana,Santa Ana River,Orange,Anaheim Bay,Anaheim Bay,NA,
33.73124313354492,-118.09248352050781,False,-99.0,HUNT,14,Anaheim Bay,ESS,USA,Santa Ana,Santa Ana River,Orange,Anaheim Bay,Anaheim Bay,NA,
33.72959518432617,-118.0950927734375,False,-99.0,HUNT,15,Anaheim Bay,ESS,USA,Santa Ana,Santa Ana River,Orange,Anaheim Bay,Anaheim Bay,NA,
33.72699737548828,-118.07752227783203,False,-99.0,HUNT,16,Anaheim Bay,ESS,USA,Santa Ana,Santa Ana River,Orange,Anaheim Bay,Anaheim Bay,NA,
33.7346305847168,-118.09208679199219,False,-99.0,HUNT,17,Anaheim Bay,ESS,USA,Santa Ana,Santa Ana River,Orange,Anaheim Bay,Anaheim Bay,NA,
33.72835159301758,-118.09515380859375,False,-99.0,HUNT,18,Anaheim Bay,ESS,USA,Santa Ana,Santa Ana River,Orange,Anaheim Bay,Anaheim Bay,NA,
33.732845306396484,-118.09369659423828,False,-99.0,HUNT,19,Anaheim Bay,ESS,USA,Santa Ana,Santa Ana River,Orange,Anaheim Bay,Anaheim Bay,NA,
33.72776412963867,-118.09976196289062,False,-99.0,HUNT,2,Anaheim Bay,ESS,USA,Santa Ana,Santa Ana River,Orange,Anaheim Bay,Anaheim Bay,NA,
33.73604202270508,-118.0936279296875,False,-99.0,HUNT,20,Anaheim Bay,ESS,USA,Santa Ana,Santa Ana River,Orange,Anaheim Bay,Anaheim Bay,NA,
33.73098373413086,-118.09952545166016,False,-99.0,HUNT,21,Anaheim Bay,ESS,USA,Santa Ana,Santa Ana River,Orange,Anaheim Bay,Anaheim Bay,NA,
33.73342514038086,-118.09968566894531,False,-99.0,HUNT,23,Anaheim Bay,ESS,USA,Santa Ana,Santa Ana River,Orange,Anaheim Bay,Anaheim Bay,NA,
33.73330307006836,-118.08867645263672,False,-99.0,HUNT,24,Anaheim Bay,ESS,USA,Santa Ana,Santa Ana River,Orange,Anaheim Bay,Anaheim Bay,NA,
33.7324333190918,-118.09618377685547,False,-99.0,HUNT,25,Anaheim Bay,ESS,USA,Santa Ana,Santa Ana River,Orange,Anaheim Bay,Anaheim Bay,NA,
33.73174285888672,-118.08580017089844,False,-99.0,HUNT,26,Anaheim Bay,ESS,USA,Santa Ana,Santa Ana River,Orange,Anaheim Bay,Anaheim Bay,NA,
33.73546600341797,-118.09825134277344,False,-99.0,HUNT,27,Anaheim Bay,ESS,USA,Santa Ana,Santa Ana River,Orange,Anaheim Bay,Anaheim Bay,NA,
33.72907257080078,-118.09973907470703,False,-99.0,HUNT,28,Anaheim Bay,ESS,USA,Santa Ana,Santa Ana River,Orange,Anaheim Bay,Anaheim Bay,NA,
33.728431701660156,-118.08116149902344,False,-99.0,HUNT,29,Anaheim Bay,ESS,USA,Santa Ana,Santa Ana River,Orange,Anaheim Bay,Anaheim Bay,NA,
33.728919982910156,-118.0818862915039,False,-99.0,HUNT,3,Anaheim Bay,ESS,USA,Santa Ana,Santa Ana River,Orange,Anaheim Bay,Anaheim Bay,NA,
33.73122024536133,-118.10074615478516,False,-99.0,HUNT,30,Anaheim Bay,ESS,USA,Santa Ana,Santa Ana River,Orange,Anaheim Bay,Anaheim Bay,NA,
33.72848892211914,-118.10084533691406,False,-99.0,HUNT,31,Anaheim Bay,ESS,USA,Santa Ana,Santa Ana River,Orange,Anaheim Bay,Anaheim Bay,NA,
33.73075866699219,-118.09278106689453,False,-99.0,HUNT,32,Anaheim Bay,ESS,USA,Santa Ana,Santa Ana River,Orange,Anaheim Bay,Anaheim Bay,NA,
33.72969436645508,-118.10147857666016,False,-99.0,HUNT,33,Anaheim Bay,ESS,USA,Santa Ana,Santa Ana River,Orange,Anaheim Bay,Anaheim Bay,NA,
33.731712341308594,-118.09538269042969,False,-99.0,HUNT,34,Anaheim Bay,ESS,USA,Santa Ana,Santa Ana River,Orange,Anaheim Bay,Anaheim Bay,NA,
33.73699188232422,-118.09457397460938,False,-99.0,HUNT,35,Anaheim Bay,ESS,USA,Santa Ana,Santa Ana River,Orange,Anaheim Bay,Anaheim Bay,NA,
33.72386169433594,-118.0633773803711,False,-99.0,HUNT,36,Huntington Harbor,ESM,USA,Santa Ana,Santa Ana River,Orange,Huntington Harbor,Huntington Harbor,NA,
33.719905853271484,-118.07173156738281,False,-99.0,HUNT,37,Huntington Harbor,ESM,USA,Santa Ana,Santa Ana River,Orange,Huntington Harbor,Huntington Harbor,NA,
33.71630096435547,-118.0578384399414,False,-99.0,HUNT,38,Huntington Harbor,ESM,USA,Santa Ana,Santa Ana River,Orange,Huntington Harbor,Huntington Harbor,NA,
33.727378845214844,-118.0586929321289,False,-99.0,HUNT,39,Huntington Harbor,ESM,USA,Santa Ana,Santa Ana River,Orange,Huntington Harbor,Huntington Harbor,NA,
33.728111267089844,-118.09795379638672,False,-99.0,HUNT,4,Anaheim Bay,ESS,USA,Santa Ana,Santa Ana River,Orange,Anaheim Bay,Anaheim Bay,NA,
33.71818923950195,-118.0677261352539,False,-99.0,HUNT,41,Huntington Harbor,ESM,USA,Santa Ana,Santa Ana River,Orange,Huntington Harbor,Huntington Harbor,NA,
33.726722717285156,-118.07572174072266,False,-99.0,HUNT,42,Huntington Harbor,ESM,USA,Santa Ana,Santa Ana River,Orange,Huntington Harbor,Huntington Harbor,NA,
33.726768493652344,-118.06817626953125,False,-99.0,HUNT,43,Huntington Harbor,ESM,USA,Santa Ana,Santa Ana River,Orange,Huntington Harbor,Huntington Harbor,NA,
33.72266387939453,-118.05619049072266,False,-99.0,HUNT,44,Huntington Harbor,ESM,USA,Santa Ana,Santa Ana River,Orange,Huntington Harbor,Huntington Harbor,NA,
33.72243881225586,-118.06682586669922,False,-99.0,HUNT,46,Huntington Harbor,ESM,USA,Santa Ana,Santa Ana River,Orange,Huntington Harbor,Huntington Harbor,NA,
33.72529983520508,-118.0736312866211,False,-99.0,HUNT,47,Huntington Harbor,ESM,USA,Santa Ana,Santa Ana River,Orange,Huntington Harbor,Huntington Harbor,NA,
33.72512435913086,-118.07502746582031,False,-99.0,HUNT,49,Huntington Harbor,ESM,USA,Santa Ana,Santa Ana River,Orange,Huntington Harbor,Huntington Harbor,NA,
33.73217010498047,-118.08997344970703,False,-99.0,HUNT,5,Anaheim Bay,ESS,USA,Santa Ana,Santa Ana River,Orange,Anaheim Bay,Anaheim Bay,NA,
33.72270965576172,-118.07320404052734,False,-99.0,HUNT,50,Huntington Harbor,ESM,USA,Santa Ana,Santa Ana River,Orange,Huntington Harbor,Huntington Harbor,NA,
33.7244758605957,-118.07074737548828,False,-99.0,HUNT,51,Huntington Harbor,ESM,USA,Santa Ana,Santa Ana River,Orange,Huntington Harbor,Huntington Harbor,NA,
33.722076416015625,-118.05804443359375,False,-99.0,HUNT,52,Huntington Harbor,ESM,USA,Santa Ana,Santa Ana River,Orange,Huntington Harbor,Huntington Harbor,NA,
33.72154998779297,-118.07024383544922,False,-99.0,HUNT,53,Huntington Harbor,ESM,USA,Santa Ana,Santa Ana River,Orange,Huntington Harbor,Huntington Harbor,NA,
33.72161102294922,-118.05944061279297,False,-99.0,HUNT,54,Huntington Harbor,ESM,USA,Santa Ana,Santa Ana River,Orange,Huntington Harbor,Huntington Harbor,NA,
33.7257194519043,-118.07283020019531,False,-99.0,HUNT,55,Huntington Harbor,ESM,USA,Santa Ana,Santa Ana River,Orange,Huntington Harbor,Huntington Harbor,NA,
33.72509002685547,-118.05720520019531,False,-99.0,HUNT,56,Huntington Harbor,ESM,USA,Santa Ana,Santa Ana River,Orange,Huntington Harbor,Huntington Harbor,NA,
33.72636795043945,-118.06080627441406,False,-99.0,HUNT,57,Huntington Harbor,ESM,USA,Santa Ana,Santa Ana River,Orange,Huntington Harbor,Huntington Harbor,NA,
33.718238830566406,-118.06608581542969,False,-99.0,HUNT,58,Huntington Harbor,ESM,USA,Santa Ana,Santa Ana River,Orange,Huntington Harbor,Huntington Harbor,NA,
33.71318054199219,-118.05406951904297,False,-99.0,HUNT,59,Huntington Harbor,ESM,USA,Santa Ana,Santa Ana River,Orange,Huntington Harbor,Huntington Harbor,NA,
33.73406219482422,-118.09013366699219,False,-99.0,HUNT,6,Anaheim Bay,ESS,USA,Santa Ana,Santa Ana River,Orange,Anaheim Bay,Anaheim Bay,NA,
33.72098922729492,-118.0584945678711,False,-99.0,HUNT,60,Huntington Harbor,ESM,USA,Santa Ana,Santa Ana River,Orange,Huntington Harbor,Huntington Harbor,NA,
33.72715759277344,-118.06307220458984,False,-99.0,HUNT,62,Huntington Harbor,ESM,USA,Santa Ana,Santa Ana River,Orange,Huntington Harbor,Huntington Harbor,NA,
33.71858596801758,-118.06843566894531,False,-99.0,HUNT,63,Huntington Harbor,ESM,USA,Santa Ana,Santa Ana River,Orange,Huntington Harbor,Huntington Harbor,NA,
33.71013259887695,-118.06015014648438,False,-99.0,HUNT,64,Huntington Harbor,ESS,USA,Santa Ana,Santa Ana River,Orange,Huntington Harbor,Huntington Harbor,NA,
33.717891693115234,-118.0695571899414,False,-99.0,HUNT,65,Huntington Harbor,ESM,USA,Santa Ana,Santa Ana River,Orange,Huntington Harbor,Huntington Harbor,NA,
33.72242736816406,-118.0641098022461,False,-99.0,HUNT,66,Huntington Harbor,ESM,USA,Santa Ana,Santa Ana River,Orange,Huntington Harbor,Huntington Harbor,NA,
33.72563171386719,-118.0764389038086,False,-99.0,HUNT,68,Huntington Harbor,ESM,USA,Santa Ana,Santa Ana River,Orange,Huntington Harbor,Huntington Harbor,NA,
33.71999740600586,-118.06307983398438,False,-99.0,HUNT,69,Huntington Harbor,ESM,USA,Santa Ana,Santa Ana River,Orange,Huntington Harbor,Huntington Harbor,NA,
33.72711181640625,-118.07683563232422,False,-99.0,HUNT,7,Anaheim Bay,ESS,USA,Santa Ana,Santa Ana River,Orange,Anaheim Bay,Anaheim Bay,NA,
33.72676086425781,-118.07425689697266,False,-99.0,HUNT,70,Huntington Harbor,ESM,USA,Santa Ana,Santa Ana River,Orange,Huntington Harbor,Huntington Harbor,NA,
33.720916748046875,-118.06366729736328,False,-99.0,HUNT,71,Huntington Harbor,ESM,USA,Santa Ana,Santa Ana River,Orange,Huntington Harbor,Huntington Harbor,NA,
33.72433090209961,-118.06919860839844,False,-99.0,HUNT,72,Huntington Harbor,ESM,USA,Santa Ana,Santa Ana River,Orange,Huntington Harbor,Huntington Harbor,NA,
33.73067092895508,-118.09797668457031,False,-99.0,HUNT,8,Anaheim Bay,ESS,USA,Santa Ana,Santa Ana River,Orange,Anaheim Bay,Anaheim Bay,NA,
33.735172271728516,-118.09636688232422,False,-99.0,HUNT,9,Anaheim Bay,ESS,USA,Santa Ana,Santa Ana River,Orange,Anaheim Bay,Anaheim Bay,NA,
0.0,0.0,False,-99.0,HUNT,Control,Bioassay Negative Control,CNG,NA,NA,NA,NA,NA,NA,NA,
37.74741744995117,-122.3232650756836,False,-99.0,HUNT_PT,AB-67,Alameda Buoy,ESC,USA,San Francisco Bay,San Francisco Bay,Alameda,SFB Central Bay,Central Bay South,NA,
37.82020950317383,-122.42504119873047,False,-99.0,HUNT_PT,AL-64,Alcatraz Reference Site,ESC,USA,San Francisco Bay,San Francisco Bay,San Francisco,SFB Central Bay,Alcatraz,NA,
37.7321662902832,-122.36933135986328,True,-99.0,HUNT_PT,Area I FF,Hunters Point,ESP,USA,San Francisco Bay,San Francisco Bay,San Francisco,SFB Central Bay,San Francisco South Nearshore,NA,
37.731998443603516,-122.36766815185547,True,-99.0,HUNT_PT,Area I HBI,Hunters Point,ESP,USA,San Francisco Bay,San Francisco Bay,San Francisco,SFB Central Bay,San Francisco South Nearshore,NA,
37.73233413696289,-122.3671646118164,True,-99.0,HUNT_PT,Area I SBI,Hunters Point,ESP,USA,San Francisco Bay,San Francisco Bay,San Francisco,SFB Central Bay,San Francisco South Nearshore,NA,
37.730831146240234,-122.36116790771484,True,-99.0,HUNT_PT,Area III FF,Hunters Point,ESP,USA,San Francisco Bay,San Francisco Bay,San Francisco,SFB Central Bay,San Francisco South Nearshore,NA,
37.73099899291992,-122.36100006103516,True,-99.0,HUNT_PT,Area III SBI,Hunters Point,ESP,USA,San Francisco Bay,San Francisco Bay,San Francisco,SFB Central Bay,San Francisco South Nearshore,NA,
37.71833419799805,-122.37333679199219,True,-99.0,HUNT_PT,Area IX FF,Hunters Point,ESP,USA,San Francisco Bay,San Francisco Bay,San Francisco,SFB Central Bay,San Francisco South Nearshore,NA,
37.718666076660156,-122.37232971191406,True,-99.0,HUNT_PT,Area IX HBI,Hunters Point,ESP,USA,San Francisco Bay,San Francisco Bay,San Francisco,SFB Central Bay,San Francisco South Nearshore,NA,
37.718666076660156,-122.3721694946289,True,-99.0,HUNT_PT,Area IX SBI,Hunters Point,ESP,USA,San Francisco Bay,San Francisco Bay,San Francisco,SFB Central Bay,San Francisco South Nearshore,NA,
37.716331481933594,-122.36650085449219,True,-99.0,HUNT_PT,Area VIII FF,Hunters Point,EIP,USA,San Francisco Bay,San Francisco Bay,San Francisco,SFB Central Bay,San Francisco South Nearshore,NA,
37.71616744995117,-122.36650085449219,True,-99.0,HUNT_PT,Area VIII HBI,Hunters Point,EIP,USA,San Francisco Bay,San Francisco Bay,San Francisco,SFB Central Bay,San Francisco South Nearshore,NA,
37.71616744995117,-122.36683654785156,False,-99.0,HUNT_PT,Area VIII SBI,Hunters Point,EIP,USA,San Francisco Bay,San Francisco Bay,San Francisco,SFB Central Bay,San Francisco South Nearshore,NA,
37.722999572753906,-122.37866973876953,True,-99.0,HUNT_PT,Area X FF,Hunters Point,ESP,USA,San Francisco Bay,San Francisco Bay,San Francisco,SFB Central Bay,San Francisco South Nearshore,NA,
37.723331451416016,-122.37666320800781,True,-99.0,HUNT_PT,Area X HBI,Hunters Point,ESP,USA,San Francisco Bay,San Francisco Bay,San Francisco,SFB Central Bay,San Francisco South Nearshore,NA,
37.7234992980957,-122.37716674804688,True,-99.0,HUNT_PT,Area X SBI,Hunters Point,ESP,USA,San Francisco Bay,San Francisco Bay,San Francisco,SFB Central Bay,San Francisco South Nearshore,NA,
0.0,0.0,False,-99.0,HUNT_PT,BACKGROUND,Baseline Laboratory Bioaccumulation Sample,CNG,NA,NA,NA,NA,NA,NA,NA,
37.73929977416992,-122.2606201171875,True,-99.0,HUNT_PT,Bay Farm,Bay Farm Reference,ESU,USA,San Francisco Bay,San Francisco Bay,Alameda,SFB Central Bay,Central Bay South,NA,
37.7401123046875,-122.27749633789062,False,-99.0,HUNT_PT,BF-66,Bay Farm Reference,ESC,USA,San Francisco Bay,San Francisco Bay,San Francisco,SFB Central Bay,Central Bay South,NA,
0.0,0.0,False,-99.0,HUNT_PT,Control,Bioassay Negative Control,CNG,NA,NA,NA,NA,NA,NA,NA,
37.71641540527344,-122.36650085449219,False,-99.0,HUNT_PT,EW-30,Hunters Point,EIP,USA,San Francisco Bay,San Francisco Bay,San Francisco,SFB Central Bay,San Francisco South Nearshore,NA,
37.71601867675781,-122.36693572998047,False,-99.0,HUNT_PT,EW-31,Hunters Point,EIP,USA,San Francisco Bay,San Francisco Bay,San Francisco,SFB Central Bay,San Francisco South Nearshore,NA,
37.715301513671875,-122.36724853515625,False,-99.0,HUNT_PT,EW-32,Hunters Point,ESP,USA,San Francisco Bay,San Francisco Bay,San Francisco,SFB Central Bay,San Francisco South Nearshore,NA,
37.716033935546875,-122.3662338256836,False,-99.0,HUNT_PT,EW-33,Hunters Point,EIP,USA,San Francisco Bay,San Francisco Bay,San Francisco,SFB Central Bay,San Francisco South Nearshore,NA,
37.71595001220703,-122.3662338256836,False,-99.0,HUNT_PT,EW-34,Hunters Point,EIP,USA,San Francisco Bay,San Francisco Bay,San Francisco,SFB Central Bay,San Francisco South Nearshore,NA,
37.71518325805664,-122.3666000366211,False,-99.0,HUNT_PT,EW-35,Hunters Point,ESP,USA,San Francisco Bay,San Francisco Bay,San Francisco,SFB Central Bay,San Francisco South Nearshore,NA,
37.71575164794922,-122.36593627929688,False,-99.0,HUNT_PT,EW-36,Hunters Point,EIP,USA,San Francisco Bay,San Francisco Bay,San Francisco,SFB Central Bay,San Francisco South Nearshore,NA,
37.7150993347168,-122.36589813232422,False,-99.0,HUNT_PT,EW-37,Hunters Point,ESP,USA,San Francisco Bay,San Francisco Bay,San Francisco,SFB Central Bay,San Francisco South Nearshore,NA,
37.724449157714844,-122.36028289794922,False,-99.0,HUNT_PT,HPEast,Hunters Point,ESP,USA,San Francisco Bay,San Francisco Bay,San Francisco,SFB Central Bay,San Francisco South Nearshore,NA,
37.73626708984375,-122.36416625976562,False,-99.0,HUNT_PT,HPNorth,Hunters Point,ESU,USA,San Francisco Bay,San Francisco Bay,San Francisco,SFB Central Bay,San Francisco South Nearshore,NA,
37.716068267822266,-122.36316680908203,False,-99.0,HUNT_PT,HPSouth,Hunters Point,ESP,USA,San Francisco Bay,San Francisco Bay,San Francisco,SFB Central Bay,San Francisco South Nearshore,NA,
37.73323440551758,-122.36924743652344,False,-99.0,HUNT_PT,IB-54,Hunters Point,ESP,USA,San Francisco Bay,San Francisco Bay,San Francisco,SFB Central Bay,San Francisco South Nearshore,NA,
37.73213195800781,-122.36921691894531,False,-99.0,HUNT_PT,IB-55,Hunters Point,EIP,USA,San Francisco Bay,San Francisco Bay,San Francisco,SFB Central Bay,San Francisco South Nearshore,NA,
37.732666015625,-122.36848449707031,False,-99.0,HUNT_PT,IB-56,Hunters Point,ESP,USA,San Francisco Bay,San Francisco Bay,San Francisco,SFB Central Bay,San Francisco South Nearshore,NA,
37.73321533203125,-122.36786651611328,False,-99.0,HUNT_PT,IB-57,Hunters Point,ESP,USA,San Francisco Bay,San Francisco Bay,San Francisco,SFB Central Bay,San Francisco South Nearshore,NA,
37.73265075683594,-122.36723327636719,False,-99.0,HUNT_PT,IB-58,Hunters Point,ESP,USA,San Francisco Bay,San Francisco Bay,San Francisco,SFB Central Bay,San Francisco South Nearshore,NA,
37.73225021362305,-122.36705017089844,False,-99.0,HUNT_PT,IB-59,Hunters Point,EIP,USA,San Francisco Bay,San Francisco Bay,San Francisco,SFB Central Bay,San Francisco South Nearshore,NA,
37.71870040893555,-122.3738021850586,False,-99.0,HUNT_PT,OR-24,Hunters Point,ESP,USA,San Francisco Bay,San Francisco Bay,San Francisco,SFB Central Bay,San Francisco South Nearshore,NA,
37.7178840637207,-122.37391662597656,False,-99.0,HUNT_PT,OR-25,Hunters Point,ESP,USA,San Francisco Bay,San Francisco Bay,San Francisco,SFB Central Bay,San Francisco South Nearshore,NA,
37.71870040893555,-122.37319946289062,False,-99.0,HUNT_PT,OR-26,Hunters Point,EIP,USA,San Francisco Bay,San Francisco Bay,San Francisco,SFB Central Bay,San Francisco South Nearshore,NA,
37.718448638916016,-122.37338256835938,False,-99.0,HUNT_PT,OR-27,Hunters Point,ESP,USA,San Francisco Bay,San Francisco Bay,San Francisco,SFB Central Bay,San Francisco South Nearshore,NA,
37.71781539916992,-122.3726806640625,False,-99.0,HUNT_PT,OR-28,Hunters Point,ESP,USA,San Francisco Bay,San Francisco Bay,San Francisco,SFB Central Bay,San Francisco South Nearshore,NA,
37.71833419799805,-122.37223052978516,False,-99.0,HUNT_PT,OR-29,Hunters Point,ESP,USA,San Francisco Bay,San Francisco Bay,San Francisco,SFB Central Bay,San Francisco South Nearshore,NA,
37.73026657104492,-122.36126708984375,False,-99.0,HUNT_PT,PA-38,Hunters Point,EIP,USA,San Francisco Bay,San Francisco Bay,San Francisco,SFB Central Bay,San Francisco South Nearshore,NA,
37.730281829833984,-122.36103057861328,False,-99.0,HUNT_PT,PA-39,Hunters Point,EIP,USA,San Francisco Bay,San Francisco Bay,San Francisco,SFB Central Bay,San Francisco South Nearshore,NA,
37.73059844970703,-122.36105346679688,False,-99.0,HUNT_PT,PA-40,Hunters Point,EIP,USA,San Francisco Bay,San Francisco Bay,San Francisco,SFB Central Bay,San Francisco South Nearshore,NA,
37.73078155517578,-122.3607177734375,False,-99.0,HUNT_PT,PA-41,Hunters Point,ESP,USA,San Francisco Bay,San Francisco Bay,San Francisco,SFB Central Bay,San Francisco South Nearshore,NA,
37.73128128051758,-122.36100006103516,False,-99.0,HUNT_PT,PA-42,Hunters Point,ESP,USA,San Francisco Bay,San Francisco Bay,San Francisco,SFB Central Bay,San Francisco South Nearshore,NA,
37.73134994506836,-122.36036682128906,False,-99.0,HUNT_PT,PA-43,Hunters Point,ESP,USA,San Francisco Bay,San Francisco Bay,San Francisco,SFB Central Bay,San Francisco South Nearshore,NA,
37.730918884277344,-122.35977935791016,False,-99.0,HUNT_PT,PA-44,Hunters Point,ESP,USA,San Francisco Bay,San Francisco Bay,San Francisco,SFB Central Bay,San Francisco South Nearshore,NA,
37.73051834106445,-122.36016845703125,False,-99.0,HUNT_PT,PA-45,Hunters Point,EIP,USA,San Francisco Bay,San Francisco Bay,San Francisco,SFB Central Bay,San Francisco South Nearshore,NA,
37.73059844970703,-122.35928344726562,False,-99.0,HUNT_PT,PA-46,Hunters Point,EIP,USA,San Francisco Bay,San Francisco Bay,San Francisco,SFB Central Bay,San Francisco South Nearshore,NA,
37.73051834106445,-122.3587646484375,False,-99.0,HUNT_PT,PA-47,Hunters Point,EIP,USA,San Francisco Bay,San Francisco Bay,San Francisco,SFB Central Bay,San Francisco South Nearshore,NA,
37.73094940185547,-122.35900115966797,False,-99.0,HUNT_PT,PA-48,Hunters Point,ESP,USA,San Francisco Bay,San Francisco Bay,San Francisco,SFB Central Bay,San Francisco South Nearshore,NA,
37.7314338684082,-122.35948181152344,False,-99.0,HUNT_PT,PA-49,Hunters Point,ESP,USA,San Francisco Bay,San Francisco Bay,San Francisco,SFB Central Bay,San Francisco South Nearshore,NA,
37.73178482055664,-122.3598861694336,False,-99.0,HUNT_PT,PA-50,Hunters Point,ESP,USA,San Francisco Bay,San Francisco Bay,San Francisco,SFB Central Bay,San Francisco South Nearshore,NA,
37.7315673828125,-122.35890197753906,False,-99.0,HUNT_PT,PA-51,Hunters Point,ESP,USA,San Francisco Bay,San Francisco Bay,San Francisco,SFB Central Bay,San Francisco South Nearshore,NA,
37.73109817504883,-122.35838317871094,False,-99.0,HUNT_PT,PA-52,Hunters Point,ESP,USA,San Francisco Bay,San Francisco Bay,San Francisco,SFB Central Bay,San Francisco South Nearshore,NA,
37.73059844970703,-122.3580322265625,False,-99.0,HUNT_PT,PA-53,Hunters Point,ESP,USA,San Francisco Bay,San Francisco Bay,San Francisco,SFB Central Bay,San Francisco South Nearshore,NA,
37.73021697998047,-122.36168670654297,False,-99.0,HUNT_PT,PA-70,Hunters Point,EIP,USA,San Francisco Bay,San Francisco Bay,San Francisco,SFB Central Bay,San Francisco South Nearshore,NA,
37.73040008544922,-122.36163330078125,False,-99.0,HUNT_PT,PA-71,Hunters Point,EIP,USA,San Francisco Bay,San Francisco Bay,San Francisco,SFB Central Bay,San Francisco South Nearshore,NA,
37.73073196411133,-122.3613510131836,False,-99.0,HUNT_PT,PA-72,Hunters Point,EIP,USA,San Francisco Bay,San Francisco Bay,San Francisco,SFB Central Bay,San Francisco South Nearshore,NA,
37.898983001708984,-122.46366882324219,False,-99.0,HUNT_PT,PC-63,Paradise Cove,ESM,USA,San Francisco Bay,San Francisco Bay,Marin,SFB Central Bay,Paradise Cove,NA,
37.916683197021484,-122.43283081054688,False,-99.0,HUNT_PT,RR-65,Red Rock,ESC,USA,San Francisco Bay,San Francisco Bay,Contra Costa,SFB Central Bay,Central Bay North,NA,
37.60011672973633,-122.24028015136719,False,-99.0,HUNT_PT,San Mateo,San Mateo Bridge fish station,ESS,USA,San Francisco Bay,San Francisco Bay,NA,SFB South Bay,San Mateo Bridge,NA,
37.721317291259766,-122.38150024414062,False,-99.0,HUNT_PT,SB-01,Hunters Point,EIP,USA,San Francisco Bay,San Francisco Bay,San Francisco,SFB Central Bay,Yosemite Creek,NA,
37.721248626708984,-122.38075256347656,False,-99.0,HUNT_PT,SB-02,Hunters Point,ESP,USA,San Francisco Bay,San Francisco Bay,San Francisco,SFB Central Bay,San Francisco South Nearshore,NA,
37.72133255004883,-122.37966918945312,False,-99.0,HUNT_PT,SB-03,Hunters Point,ESP,USA,San Francisco Bay,San Francisco Bay,San Francisco,SFB Central Bay,San Francisco South Nearshore,NA,
37.72213363647461,-122.37926483154297,False,-99.0,HUNT_PT,SB-04,Hunters Point,ESP,USA,San Francisco Bay,San Francisco Bay,San Francisco,SFB Central Bay,San Francisco South Nearshore,NA,
37.72214889526367,-122.37828063964844,False,-99.0,HUNT_PT,SB-05,Hunters Point,ESP,USA,San Francisco Bay,San Francisco Bay,San Francisco,SFB Central Bay,San Francisco South Nearshore,NA,
37.722084045410156,-122.37753295898438,False,-99.0,HUNT_PT,SB-06,Hunters Point,ESP,USA,San Francisco Bay,San Francisco Bay,San Francisco,SFB Central Bay,San Francisco South Nearshore,NA,
37.72275161743164,-122.37913513183594,False,-99.0,HUNT_PT,SB-07,Hunters Point,EIP,USA,San Francisco Bay,San Francisco Bay,San Francisco,SFB Central Bay,San Francisco South Nearshore,NA,
37.72271728515625,-122.37833404541016,False,-99.0,HUNT_PT,SB-08,Hunters Point,ESP,USA,San Francisco Bay,San Francisco Bay,San Francisco,SFB Central Bay,San Francisco South Nearshore,NA,
37.723350524902344,-122.37881469726562,False,-99.0,HUNT_PT,SB-09,Hunters Point,EIP,USA,San Francisco Bay,San Francisco Bay,San Francisco,SFB Central Bay,San Francisco South Nearshore,NA,
37.7238655090332,-122.37788391113281,False,-99.0,HUNT_PT,SB-10,Hunters Point,EIP,USA,San Francisco Bay,San Francisco Bay,San Francisco,SFB Central Bay,San Francisco South Nearshore,NA,
37.7234992980957,-122.37744903564453,False,-99.0,HUNT_PT,SB-11,Hunters Point,EIP,USA,San Francisco Bay,San Francisco Bay,San Francisco,SFB Central Bay,San Francisco South Nearshore,NA,
37.72306823730469,-122.37747955322266,False,-99.0,HUNT_PT,SB-12,Hunters Point,ESP,USA,San Francisco Bay,San Francisco Bay,San Francisco,SFB Central Bay,San Francisco South Nearshore,NA,
37.72273254394531,-122.37706756591797,False,-99.0,HUNT_PT,SB-13,Hunters Point,ESP,USA,San Francisco Bay,San Francisco Bay,San Francisco,SFB Central Bay,San Francisco South Nearshore,NA,
37.72273254394531,-122.3772964477539,False,-99.0,HUNT_PT,SB-14,Hunters Point,ESP,USA,San Francisco Bay,San Francisco Bay,San Francisco,SFB Central Bay,San Francisco South Nearshore,NA,
37.722084045410156,-122.37691497802734,False,-99.0,HUNT_PT,SB-15,Hunters Point,ESP,USA,San Francisco Bay,San Francisco Bay,San Francisco,SFB Central Bay,San Francisco South Nearshore,NA,
37.7223014831543,-122.3763198852539,False,-99.0,HUNT_PT,SB-16,Hunters Point,EIP,USA,San Francisco Bay,San Francisco Bay,San Francisco,SFB Central Bay,San Francisco South Nearshore,NA,
37.72154998779297,-122.3761978149414,False,-99.0,HUNT_PT,SB-17,Hunters Point,EIP,USA,San Francisco Bay,San Francisco Bay,San Francisco,SFB Central Bay,San Francisco South Nearshore,NA,
37.723934173583984,-122.37713623046875,False,-99.0,HUNT_PT,SB-18,Hunters Point,EIP,USA,San Francisco Bay,San Francisco Bay,San Francisco,SFB Central Bay,San Francisco South Nearshore,NA,
37.72366714477539,-122.37681579589844,False,-99.0,HUNT_PT,SB-19,Hunters Point,EIP,USA,San Francisco Bay,San Francisco Bay,San Francisco,SFB Central Bay,San Francisco South Nearshore,NA,
37.723365783691406,-122.37702941894531,False,-99.0,HUNT_PT,SB-20,Hunters Point,EIP,USA,San Francisco Bay,San Francisco Bay,San Francisco,SFB Central Bay,San Francisco South Nearshore,NA,
37.72321701049805,-122.37660217285156,False,-99.0,HUNT_PT,SB-21,Hunters Point,EIP,USA,San Francisco Bay,San Francisco Bay,San Francisco,SFB Central Bay,San Francisco South Nearshore,NA,
37.72294998168945,-122.3765640258789,False,-99.0,HUNT_PT,SB-22,Hunters Point,EIP,USA,San Francisco Bay,San Francisco Bay,San Francisco,SFB Central Bay,San Francisco South Nearshore,NA,
37.722801208496094,-122.37628173828125,False,-99.0,HUNT_PT,SB-23,Hunters Point,EIP,USA,San Francisco Bay,San Francisco Bay,San Francisco,SFB Central Bay,San Francisco South Nearshore,NA,
37.8065185546875,-122.39524841308594,False,-99.0,HUNT_PT,SFP7REF,San Francisco Pier 7 reference fish station,ESP,USA,San Francisco Bay,San Francisco Bay,San Francisco,SFB Central Bay,San Francisco North Nearshore,PSF,
-99.0,-99.0,False,-99.0,HUNT_PT,VARIOUS,Fish trawls from multiple locations,ESU,NA,NA,NA,NA,NA,NA,NA,
37.8768196105957,-122.5042724609375,True,-99.0,KAPPAS,A,Kappas Marina,ESM,USA,San Francisco Bay,San Francisco Bay,Marin,SFB Central Bay,Richardson Bay,NA,
37.876121520996094,-122.50482177734375,True,-99.0,KAPPAS,B,Kappas Marina,ESM,USA,San Francisco Bay,San Francisco Bay,Marin,SFB Central Bay,Richardson Bay,NA,
0.0,0.0,False,-99.0,KAPPAS,Control,Northern SF Bay Control,CNG,USA,San Francisco Bay,San Francisco Bay,San Francisco,NA,NA,NA,
-99.0,-99.0,False,-99.0,KAPPAS,Reference,Alcatraz Reference - Environs,ESU,USA,San Francisco Bay,San Francisco Bay,San Francisco,SFB Central Bay,Alcatraz,NA,
33.74680709838867,-118.2372817993164,False,-99.0,LBNAVY,D056,NA,ESP,USA,Los Angeles,Dominguez Watershed,Los Angeles,San Pedro Bay,Long Beach Harbor,POLB,
33.744136810302734,-118.23063659667969,False,-99.0,LBNAVY,D061,NA,ESP,USA,Los Angeles,Dominguez Watershed,Los Angeles,San Pedro Bay,Long Beach Harbor,POLB,
33.74419403076172,-118.23941802978516,False,-99.0,LBNAVY,D571,NA,ESP,USA,Los Angeles,Dominguez Watershed,Los Angeles,San Pedro Bay,Long Beach Harbor,POLB,
33.74419403076172,-118.23941802978516,False,-99.0,LBNAVY,D572,NA,ESP,USA,Los Angeles,Dominguez Watershed,Los Angeles,San Pedro Bay,Long Beach Harbor,POLB,
33.74419403076172,-118.23941802978516,False,-99.0,LBNAVY,D573,NA,ESP,USA,Los Angeles,Dominguez Watershed,Los Angeles,San Pedro Bay,Long Beach Harbor,POLB,
33.74419403076172,-118.23941802978516,False,-99.0,LBNAVY,D574,NA,ESP,USA,Los Angeles,Dominguez Watershed,Los Angeles,San Pedro Bay,Long Beach Harbor,POLB,
33.743751525878906,-118.24041748046875,False,-99.0,LBNAVY,S004,NA,ESP,USA,Los Angeles,Dominguez Watershed,Los Angeles,San Pedro Bay,Long Beach Harbor,POLB,
33.745750427246094,-118.24016571044922,False,-99.0,LBNAVY,S008,NA,ESP,USA,Los Angeles,Dominguez Watershed,Los Angeles,San Pedro Bay,Long Beach Harbor,POLB,
33.744747161865234,-118.23583221435547,False,-99.0,LBNAVY,S009,NA,ESP,USA,Los Angeles,Dominguez Watershed,Los Angeles,San Pedro Bay,Long Beach Harbor,POLB,
33.743221282958984,-118.22911071777344,False,-99.0,LBNAVY,S016,NA,ESP,USA,Los Angeles,Dominguez Watershed,Los Angeles,San Pedro Bay,Long Beach Harbor,POLB,
33.755470275878906,-118.22553253173828,False,-99.0,LBNAVY,S027,NA,ESP,USA,Los Angeles,Dominguez Watershed,Los Angeles,San Pedro Bay,Long Beach Harbor,POLB,
33.746665954589844,-118.21702575683594,False,-99.0,LBNAVY,S033,NA,ESP,USA,Los Angeles,Dominguez Watershed,Los Angeles,San Pedro Bay,Long Beach Harbor,POLB,
33.74235916137695,-118.23072052001953,False,-99.0,LBNAVY,S041,NA,ESP,USA,Los Angeles,Dominguez Watershed,Los Angeles,San Pedro Bay,Long Beach Harbor,POLB,
33.75608444213867,-118.22563934326172,False,-99.0,LBNAVY,S053,NA,ESP,USA,Los Angeles,Dominguez Watershed,Los Angeles,San Pedro Bay,Long Beach Harbor,POLB,
33.75447082519531,-118.22508239746094,False,-99.0,LBNAVY,S054,NA,ESP,USA,Los Angeles,Dominguez Watershed,Los Angeles,San Pedro Bay,Long Beach Harbor,POLB,
33.74744415283203,-118.24102783203125,False,-99.0,LBNAVY,S055,NA,ESP,USA,Los Angeles,Dominguez Watershed,Los Angeles,San Pedro Bay,Long Beach Harbor,POLB,
33.74680709838867,-118.2372817993164,False,-99.0,LBNAVY,S056,NA,ESP,USA,Los Angeles,Dominguez Watershed,Los Angeles,San Pedro Bay,Long Beach Harbor,POLB,
33.74419403076172,-118.23941802978516,False,-99.0,LBNAVY,S057,NA,ESP,USA,Los Angeles,Dominguez Watershed,Los Angeles,San Pedro Bay,Long Beach Harbor,POLB,
33.74327850341797,-118.23699951171875,False,-99.0,LBNAVY,S058,NA,ESP,USA,Los Angeles,Dominguez Watershed,Los Angeles,San Pedro Bay,Long Beach Harbor,POLB,
33.74422073364258,-118.2342758178711,False,-99.0,LBNAVY,S059,NA,ESP,USA,Los Angeles,Dominguez Watershed,Los Angeles,San Pedro Bay,Long Beach Harbor,POLB,
33.74297332763672,-118.23080444335938,False,-99.0,LBNAVY,S060,NA,ESP,USA,Los Angeles,Dominguez Watershed,Los Angeles,San Pedro Bay,Long Beach Harbor,POLB,
33.744136810302734,-118.23063659667969,False,-99.0,LBNAVY,S061,NA,ESP,USA,Los Angeles,Dominguez Watershed,Los Angeles,San Pedro Bay,Long Beach Harbor,POLB,
33.744361877441406,-118.22822570800781,False,-99.0,LBNAVY,S062,NA,ESP,USA,Los Angeles,Dominguez Watershed,Los Angeles,San Pedro Bay,Long Beach Harbor,POLB,
33.75608444213867,-118.22563934326172,False,-99.0,LBNAVY,V531,NA,ESP,USA,Los Angeles,Dominguez Watershed,Los Angeles,San Pedro Bay,Long Beach Harbor,POLB,
33.75608444213867,-118.22563934326172,False,-99.0,LBNAVY,V532,NA,ESP,USA,Los Angeles,Dominguez Watershed,Los Angeles,San Pedro Bay,Long Beach Harbor,POLB,
33.75608444213867,-118.22563934326172,False,-99.0,LBNAVY,V533,NA,ESP,USA,Los Angeles,Dominguez Watershed,Los Angeles,San Pedro Bay,Long Beach Harbor,POLB,
33.75608444213867,-118.22563934326172,False,-99.0,LBNAVY,V534,NA,ESP,USA,Los Angeles,Dominguez Watershed,Los Angeles,San Pedro Bay,Long Beach Harbor,POLB,
33.75608444213867,-118.22563934326172,False,-99.0,LBNAVY,V535,NA,ESP,USA,Los Angeles,Dominguez Watershed,Los Angeles,San Pedro Bay,Long Beach Harbor,POLB,
33.75447082519531,-118.22508239746094,False,-99.0,LBNAVY,V541,NA,ESP,USA,Los Angeles,Dominguez Watershed,Los Angeles,San Pedro Bay,Long Beach Harbor,POLB,
33.75447082519531,-118.22508239746094,False,-99.0,LBNAVY,V542,NA,ESP,USA,Los Angeles,Dominguez Watershed,Los Angeles,San Pedro Bay,Long Beach Harbor,POLB,
33.75447082519531,-118.22508239746094,False,-99.0,LBNAVY,V543,NA,ESP,USA,Los Angeles,Dominguez Watershed,Los Angeles,San Pedro Bay,Long Beach Harbor,POLB,
33.75447082519531,-118.22508239746094,False,-99.0,LBNAVY,V544,NA,ESP,USA,Los Angeles,Dominguez Watershed,Los Angeles,San Pedro Bay,Long Beach Harbor,POLB,
33.75447082519531,-118.22508239746094,False,-99.0,LBNAVY,V545,NA,ESP,USA,Los Angeles,Dominguez Watershed,Los Angeles,San Pedro Bay,Long Beach Harbor,POLB,
33.74680709838867,-118.2372817993164,False,-99.0,LBNAVY,V561,NA,ESP,USA,Los Angeles,Dominguez Watershed,Los Angeles,San Pedro Bay,Long Beach Harbor,POLB,
33.74680709838867,-118.2372817993164,False,-99.0,LBNAVY,V562,NA,ESP,USA,Los Angeles,Dominguez Watershed,Los Angeles,San Pedro Bay,Long Beach Harbor,POLB,
33.74680709838867,-118.2372817993164,False,-99.0,LBNAVY,V563,NA,ESP,USA,Los Angeles,Dominguez Watershed,Los Angeles,San Pedro Bay,Long Beach Harbor,POLB,
33.74680709838867,-118.2372817993164,False,-99.0,LBNAVY,V564,NA,ESP,USA,Los Angeles,Dominguez Watershed,Los Angeles,San Pedro Bay,Long Beach Harbor,POLB,
33.74680709838867,-118.2372817993164,False,-99.0,LBNAVY,V565,NA,ESP,USA,Los Angeles,Dominguez Watershed,Los Angeles,San Pedro Bay,Long Beach Harbor,POLB,
33.74419403076172,-118.23941802978516,False,-99.0,LBNAVY,V571,NA,ESP,USA,Los Angeles,Dominguez Watershed,Los Angeles,San Pedro Bay,Long Beach Harbor,POLB,
33.74419403076172,-118.23941802978516,False,-99.0,LBNAVY,V572,NA,ESP,USA,Los Angeles,Dominguez Watershed,Los Angeles,San Pedro Bay,Long Beach Harbor,POLB,
33.74419403076172,-118.23941802978516,False,-99.0,LBNAVY,V573,NA,ESP,USA,Los Angeles,Dominguez Watershed,Los Angeles,San Pedro Bay,Long Beach Harbor,POLB,
33.74419403076172,-118.23941802978516,False,-99.0,LBNAVY,V574,NA,ESP,USA,Los Angeles,Dominguez Watershed,Los Angeles,San Pedro Bay,Long Beach Harbor,POLB,
33.74419403076172,-118.23941802978516,False,-99.0,LBNAVY,V575,NA,ESP,USA,Los Angeles,Dominguez Watershed,Los Angeles,San Pedro Bay,Long Beach Harbor,POLB,
33.74422073364258,-118.2342758178711,False,-99.0,LBNAVY,V591,NA,ESP,USA,Los Angeles,Dominguez Watershed,Los Angeles,San Pedro Bay,Long Beach Harbor,POLB,
33.74422073364258,-118.2342758178711,False,-99.0,LBNAVY,V592,NA,ESP,USA,Los Angeles,Dominguez Watershed,Los Angeles,San Pedro Bay,Long Beach Harbor,POLB,
33.74422073364258,-118.2342758178711,False,-99.0,LBNAVY,V593,NA,ESP,USA,Los Angeles,Dominguez Watershed,Los Angeles,San Pedro Bay,Long Beach Harbor,POLB,
33.74422073364258,-118.2342758178711,False,-99.0,LBNAVY,V594,NA,ESP,USA,Los Angeles,Dominguez Watershed,Los Angeles,San Pedro Bay,Long Beach Harbor,POLB,
33.74422073364258,-118.2342758178711,False,-99.0,LBNAVY,V595,NA,ESP,USA,Los Angeles,Dominguez Watershed,Los Angeles,San Pedro Bay,Long Beach Harbor,POLB,
33.74297332763672,-118.23080444335938,False,-99.0,LBNAVY,V601,NA,ESP,USA,Los Angeles,Dominguez Watershed,Los Angeles,San Pedro Bay,Long Beach Harbor,POLB,
33.74297332763672,-118.23080444335938,False,-99.0,LBNAVY,V602,NA,ESP,USA,Los Angeles,Dominguez Watershed,Los Angeles,San Pedro Bay,Long Beach Harbor,POLB,
33.74297332763672,-118.23080444335938,False,-99.0,LBNAVY,V603,NA,ESP,USA,Los Angeles,Dominguez Watershed,Los Angeles,San Pedro Bay,Long Beach Harbor,POLB,
33.74297332763672,-118.23080444335938,False,-99.0,LBNAVY,V604,NA,ESP,USA,Los Angeles,Dominguez Watershed,Los Angeles,San Pedro Bay,Long Beach Harbor,POLB,
33.74297332763672,-118.23080444335938,False,-99.0,LBNAVY,V605,NA,ESP,USA,Los Angeles,Dominguez Watershed,Los Angeles,San Pedro Bay,Long Beach Harbor,POLB,
33.74297332763672,-118.23080444335938,False,-99.0,LBNAVY,V606,NA,ESP,USA,Los Angeles,Dominguez Watershed,Los Angeles,San Pedro Bay,Long Beach Harbor,POLB,
33.744136810302734,-118.23063659667969,False,-99.0,LBNAVY,V611,NA,ESP,USA,Los Angeles,Dominguez Watershed,Los Angeles,San Pedro Bay,Long Beach Harbor,POLB,
33.744136810302734,-118.23063659667969,False,-99.0,LBNAVY,V612,NA,ESP,USA,Los Angeles,Dominguez Watershed,Los Angeles,San Pedro Bay,Long Beach Harbor,POLB,
33.744136810302734,-118.23063659667969,False,-99.0,LBNAVY,V613,NA,ESP,USA,Los Angeles,Dominguez Watershed,Los Angeles,San Pedro Bay,Long Beach Harbor,POLB,
33.744136810302734,-118.23063659667969,False,-99.0,LBNAVY,V614,NA,ESP,USA,Los Angeles,Dominguez Watershed,Los Angeles,San Pedro Bay,Long Beach Harbor,POLB,
33.744136810302734,-118.23063659667969,False,-99.0,LBNAVY,V615,NA,ESP,USA,Los Angeles,Dominguez Watershed,Los Angeles,San Pedro Bay,Long Beach Harbor,POLB,
38.04249954223633,-122.0999984741211,False,-99.0,LEMP,CCCSD04,Central Contra Costa Sanitation District Site 4,EID,USA,San Francisco Bay,San Francisco Bay,Contra Costa,SFB Suisun Bay,Pacheco Creek,NA,
38.04233169555664,-122.09317016601562,False,-99.0,LEMP,CCCSD05,Central Contra Costa Sanitation District Site 5,EID,USA,San Francisco Bay,San Francisco Bay,Contra Costa,SFB Suisun Bay,Pacheco Creek,NA,
38.042667388916016,-122.09300231933594,False,-99.0,LEMP,CCCSD06,Central Contra Costa Sanitation District Site 6,EID,USA,San Francisco Bay,San Francisco Bay,Contra Costa,SFB Suisun Bay,Pacheco Creek,NA,
37.733333587646484,-122.37100219726562,False,-99.0,LEMP,CCSF04,Hunters Point,EID,USA,San Francisco Bay,San Francisco Bay,San Francisco,SFB Central Bay,San Francisco South Nearshore,NA,
37.743167877197266,-122.37100219726562,False,-99.0,LEMP,CCSF05,City and County of San Francisco Site 5,EID,USA,San Francisco Bay,San Francisco Bay,San Francisco,SFB Central Bay,Central Bay Nearshore,NA,
37.74300003051758,-122.37100219726562,False,-99.0,LEMP,CCSF06,City and County of San Francisco Site 6,EID,USA,San Francisco Bay,San Francisco Bay,San Francisco,SFB Central Bay,Central Bay Nearshore,NA,
37.81800079345703,-122.33983612060547,False,-99.0,LEMP,EBMUD04,East Bay Municipal Utility District Site 4,ESD,USA,San Francisco Bay,San Francisco Bay,San Francisco,SFB Central Bay,Central Bay North,NA,
37.817832946777344,-122.33966827392578,False,-99.0,LEMP,EBMUD05,East Bay Municipal Utility District Site 5,ESD,USA,San Francisco Bay,San Francisco Bay,San Francisco,SFB Central Bay,Central Bay North,NA,
37.81800079345703,-122.3395004272461,False,-99.0,LEMP,EBMUD06,East Bay Municipal Utility District Site 6,ESD,USA,San Francisco Bay,San Francisco Bay,San Francisco,SFB Central Bay,Central Bay North,NA,
37.96916961669922,-122.48365020751953,True,-99.0,LOCHLOM,A,San Rafael Lochlomond Yacht Harbor,ESM,USA,San Francisco Bay,San Francisco Bay,Marin,San Rafael Bay,San Rafael Bay,NA,
37.97201919555664,-122.48381805419922,True,-99.0,LOCHLOM,B,San Rafael Lochlomond Yacht Harbor,EIM,USA,San Francisco Bay,San Francisco Bay,Marin,San Rafael Bay,San Rafael Bay,NA,
37.97208023071289,-122.4830322265625,True,-99.0,LOCHLOM,C,San Rafael Lochlomond Yacht Harbor,EIM,USA,San Francisco Bay,San Francisco Bay,Marin,San Rafael Bay,San Rafael Bay,NA,
0.0,0.0,False,-99.0,LOCHLOM,Control,Bioassay Negative Control,CNG,NA,NA,NA,NA,NA,NA,NA,
37.972049713134766,-122.4820327758789,True,-99.0,LOCHLOM,D,San Rafael Lochlomond Yacht Harbor,EIM,USA,San Francisco Bay,San Francisco Bay,Marin,San Rafael Bay,San Rafael Bay,NA,
37.972049713134766,-122.48103332519531,True,-99.0,LOCHLOM,E,San Rafael Lochlomond Yacht Harbor,EIM,USA,San Francisco Bay,San Francisco Bay,Marin,San Rafael Bay,San Rafael Bay,NA,
37.972801208496094,-122.48052215576172,True,-99.0,LOCHLOM,F,San Rafael Lochlomond Yacht Harbor,EIM,USA,San Francisco Bay,San Francisco Bay,Marin,San Rafael Bay,San Rafael Bay,NA,
37.972198486328125,-122.47831726074219,True,-99.0,LOCHLOM,G,San Rafael Lochlomond Yacht Harbor,EIM,USA,San Francisco Bay,San Francisco Bay,Marin,San Rafael Bay,San Rafael Bay,NA,
38.007930755615234,-122.4156494140625,False,-99.0,LOCHLOM,SPRef,San Pablo Disposal Site Reference - SF-10,ESU,USA,San Francisco Bay,San Francisco Bay,NA,SFB San Pablo Bay,San Pablo Bay,NA,
38.02690124511719,-122.13803100585938,True,-99.0,MARTINEZ,A,NA,ESM,USA,San Francisco Bay,San Francisco Bay,Contra Costa,SFB Carquinez Strait,Martinez,NA,
38.02724838256836,-122.1388168334961,True,-99.0,MARTINEZ,B,NA,ESM,USA,San Francisco Bay,San Francisco Bay,Contra Costa,SFB Carquinez Strait,Martinez,NA,
38.02743148803711,-122.137451171875,True,-99.0,MARTINEZ,C,NA,ESM,USA,San Francisco Bay,San Francisco Bay,Contra Costa,SFB Carquinez Strait,Martinez,NA,
0.0,0.0,False,-99.0,MARTINEZ,Control,Bioassay Negative Control,CNG,NA,NA,NA,NA,NA,NA,NA,
33.959598541259766,-118.46041107177734,False,-99.0,MDR_91,1,NA,ESM,USA,Los Angeles,Santa Monica Bay,Los Angeles,Marina del Rey,Marina Del Rey,NA,
33.982826232910156,-118.45210266113281,False,-99.0,MDR_91,10,NA,ESM,USA,Los Angeles,Santa Monica Bay,Los Angeles,Marina del Rey,Marina Del Rey,NA,
33.98298263549805,-118.44811248779297,False,-99.0,MDR_91,11,NA,ESM,USA,Los Angeles,Santa Monica Bay,Los Angeles,Marina del Rey,Marina Del Rey,NA,
33.96149444580078,-118.45684814453125,False,-99.0,MDR_91,12,NA,ESR,USA,Los Angeles,Santa Monica Bay,Los Angeles,Ballona Creek,Ballona Creek,NA,
33.984920501708984,-118.45652770996094,False,-99.0,MDR_91,13,Oxford Basin,FAA,USA,Los Angeles,Santa Monica Bay,Los Angeles,Marina del Rey,Oxford Basin,NA,
33.96155548095703,-118.4608383178711,False,-99.0,MDR_91,2,NA,ESM,USA,Los Angeles,Santa Monica Bay,Los Angeles,Marina del Rey,Marina Del Rey,NA,
33.98590087890625,-118.45503997802734,False,-99.0,MDR_91,22,Oxford Basin,FAA,USA,Los Angeles,Santa Monica Bay,Los Angeles,Marina del Rey,Oxford Basin,NA,
33.97147750854492,-118.44758605957031,False,-99.0,MDR_91,25,NA,ESM,USA,Los Angeles,Santa Monica Bay,Los Angeles,Marina del Rey,Marina Del Rey,NA,
33.96371078491211,-118.45845031738281,False,-99.0,MDR_91,3,NA,ESM,USA,Los Angeles,Santa Monica Bay,Los Angeles,Marina del Rey,Marina Del Rey,NA,
33.969242095947266,-118.4474868774414,False,-99.0,MDR_91,4,NA,ESM,USA,Los Angeles,Santa Monica Bay,Los Angeles,Marina del Rey,Marina Del Rey,NA,
33.97572326660156,-118.44824981689453,False,-99.0,MDR_91,5,NA,ESM,USA,Los Angeles,Santa Monica Bay,Los Angeles,Marina del Rey,Marina Del Rey,NA,
33.97503662109375,-118.45504760742188,False,-99.0,MDR_91,6,NA,ESM,USA,Los Angeles,Santa Monica Bay,Los Angeles,Marina del Rey,Marina Del Rey,NA,
33.977210998535156,-118.44251251220703,False,-99.0,MDR_91,7,NA,ESM,USA,Los Angeles,Santa Monica Bay,Los Angeles,Marina del Rey,Marina Del Rey,NA,
33.98024368286133,-118.45343017578125,False,-99.0,MDR_91,8,NA,ESM,USA,Los Angeles,Santa Monica Bay,Los Angeles,Marina del Rey,Marina Del Rey,NA,
33.981876373291016,-118.44474792480469,False,-99.0,MDR_91,9,NA,ESM,USA,Los Angeles,Santa Monica Bay,Los Angeles,Marina del Rey,Marina Del Rey,NA,
33.959598541259766,-118.46041107177734,False,-99.0,MDR_92,1,NA,ESM,USA,Los Angeles,Santa Monica Bay,Los Angeles,Marina del Rey,Marina Del Rey,NA,
33.982826232910156,-118.45210266113281,False,-99.0,MDR_92,10,NA,ESM,USA,Los Angeles,Santa Monica Bay,Los Angeles,Marina del Rey,Marina Del Rey,NA,
33.98298263549805,-118.44811248779297,False,-99.0,MDR_92,11,NA,ESM,USA,Los Angeles,Santa Monica Bay,Los Angeles,Marina del Rey,Marina Del Rey,NA,
33.96149444580078,-118.45684814453125,False,-99.0,MDR_92,12,NA,ESR,USA,Los Angeles,Santa Monica Bay,Los Angeles,Ballona Creek,Ballona Creek,NA,
33.984920501708984,-118.45652770996094,False,-99.0,MDR_92,13,Oxford Basin,FAA,USA,Los Angeles,Santa Monica Bay,Los Angeles,Marina del Rey,Oxford Basin,NA,
33.96155548095703,-118.4608383178711,False,-99.0,MDR_92,2,NA,ESM,USA,Los Angeles,Santa Monica Bay,Los Angeles,Marina del Rey,Marina Del Rey,NA,
33.98590087890625,-118.45503997802734,False,-99.0,MDR_92,22,Oxford Basin,FAA,USA,Los Angeles,Santa Monica Bay,Los Angeles,Marina del Rey,Oxford Basin,NA,
33.97147750854492,-118.44758605957031,False,-99.0,MDR_92,25,NA,ESM,USA,Los Angeles,Santa Monica Bay,Los Angeles,Marina del Rey,Marina Del Rey,NA,
33.96371078491211,-118.45845031738281,False,-99.0,MDR_92,3,NA,ESM,USA,Los Angeles,Santa Monica Bay,Los Angeles,Marina del Rey,Marina Del Rey,NA,
33.969242095947266,-118.4474868774414,False,-99.0,MDR_92,4,NA,ESM,USA,Los Angeles,Santa Monica Bay,Los Angeles,Marina del Rey,Marina Del Rey,NA,
33.97572326660156,-118.44824981689453,False,-99.0,MDR_92,5,NA,ESM,USA,Los Angeles,Santa Monica Bay,Los Angeles,Marina del Rey,Marina Del Rey,NA,
33.97503662109375,-118.45504760742188,False,-99.0,MDR_92,6,NA,ESM,USA,Los Angeles,Santa Monica Bay,Los Angeles,Marina del Rey,Marina Del Rey,NA,
33.977210998535156,-118.44251251220703,False,-99.0,MDR_92,7,NA,ESM,USA,Los Angeles,Santa Monica Bay,Los Angeles,Marina del Rey,Marina Del Rey,NA,
33.98024368286133,-118.45343017578125,False,-99.0,MDR_92,8,NA,ESM,USA,Los Angeles,Santa Monica Bay,Los Angeles,Marina del Rey,Marina Del Rey,NA,
33.981876373291016,-118.44474792480469,False,-99.0,MDR_92,9,NA,ESM,USA,Los Angeles,Santa Monica Bay,Los Angeles,Marina del Rey,Marina Del Rey,NA,
33.959598541259766,-118.46041107177734,False,-99.0,MDR_93,1,NA,ESM,USA,Los Angeles,Santa Monica Bay,Los Angeles,Marina del Rey,Marina Del Rey,NA,
33.982826232910156,-118.45210266113281,False,-99.0,MDR_93,10,NA,ESM,USA,Los Angeles,Santa Monica Bay,Los Angeles,Marina del Rey,Marina Del Rey,NA,
33.98298263549805,-118.44811248779297,False,-99.0,MDR_93,11,NA,ESM,USA,Los Angeles,Santa Monica Bay,Los Angeles,Marina del Rey,Marina Del Rey,NA,
33.96149444580078,-118.45684814453125,False,-99.0,MDR_93,12,NA,ESR,USA,Los Angeles,Santa Monica Bay,Los Angeles,Ballona Creek,Ballona Creek,NA,
33.984920501708984,-118.45652770996094,False,-99.0,MDR_93,13,Oxford Basin,FAA,USA,Los Angeles,Santa Monica Bay,Los Angeles,Marina del Rey,Oxford Basin,NA,
33.96155548095703,-118.4608383178711,False,-99.0,MDR_93,2,NA,ESM,USA,Los Angeles,Santa Monica Bay,Los Angeles,Marina del Rey,Marina Del Rey,NA,
33.98590087890625,-118.45503997802734,False,-99.0,MDR_93,22,Oxford Basin,FAA,USA,Los Angeles,Santa Monica Bay,Los Angeles,Marina del Rey,Oxford Basin,NA,
33.97147750854492,-118.44758605957031,False,-99.0,MDR_93,25,NA,ESM,USA,Los Angeles,Santa Monica Bay,Los Angeles,Marina del Rey,Marina Del Rey,NA,
33.96371078491211,-118.45845031738281,False,-99.0,MDR_93,3,NA,ESM,USA,Los Angeles,Santa Monica Bay,Los Angeles,Marina del Rey,Marina Del Rey,NA,
33.969242095947266,-118.4474868774414,False,-99.0,MDR_93,4,NA,ESM,USA,Los Angeles,Santa Monica Bay,Los Angeles,Marina del Rey,Marina Del Rey,NA,
33.97572326660156,-118.44824981689453,False,-99.0,MDR_93,5,NA,ESM,USA,Los Angeles,Santa Monica Bay,Los Angeles,Marina del Rey,Marina Del Rey,NA,
33.97503662109375,-118.45504760742188,False,-99.0,MDR_93,6,NA,ESM,USA,Los Angeles,Santa Monica Bay,Los Angeles,Marina del Rey,Marina Del Rey,NA,
33.977210998535156,-118.44251251220703,False,-99.0,MDR_93,7,NA,ESM,USA,Los Angeles,Santa Monica Bay,Los Angeles,Marina del Rey,Marina Del Rey,NA,
33.98024368286133,-118.45343017578125,False,-99.0,MDR_93,8,NA,ESM,USA,Los Angeles,Santa Monica Bay,Los Angeles,Marina del Rey,Marina Del Rey,NA,
33.981876373291016,-118.44474792480469,False,-99.0,MDR_93,9,NA,ESM,USA,Los Angeles,Santa Monica Bay,Los Angeles,Marina del Rey,Marina Del Rey,NA,
33.959598541259766,-118.46041107177734,False,-99.0,MDR_94,1,NA,ESM,USA,Los Angeles,Santa Monica Bay,Los Angeles,Marina del Rey,Marina Del Rey,NA,
33.982826232910156,-118.45210266113281,False,-99.0,MDR_94,10,NA,ESM,USA,Los Angeles,Santa Monica Bay,Los Angeles,Marina del Rey,Marina Del Rey,NA,
33.98298263549805,-118.44811248779297,False,-99.0,MDR_94,11,NA,ESM,USA,Los Angeles,Santa Monica Bay,Los Angeles,Marina del Rey,Marina Del Rey,NA,
33.96149444580078,-118.45684814453125,False,-99.0,MDR_94,12,NA,ESR,USA,Los Angeles,Santa Monica Bay,Los Angeles,Ballona Creek,Ballona Creek,NA,
33.984920501708984,-118.45652770996094,False,-99.0,MDR_94,13,Oxford Basin,FAA,USA,Los Angeles,Santa Monica Bay,Los Angeles,Marina del Rey,Oxford Basin,NA,
33.96155548095703,-118.4608383178711,False,-99.0,MDR_94,2,NA,ESM,USA,Los Angeles,Santa Monica Bay,Los Angeles,Marina del Rey,Marina Del Rey,NA,
33.98590087890625,-118.45503997802734,False,-99.0,MDR_94,22,Oxford Basin,FAA,USA,Los Angeles,Santa Monica Bay,Los Angeles,Marina del Rey,Oxford Basin,NA,
33.97147750854492,-118.44758605957031,False,-99.0,MDR_94,25,NA,ESM,USA,Los Angeles,Santa Monica Bay,Los Angeles,Marina del Rey,Marina Del Rey,NA,
33.96371078491211,-118.45845031738281,False,-99.0,MDR_94,3,NA,ESM,USA,Los Angeles,Santa Monica Bay,Los Angeles,Marina del Rey,Marina Del Rey,NA,
33.969242095947266,-118.4474868774414,False,-99.0,MDR_94,4,NA,ESM,USA,Los Angeles,Santa Monica Bay,Los Angeles,Marina del Rey,Marina Del Rey,NA,
33.97572326660156,-118.44824981689453,False,-99.0,MDR_94,5,NA,ESM,USA,Los Angeles,Santa Monica Bay,Los Angeles,Marina del Rey,Marina Del Rey,NA,
33.97503662109375,-118.45504760742188,False,-99.0,MDR_94,6,NA,ESM,USA,Los Angeles,Santa Monica Bay,Los Angeles,Marina del Rey,Marina Del Rey,NA,
33.977210998535156,-118.44251251220703,False,-99.0,MDR_94,7,NA,ESM,USA,Los Angeles,Santa Monica Bay,Los Angeles,Marina del Rey,Marina Del Rey,NA,
33.98024368286133,-118.45343017578125,False,-99.0,MDR_94,8,NA,ESM,USA,Los Angeles,Santa Monica Bay,Los Angeles,Marina del Rey,Marina Del Rey,NA,
33.981876373291016,-118.44474792480469,False,-99.0,MDR_94,9,NA,ESM,USA,Los Angeles,Santa Monica Bay,Los Angeles,Marina del Rey,Marina Del Rey,NA,
33.959598541259766,-118.46041107177734,False,-99.0,MDR_95,1,NA,ESM,USA,Los Angeles,Santa Monica Bay,Los Angeles,Marina del Rey,Marina Del Rey,NA,
33.982826232910156,-118.45210266113281,False,-99.0,MDR_95,10,NA,ESM,USA,Los Angeles,Santa Monica Bay,Los Angeles,Marina del Rey,Marina Del Rey,NA,
33.98298263549805,-118.44811248779297,False,-99.0,MDR_95,11,NA,ESM,USA,Los Angeles,Santa Monica Bay,Los Angeles,Marina del Rey,Marina Del Rey,NA,
33.96149444580078,-118.45684814453125,False,-99.0,MDR_95,12,NA,ESR,USA,Los Angeles,Santa Monica Bay,Los Angeles,Ballona Creek,Ballona Creek,NA,
33.984920501708984,-118.45652770996094,False,-99.0,MDR_95,13,Oxford Basin,FAA,USA,Los Angeles,Santa Monica Bay,Los Angeles,Marina del Rey,Oxford Basin,NA,
33.96155548095703,-118.4608383178711,False,-99.0,MDR_95,2,NA,ESM,USA,Los Angeles,Santa Monica Bay,Los Angeles,Marina del Rey,Marina Del Rey,NA,
33.98590087890625,-118.45503997802734,False,-99.0,MDR_95,22,Oxford Basin,FAA,USA,Los Angeles,Santa Monica Bay,Los Angeles,Marina del Rey,Oxford Basin,NA,
33.97147750854492,-118.44758605957031,False,-99.0,MDR_95,25,NA,ESM,USA,Los Angeles,Santa Monica Bay,Los Angeles,Marina del Rey,Marina Del Rey,NA,
33.96371078491211,-118.45845031738281,False,-99.0,MDR_95,3,NA,ESM,USA,Los Angeles,Santa Monica Bay,Los Angeles,Marina del Rey,Marina Del Rey,NA,
33.969242095947266,-118.4474868774414,False,-99.0,MDR_95,4,NA,ESM,USA,Los Angeles,Santa Monica Bay,Los Angeles,Marina del Rey,Marina Del Rey,NA,
33.97572326660156,-118.44824981689453,False,-99.0,MDR_95,5,NA,ESM,USA,Los Angeles,Santa Monica Bay,Los Angeles,Marina del Rey,Marina Del Rey,NA,
33.97503662109375,-118.45504760742188,False,-99.0,MDR_95,6,NA,ESM,USA,Los Angeles,Santa Monica Bay,Los Angeles,Marina del Rey,Marina Del Rey,NA,
33.977210998535156,-118.44251251220703,False,-99.0,MDR_95,7,NA,ESM,USA,Los Angeles,Santa Monica Bay,Los Angeles,Marina del Rey,Marina Del Rey,NA,
33.98024368286133,-118.45343017578125,False,-99.0,MDR_95,8,NA,ESM,USA,Los Angeles,Santa Monica Bay,Los Angeles,Marina del Rey,Marina Del Rey,NA,
33.981876373291016,-118.44474792480469,False,-99.0,MDR_95,9,NA,ESM,USA,Los Angeles,Santa Monica Bay,Los Angeles,Marina del Rey,Marina Del Rey,NA,
33.959598541259766,-118.46041107177734,False,-99.0,MDR_96,1,NA,ESM,USA,Los Angeles,Santa Monica Bay,Los Angeles,Marina del Rey,Marina Del Rey,NA,
33.982826232910156,-118.45210266113281,False,-99.0,MDR_96,10,NA,ESM,USA,Los Angeles,Santa Monica Bay,Los Angeles,Marina del Rey,Marina Del Rey,NA,
33.98298263549805,-118.44811248779297,False,-99.0,MDR_96,11,NA,ESM,USA,Los Angeles,Santa Monica Bay,Los Angeles,Marina del Rey,Marina Del Rey,NA,
33.96149444580078,-118.45684814453125,False,-99.0,MDR_96,12,NA,ESR,USA,Los Angeles,Santa Monica Bay,Los Angeles,Ballona Creek,Ballona Creek,NA,
33.984920501708984,-118.45652770996094,False,-99.0,MDR_96,13,Oxford Basin,FAA,USA,Los Angeles,Santa Monica Bay,Los Angeles,Marina del Rey,Oxford Basin,NA,
33.96155548095703,-118.4608383178711,False,-99.0,MDR_96,2,NA,ESM,USA,Los Angeles,Santa Monica Bay,Los Angeles,Marina del Rey,Marina Del Rey,NA,
33.98590087890625,-118.45503997802734,False,-99.0,MDR_96,22,Oxford Basin,FAA,USA,Los Angeles,Santa Monica Bay,Los Angeles,Marina del Rey,Oxford Basin,NA,
33.97147750854492,-118.44758605957031,False,-99.0,MDR_96,25,NA,ESM,USA,Los Angeles,Santa Monica Bay,Los Angeles,Marina del Rey,Marina Del Rey,NA,
33.96371078491211,-118.45845031738281,False,-99.0,MDR_96,3,NA,ESM,USA,Los Angeles,Santa Monica Bay,Los Angeles,Marina del Rey,Marina Del Rey,NA,
33.969242095947266,-118.4474868774414,False,-99.0,MDR_96,4,NA,ESM,USA,Los Angeles,Santa Monica Bay,Los Angeles,Marina del Rey,Marina Del Rey,NA,
33.97572326660156,-118.44824981689453,False,-99.0,MDR_96,5,NA,ESM,USA,Los Angeles,Santa Monica Bay,Los Angeles,Marina del Rey,Marina Del Rey,NA,
33.97503662109375,-118.45504760742188,False,-99.0,MDR_96,6,NA,ESM,USA,Los Angeles,Santa Monica Bay,Los Angeles,Marina del Rey,Marina Del Rey,NA,
33.977210998535156,-118.44251251220703,False,-99.0,MDR_96,7,NA,ESM,USA,Los Angeles,Santa Monica Bay,Los Angeles,Marina del Rey,Marina Del Rey,NA,
33.98024368286133,-118.45343017578125,False,-99.0,MDR_96,8,NA,ESM,USA,Los Angeles,Santa Monica Bay,Los Angeles,Marina del Rey,Marina Del Rey,NA,
33.981876373291016,-118.44474792480469,False,-99.0,MDR_96,9,NA,ESM,USA,Los Angeles,Santa Monica Bay,Los Angeles,Marina del Rey,Marina Del Rey,NA,
33.959598541259766,-118.46041107177734,False,-99.0,MDR_97,1,NA,ESM,USA,Los Angeles,Santa Monica Bay,Los Angeles,Marina del Rey,Marina Del Rey,NA,
33.982826232910156,-118.45210266113281,False,-99.0,MDR_97,10,NA,ESM,USA,Los Angeles,Santa Monica Bay,Los Angeles,Marina del Rey,Marina Del Rey,NA,
33.98298263549805,-118.44811248779297,False,-99.0,MDR_97,11,NA,ESM,USA,Los Angeles,Santa Monica Bay,Los Angeles,Marina del Rey,Marina Del Rey,NA,
33.96149444580078,-118.45684814453125,False,-99.0,MDR_97,12,NA,ESR,USA,Los Angeles,Santa Monica Bay,Los Angeles,Ballona Creek,Ballona Creek,NA,
33.984920501708984,-118.45652770996094,False,-99.0,MDR_97,13,Oxford Basin,FAA,USA,Los Angeles,Santa Monica Bay,Los Angeles,Marina del Rey,Oxford Basin,NA,
33.96155548095703,-118.4608383178711,False,-99.0,MDR_97,2,NA,ESM,USA,Los Angeles,Santa Monica Bay,Los Angeles,Marina del Rey,Marina Del Rey,NA,
33.98590087890625,-118.45503997802734,False,-99.0,MDR_97,22,Oxford Basin,FAA,USA,Los Angeles,Santa Monica Bay,Los Angeles,Marina del Rey,Oxford Basin,NA,
33.97147750854492,-118.44758605957031,False,-99.0,MDR_97,25,NA,ESM,USA,Los Angeles,Santa Monica Bay,Los Angeles,Marina del Rey,Marina Del Rey,NA,
33.96371078491211,-118.45845031738281,False,-99.0,MDR_97,3,NA,ESM,USA,Los Angeles,Santa Monica Bay,Los Angeles,Marina del Rey,Marina Del Rey,NA,
33.969242095947266,-118.4474868774414,False,-99.0,MDR_97,4,NA,ESM,USA,Los Angeles,Santa Monica Bay,Los Angeles,Marina del Rey,Marina Del Rey,NA,
33.97572326660156,-118.44824981689453,False,-99.0,MDR_97,5,NA,ESM,USA,Los Angeles,Santa Monica Bay,Los Angeles,Marina del Rey,Marina Del Rey,NA,
33.97503662109375,-118.45504760742188,False,-99.0,MDR_97,6,NA,ESM,USA,Los Angeles,Santa Monica Bay,Los Angeles,Marina del Rey,Marina Del Rey,NA,
33.977210998535156,-118.44251251220703,False,-99.0,MDR_97,7,NA,ESM,USA,Los Angeles,Santa Monica Bay,Los Angeles,Marina del Rey,Marina Del Rey,NA,
33.98024368286133,-118.45343017578125,False,-99.0,MDR_97,8,NA,ESM,USA,Los Angeles,Santa Monica Bay,Los Angeles,Marina del Rey,Marina Del Rey,NA,
33.981876373291016,-118.44474792480469,False,-99.0,MDR_97,9,NA,ESM,USA,Los Angeles,Santa Monica Bay,Los Angeles,Marina del Rey,Marina Del Rey,NA,
33.959598541259766,-118.46041107177734,False,-99.0,MDR_98,1,NA,ESM,USA,Los Angeles,Santa Monica Bay,Los Angeles,Marina del Rey,Marina Del Rey,NA,
33.982826232910156,-118.45210266113281,False,-99.0,MDR_98,10,NA,ESM,USA,Los Angeles,Santa Monica Bay,Los Angeles,Marina del Rey,Marina Del Rey,NA,
33.98298263549805,-118.44811248779297,False,-99.0,MDR_98,11,NA,ESM,USA,Los Angeles,Santa Monica Bay,Los Angeles,Marina del Rey,Marina Del Rey,NA,
33.96149444580078,-118.45684814453125,False,-99.0,MDR_98,12,NA,ESR,USA,Los Angeles,Santa Monica Bay,Los Angeles,Ballona Creek,Ballona Creek,NA,
33.984920501708984,-118.45652770996094,False,-99.0,MDR_98,13,Oxford Basin,FAA,USA,Los Angeles,Santa Monica Bay,Los Angeles,Marina del Rey,Oxford Basin,NA,
33.96155548095703,-118.4608383178711,False,-99.0,MDR_98,2,NA,ESM,USA,Los Angeles,Santa Monica Bay,Los Angeles,Marina del Rey,Marina Del Rey,NA,
33.98590087890625,-118.45503997802734,False,-99.0,MDR_98,22,Oxford Basin,FAA,USA,Los Angeles,Santa Monica Bay,Los Angeles,Marina del Rey,Oxford Basin,NA,
33.97147750854492,-118.44758605957031,False,-99.0,MDR_98,25,NA,ESM,USA,Los Angeles,Santa Monica Bay,Los Angeles,Marina del Rey,Marina Del Rey,NA,
33.96371078491211,-118.45845031738281,False,-99.0,MDR_98,3,NA,ESM,USA,Los Angeles,Santa Monica Bay,Los Angeles,Marina del Rey,Marina Del Rey,NA,
33.969242095947266,-118.4474868774414,False,-99.0,MDR_98,4,NA,ESM,USA,Los Angeles,Santa Monica Bay,Los Angeles,Marina del Rey,Marina Del Rey,NA,
33.97572326660156,-118.44824981689453,False,-99.0,MDR_98,5,NA,ESM,USA,Los Angeles,Santa Monica Bay,Los Angeles,Marina del Rey,Marina Del Rey,NA,
33.97503662109375,-118.45504760742188,False,-99.0,MDR_98,6,NA,ESM,USA,Los Angeles,Santa Monica Bay,Los Angeles,Marina del Rey,Marina Del Rey,NA,
33.977210998535156,-118.44251251220703,False,-99.0,MDR_98,7,NA,ESM,USA,Los Angeles,Santa Monica Bay,Los Angeles,Marina del Rey,Marina Del Rey,NA,
33.98024368286133,-118.45343017578125,False,-99.0,MDR_98,8,NA,ESM,USA,Los Angeles,Santa Monica Bay,Los Angeles,Marina del Rey,Marina Del Rey,NA,
33.981876373291016,-118.44474792480469,False,-99.0,MDR_98,9,NA,ESM,USA,Los Angeles,Santa Monica Bay,Los Angeles,Marina del Rey,Marina Del Rey,NA,
33.959598541259766,-118.46041107177734,False,-99.0,MDR_99,1,NA,ESM,USA,Los Angeles,Santa Monica Bay,Los Angeles,Marina del Rey,Marina Del Rey,NA,
33.982826232910156,-118.45210266113281,False,-99.0,MDR_99,10,NA,ESM,USA,Los Angeles,Santa Monica Bay,Los Angeles,Marina del Rey,Marina Del Rey,NA,
33.98298263549805,-118.44811248779297,False,-99.0,MDR_99,11,NA,ESM,USA,Los Angeles,Santa Monica Bay,Los Angeles,Marina del Rey,Marina Del Rey,NA,
33.96149444580078,-118.45684814453125,False,-99.0,MDR_99,12,NA,ESR,USA,Los Angeles,Santa Monica Bay,Los Angeles,Ballona Creek,Ballona Creek,NA,
33.984920501708984,-118.45652770996094,False,-99.0,MDR_99,13,Oxford Basin,FAA,USA,Los Angeles,Santa Monica Bay,Los Angeles,Marina del Rey,Oxford Basin,NA,
33.96155548095703,-118.4608383178711,False,-99.0,MDR_99,2,NA,ESM,USA,Los Angeles,Santa Monica Bay,Los Angeles,Marina del Rey,Marina Del Rey,NA,
33.98590087890625,-118.45503997802734,False,-99.0,MDR_99,22,Oxford Basin,FAA,USA,Los Angeles,Santa Monica Bay,Los Angeles,Marina del Rey,Oxford Basin,NA,
33.97147750854492,-118.44758605957031,False,-99.0,MDR_99,25,NA,ESM,USA,Los Angeles,Santa Monica Bay,Los Angeles,Marina del Rey,Marina Del Rey,NA,
33.96371078491211,-118.45845031738281,False,-99.0,MDR_99,3,NA,ESM,USA,Los Angeles,Santa Monica Bay,Los Angeles,Marina del Rey,Marina Del Rey,NA,
33.969242095947266,-118.4474868774414,False,-99.0,MDR_99,4,NA,ESM,USA,Los Angeles,Santa Monica Bay,Los Angeles,Marina del Rey,Marina Del Rey,NA,
33.97572326660156,-118.44824981689453,False,-99.0,MDR_99,5,NA,ESM,USA,Los Angeles,Santa Monica Bay,Los Angeles,Marina del Rey,Marina Del Rey,NA,
33.97503662109375,-118.45504760742188,False,-99.0,MDR_99,6,NA,ESM,USA,Los Angeles,Santa Monica Bay,Los Angeles,Marina del Rey,Marina Del Rey,NA,
33.977210998535156,-118.44251251220703,False,-99.0,MDR_99,7,NA,ESM,USA,Los Angeles,Santa Monica Bay,Los Angeles,Marina del Rey,Marina Del Rey,NA,
33.98024368286133,-118.45343017578125,False,-99.0,MDR_99,8,NA,ESM,USA,Los Angeles,Santa Monica Bay,Los Angeles,Marina del Rey,Marina Del Rey,NA,
33.981876373291016,-118.44474792480469,False,-99.0,MDR_99,9,NA,ESM,USA,Los Angeles,Santa Monica Bay,Los Angeles,Marina del Rey,Marina Del Rey,NA,
36.800048828125,-121.78678131103516,True,-99.0,MOSS_02,AD1 ,Moss Landing Harbor,ESM,USA,Central Coast,Monterey Bay,Monterey,Moss Landing Harbor,Moss Landing Harbor,NA,
36.801048278808594,-121.7867660522461,True,-99.0,MOSS_02,AD2 ,Moss Landing Harbor,ESM,USA,Central Coast,Monterey Bay,Monterey,Moss Landing Harbor,Moss Landing Harbor,NA,
0.0,0.0,False,-99.0,MOSS_02,Control_May,Bioassay Negative Control,CNG,NA,NA,NA,NA,NA,NA,NA,
0.0,0.0,False,-99.0,MOSS_02,Control_Sep,Bioassay Negative Control,CNG,NA,NA,NA,NA,NA,NA,NA,
36.80591583251953,-121.7858657836914,True,-99.0,MOSS_02,GB1,Moss Landing Harbor,ESM,USA,Central Coast,Monterey Bay,Monterey,Moss Landing Harbor,Moss Landing Harbor,NA,
36.80598449707031,-121.78559875488281,True,-99.0,MOSS_02,GB2,Moss Landing Harbor,ESM,USA,Central Coast,Monterey Bay,Monterey,Moss Landing Harbor,Moss Landing Harbor,NA,
36.80496597290039,-121.78583526611328,True,-99.0,MOSS_02,KD,Moss Landing Harbor,ESM,USA,Central Coast,Monterey Bay,Monterey,Moss Landing Harbor,Moss Landing Harbor,NA,
36.80211639404297,-121.78718566894531,True,-99.0,MOSS_02,MB,Moss Landing Harbor,ESM,USA,Central Coast,Monterey Bay,Monterey,Moss Landing Harbor,Moss Landing Harbor,NA,
36.806217193603516,-121.79011535644531,True,-99.0,MOSS_02,ML1 Comp,Moss Landing Harbor,ESM,USA,Central Coast,Monterey Bay,Monterey,Moss Landing Harbor,Moss Landing Harbor,NA,
36.80836868286133,-121.78601837158203,True,-99.0,MOSS_02,ML2 Comp,Moss Landing Harbor,ESM,USA,Central Coast,Monterey Bay,Monterey,Moss Landing Harbor,Moss Landing Harbor,NA,
36.80758285522461,-121.78534698486328,True,-99.0,MOSS_02,ML3 Comp,Moss Landing Harbor,ESM,USA,Central Coast,Monterey Bay,Monterey,Moss Landing Harbor,Moss Landing Harbor,NA,
36.806217193603516,-121.78553009033203,True,-99.0,MOSS_02,ML4 Comp,Moss Landing Harbor,ESM,USA,Central Coast,Monterey Bay,Monterey,Moss Landing Harbor,Moss Landing Harbor,NA,
36.80478286743164,-121.78568267822266,True,-99.0,MOSS_02,ML5 Comp,Moss Landing Harbor,ESM,USA,Central Coast,Monterey Bay,Monterey,Moss Landing Harbor,Moss Landing Harbor,NA,
36.803916931152344,-121.78578186035156,True,-99.0,MOSS_02,ML6 Comp,Moss Landing Harbor,ESM,USA,Central Coast,Monterey Bay,Monterey,Moss Landing Harbor,Moss Landing Harbor,NA,
36.8032341003418,-121.78591918945312,True,-99.0,MOSS_02,ML7 Comp,Moss Landing Harbor,ESM,USA,Central Coast,Monterey Bay,Monterey,Moss Landing Harbor,Moss Landing Harbor,NA,
36.80198287963867,-121.7867202758789,True,-99.0,MOSS_02,ML8 Comp,Moss Landing Harbor,ESM,USA,Central Coast,Monterey Bay,Monterey,Moss Landing Harbor,Moss Landing Harbor,NA,
36.80121612548828,-121.79083251953125,False,-99.0,MOSS_02,SF12_MAY,Reference - May,OAA,USA,Central Coast,Monterey Bay,Monterey,Monterey Bay,Monterey Bay,NA,Position taken from September sampling.
36.80121612548828,-121.79083251953125,False,-99.0,MOSS_02,SF12_SEP,Reference - September,OAA,USA,Central Coast,Monterey Bay,Monterey,Monterey Bay,Monterey Bay,NA,
0.0,0.0,False,-99.0,MOSS_02,Site Water,Site Water Control,CNG,NA,NA,NA,NA,NA,NA,NA,
32.70895004272461,-117.17603302001953,False,-99.0,NASSCO,2229,Reference,ESS,USA,San Diego,San Diego Bay,San Diego,San Diego Bay,SD Bay North,NA,
32.70252990722656,-117.17864990234375,False,-99.0,NASSCO,2230,Reference,ESP,USA,San Diego,San Diego Bay,San Diego,San Diego Bay,SD Bay North,NA,
32.694618225097656,-117.15650177001953,False,-99.0,NASSCO,2231,Reference REF4,ESS,USA,San Diego,San Diego Bay,San Diego,San Diego Bay,SD Bay North,NA,
32.66753005981445,-117.15408325195312,False,-99.0,NASSCO,2240,Reference,ESS,USA,San Diego,San Diego Bay,San Diego,San Diego Bay,SD Bay South,NA,
32.66753005981445,-117.15409851074219,False,-99.0,NASSCO,2240EG,Reference Eelgrass,ESS,USA,San Diego,San Diego Bay,San Diego,San Diego Bay,SD Bay South,NA,
32.66753005981445,-117.15409851074219,False,-99.0,NASSCO,2240FI,Reference Fish,ESS,USA,San Diego,San Diego Bay,San Diego,San Diego Bay,SD Bay South,NA,
32.67026901245117,-117.13648223876953,False,-99.0,NASSCO,2241,Reference,ESS,USA,San Diego,San Diego Bay,San Diego,San Diego Bay,SD Bay South,NA,
32.66450119018555,-117.14263153076172,False,-99.0,NASSCO,2243,Reference REF5,ESS,USA,San Diego,San Diego Bay,San Diego,San Diego Bay,SD Bay South,NA,
32.65972137451172,-117.13182067871094,False,-99.0,NASSCO,2244,Reference,ESS,USA,San Diego,San Diego Bay,San Diego,San Diego Bay,SD Bay South,NA,
32.68387985229492,-117.14029693603516,False,-99.0,NASSCO,2265,Reference,ESP,USA,San Diego,San Diego Bay,San Diego,San Diego Bay,SD Bay South,NA,
32.72235107421875,-117.20919799804688,False,-99.0,NASSCO,2433,Reference REF2,ESS,USA,San Diego,San Diego Bay,San Diego,San Diego Bay,SD Bay North,NA,
32.71152877807617,-117.2229232788086,False,-99.0,NASSCO,2435,Reference,ESS,USA,San Diego,San Diego Bay,San Diego,San Diego Bay,SD Bay North,NA,
32.718482971191406,-117.17481994628906,False,-99.0,NASSCO,2440,Bight '98 Station 2440; REF-03,ESP,USA,San Diego,San Diego Bay,San Diego,San Diego Bay,SD Bay North,NA,
32.691532135009766,-117.2361831665039,False,-99.0,NASSCO,2441,Shipyard Phase I,ESP,USA,San Diego,San Diego Bay,San Diego,San Diego Bay,SD Bay North,NA,
0.0,0.0,False,-99.0,NASSCO,AMECControl,Scripps Seawater Control,CNG,NA,NA,NA,NA,NA,NA,NA,
38.22999954223633,-122.96666717529297,False,-99.0,NASSCO,Control,Tomales Bay Control,CNG,USA,San Francisco Bay,Marin Coastal,Marin,Tomales Bay,Tomales Bay North,NA,
32.68943405151367,-117.14275360107422,False,-99.0,NASSCO,NA01,NASSCO Station,ESP,USA,San Diego,San Diego Bay,San Diego,San Diego Bay,SD Bay South,NA,
32.6885986328125,-117.14273071289062,False,-99.0,NASSCO,NA02,NASSCO Station,ESP,USA,San Diego,San Diego Bay,San Diego,San Diego Bay,SD Bay South,NA,
32.68931579589844,-117.14185333251953,False,-99.0,NASSCO,NA03,NASSCO Station,ESP,USA,San Diego,San Diego Bay,San Diego,San Diego Bay,SD Bay South,NA,
32.689231872558594,-117.140380859375,False,-99.0,NASSCO,NA04,NASSCO Station,ESP,USA,San Diego,San Diego Bay,San Diego,San Diego Bay,SD Bay South,NA,
32.688533782958984,-117.14071655273438,False,-99.0,NASSCO,NA05,NASSCO Station,ESP,USA,San Diego,San Diego Bay,San Diego,San Diego Bay,SD Bay South,NA,
32.690067291259766,-117.13908386230469,False,-99.0,NASSCO,NA06,NASSCO Station,ESP,USA,San Diego,San Diego Bay,San Diego,San Diego Bay,SD Bay South,NA,
32.689300537109375,-117.13911437988281,False,-99.0,NASSCO,NA07,NASSCO Station,ESP,USA,San Diego,San Diego Bay,San Diego,San Diego Bay,SD Bay South,NA,
32.6890983581543,-117.13899993896484,False,-99.0,NASSCO,NA08,NASSCO Station,ESP,USA,San Diego,San Diego Bay,San Diego,San Diego Bay,SD Bay South,NA,
32.68885040283203,-117.13880157470703,False,-99.0,NASSCO,NA09,NASSCO Station,ESP,USA,San Diego,San Diego Bay,San Diego,San Diego Bay,SD Bay South,NA,
32.68863296508789,-117.13935089111328,False,-99.0,NASSCO,NA10,NASSCO Station,ESP,USA,San Diego,San Diego Bay,San Diego,San Diego Bay,SD Bay South,NA,
32.68838119506836,-117.13941955566406,False,-99.0,NASSCO,NA11,NASSCO Station,ESP,USA,San Diego,San Diego Bay,San Diego,San Diego Bay,SD Bay South,NA,
32.68766784667969,-117.13980102539062,False,-99.0,NASSCO,NA12,NASSCO Station,ESP,USA,San Diego,San Diego Bay,San Diego,San Diego Bay,SD Bay South,NA,
32.6871337890625,-117.14019775390625,False,-99.0,NASSCO,NA13,NASSCO Station,ESP,USA,San Diego,San Diego Bay,San Diego,San Diego Bay,SD Bay South,NA,
32.68618392944336,-117.14083099365234,False,-99.0,NASSCO,NA14,NASSCO Station,ESP,USA,San Diego,San Diego Bay,San Diego,San Diego Bay,SD Bay South,NA,
32.68840026855469,-117.13835144042969,False,-99.0,NASSCO,NA15,NASSCO Station,ESP,USA,San Diego,San Diego Bay,San Diego,San Diego Bay,SD Bay South,NA,
32.68818283081055,-117.13887023925781,False,-99.0,NASSCO,NA16,NASSCO Station,ESP,USA,San Diego,San Diego Bay,San Diego,San Diego Bay,SD Bay South,NA,
32.6878662109375,-117.1377182006836,False,-99.0,NASSCO,NA17,NASSCO Station,ESP,USA,San Diego,San Diego Bay,San Diego,San Diego Bay,SD Bay South,NA,
32.687870025634766,-117.13789367675781,False,-99.0,NASSCO,NA17R,NASSCO,ESP,USA,San Diego,San Diego Bay,San Diego,San Diego Bay,SD Bay South,NA,
32.687801361083984,-117.13860321044922,False,-99.0,NASSCO,NA18,NASSCO Station,ESP,USA,San Diego,San Diego Bay,San Diego,San Diego Bay,SD Bay South,NA,
32.687416076660156,-117.1390151977539,False,-99.0,NASSCO,NA19,NASSCO Station,ESP,USA,San Diego,San Diego Bay,San Diego,San Diego Bay,SD Bay South,NA,
32.6870002746582,-117.13610076904297,False,-99.0,NASSCO,NA20,NASSCO Station,ESP,USA,San Diego,San Diego Bay,San Diego,San Diego Bay,Chollas Creek Channel,NA,
32.685298919677734,-117.13670349121094,False,-99.0,NASSCO,NA21,NASSCO Station,ESP,USA,San Diego,San Diego Bay,San Diego,San Diego Bay,Chollas Creek Channel,NA,
32.68688201904297,-117.1346206665039,False,-99.0,NASSCO,NA22,NASSCO Station,ESP,USA,San Diego,San Diego Bay,San Diego,San Diego Bay,Chollas Creek Channel,NA,
32.68996047973633,-117.14025115966797,False,-99.0,NASSCO,NA23R,NASSCO,ESP,USA,San Diego,San Diego Bay,San Diego,San Diego Bay,SD Bay South,NA,
32.68983840942383,-117.1412124633789,False,-99.0,NASSCO,NA24,NASSCO,ESP,USA,San Diego,San Diego Bay,San Diego,San Diego Bay,SD Bay South,NA,
32.68476104736328,-117.13981628417969,False,-99.0,NASSCO,NA25,NASSCO,ESP,USA,San Diego,San Diego Bay,San Diego,San Diego Bay,SD Bay South,NA,
32.68714141845703,-117.14308166503906,False,-99.0,NASSCO,NA26,NASSCO,ESP,USA,San Diego,San Diego Bay,San Diego,San Diego Bay,SD Bay South,NA,
32.68946838378906,-117.13968658447266,False,-99.0,NASSCO,NA27,NASSCO,ESP,USA,San Diego,San Diego Bay,San Diego,San Diego Bay,SD Bay South,NA,
32.688690185546875,-117.13992309570312,False,-99.0,NASSCO,NA28,NASSCO,ESP,USA,San Diego,San Diego Bay,San Diego,San Diego Bay,SD Bay South,NA,
32.68791961669922,-117.14154052734375,False,-99.0,NASSCO,NA29,NASSCO,ESP,USA,San Diego,San Diego Bay,San Diego,San Diego Bay,SD Bay South,NA,
32.68629837036133,-117.14132690429688,False,-99.0,NASSCO,NA30,NASSCO,ESP,USA,San Diego,San Diego Bay,San Diego,San Diego Bay,SD Bay South,NA,
32.68328094482422,-117.13746643066406,False,-99.0,NASSCO,NA31,NASSCO,ESP,USA,San Diego,San Diego Bay,San Diego,San Diego Bay,SD Bay South,NA,
32.687599182128906,-117.1353988647461,False,-99.0,NASSCO,NAEG1,NASSCO Eelgrass,ESP,USA,San Diego,San Diego Bay,San Diego,San Diego Bay,Chollas Creek Channel,NA,
32.688690185546875,-117.13990020751953,False,-99.0,NASSCO,NAFI01,NASSCO Fish,ESP,USA,San Diego,San Diego Bay,San Diego,San Diego Bay,SD Bay South,NA,
32.68629837036133,-117.14129638671875,False,-99.0,NASSCO,NAFI02,NASSCO Fish,ESP,USA,San Diego,San Diego Bay,San Diego,San Diego Bay,SD Bay South,NA,
0.0,0.0,False,-99.0,NASSCO,NASControl,"Yaquina Bay, OR Control",CNG,USA,NA,Pacific Ocean,Lincoln,Pacific Ocean,Pacific Ocean,NA,
32.687870025634766,-117.13910675048828,False,-99.0,NASSCO,NSCLob,NASSCO Lobster,ESP,USA,San Diego,San Diego Bay,San Diego,San Diego Bay,SD Bay South,NA,
32.692481994628906,-117.14573669433594,False,-99.0,NASSCO,SW01,Southwest Marine station,ESP,USA,San Diego,San Diego Bay,San Diego,San Diego Bay,SD Bay South,NA,
32.69221878051758,-117.14593505859375,False,-99.0,NASSCO,SW02,Southwest Marine station,ESP,USA,San Diego,San Diego Bay,San Diego,San Diego Bay,SD Bay South,NA,
32.69148254394531,-117.14651489257812,False,-99.0,NASSCO,SW03,Southwest Marine station,ESP,USA,San Diego,San Diego Bay,San Diego,San Diego Bay,SD Bay South,NA,
32.69245147705078,-117.14524841308594,False,-99.0,NASSCO,SW04,Southwest Marine station,ESP,USA,San Diego,San Diego Bay,San Diego,San Diego Bay,SD Bay South,NA,
32.69196701049805,-117.14568328857422,False,-99.0,NASSCO,SW05,Southwest Marine station,ESP,USA,San Diego,San Diego Bay,San Diego,San Diego Bay,SD Bay South,NA,
32.6915168762207,-117.1460189819336,False,-99.0,NASSCO,SW06,Southwest Marine station,ESP,USA,San Diego,San Diego Bay,San Diego,San Diego Bay,SD Bay South,NA,
32.69111633300781,-117.1463851928711,False,-99.0,NASSCO,SW07,Southwest Marine station,ESP,USA,San Diego,San Diego Bay,San Diego,San Diego Bay,SD Bay South,NA,
32.69243240356445,-117.1449203491211,False,-99.0,NASSCO,SW08,Southwest Marine station,ESP,USA,San Diego,San Diego Bay,San Diego,San Diego Bay,SD Bay South,NA,
32.69181823730469,-117.14531707763672,False,-99.0,NASSCO,SW09,Southwest Marine station,ESP,USA,San Diego,San Diego Bay,San Diego,San Diego Bay,SD Bay South,NA,
32.691551208496094,-117.14558410644531,False,-99.0,NASSCO,SW10,Southwest Marine station,ESP,USA,San Diego,San Diego Bay,San Diego,San Diego Bay,SD Bay South,NA,
32.691131591796875,-117.14598083496094,False,-99.0,NASSCO,SW11,Southwest Marine station,ESP,USA,San Diego,San Diego Bay,San Diego,San Diego Bay,SD Bay South,NA,
32.69068145751953,-117.14636993408203,False,-99.0,NASSCO,SW12,Southwest Marine station,ESP,USA,San Diego,San Diego Bay,San Diego,San Diego Bay,SD Bay South,NA,
32.691768646240234,-117.14466857910156,False,-99.0,NASSCO,SW13,Southwest Marine station,ESP,USA,San Diego,San Diego Bay,San Diego,San Diego Bay,SD Bay South,NA,
32.69166564941406,-117.14493560791016,False,-99.0,NASSCO,SW14,Southwest Marine station,ESP,USA,San Diego,San Diego Bay,San Diego,San Diego Bay,SD Bay South,NA,
32.691165924072266,-117.14523315429688,False,-99.0,NASSCO,SW15,Southwest Marine station,ESP,USA,San Diego,San Diego Bay,San Diego,San Diego Bay,SD Bay South,NA,
32.69160079956055,-117.14466857910156,False,-99.0,NASSCO,SW16,Southwest Marine station,ESP,USA,San Diego,San Diego Bay,San Diego,San Diego Bay,SD Bay South,NA,
32.69139862060547,-117.14436340332031,False,-99.0,NASSCO,SW17,Southwest Marine station,ESP,USA,San Diego,San Diego Bay,San Diego,San Diego Bay,SD Bay South,NA,
32.69038391113281,-117.14486694335938,False,-99.0,NASSCO,SW18,Southwest Marine station,ESP,USA,San Diego,San Diego Bay,San Diego,San Diego Bay,SD Bay South,NA,
32.6890983581543,-117.14620208740234,False,-99.0,NASSCO,SW19,Southwest Marine station,ESP,USA,San Diego,San Diego Bay,San Diego,San Diego Bay,SD Bay South,NA,
32.69144821166992,-117.1435317993164,False,-99.0,NASSCO,SW20,Southwest Marine station,ESP,USA,San Diego,San Diego Bay,San Diego,San Diego Bay,SD Bay South,NA,
32.69126510620117,-117.14334869384766,False,-99.0,NASSCO,SW21,Southwest Marine station,ESP,USA,San Diego,San Diego Bay,San Diego,San Diego Bay,SD Bay South,NA,
32.69121551513672,-117.14347076416016,False,-99.0,NASSCO,SW22,Southwest Marine station,ESP,USA,San Diego,San Diego Bay,San Diego,San Diego Bay,SD Bay South,NA,
32.691131591796875,-117.14360046386719,False,-99.0,NASSCO,SW23,Southwest Marine station,ESP,USA,San Diego,San Diego Bay,San Diego,San Diego Bay,SD Bay South,NA,
32.69103240966797,-117.14344787597656,False,-99.0,NASSCO,SW24,Southwest Marine station,ESP,USA,San Diego,San Diego Bay,San Diego,San Diego Bay,SD Bay South,NA,
32.690467834472656,-117.14413452148438,False,-99.0,NASSCO,SW25,Southwest Marine station,ESP,USA,San Diego,San Diego Bay,San Diego,San Diego Bay,SD Bay South,NA,
32.689701080322266,-117.14471435546875,False,-99.0,NASSCO,SW26,Southwest Marine station,ESP,USA,San Diego,San Diego Bay,San Diego,San Diego Bay,SD Bay South,NA,
32.69001770019531,-117.14350128173828,False,-99.0,NASSCO,SW27,Southwest Marine station,ESP,USA,San Diego,San Diego Bay,San Diego,San Diego Bay,SD Bay South,NA,
32.690181732177734,-117.14288330078125,False,-99.0,NASSCO,SW28,Southwest Marine station,ESP,USA,San Diego,San Diego Bay,San Diego,San Diego Bay,SD Bay South,NA,
32.69268035888672,-117.14637756347656,False,-99.0,NASSCO,SW29,Southwest Marine,ESP,USA,San Diego,San Diego Bay,San Diego,San Diego Bay,SD Bay South,NA,
32.6916618347168,-117.14726257324219,False,-99.0,NASSCO,SW30,Southwest Marine,ESP,USA,San Diego,San Diego Bay,San Diego,San Diego Bay,SD Bay South,NA,
32.68968963623047,-117.14441680908203,False,-99.0,NASSCO,SW31,Southwest Marine,ESP,USA,San Diego,San Diego Bay,San Diego,San Diego Bay,SD Bay South,NA,
32.69055938720703,-117.14823150634766,False,-99.0,NASSCO,SW32,Southwest Marine,ESP,USA,San Diego,San Diego Bay,San Diego,San Diego Bay,SD Bay South,NA,
32.68981170654297,-117.147216796875,False,-99.0,NASSCO,SW33,Southwest Marine,ESP,USA,San Diego,San Diego Bay,San Diego,San Diego Bay,SD Bay South,NA,
32.68844985961914,-117.14414978027344,False,-99.0,NASSCO,SW34,Southwest Marine,ESP,USA,San Diego,San Diego Bay,San Diego,San Diego Bay,SD Bay South,NA,
32.69021987915039,-117.14524841308594,False,-99.0,NASSCO,SW36,Southwest Marine,ESP,USA,San Diego,San Diego Bay,San Diego,San Diego Bay,SD Bay South,NA,
32.69247055053711,-117.14495086669922,False,-99.0,NASSCO,SWEG1,Southwest Marine Eelgrass,ESP,USA,San Diego,San Diego Bay,San Diego,San Diego Bay,SD Bay South,NA,
32.69116973876953,-117.14523315429688,False,-99.0,NASSCO,SWFI01,Southwest Marine Fish,ESP,USA,San Diego,San Diego Bay,San Diego,San Diego Bay,SD Bay South,NA,
32.689640045166016,-117.14569854736328,False,-99.0,NASSCO,SWFI02,Southwest Marine Fish,ESP,USA,San Diego,San Diego Bay,San Diego,San Diego Bay,SD Bay South,NA,
32.690738677978516,-117.14396667480469,False,-99.0,NASSCO,SWMLob,Southwest Marine Lobster,ESP,USA,San Diego,San Diego Bay,San Diego,San Diego Bay,SD Bay South,NA,
0.0,0.0,False,-99.0,NASSCO,YBControl,"Yaquina Bay, OR Control",CNG,USA,NA,Pacific Ocean,Lincoln,Pacific Ocean,Pacific Ocean,NA,
-99.0,-99.0,False,-99.0,NEWP_TOX,Dana Point,Reference,ESM,USA,Santa Ana,Santa Ana River,Orange,Dana Point Harbor,Dana Point Harbor,NA,
0.0,0.0,False,-99.0,NEWP_TOX,Home Sediment,Bioassay Sediment Control,CNG,NA,NA,NA,NA,NA,NA,NA,
33.59556579589844,-117.87981414794922,False,-99.0,NEWP_TOX,NB1,Newport Bay,ESM,USA,Santa Ana,Santa Ana River,Orange,Newport Bay,Newport Bay,NA,
33.64988327026367,-117.8707504272461,False,-99.0,NEWP_TOX,NB10,Newport Bay,EIU,USA,Santa Ana,Santa Ana River,Orange,Newport Bay,Newport Bay,NA,
33.60805130004883,-117.90446472167969,False,-99.0,NEWP_TOX,NB2,Newport Bay,ESM,USA,Santa Ana,Santa Ana River,Orange,Newport Bay,Newport Bay,NA,
33.61213302612305,-117.92790222167969,False,-99.0,NEWP_TOX,NB3,Newport Bay,ESM,USA,Santa Ana,Santa Ana River,Orange,Newport Bay,Rhine Channel,NA,
33.618900299072266,-117.92720031738281,False,-99.0,NEWP_TOX,NB4,Newport Bay,ESM,USA,Santa Ana,Santa Ana River,Orange,Newport Bay,Newport Bay,NA,
33.61410140991211,-117.91410064697266,False,-99.0,NEWP_TOX,NB5,Newport Bay,ESM,USA,Santa Ana,Santa Ana River,Orange,Newport Bay,Newport Bay,NA,
33.6203498840332,-117.89385223388672,False,-99.0,NEWP_TOX,NB6,Newport Bay,ESS,USA,Santa Ana,Santa Ana River,Orange,Newport Bay,Newport Bay,NA,
33.64681625366211,-117.88742065429688,False,-99.0,NEWP_TOX,NB7,Newport Bay,EIU,USA,Santa Ana,Santa Ana River,Orange,Newport Bay,Newport Bay,NA,
33.64617919921875,-117.88728332519531,False,-99.0,NEWP_TOX,NB8,Newport Bay,EIU,USA,Santa Ana,Santa Ana River,Orange,Newport Bay,Newport Bay,NA,
33.63848114013672,-117.88742065429688,False,-99.0,NEWP_TOX,NB9,Newport Bay,EIU,USA,Santa Ana,Santa Ana River,Orange,Newport Bay,Newport Bay,NA,
0.0,0.0,False,-99.0,NEWP_TOX,Seawater Contro,Bioassay Seawater Control,CNG,NA,NA,NA,NA,NA,NA,NA,
38.13764953613281,-122.27469635009766,False,-99.0,NOAA_01,10-2,NA,ESR,USA,San Francisco Bay,San Francisco Bay,Solano,Napa River,Napa River,NA,
38.04172134399414,-121.8427734375,False,-99.0,NOAA_01,1-1,NA,ESC,USA,San Francisco Bay,San Francisco Bay,Contra Costa,Sacramento San Joaquin Confluence,Sacramento San Joaquin Confluence,NA,
38.08898162841797,-122.47335052490234,False,-99.0,NOAA_01,11-2,NA,ESS,USA,San Francisco Bay,San Francisco Bay,NA,SFB San Pablo Bay,San Pablo Bay,NA,
38.044921875,-122.38704681396484,False,-99.0,NOAA_01,11-4,NA,ESS,USA,San Francisco Bay,San Francisco Bay,Contra Costa,SFB San Pablo Bay,San Pablo Bay,NA,
38.07624816894531,-122.31607818603516,False,-99.0,NOAA_01,11-5,NA,ESS,USA,San Francisco Bay,San Francisco Bay,NA,SFB San Pablo Bay,San Pablo Bay,NA,
38.02669906616211,-122.40148162841797,False,-99.0,NOAA_01,12-2,NA,ESC,USA,San Francisco Bay,San Francisco Bay,Contra Costa,SFB San Pablo Bay,San Pablo Bay,NA,
37.969730377197266,-122.41667175292969,False,-99.0,NOAA_01,12-3,NA,ESS,USA,San Francisco Bay,San Francisco Bay,Contra Costa,SFB Central Bay,Point San Pablo,NA,
38.022918701171875,-121.81587982177734,False,-99.0,NOAA_01,1-3,NA,ESC,USA,San Francisco Bay,San Francisco Bay,Contra Costa,Sacramento San Joaquin Confluence,Sacramento San Joaquin Confluence,NA,
38.02742004394531,-122.35392761230469,False,-99.0,NOAA_01,13-2,NA,ESC,USA,San Francisco Bay,San Francisco Bay,Contra Costa,SFB San Pablo Bay,San Pablo Bay,NA,
37.98357009887695,-122.40882110595703,False,-99.0,NOAA_01,13-3,NA,ESS,USA,San Francisco Bay,San Francisco Bay,Contra Costa,SFB San Pablo Bay,San Pablo Bay,NA,
38.147769927978516,-122.53296661376953,False,-99.0,NOAA_01,14-2,NA,ESR,USA,San Francisco Bay,San Francisco Bay,Sonoma,Petaluma River,Petaluma River,NA,
38.10169982910156,-122.4531021118164,False,-99.0,NOAA_01,14-3,NA,ESS,USA,San Francisco Bay,San Francisco Bay,NA,SFB San Pablo Bay,San Pablo Bay,NA,
37.94417953491211,-122.4658203125,False,-99.0,NOAA_01,15-2,NA,ESS,USA,San Francisco Bay,San Francisco Bay,Marin,SFB Central Bay,Central Bay North,NA,
37.90386962890625,-122.40142822265625,False,-99.0,NOAA_01,16-2,NA,ESC,USA,San Francisco Bay,San Francisco Bay,Contra Costa,SFB Central Bay,Point Richmond,POR,
37.884830474853516,-122.42160034179688,False,-99.0,NOAA_01,16-3,NA,ESC,USA,San Francisco Bay,San Francisco Bay,San Francisco,SFB Central Bay,Central Bay North,NA,
37.92168045043945,-122.39364624023438,False,-99.0,NOAA_01,17-3,NA,ESS,USA,San Francisco Bay,San Francisco Bay,Contra Costa,SFB Central Bay,Point Richmond,NA,
37.90631866455078,-122.39807891845703,False,-99.0,NOAA_01,18-2,NA,ESC,USA,San Francisco Bay,San Francisco Bay,Contra Costa,SFB Central Bay,Point Richmond,NA,
37.90814971923828,-122.38963317871094,False,-99.0,NOAA_01,18-3,NA,ESC,USA,San Francisco Bay,San Francisco Bay,Contra Costa,SFB Central Bay,Point Richmond,POR,
37.92177963256836,-122.37183380126953,False,-99.0,NOAA_01,19-1,NA,EIP,USA,San Francisco Bay,San Francisco Bay,Contra Costa,SFB Central Bay,Richmond Santa Fe & Harbor Channel,NA,
37.92177963256836,-122.37183380126953,False,-99.0,NOAA_01,19-1C,NA,EIP,USA,San Francisco Bay,San Francisco Bay,Contra Costa,SFB Central Bay,Richmond Santa Fe & Harbor Channel,POR,
37.897979736328125,-122.33544921875,False,-99.0,NOAA_01,20-2,NA,ESS,USA,San Francisco Bay,San Francisco Bay,San Francisco,SFB Central Bay,Central Bay North,NA,
37.87604904174805,-122.36067962646484,False,-99.0,NOAA_01,20-3,NA,ESS,USA,San Francisco Bay,San Francisco Bay,San Francisco,SFB Central Bay,Central Bay North,NA,
37.85599899291992,-122.3748779296875,False,-99.0,NOAA_01,20-4,NA,ESC,USA,San Francisco Bay,San Francisco Bay,San Francisco,SFB Central Bay,Central Bay North,NA,
38.0471305847168,-121.88707733154297,False,-99.0,NOAA_01,2-1,NA,ESC,USA,San Francisco Bay,San Francisco Bay,Contra Costa,Sacramento San Joaquin Confluence,Sacramento San Joaquin Confluence,NA,
37.81467819213867,-122.36847686767578,False,-99.0,NOAA_01,21-2,NA,ESC,USA,San Francisco Bay,San Francisco Bay,San Francisco,SFB Central Bay,Yerba Buena Island,NA,
37.86758041381836,-122.40496826171875,False,-99.0,NOAA_01,22-2,NA,ESC,USA,San Francisco Bay,San Francisco Bay,San Francisco,SFB Central Bay,Central Bay North,NA,
37.81264877319336,-122.46318054199219,False,-99.0,NOAA_01,22-4B,NA,ESC,USA,San Francisco Bay,San Francisco Bay,San Francisco,SFB Central Bay,San Francisco North Nearshore,NA,
37.83219909667969,-122.3832778930664,False,-99.0,NOAA_01,22-5,NA,ESC,USA,San Francisco Bay,San Francisco Bay,San Francisco,SFB Central Bay,Central Bay North,NA,
38.058048248291016,-121.86441802978516,False,-99.0,NOAA_01,2-3,NA,ESC,USA,San Francisco Bay,San Francisco Bay,Contra Costa,Sacramento San Joaquin Confluence,Sacramento San Joaquin Confluence,NA,
37.88338088989258,-122.48580169677734,False,-99.0,NOAA_01,23-1,NA,ESG,USA,San Francisco Bay,San Francisco Bay,Marin,SFB Central Bay,Richardson Bay,NA,
37.870121002197266,-122.48419952392578,False,-99.0,NOAA_01,23-3,NA,ESG,USA,San Francisco Bay,San Francisco Bay,Marin,SFB Central Bay,Richardson Bay,NA,
37.810420989990234,-122.4303970336914,False,-99.0,NOAA_01,24-1,NA,ESM,USA,San Francisco Bay,San Francisco Bay,San Francisco,SFB Central Bay,San Francisco North Fort Mason,NA,
37.809879302978516,-122.4268798828125,False,-99.0,NOAA_01,24-3,NA,ESM,USA,San Francisco Bay,San Francisco Bay,San Francisco,SFB Central Bay,San Francisco North Fort Mason,NA,
37.802520751953125,-122.39653015136719,False,-99.0,NOAA_01,25-2,NA,EIP,USA,San Francisco Bay,San Francisco Bay,San Francisco,SFB Central Bay,San Francisco North Nearshore,PSF,
37.76298141479492,-122.37996673583984,False,-99.0,NOAA_01,26-3,NA,EIP,USA,San Francisco Bay,San Francisco Bay,San Francisco,SFB Central Bay,Central Bay Nearshore,NA,
37.71818161010742,-122.3611831665039,False,-99.0,NOAA_01,27-2,NA,ESP,USA,San Francisco Bay,San Francisco Bay,San Francisco,SFB Central Bay,San Francisco South Nearshore,NA,
37.71192169189453,-122.37232971191406,False,-99.0,NOAA_01,27-3,NA,ESS,USA,San Francisco Bay,San Francisco Bay,San Francisco,SFB Central Bay,San Francisco South Nearshore,NA,
37.795379638671875,-122.3543472290039,False,-99.0,NOAA_01,28-2,NA,ESC,USA,San Francisco Bay,San Francisco Bay,San Francisco,SFB Central Bay,Central Bay South,NA,
37.776451110839844,-122.33834838867188,False,-99.0,NOAA_01,28-3,NA,ESC,USA,San Francisco Bay,San Francisco Bay,San Francisco,SFB Central Bay,Central Bay South,NA,
37.77935028076172,-122.30618286132812,False,-99.0,NOAA_01,29-1,NA,ESP,USA,San Francisco Bay,San Francisco Bay,Alameda,SFB Central Bay,Alameda Seaplane,NA,
37.776100158691406,-122.30027770996094,False,-99.0,NOAA_01,29-3,NA,ESP,USA,San Francisco Bay,San Francisco Bay,Alameda,SFB Central Bay,Alameda Seaplane,NA,
37.758880615234375,-122.2834701538086,False,-99.0,NOAA_01,30-2,NA,ESS,USA,San Francisco Bay,San Francisco Bay,San Francisco,SFB Central Bay,Central Bay South,NA,
37.72903060913086,-122.27781677246094,False,-99.0,NOAA_01,30-4,NA,ESS,USA,San Francisco Bay,San Francisco Bay,San Francisco,SFB Central Bay,Central Bay South,NA,
37.82135009765625,-122.31413269042969,False,-99.0,NOAA_01,31-1,NA,ESP,USA,San Francisco Bay,San Francisco Bay,Alameda,SFB Central Bay,Oakland Harbor,NA,
37.804100036621094,-122.3367691040039,False,-99.0,NOAA_01,31-3,NA,ESP,USA,San Francisco Bay,San Francisco Bay,Alameda,SFB Central Bay,Oakland Harbor,POAK,
37.80134963989258,-122.33232116699219,False,-99.0,NOAA_01,31-5,NA,ESP,USA,San Francisco Bay,San Francisco Bay,Alameda,SFB Central Bay,Oakland Harbor,POAK,
38.06721878051758,-121.93309783935547,False,-99.0,NOAA_01,3-2,NA,ESS,USA,San Francisco Bay,San Francisco Bay,Contra Costa,SFB Suisun Bay,Honker Bay,NA,
37.79359817504883,-122.30789947509766,False,-99.0,NOAA_01,32-1,NA,ESP,USA,San Francisco Bay,San Francisco Bay,Alameda,SFB Central Bay,Oakland Harbor,POAK,
37.775699615478516,-122.24250030517578,False,-99.0,NOAA_01,32-4,NA,ESP,USA,San Francisco Bay,San Francisco Bay,Alameda,SFB Central Bay,Oakland Harbor,POAK,
37.750980377197266,-122.22627258300781,False,-99.0,NOAA_01,32-5,NA,ESG,USA,San Francisco Bay,San Francisco Bay,San Francisco,SFB Central Bay,San Leandro Bay,NA,
37.777828216552734,-122.38797760009766,False,-99.0,NOAA_01,33-1,NA,EIP,USA,San Francisco Bay,San Francisco Bay,San Francisco,SFB Central Bay,Mission Creek,NA,
37.77317810058594,-122.39478302001953,False,-99.0,NOAA_01,33-2,NA,EIG,USA,San Francisco Bay,San Francisco Bay,San Francisco,SFB Central Bay,Mission Creek,NA,
37.747230529785156,-122.3879165649414,False,-99.0,NOAA_01,33-3,NA,EIG,USA,San Francisco Bay,San Francisco Bay,San Francisco,SFB Central Bay,Islais Creek,NA,
37.72077941894531,-122.38063049316406,False,-99.0,NOAA_01,33-4,NA,ESP,USA,San Francisco Bay,San Francisco Bay,San Francisco,SFB Central Bay,San Francisco South Nearshore,NA,
37.71772003173828,-122.37428283691406,False,-99.0,NOAA_01,33-6,NA,ESP,USA,San Francisco Bay,San Francisco Bay,San Francisco,SFB Central Bay,San Francisco South Nearshore,NA,
37.633480072021484,-122.37629699707031,False,-99.0,NOAA_01,34-2,NA,ESS,USA,San Francisco Bay,San Francisco Bay,San Mateo,SFB Central Bay,SF Airport Nearshore,NA,
37.580169677734375,-122.26000213623047,False,-99.0,NOAA_01,34-4,NA,ESS,USA,San Francisco Bay,San Francisco Bay,San Mateo,SFB South Bay,San Mateo Bridge,NA,
37.69771957397461,-122.29057312011719,False,-99.0,NOAA_01,35-1,NA,ESC,USA,San Francisco Bay,San Francisco Bay,San Francisco,SFB Central Bay,Central Bay South,NA,
37.62786865234375,-122.31456756591797,False,-99.0,NOAA_01,35-4,NA,ESC,USA,San Francisco Bay,San Francisco Bay,San Francisco,SFB Central Bay,Central Bay South,NA,
37.60968017578125,-122.23503112792969,False,-99.0,NOAA_01,36-4,NA,ESS,USA,San Francisco Bay,San Francisco Bay,NA,SFB South Bay,San Mateo Bridge,NA,
37.5726203918457,-122.25148010253906,False,-99.0,NOAA_01,37-1,NA,ESS,USA,San Francisco Bay,San Francisco Bay,San Mateo,SFB South Bay,San Mateo Bridge,NA,
37.56193161010742,-122.23876953125,False,-99.0,NOAA_01,37-2,NA,EIS,USA,San Francisco Bay,San Francisco Bay,San Mateo,SFB South Bay,San Mateo Bridge,NA,
37.545570373535156,-122.19664764404297,False,-99.0,NOAA_01,37-3,NA,ESH,USA,San Francisco Bay,San Francisco Bay,San Mateo,SFB South Bay,Redwood City Bair Island Reserve,NA,
37.5737190246582,-122.2196273803711,False,-99.0,NOAA_01,38-2,NA,ESC,USA,San Francisco Bay,San Francisco Bay,Alameda,SFB South Bay,San Mateo Bridge,NA,
37.591880798339844,-122.19602966308594,False,-99.0,NOAA_01,39-2,NA,ESS,USA,San Francisco Bay,San Francisco Bay,NA,SFB South Bay,San Mateo Bridge,NA,
37.527469635009766,-122.13662719726562,False,-99.0,NOAA_01,39-3,NA,ESS,USA,San Francisco Bay,San Francisco Bay,San Mateo,SFB South Bay,South Bay,NA,
37.53303146362305,-122.1936264038086,False,-99.0,NOAA_01,40-1,NA,ESR,USA,San Francisco Bay,San Francisco Bay,San Mateo,Redwood City  Sloughs,Redwood City Bair Island Reserve Sloughs,NA,
38.133480072021484,-122.05280303955078,False,-99.0,NOAA_01,4-1,NA,EIS,USA,San Francisco Bay,San Francisco Bay,Solano,SFB Suisun Bay,Grizzly Bay,NA,
37.48741912841797,-122.10745239257812,False,-99.0,NOAA_01,41-1,NA,ESS,USA,San Francisco Bay,San Francisco Bay,San Mateo,SFB Lower South Bay,Lower South Bay,NA,
37.48030090332031,-122.0941162109375,False,-99.0,NOAA_01,41-2,NA,ESS,USA,San Francisco Bay,San Francisco Bay,San Mateo,SFB Lower South Bay,Lower South Bay,NA,
37.475669860839844,-122.07955169677734,False,-99.0,NOAA_01,41-3,NA,ESS,USA,San Francisco Bay,San Francisco Bay,San Mateo,SFB Lower South Bay,Lower South Bay,NA,
37.48834991455078,-122.086181640625,False,-99.0,NOAA_01,42-2,NA,ESC,USA,San Francisco Bay,San Francisco Bay,San Mateo,SFB Lower South Bay,Lower South Bay,NA,
38.105979919433594,-122.0325698852539,False,-99.0,NOAA_01,4-3,NA,ESS,USA,San Francisco Bay,San Francisco Bay,Solano,SFB Suisun Bay,Grizzly Bay,NA,
37.46664810180664,-122.01152038574219,False,-99.0,NOAA_01,43-1,NA,ESH,USA,San Francisco Bay,San Francisco Bay,Santa Clara,SFB Southern Sloughs,Southern Sloughs,NA,
37.46062088012695,-122.04222106933594,False,-99.0,NOAA_01,43-2,NA,ESH,USA,San Francisco Bay,San Francisco Bay,Santa Clara,SFB Southern Sloughs,Southern Sloughs,NA,
37.44070053100586,-122.00357818603516,False,-99.0,NOAA_01,44-3B,NA,EIH,USA,San Francisco Bay,San Francisco Bay,Santa Clara,SFB Southern Sloughs,Alviso Slough,NA,
37.54751968383789,-122.25122833251953,False,-99.0,NOAA_01,45-1,NA,EIR,USA,San Francisco Bay,San Francisco Bay,San Mateo,Redwood City  Sloughs,Redwood City Bair Island Reserve Sloughs,NA,
37.51430130004883,-122.19014739990234,False,-99.0,NOAA_01,45-2,NA,ESR,USA,San Francisco Bay,San Francisco Bay,San Mateo,Redwood City  Sloughs,Redwood City Bair Island Reserve Sloughs,NA,
37.47502899169922,-122.11167907714844,False,-99.0,NOAA_01,45-3,NA,ESS,USA,San Francisco Bay,San Francisco Bay,San Mateo,SFB Lower South Bay,Lower South Bay,NA,
37.56768035888672,-122.10859680175781,False,-99.0,NOAA_01,45-4,Union City Alameda Co Flood Control Channel,EIR,USA,San Francisco Bay,San Francisco Bay,Alameda,SFB Southern Sloughs,Coyote Hills Slough,NA,
37.44697189331055,-122.03587341308594,False,-99.0,NOAA_01,45-5,NA,EIS,USA,San Francisco Bay,San Francisco Bay,Santa Clara,SFB Southern Sloughs,Guadalupe Slough,NA,
38.0161018371582,-122.50157928466797,False,-99.0,NOAA_01,46-2,NA,EIR,USA,San Francisco Bay,San Francisco Bay,Marin,Novato & Miller Creek,Novato & Miller Creek,NA,
37.9423713684082,-122.52055358886719,False,-99.0,NOAA_01,46-5,NA,EIR,USA,San Francisco Bay,San Francisco Bay,Marin,Corte Madera Creek,Corte Madera Creek,NA,
37.88018035888672,-122.50360107421875,False,-99.0,NOAA_01,47-1,NA,ESG,USA,San Francisco Bay,San Francisco Bay,Marin,SFB Central Bay,Richardson Bay,NA,
37.87942123413086,-122.5052719116211,False,-99.0,NOAA_01,47-2,NA,ESG,USA,San Francisco Bay,San Francisco Bay,Marin,SFB Central Bay,Richardson Bay,NA,
37.83892822265625,-122.31378173828125,False,-99.0,NOAA_01,47-5A,NA,ESM,USA,San Francisco Bay,San Francisco Bay,San Francisco,SFB Central Bay,Emeryville Marina,NA,
38.056549072265625,-122.04512786865234,False,-99.0,NOAA_01,5-3,NA,ESS,USA,San Francisco Bay,San Francisco Bay,Contra Costa,SFB Suisun Bay,Suisun Bay,NA,
38.065521240234375,-121.96453094482422,False,-99.0,NOAA_01,5-4,NA,ESC,USA,San Francisco Bay,San Francisco Bay,Contra Costa,SFB Suisun Bay,Suisun Bay,NA,
38.06241989135742,-122.10952758789062,False,-99.0,NOAA_01,6-2,NA,ESC,USA,San Francisco Bay,San Francisco Bay,Contra Costa,SFB Suisun Bay,Suisun Bay,NA,
38.05147933959961,-122.11933135986328,False,-99.0,NOAA_01,6-3,NA,ESC,USA,San Francisco Bay,San Francisco Bay,Contra Costa,SFB Suisun Bay,Suisun Bay,NA,
38.05741882324219,-121.97756958007812,False,-99.0,NOAA_01,6-5,NA,ESC,USA,San Francisco Bay,San Francisco Bay,Contra Costa,SFB Suisun Bay,Suisun Bay,NA,
38.14780044555664,-122.0688705444336,False,-99.0,NOAA_01,7-2,NA,ESR,USA,San Francisco Bay,San Francisco Bay,Solano,Suisun Bay Sloughs,Suisun Montezuma Slough,NA,
38.147281646728516,-122.05905151367188,False,-99.0,NOAA_01,7-3,NA,ESR,USA,San Francisco Bay,San Francisco Bay,Solano,Suisun Bay Sloughs,Suisun Montezuma Slough,NA,
38.121421813964844,-122.06752014160156,False,-99.0,NOAA_01,7-5,NA,ESS,USA,San Francisco Bay,San Francisco Bay,Solano,SFB Suisun Bay,Grizzly Bay,NA,
38.06454849243164,-122.18907928466797,False,-99.0,NOAA_01,8-2,NA,ESS,USA,San Francisco Bay,San Francisco Bay,Solano,SFB Carquinez Strait,Carquinez,NA,
38.113380432128906,-122.27828216552734,False,-99.0,NOAA_01,9-1,NA,ESR,USA,San Francisco Bay,San Francisco Bay,Solano,Napa River,Napa River,NA,
38.070369720458984,-122.2491226196289,False,-99.0,NOAA_01,9-3,NA,ESR,USA,San Francisco Bay,San Francisco Bay,Solano,SFB Carquinez Strait,Napa River,NA,
0.0,0.0,False,-99.0,NOAA_01,CA00-0000,Bioassay Negative Control,CNG,NA,NA,NA,NA,NA,NA,NA,
0.0,0.0,False,-99.0,NOAA_01,R1NINL,"Reference #1 North Inlet, SC",CNG,NA,NA,NA,NA,NA,NA,NA,
0.0,0.0,False,-99.0,NOAA_01,R2LR34,"Reference #2-Redfish Bay,  TX",CNG,USA,NA,Copano Bay,Refugio,Copano Bay,Redfish Bay,NA,
0.0,0.0,False,-99.0,NOAA_01,R3AMPH,Reference - Redfish Bay,CNG,USA,NA,Copano Bay,Refugio,Copano Bay,Redfish Bay,NA,
33.26900100708008,-117.42400360107422,False,-99.0,NOAA_NST,SQ3799,NA,FAA,USA,San Diego,San Juan,San Diego,Santa Margarita River,Upland,NA,
33.266998291015625,-117.41500091552734,False,-99.0,NOAA_NST,SQ3800,NA,FAA,USA,San Diego,San Juan,San Diego,Santa Margarita River,Upland,NA,
33.26499938964844,-117.40599822998047,False,-99.0,NOAA_NST,SQ3801,NA,FAA,USA,San Diego,San Juan,San Diego,Santa Margarita River,Upland,NA,
32.380001068115234,-117.12200164794922,False,-99.0,NOAA_NST,SQ3867,NA,OAA,Mexico,NA,Pacific Ocean,Mexico,Pacific Ocean,Pacific Ocean,NA,
32.391998291015625,-117.11499786376953,False,-99.0,NOAA_NST,SQ3868,NA,OAA,Mexico,NA,Pacific Ocean,Mexico,Pacific Ocean,Pacific Ocean,NA,
32.40399932861328,-117.10900115966797,False,-99.0,NOAA_NST,SQ3869,NA,OAA,Mexico,NA,Pacific Ocean,Mexico,Pacific Ocean,Pacific Ocean,NA,
32.40999984741211,-117.08200073242188,False,-99.0,NOAA_NST,SQ3870,NA,OAA,Mexico,NA,Pacific Ocean,Mexico,Pacific Ocean,Pacific Ocean,NA,
32.4109992980957,-117.08300018310547,False,-99.0,NOAA_NST,SQ3871,NA,OAA,Mexico,NA,Pacific Ocean,Mexico,Pacific Ocean,Pacific Ocean,NA,
32.41299819946289,-117.08399963378906,False,-99.0,NOAA_NST,SQ3872,NA,OAA,Mexico,NA,Pacific Ocean,Mexico,Pacific Ocean,Pacific Ocean,NA,
33.44200134277344,-118.0780029296875,False,-99.0,NOAA_NST,SQ3873,NA,OAA,USA,Santa Ana,Pacific Ocean,Orange,Pacific Ocean,Pacific Ocean,NA,
33.441001892089844,-118.08000183105469,False,-99.0,NOAA_NST,SQ3874,NA,OAA,USA,Santa Ana,Pacific Ocean,Orange,Pacific Ocean,Pacific Ocean,NA,
33.439998626708984,-118.08100128173828,False,-99.0,NOAA_NST,SQ3875,NA,OAA,USA,Santa Ana,Pacific Ocean,Orange,Pacific Ocean,Pacific Ocean,NA,
33.5260009765625,-118.25499725341797,False,-99.0,NOAA_NST,SQ3876,NA,OAA,USA,Los Angeles,Pacific Ocean,Los Angeles,Pacific Ocean,Pacific Ocean,NA,
33.53200149536133,-118.25800323486328,False,-99.0,NOAA_NST,SQ3877,NA,OAA,USA,Los Angeles,Pacific Ocean,Los Angeles,Pacific Ocean,Pacific Ocean,NA,
33.5359992980957,-118.26200103759766,False,-99.0,NOAA_NST,SQ3878,NA,OAA,USA,Los Angeles,Pacific Ocean,Los Angeles,Pacific Ocean,Pacific Ocean,NA,
33.42100143432617,-118.15399932861328,False,-99.0,NOAA_NST,SQ3882,NA,OAA,USA,Santa Ana,Pacific Ocean,Orange,Pacific Ocean,Pacific Ocean,NA,
33.41999816894531,-118.15699768066406,False,-99.0,NOAA_NST,SQ3883,NA,OAA,USA,Santa Ana,Pacific Ocean,Orange,Pacific Ocean,Pacific Ocean,NA,
33.41899871826172,-118.16000366210938,False,-99.0,NOAA_NST,SQ3884,NA,OAA,USA,Santa Ana,Pacific Ocean,Orange,Pacific Ocean,Pacific Ocean,NA,
38.230499267578125,-122.96116638183594,False,-99.0,OAK_38III,C-NE ,Tomales Bay Control,CNG,USA,San Francisco Bay,Marin Coastal,Marin,Tomales Bay,Tomales Bay North,NA,
38.230499267578125,-122.96116638183594,False,-99.0,OAK_38III,C-NE-A,Tomales Bay Control,CNG,USA,San Francisco Bay,Marin Coastal,Marin,Tomales Bay,Tomales Bay North,NA,
37.80091094970703,-122.33697509765625,True,-99.0,OAK_38III,Comp I,Oakland Harbor Outer,ESP,USA,San Francisco Bay,San Francisco Bay,Alameda,SFB Central Bay,Oakland Harbor,POAK,
37.795074462890625,-122.31930541992188,True,-99.0,OAK_38III,Comp II,Oakland Harbor Inner,ESP,USA,San Francisco Bay,San Francisco Bay,Alameda,SFB Central Bay,Oakland Harbor,POAK,
37.79216384887695,-122.29618072509766,True,-99.0,OAK_38III,Comp III,Oakland Harbor Inner,ESP,USA,San Francisco Bay,San Francisco Bay,Alameda,SFB Central Bay,Oakland Harbor,POAK,
37.792755126953125,-122.2925796508789,True,-99.0,OAK_38III,Comp IV,Oakland Harbor Inner,ESP,USA,San Francisco Bay,San Francisco Bay,Alameda,SFB Central Bay,Oakland Harbor,POAK,
37.792816162109375,-122.27811431884766,True,-99.0,OAK_38III,Comp V,Oakland Harbor Inner,ESP,USA,San Francisco Bay,San Francisco Bay,Alameda,SFB Central Bay,Oakland Harbor,POAK,
37.79433059692383,-122.2809066772461,True,-99.0,OAK_38III,Comp VI,Oakland Harbor Inner,ESP,USA,San Francisco Bay,San Francisco Bay,Alameda,SFB Central Bay,Oakland Harbor,POAK,
48.06132888793945,-123.02217102050781,False,-99.0,OAK_38III,C-SB,"Sequim Bay, WA Control",CNG,USA,NA,Puget Sound,Jefferson,Puget Sound,Puget Sound,NA,
48.847171783447266,-122.66667175292969,False,-99.0,OAK_38III,C-WB,West Beach Control,CNG,USA,NA,Puget Sound,Island,Puget Sound,Puget Sound,NA,
37.79302978515625,-122.29080200195312,False,-99.0,OAK_38III,IC10,Oakland Harbor Inner,ESP,USA,San Francisco Bay,San Francisco Bay,Alameda,SFB Central Bay,Oakland Harbor,POAK,
37.79331970214844,-122.28923034667969,False,-99.0,OAK_38III,IC11,Oakland Harbor Inner,ESP,USA,San Francisco Bay,San Francisco Bay,Alameda,SFB Central Bay,Oakland Harbor,POAK,
37.79342269897461,-122.28760528564453,False,-99.0,OAK_38III,IC12,Oakland Harbor Inner,ESP,USA,San Francisco Bay,San Francisco Bay,Alameda,SFB Central Bay,Oakland Harbor,POAK,
37.79353332519531,-122.28599548339844,False,-99.0,OAK_38III,IC13,Oakland Harbor Inner,ESP,USA,San Francisco Bay,San Francisco Bay,Alameda,SFB Central Bay,Oakland Harbor,POAK,
37.793479919433594,-122.28340148925781,False,-99.0,OAK_38III,IC14,Oakland Harbor Inner,ESP,USA,San Francisco Bay,San Francisco Bay,Alameda,SFB Central Bay,Oakland Harbor,POAK,
37.79304504394531,-122.28102111816406,False,-99.0,OAK_38III,IC15,Oakland Harbor Inner,ESP,USA,San Francisco Bay,San Francisco Bay,Alameda,SFB Central Bay,Oakland Harbor,POAK,
37.79362869262695,-122.28096008300781,False,-99.0,OAK_38III,IC16,Oakland Harbor Inner,ESP,USA,San Francisco Bay,San Francisco Bay,Alameda,SFB Central Bay,Oakland Harbor,POAK,
37.79399490356445,-122.28099060058594,False,-99.0,OAK_38III,IC17,Oakland Harbor Inner,ESP,USA,San Francisco Bay,San Francisco Bay,Alameda,SFB Central Bay,Oakland Harbor,POAK,
37.792816162109375,-122.27811431884766,False,-99.0,OAK_38III,IC18,Oakland Harbor Inner,ESP,USA,San Francisco Bay,San Francisco Bay,Alameda,SFB Central Bay,Oakland Harbor,POAK,
37.80204391479492,-122.35025024414062,False,-99.0,OAK_38III,IC19,Oakland Harbor Outer,ESC,USA,San Francisco Bay,San Francisco Bay,Alameda,SFB Central Bay,Oakland Harbor,POAK,
37.79871368408203,-122.3348617553711,False,-99.0,OAK_38III,IC21,Oakland Harbor Outer,ESP,USA,San Francisco Bay,San Francisco Bay,Alameda,SFB Central Bay,Oakland Harbor,POAK,
37.79673767089844,-122.32656860351562,False,-99.0,OAK_38III,IC22,Oakland Harbor Outer,ESP,USA,San Francisco Bay,San Francisco Bay,Alameda,SFB Central Bay,Oakland Harbor,POAK,
37.7955322265625,-122.3210678100586,False,-99.0,OAK_38III,IC23,Oakland Harbor Outer,ESP,USA,San Francisco Bay,San Francisco Bay,Alameda,SFB Central Bay,Oakland Harbor,POAK,
37.79465866088867,-122.31764221191406,False,-99.0,OAK_38III,IC24,Oakland Harbor Inner,ESP,USA,San Francisco Bay,San Francisco Bay,Alameda,SFB Central Bay,Oakland Harbor,POAK,
37.79426956176758,-122.31612396240234,False,-99.0,OAK_38III,IC25,Oakland Harbor Inner,ESP,USA,San Francisco Bay,San Francisco Bay,Alameda,SFB Central Bay,Oakland Harbor,POAK,
37.79426956176758,-122.31612396240234,False,-99.0,OAK_38III,IC26,Oakland Harbor Outer,ESP,USA,San Francisco Bay,San Francisco Bay,Alameda,SFB Central Bay,Oakland Harbor,POAK,Coordinates from IC25
37.79364776611328,-122.3120346069336,False,-99.0,OAK_38III,IC27,Oakland Harbor Inner,ESP,USA,San Francisco Bay,San Francisco Bay,Alameda,SFB Central Bay,Oakland Harbor,POAK,
37.791133880615234,-122.30233764648438,False,-99.0,OAK_38III,IC28,Oakland Harbor Inner,EIP,USA,San Francisco Bay,San Francisco Bay,Alameda,SFB Central Bay,Oakland Harbor,POAK,
37.79121398925781,-122.2998046875,False,-99.0,OAK_38III,IC29,Oakland Harbor Inner,ESP,USA,San Francisco Bay,San Francisco Bay,Alameda,SFB Central Bay,Oakland Harbor,POAK,
37.80091094970703,-122.33697509765625,False,-99.0,OAK_38III,IC3,Oakland Harbor Outer,ESP,USA,San Francisco Bay,San Francisco Bay,Alameda,SFB Central Bay,Oakland Harbor,POAK,
37.79129409790039,-122.29727172851562,False,-99.0,OAK_38III,IC30,Oakland Harbor Inner,ESP,USA,San Francisco Bay,San Francisco Bay,Alameda,SFB Central Bay,Oakland Harbor,POAK,
37.79323196411133,-122.29426574707031,False,-99.0,OAK_38III,IC31,Oakland Harbor Inner,ESP,USA,San Francisco Bay,San Francisco Bay,Alameda,SFB Central Bay,Oakland Harbor,POAK,
37.793434143066406,-122.2930679321289,False,-99.0,OAK_38III,IC32,Oakland Harbor Inner,ESP,USA,San Francisco Bay,San Francisco Bay,Alameda,SFB Central Bay,Oakland Harbor,POAK,
37.79274368286133,-122.28988647460938,False,-99.0,OAK_38III,IC33,Oakland Harbor Inner,ESP,USA,San Francisco Bay,San Francisco Bay,Alameda,SFB Central Bay,Oakland Harbor,POAK,
37.79288101196289,-122.28794860839844,False,-99.0,OAK_38III,IC34,Oakland Harbor Inner,ESP,USA,San Francisco Bay,San Francisco Bay,Alameda,SFB Central Bay,Oakland Harbor,POAK,
37.79433059692383,-122.2809066772461,False,-99.0,OAK_38III,IC35,Oakland Harbor Inner,ESP,USA,San Francisco Bay,San Francisco Bay,Alameda,SFB Central Bay,Oakland Harbor,POAK,
37.795074462890625,-122.31930541992188,False,-99.0,OAK_38III,IC5,Oakland Harbor Inner,ESP,USA,San Francisco Bay,San Francisco Bay,Alameda,SFB Central Bay,Oakland Harbor,POAK,
37.79216384887695,-122.29618072509766,False,-99.0,OAK_38III,IC8,Oakland Harbor Inner,ESP,USA,San Francisco Bay,San Francisco Bay,Alameda,SFB Central Bay,Oakland Harbor,POAK,
37.792755126953125,-122.2925796508789,False,-99.0,OAK_38III,IC9,Oakland Harbor Inner,ESP,USA,San Francisco Bay,San Francisco Bay,Alameda,SFB Central Bay,Oakland Harbor,POAK,
37.82167053222656,-122.4241714477539,True,-99.0,OAK_38III,R-AC,Alcatraz Reference Site,ESC,USA,San Francisco Bay,San Francisco Bay,San Francisco,SFB Central Bay,Alcatraz,NA,Missing Vol. 1 of study
37.821170806884766,-122.43132781982422,True,-99.0,OAK_38III,R-AM,Alcatraz Reference Site,ESC,USA,San Francisco Bay,San Francisco Bay,San Francisco,SFB Central Bay,Alcatraz,NA,Missing Vol. 1 of study
37.734500885009766,-122.29199981689453,True,-99.0,OAK_38III,R-BF,Bay Farm Reference,ESS,USA,San Francisco Bay,San Francisco Bay,San Francisco,SFB Central Bay,Central Bay South,NA,Missing Vol. 1 of study
37.39767074584961,-123.260498046875,True,-99.0,OAK_38III,R-OS,Ocean Reference Site West of SFB,OAA,USA,San Francisco Bay,Pacific Ocean,NA,Pacific Ocean,Pacific Ocean,NA,Missing Vol. 1 of study
37.816001892089844,-123.01567077636719,True,-99.0,OAK_38III,R-PC,Ocean Reference Site South of Point Reyes,OAA,USA,San Francisco Bay,Pacific Ocean,Marin,Pacific Ocean,Point Reyes South,NA,Missing Vol. 1 of study
37.90082931518555,-122.95133209228516,True,-99.0,OAK_38III,R-PF,Ocean Reference Site South of Point Reyes,OAA,USA,San Francisco Bay,Pacific Ocean,Marin,Pacific Ocean,Point Reyes South,NA,Missing Vol. 1 of study
37.7933235168457,-122.28922271728516,True,-99.0,OAK_42IIIA_92,AC-1,Oakland Harbor Inner,ESP,USA,San Francisco Bay,San Francisco Bay,Alameda,SFB Central Bay,Oakland Harbor,POAK,
37.81333923339844,-122.33125305175781,True,-99.0,OAK_42IIIA_92,AC-3,Oakland Harbor Outer,ESP,USA,San Francisco Bay,San Francisco Bay,Alameda,SFB Central Bay,Oakland Harbor,POAK,Location taken from Station O-C6.
37.82167053222656,-122.4241714477539,False,-99.0,OAK_42IIIA_92,Alcatraz-1,Alcatraz Reference Site,ESU,USA,San Francisco Bay,San Francisco Bay,San Francisco,SFB Central Bay,Alcatraz,NA,
37.82167053222656,-122.4241714477539,False,-99.0,OAK_42IIIA_92,Alcatraz-2,Alcatraz Reference Site,ESU,USA,San Francisco Bay,San Francisco Bay,San Francisco,SFB Central Bay,Alcatraz,NA,
37.793617248535156,-122.28097534179688,True,-99.0,OAK_42IIIA_92,BC-3,Oakland Harbor Inner,ESP,USA,San Francisco Bay,San Francisco Bay,Alameda,SFB Central Bay,Oakland Harbor,POAK,
37.79302215576172,-122.29080200195312,True,-99.0,OAK_42IIIA_92,BC-4,Oakland Harbor Inner,ESP,USA,San Francisco Bay,San Francisco Bay,Alameda,SFB Central Bay,Oakland Harbor,POAK,
38.22999954223633,-122.96666717529297,False,-99.0,OAK_42IIIA_92,C-NE,Tomales Bay Control,CNG,USA,San Francisco Bay,Marin Coastal,Marin,Tomales Bay,Tomales Bay North,NA,
48.06132888793945,-123.02217102050781,False,-99.0,OAK_42IIIA_92,C-SB,"Sequim Bay, WA Control",CNG,USA,NA,Puget Sound,Jefferson,Puget Sound,Puget Sound,NA,
48.39716720581055,-122.66666412353516,False,-99.0,OAK_42IIIA_92,C-WB,"Whidbey Island, WA Control",CNG,USA,NA,Puget Sound,Island,Puget Sound,Puget Sound,NA,
37.79302215576172,-122.29080200195312,False,-99.0,OAK_42IIIA_92,I-C10,Oakland Harbor Inner,ESP,USA,San Francisco Bay,San Francisco Bay,Alameda,SFB Central Bay,Oakland Harbor,POAK,
37.7933235168457,-122.28922271728516,False,-99.0,OAK_42IIIA_92,I-C11,Oakland Harbor Inner,ESP,USA,San Francisco Bay,San Francisco Bay,Alameda,SFB Central Bay,Oakland Harbor,POAK,
37.793426513671875,-122.28759765625,False,-99.0,OAK_42IIIA_92,I-C12,Oakland Harbor Inner,ESP,USA,San Francisco Bay,San Francisco Bay,Alameda,SFB Central Bay,Oakland Harbor,POAK,
37.793487548828125,-122.28343200683594,False,-99.0,OAK_42IIIA_92,I-C14,Oakland Harbor Inner,ESP,USA,San Francisco Bay,San Francisco Bay,Alameda,SFB Central Bay,Oakland Harbor,POAK,
37.793052673339844,-122.28105163574219,False,-99.0,OAK_42IIIA_92,I-C15,Oakland Harbor Inner,ESP,USA,San Francisco Bay,San Francisco Bay,Alameda,SFB Central Bay,Oakland Harbor,POAK,
37.793617248535156,-122.28097534179688,False,-99.0,OAK_42IIIA_92,I-C16,Oakland Harbor Inner,ESP,USA,San Francisco Bay,San Francisco Bay,Alameda,SFB Central Bay,Oakland Harbor,POAK,
37.79402160644531,-122.28099060058594,False,-99.0,OAK_42IIIA_92,I-C17,Oakland Harbor Inner,ESP,USA,San Francisco Bay,San Francisco Bay,Alameda,SFB Central Bay,Oakland Harbor,POAK,
37.792823791503906,-122.27811431884766,False,-99.0,OAK_42IIIA_92,I-C18,Oakland Harbor Inner,ESP,USA,San Francisco Bay,San Francisco Bay,Alameda,SFB Central Bay,Oakland Harbor,POAK,
37.8009033203125,-122.33696746826172,False,-99.0,OAK_42IIIA_92,I-C3,Oakland Harbor Outer,ESP,USA,San Francisco Bay,San Francisco Bay,Alameda,SFB Central Bay,Oakland Harbor,POAK,
37.798831939697266,-122.3305435180664,False,-99.0,OAK_42IIIA_92,I-C4,Oakland Harbor Outer,ESP,USA,San Francisco Bay,San Francisco Bay,Alameda,SFB Central Bay,Oakland Harbor,POAK,
37.79507827758789,-122.31932830810547,False,-99.0,OAK_42IIIA_92,I-C5,Oakland Harbor Inner,ESP,USA,San Francisco Bay,San Francisco Bay,Alameda,SFB Central Bay,Oakland Harbor,POAK,
37.79286193847656,-122.3000717163086,False,-99.0,OAK_42IIIA_92,I-C7,Oakland Harbor Inner,ESP,USA,San Francisco Bay,San Francisco Bay,Alameda,SFB Central Bay,Oakland Harbor,POAK,
37.79216384887695,-122.29618835449219,False,-99.0,OAK_42IIIA_92,I-C8,Oakland Harbor Inner,ESP,USA,San Francisco Bay,San Francisco Bay,Alameda,SFB Central Bay,Oakland Harbor,POAK,
37.792762756347656,-122.29259490966797,False,-99.0,OAK_42IIIA_92,I-C9,Oakland Harbor Inner,ESP,USA,San Francisco Bay,San Francisco Bay,Alameda,SFB Central Bay,Oakland Harbor,POAK,
37.79414749145508,-122.29124450683594,False,-99.0,OAK_42IIIA_92,I-S1,Oakland Harbor Inner,ESP,USA,San Francisco Bay,San Francisco Bay,Alameda,SFB Central Bay,Oakland Harbor,POAK,
37.791770935058594,-122.29120635986328,False,-99.0,OAK_42IIIA_92,I-T1,Oakland Harbor Inner,ESP,USA,San Francisco Bay,San Francisco Bay,Alameda,SFB Central Bay,Oakland Harbor,POAK,
37.792232513427734,-122.2894287109375,False,-99.0,OAK_42IIIA_92,I-T3,Oakland Harbor Inner,ESP,USA,San Francisco Bay,San Francisco Bay,Alameda,SFB Central Bay,Oakland Harbor,POAK,
37.792259216308594,-122.28854370117188,False,-99.0,OAK_42IIIA_92,I-T5,Oakland Harbor Inner,ESP,USA,San Francisco Bay,San Francisco Bay,Alameda,SFB Central Bay,Oakland Harbor,POAK,
37.82167053222656,-122.4241714477539,True,-99.0,OAK_42IIIA_92,R-AC,Alcatraz Reference Site,ESU,USA,San Francisco Bay,San Francisco Bay,San Francisco,SFB Central Bay,Alcatraz,NA,
37.8138313293457,-122.43132781982422,True,-99.0,OAK_42IIIA_92,R-AM,Alcatraz Reference - Environs,ESC,USA,San Francisco Bay,San Francisco Bay,San Francisco,SFB Central Bay,Alcatraz,NA,
37.740169525146484,-122.28032684326172,True,-99.0,OAK_42IIIA_92,R-BF,Bay Farm Reference,ESC,USA,San Francisco Bay,San Francisco Bay,San Francisco,SFB Central Bay,Central Bay South,NA,
37.40116882324219,-123.2481689453125,True,-99.0,OAK_42IIIA_92,R-OS,Ocean Reference Site West of SFB,OAA,USA,San Francisco Bay,Pacific Ocean,NA,Pacific Ocean,Pacific Ocean,NA,
37.901668548583984,-122.95133209228516,True,-99.0,OAK_42IIIA_92,R-PC,Ocean Reference Site South of Point Reyes,OAA,USA,San Francisco Bay,Pacific Ocean,Marin,Pacific Ocean,Point Reyes South,NA,
37.88383102416992,-123.03050231933594,True,-99.0,OAK_42IIIA_92,R-PF,Ocean Reference Site South of Point Reyes,OAA,USA,San Francisco Bay,Pacific Ocean,Marin,Pacific Ocean,Point Reyes South,NA,
37.81119918823242,-122.3230209350586,True,-99.0,OAK_42IIIB,BC5Comp,Oakland Harbor Outer,ESP,USA,San Francisco Bay,San Francisco Bay,Alameda,SFB Central Bay,Oakland Harbor,POAK,OC8 Lat/Long
37.80567169189453,-122.34857940673828,True,-99.0,OAK_42IIIB,BC6Comp,Oakland Harbor Outer,ESC,USA,San Francisco Bay,San Francisco Bay,Alameda,SFB Central Bay,Oakland Harbor,POAK,OC3 Lat/Long
37.82012176513672,-122.31244659423828,True,-99.0,OAK_42IIIB,BC7Comp,Oakland Harbor Outer,ESP,USA,San Francisco Bay,San Francisco Bay,Alameda,SFB Central Bay,Oakland Harbor,POAK,OC12 Lat/Long
37.80744171142578,-122.34382629394531,True,-99.0,OAK_42IIIB,BC8Comp,Oakland Harbor Outer,ESP,USA,San Francisco Bay,San Francisco Bay,Alameda,SFB Central Bay,Oakland Harbor,POAK,OC4 Lat/Long
38.230499267578125,-122.96119689941406,False,-99.0,OAK_42IIIB,CNE,Tomales Bay Control,CNG,USA,San Francisco Bay,Marin Coastal,Marin,Tomales Bay,Tomales Bay North,NA,N. caecoides
48.06132888793945,-123.02217102050781,False,-99.0,OAK_42IIIB,CSB,"Sequim Bay, WA Control",CNG,USA,NA,Puget Sound,Jefferson,Puget Sound,Puget Sound,NA,
38.230499267578125,-122.96119689941406,False,-99.0,OAK_42IIIB,CSD,Tomales Bay Control,CNG,USA,San Francisco Bay,Marin Coastal,Marin,Tomales Bay,Tomales Bay North,NA,C. stigmaeus
48.847171783447266,-122.66667175292969,False,-99.0,OAK_42IIIB,CWB,West Beach Control,CNG,USA,NA,Puget Sound,Island,Puget Sound,Puget Sound,NA,R. abronius
37.802040100097656,-122.33866119384766,False,-99.0,OAK_42IIIB,I-C2,Oakland Harbor Outer,ESP,USA,San Francisco Bay,San Francisco Bay,Alameda,SFB Central Bay,Oakland Harbor,POAK,Used laser/range azimuth pos. system
37.800960540771484,-122.33589935302734,False,-99.0,OAK_42IIIB,I-C3,Oakland Harbor Outer,ESP,USA,San Francisco Bay,San Francisco Bay,Alameda,SFB Central Bay,Oakland Harbor,POAK,Used laser/range azimuth pos. system
37.79888153076172,-122.32937622070312,False,-99.0,OAK_42IIIB,I-C4,Oakland Harbor Outer,ESP,USA,San Francisco Bay,San Francisco Bay,Alameda,SFB Central Bay,Oakland Harbor,POAK,Used laser/range azimuth pos. system
37.79222869873047,-122.29511260986328,False,-99.0,OAK_42IIIB,I-C8,Oakland Harbor Inner,ESP,USA,San Francisco Bay,San Francisco Bay,Alameda,SFB Central Bay,Oakland Harbor,POAK,Used laser/range azimuth pos. system
37.79233932495117,-122.28746032714844,False,-99.0,OAK_42IIIB,I-T5,Oakland Harbor Inner,ESP,USA,San Francisco Bay,San Francisco Bay,Alameda,SFB Central Bay,Oakland Harbor,POAK,Used laser/range azimuth pos. system
37.801761627197266,-122.35460662841797,False,-99.0,OAK_42IIIB,O-C1,Oakland Harbor Outer,ESC,USA,San Francisco Bay,San Francisco Bay,Alameda,SFB Central Bay,Oakland Harbor,POAK,Used laser/range azimuth pos. system
37.817291259765625,-122.31690979003906,False,-99.0,OAK_42IIIB,O-C10,Oakland Harbor Outer,ESP,USA,San Francisco Bay,San Francisco Bay,Alameda,SFB Central Bay,Oakland Harbor,POAK,Used laser/range azimuth pos. system
37.821189880371094,-122.3143081665039,False,-99.0,OAK_42IIIB,O-C11,Oakland Harbor Outer,ESP,USA,San Francisco Bay,San Francisco Bay,Alameda,SFB Central Bay,Oakland Harbor,POAK,Used laser/range azimuth pos. system
37.82012176513672,-122.31244659423828,False,-99.0,OAK_42IIIB,O-C12,Oakland Harbor Outer,ESP,USA,San Francisco Bay,San Francisco Bay,Alameda,SFB Central Bay,Oakland Harbor,POAK,Used laser/range azimuth pos. system
37.82024002075195,-122.3083724975586,False,-99.0,OAK_42IIIB,O-C13,Oakland Harbor Outer,EIP,USA,San Francisco Bay,San Francisco Bay,Alameda,SFB Central Bay,Oakland Harbor,POAK,Used laser/range azimuth pos. system
37.80466842651367,-122.35176086425781,False,-99.0,OAK_42IIIB,O-C2,Oakland Harbor Outer,ESC,USA,San Francisco Bay,San Francisco Bay,Alameda,SFB Central Bay,Oakland Harbor,POAK,Used laser/range azimuth pos. system
37.80567169189453,-122.34857940673828,False,-99.0,OAK_42IIIB,O-C3,Oakland Harbor Outer,ESC,USA,San Francisco Bay,San Francisco Bay,Alameda,SFB Central Bay,Oakland Harbor,POAK,Used laser/range azimuth pos. system
37.80744171142578,-122.34382629394531,False,-99.0,OAK_42IIIB,O-C4,Oakland Harbor Outer,ESP,USA,San Francisco Bay,San Francisco Bay,Alameda,SFB Central Bay,Oakland Harbor,POAK,Used laser/range azimuth pos. system
37.81081008911133,-122.33577728271484,False,-99.0,OAK_42IIIB,O-C5,Oakland Harbor Outer,ESP,USA,San Francisco Bay,San Francisco Bay,Alameda,SFB Central Bay,Oakland Harbor,POAK,Used laser/range azimuth pos. system
37.813419342041016,-122.33014678955078,False,-99.0,OAK_42IIIB,O-C6,Oakland Harbor Outer,ESP,USA,San Francisco Bay,San Francisco Bay,Alameda,SFB Central Bay,Oakland Harbor,POAK,Used laser/range azimuth pos. system
37.81391143798828,-122.32673645019531,False,-99.0,OAK_42IIIB,O-C7,Oakland Harbor Outer,ESP,USA,San Francisco Bay,San Francisco Bay,Alameda,SFB Central Bay,Oakland Harbor,POAK,Used laser/range azimuth pos. system
37.81119918823242,-122.3230209350586,False,-99.0,OAK_42IIIB,O-C8,Oakland Harbor Outer,ESP,USA,San Francisco Bay,San Francisco Bay,Alameda,SFB Central Bay,Oakland Harbor,POAK,Used laser/range azimuth pos. system
37.81401824951172,-122.31902313232422,False,-99.0,OAK_42IIIB,O-C9,Oakland Harbor Outer,ESP,USA,San Francisco Bay,San Francisco Bay,Alameda,SFB Central Bay,Oakland Harbor,POAK,Used laser/range azimuth pos. system
37.81917190551758,-122.42250061035156,True,-99.0,OAK_42IIIB,R-AC,Alcatraz Reference Site,ESC,USA,San Francisco Bay,San Francisco Bay,San Francisco,SFB Central Bay,Alcatraz,NA,Range Rader
37.81766891479492,-122.44000244140625,True,-99.0,OAK_42IIIB,R-AM,Alcatraz Reference Site,ESC,USA,San Francisco Bay,San Francisco Bay,San Francisco,SFB Central Bay,Alcatraz,NA,Range Rader
37.74066925048828,-122.27950286865234,True,-99.0,OAK_42IIIB,R-BF,Bay Farm Reference,ESC,USA,San Francisco Bay,San Francisco Bay,San Francisco,SFB Central Bay,Central Bay South,NA,Range Rader
37.410831451416016,-123.25167083740234,True,-99.0,OAK_42IIIB,R-OS,Ocean Reference Site West of SFB,OAA,USA,San Francisco Bay,Pacific Ocean,NA,Pacific Ocean,Pacific Ocean,NA,Range Rader
37.816001892089844,-123.01499938964844,True,-99.0,OAK_42IIIB,R-PC,Ocean Reference Site South of Point Reyes,OAA,USA,San Francisco Bay,Pacific Ocean,Marin,Pacific Ocean,Point Reyes South,NA,Range Rader
37.901329040527344,-122.95033264160156,True,-99.0,OAK_42IIIB,R-PF,Ocean Reference Site South of Point Reyes,OAA,USA,San Francisco Bay,Pacific Ocean,Marin,Pacific Ocean,Point Reyes South,NA,Range Rader
33.51470184326172,-117.74829864501953,False,-99.0,OC9097,CX0001,ALISO CREEK AT GOLF COURSE,FAA,USA,Santa Ana,San Juan,Orange,Aliso Creek,Aliso Creek,NA,
33.652400970458984,-117.7488021850586,False,-99.0,OC9097,CX0002,AGUA CHINON WASH AT IRVINE CENTER DRIVE,FAA,USA,Santa Ana,Santa Ana River,Orange,San Diego Creek,Agua Chinon Wash,NA,
33.69169998168945,-117.8230972290039,False,-99.0,OC9097,CX0003,PETERS CANYON CHANNEL AT BARRANCA ROAD BRIDGE,FAA,USA,Santa Ana,Santa Ana River,Orange,San Diego Creek,Peters Canyon,NA,
33.69889831542969,-118.04889678955078,False,-99.0,OC9097,CX0004,AT OLD LAUNCH RAMP,ESM,USA,Santa Ana,Santa Ana River,Orange,Bolsa Bay,Bolsa Chica,NA,
33.67919921875,-117.83540344238281,False,-99.0,OC9097,CX0005,ON MAIN JUST SOUTH OF BRCF09,FAA,USA,Santa Ana,Santa Ana River,Orange,San Diego Creek,San Diego Creek,NA,
33.65140151977539,-117.86060333251953,False,-99.0,OC9097,CX0007,AT SAN DIEGO CREEK CONFLUENCE,FAA,USA,Santa Ana,Santa Ana River,Orange,San Diego Creek,San Diego Creek,NA,
33.65599822998047,-117.7562026977539,False,-99.0,OC9097,CX0009,BEE CANYON WASH AT ALTON/PACIFICA,FAA,USA,Santa Ana,Santa Ana River,Orange,San Diego Creek,Bee Canyon Wash,NA,
33.68190002441406,-117.83830261230469,False,-99.0,OC9097,CX0010,"AT JAMBOREE,NORTH OF MAIN",FAA,USA,Santa Ana,Santa Ana River,Orange,San Diego Creek,San Diego Creek,NA,
33.7036018371582,-117.77079772949219,False,-99.0,OC9097,CX0012,MONTTORED BY THE IRVINE COMPANY,FAA,USA,Santa Ana,Santa Ana River,Orange,San Diego Creek,Upland,NA,
33.459999084472656,-117.69529724121094,False,-99.0,OC9097,CX0014,"EAST BASIN, MIDSTREAM, MIDBASIN",ESM,USA,Santa Ana,Dana Point,Orange,Dana Point Harbor,Dana Point Harbor,NA,
33.46390151977539,-117.69170379638672,False,-99.0,OC9097,CX0015,DANA PT HARBOR LAUNCH RAMP BY STORMDRAIN OUTLET,ESM,USA,Santa Ana,Dana Point,Orange,Dana Point Harbor,Dana Point Harbor,NA,
33.46139907836914,-117.69170379638672,False,-99.0,OC9097,CX0016,EAST OF LAUNCH RAMP - MIDCHANNEL,ESM,USA,Santa Ana,Dana Point,Orange,Dana Point Harbor,Dana Point Harbor,NA,
33.46189880371094,-117.70439910888672,False,-99.0,OC9097,CX0017,100 YARDS SOUTH OF OLD PIER,ESM,USA,Santa Ana,Dana Point,Orange,Dana Point Harbor,Dana Point Harbor,NA,
33.460601806640625,-117.70030212402344,False,-99.0,OC9097,CX0018,"WEST BASIN, MIDCHANNEL, MIDBASIN",ESM,USA,Santa Ana,Dana Point,Orange,Dana Point Harbor,Dana Point Harbor,NA,
33.72420120239258,-117.76689910888672,False,-99.0,OC9097,CX0020,AT CULVER BOULEVARD,FAA,USA,Santa Ana,Santa Ana River,Orange,San Diego Creek,Upland,NA,
33.710601806640625,-117.74749755859375,False,-99.0,OC9097,CX0021,JEFFREY ROAD AT HINES NURSERY,FAA,USA,Santa Ana,Santa Ana River,Orange,San Diego Creek,Upland,NA,
33.72669982910156,-118.07360076904297,False,-99.0,OC9097,CX0022,ENTRANCE OF BOLSA CHICA CHANNEL,ESM,USA,Santa Ana,Santa Ana River,Orange,Huntington Harbor,Huntington Harbor,NA,
33.72249984741211,-118.05580139160156,False,-99.0,OC9097,CX0023,"CHRISTIANA BAY, MIDBASIN",ESM,USA,Santa Ana,Santa Ana River,Orange,Huntington Harbor,Huntington Harbor,NA,
33.712501525878906,-118.05940246582031,False,-99.0,OC9097,CX0025,100 YARDS NORTH OF WARNER AVENUE,ESM,USA,Santa Ana,Santa Ana River,Orange,Huntington Harbor,Huntington Harbor,NA,
33.6781005859375,-117.8427963256836,False,-99.0,OC9097,CX0028,UPSTREAM OF F08-F05 CONFLUENCE,FAA,USA,Santa Ana,Santa Ana River,Orange,San Diego Creek,San Diego Creek,NA,
33.60580062866211,-117.9030990600586,False,-99.0,OC9097,CX0030,MIDCHANNEL NORTH OF BAY ISLE,ESM,USA,Santa Ana,Santa Ana River,Orange,Newport Bay,Newport Bay,NA,
33.61140060424805,-117.92610168457031,False,-99.0,OC9097,CX0031,"MIDCHANNEL, EAST OF 28TH STREET",ESM,USA,Santa Ana,Santa Ana River,Orange,Newport Bay,Rhine Channel,NA,
33.61859893798828,-117.92469787597656,False,-99.0,OC9097,CX0032,MIDBASIN E OF NEWPORT BRIDGE,ESM,USA,Santa Ana,Santa Ana River,Orange,Newport Bay,Newport Bay,NA,
33.558101654052734,-117.67579650878906,False,-99.0,OC9097,CX0039,AT CROWN VALLEY PARKWAY BRIDGE,FAA,USA,Santa Ana,San Juan,Orange,Oso Creek,Oso Creek,NA,
33.432498931884766,-117.63140106201172,False,-99.0,OC9097,CX0040,PRIMA DESCHECHA CHANNEL AT CALLE GRANDE VISTA,FAA,USA,Santa Ana,San Juan,Orange,Deschecha Channel,Prima Deschecha Channel,NA,
33.70830154418945,-117.75,False,-99.0,OC9097,CX0041,AT JEFFREY ROAD,FAA,USA,Santa Ana,Santa Ana River,Orange,San Diego Creek,Upland,NA,
33.747798919677734,-117.67440032958984,False,-99.0,OC9097,CX0043,SANTIAGO CANYON ROAD BRIDGE,FAA,USA,Santa Ana,Santa Ana River,Orange,Santa Ana River,Santiago Creek,NA,
33.85499954223633,-117.79139709472656,False,-99.0,OC9097,CX0044,AT IMPERIAL HWY BRIDGE,FAA,USA,Santa Ana,Santa Ana River,Orange,Santa Ana River,Santa Ana River,NA,
33.542198181152344,-117.70330047607422,False,-99.0,OC9097,CX0045,U/S LAKE AT BRIDGE,FAA,USA,Santa Ana,San Juan,Orange,Aliso Creek,Aliso Creek,NA,
33.65829849243164,-117.82779693603516,False,-99.0,OC9097,CX0046,"CULVER AT UNIVERSITY, IRVINE",FAA,USA,Santa Ana,Santa Ana River,Orange,San Diego Creek,San Diego Creek,NA,
33.54999923706055,-117.71109771728516,False,-99.0,OC9097,CX0047,D/S SULPHER CREEK DAM IN PARK,FAA,USA,Santa Ana,San Juan,Orange,Aliso Creek,Aliso Creek,NA,
33.655601501464844,-117.8447036743164,False,-99.0,OC9097,CX0049,CAMPUS DRIVE BRIDGE,FAA,USA,Santa Ana,Santa Ana River,Orange,San Diego Creek,San Diego Creek,NA,
33.43280029296875,-117.63079833984375,False,-99.0,OC9097,CX0050,AT EL CAMINO REAL BRIDGE,FAA,USA,Santa Ana,San Juan,Orange,Deschecha Channel,Prima Deschecha Channel,NA,
33.65010070800781,-117.70580291748047,False,-99.0,OC9097,CX0051,SERRANO CHANNEL AT ALTON PARKWAY,FAA,USA,Santa Ana,Santa Ana River,Orange,Santa Ana River,Serrano Channel,NA,
33.75189971923828,-117.67060089111328,False,-99.0,OC9097,CX0052,N/SILVERADO AND BLK STAR CYN RDS,FAA,USA,Santa Ana,Santa Ana River,Orange,Santa Ana River,Silverado Creek,NA,
33.467498779296875,-117.68080139160156,False,-99.0,OC9097,CX0053,U/S PACIFIC COAST HIGHWAY,FAA,USA,Santa Ana,San Juan,Orange,San Juan Creek,San Juan Creek,NA,
33.50360107421875,-117.64610290527344,False,-99.0,OC9097,CX0054,SAN JUAN CREEK AT LA NOVIA,FAA,USA,Santa Ana,San Juan,Orange,San Juan Creek,San Juan Creek,NA,
33.590301513671875,-117.50140380859375,False,-99.0,OC9097,CX0055,0.7 MILES PAST NICHOLS INSTITUTE ROAD D/S BRIDGE,FAA,USA,Santa Ana,San Juan,Orange,San Juan Creek,San Juan Creek,NA,
33.497501373291016,-117.66500091552734,False,-99.0,OC9097,CX0056,DEL OBISPO STREET BRIDGE,FAA,USA,Santa Ana,San Juan,Orange,San Juan Creek,San Juan Creek,NA,
33.63249969482422,-117.88610076904297,False,-99.0,OC9097,CX0057,100 YDS WEST OF BIG CANYON WASH,EIU,USA,Santa Ana,Santa Ana River,Orange,Newport Bay,Newport Bay,NA,
33.64979934692383,-117.86830139160156,False,-99.0,OC9097,CX0059,NORTH OF UNBSDC AT SAN DIEGO CRK ENTRANCE,EIU,USA,Santa Ana,Santa Ana River,Orange,Newport Bay,Newport Bay,NA,
33.61830139160156,-117.89219665527344,False,-99.0,OC9097,CX0060,N OF BUOYS AT NEWPORT DUNES BCH,ESM,USA,Santa Ana,Santa Ana River,Orange,Newport Bay,Newport Bay,NA,
33.63779830932617,-117.88809967041016,False,-99.0,OC9097,CX0062,SOUTH OF SAN DIEGO CRK ENTRANCE,ESS,USA,Santa Ana,Santa Ana River,Orange,Newport Bay,Newport Bay,NA,
33.681400299072266,-117.79859924316406,False,-99.0,OC9097,CX0063,SAN DIEGO CREEK AT WEST YALE LOOP BRIDGE,FAA,USA,Santa Ana,Santa Ana River,Orange,San Diego Creek,San Diego Creek,NA,
33.10919952392578,-117.34639739990234,False,-99.0,ODES_EN,N03863,NA,OAA,USA,San Diego,Pacific Ocean,San Diego,Pacific Ocean,Pacific Ocean,NA,
33.10919952392578,-117.34639739990234,False,-99.0,ODES_EN,N03864,NA,OAA,USA,San Diego,Pacific Ocean,San Diego,Pacific Ocean,Pacific Ocean,NA,
33.11000061035156,-117.3467025756836,False,-99.0,ODES_EN,N03868,NA,OAA,USA,San Diego,Pacific Ocean,San Diego,Pacific Ocean,Pacific Ocean,NA,
33.11000061035156,-117.3467025756836,False,-99.0,ODES_EN,N03869,NA,OAA,USA,San Diego,Pacific Ocean,San Diego,Pacific Ocean,Pacific Ocean,NA,
33.10940170288086,-117.34439849853516,False,-99.0,ODES_EN,N03874,NA,OAA,USA,San Diego,Pacific Ocean,San Diego,Pacific Ocean,Pacific Ocean,NA,
33.10689926147461,-117.3458023071289,False,-99.0,ODES_EN,N03875,NA,OAA,USA,San Diego,Pacific Ocean,San Diego,Pacific Ocean,Pacific Ocean,NA,
33.1150016784668,-117.3488998413086,False,-99.0,ODES_EN,N03881,NA,OAA,USA,San Diego,Pacific Ocean,San Diego,Pacific Ocean,Pacific Ocean,NA,
33.11220169067383,-117.3478012084961,False,-99.0,ODES_EN,N03882,NA,OAA,USA,San Diego,Pacific Ocean,San Diego,Pacific Ocean,Pacific Ocean,NA,
33.10810089111328,-117.32720184326172,False,-99.0,ODES_EN,N03885,NA,OAA,USA,San Diego,Pacific Ocean,San Diego,Pacific Ocean,Pacific Ocean,NA,
33.119998931884766,-117.33419799804688,False,-99.0,ODES_EN,N03888,NA,OAA,USA,San Diego,Pacific Ocean,San Diego,Pacific Ocean,Pacific Ocean,NA,
33.07830047607422,-117.33360290527344,False,-99.0,ODES_EN,N03893,NA,OAA,USA,San Diego,Pacific Ocean,San Diego,Pacific Ocean,Pacific Ocean,NA,
33.07830047607422,-117.33360290527344,False,-99.0,ODES_EN,N03894,NA,OAA,USA,San Diego,Pacific Ocean,San Diego,Pacific Ocean,Pacific Ocean,NA,
33.14360046386719,-117.36920166015625,False,-99.0,ODES_EN,N03900,NA,OAA,USA,San Diego,Pacific Ocean,San Diego,Pacific Ocean,Pacific Ocean,NA,
33.14189910888672,-117.36940002441406,False,-99.0,ODES_EN,N03901,NA,OAA,USA,San Diego,Pacific Ocean,San Diego,Pacific Ocean,Pacific Ocean,NA,
34.40439987182617,-119.82530212402344,False,-99.0,ODES_GO,N04211,NA,OAA,USA,Central Coast,Pacific Ocean,Santa Barbara,Pacific Ocean,Pacific Ocean,NA,
34.40439987182617,-119.82530212402344,False,-99.0,ODES_GO,N04212,NA,OAA,USA,Central Coast,Pacific Ocean,Santa Barbara,Pacific Ocean,Pacific Ocean,NA,
34.40439987182617,-119.82530212402344,False,-99.0,ODES_GO,N04213,NA,OAA,USA,Central Coast,Pacific Ocean,Santa Barbara,Pacific Ocean,Pacific Ocean,NA,
34.40439987182617,-119.82530212402344,False,-99.0,ODES_GO,N04214,NA,OAA,USA,Central Coast,Pacific Ocean,Santa Barbara,Pacific Ocean,Pacific Ocean,NA,
34.40439987182617,-119.82530212402344,False,-99.0,ODES_GO,N04226,NA,OAA,USA,Central Coast,Pacific Ocean,Santa Barbara,Pacific Ocean,Pacific Ocean,NA,
34.40530014038086,-119.82330322265625,False,-99.0,ODES_GO,N04236,NA,OAA,USA,Central Coast,Pacific Ocean,Santa Barbara,Pacific Ocean,Pacific Ocean,NA,
34.40530014038086,-119.82330322265625,False,-99.0,ODES_GO,N04237,NA,OAA,USA,Central Coast,Pacific Ocean,Santa Barbara,Pacific Ocean,Pacific Ocean,NA,
34.40530014038086,-119.82330322265625,False,-99.0,ODES_GO,N04238,NA,OAA,USA,Central Coast,Pacific Ocean,Santa Barbara,Pacific Ocean,Pacific Ocean,NA,
34.40530014038086,-119.82330322265625,False,-99.0,ODES_GO,N04239,NA,OAA,USA,Central Coast,Pacific Ocean,Santa Barbara,Pacific Ocean,Pacific Ocean,NA,
34.40530014038086,-119.82330322265625,False,-99.0,ODES_GO,N04240,NA,OAA,USA,Central Coast,Pacific Ocean,Santa Barbara,Pacific Ocean,Pacific Ocean,NA,
34.404701232910156,-119.82559967041016,False,-99.0,ODES_GO,N04247,NA,OAA,USA,Central Coast,Pacific Ocean,Santa Barbara,Pacific Ocean,Pacific Ocean,NA,
34.40420150756836,-119.82859802246094,False,-99.0,ODES_GO,N04248,NA,OAA,USA,Central Coast,Pacific Ocean,Santa Barbara,Pacific Ocean,Pacific Ocean,NA,
34.40420150756836,-119.82859802246094,False,-99.0,ODES_GO,N04249,NA,OAA,USA,Central Coast,Pacific Ocean,Santa Barbara,Pacific Ocean,Pacific Ocean,NA,
34.40420150756836,-119.82859802246094,False,-99.0,ODES_GO,N04250,NA,OAA,USA,Central Coast,Pacific Ocean,Santa Barbara,Pacific Ocean,Pacific Ocean,NA,
34.40420150756836,-119.82859802246094,False,-99.0,ODES_GO,N04251,NA,OAA,USA,Central Coast,Pacific Ocean,Santa Barbara,Pacific Ocean,Pacific Ocean,NA,
34.404998779296875,-119.8230972290039,False,-99.0,ODES_GO,N04259,NA,OAA,USA,Central Coast,Pacific Ocean,Santa Barbara,Pacific Ocean,Pacific Ocean,NA,
34.40829849243164,-119.80940246582031,False,-99.0,ODES_GO,N04260,NA,OAA,USA,Central Coast,Pacific Ocean,Santa Barbara,Pacific Ocean,Pacific Ocean,NA,
34.40829849243164,-119.80940246582031,False,-99.0,ODES_GO,N04261,NA,OAA,USA,Central Coast,Pacific Ocean,Santa Barbara,Pacific Ocean,Pacific Ocean,NA,
34.40829849243164,-119.80940246582031,False,-99.0,ODES_GO,N04262,NA,OAA,USA,Central Coast,Pacific Ocean,Santa Barbara,Pacific Ocean,Pacific Ocean,NA,
34.40829849243164,-119.80940246582031,False,-99.0,ODES_GO,N04263,NA,OAA,USA,Central Coast,Pacific Ocean,Santa Barbara,Pacific Ocean,Pacific Ocean,NA,
34.70439910888672,-119.82579803466797,False,-99.0,ODES_GO,N04266,NA,FAA,USA,Central Coast,Santa Ynez,Santa Barbara,Santa Ynez River,Santa Ynez River,NA,
34.70439910888672,-119.82579803466797,False,-99.0,ODES_GO,N04267,NA,FAA,USA,Central Coast,Santa Ynez,Santa Barbara,Santa Ynez River,Santa Ynez River,NA,
34.70439910888672,-119.82579803466797,False,-99.0,ODES_GO,N04268,NA,FAA,USA,Central Coast,Santa Ynez,Santa Barbara,Santa Ynez River,Upland,NA,
34.40439987182617,-119.82579803466797,False,-99.0,ODES_GO,N04269,NA,OAA,USA,Central Coast,Pacific Ocean,Santa Barbara,Pacific Ocean,Pacific Ocean,NA,
34.40169906616211,-119.84110260009766,False,-99.0,ODES_GO,N04278,NA,OAA,USA,Central Coast,Pacific Ocean,Santa Barbara,Pacific Ocean,Pacific Ocean,NA,
34.40169906616211,-119.84110260009766,False,-99.0,ODES_GO,N04279,NA,OAA,USA,Central Coast,Pacific Ocean,Santa Barbara,Pacific Ocean,Pacific Ocean,NA,
34.40169906616211,-119.84110260009766,False,-99.0,ODES_GO,N04280,NA,OAA,USA,Central Coast,Pacific Ocean,Santa Barbara,Pacific Ocean,Pacific Ocean,NA,
34.40169906616211,-119.84110260009766,False,-99.0,ODES_GO,N04281,NA,OAA,USA,Central Coast,Pacific Ocean,Santa Barbara,Pacific Ocean,Pacific Ocean,NA,
34.40169906616211,-119.84110260009766,False,-99.0,ODES_GO,N04282,NA,OAA,USA,Central Coast,Pacific Ocean,Santa Barbara,Pacific Ocean,Pacific Ocean,NA,
34.404998779296875,-119.75859832763672,False,-99.0,ODES_GO,N04292,NA,OAA,USA,Central Coast,Pacific Ocean,Santa Barbara,Pacific Ocean,Pacific Ocean,NA,
34.404998779296875,-119.75859832763672,False,-99.0,ODES_GO,N04294,NA,OAA,USA,Central Coast,Pacific Ocean,Santa Barbara,Pacific Ocean,Pacific Ocean,NA,
35.38750076293945,-120.87310028076172,False,-99.0,ODES_MB,N04465,NA,OAA,USA,Central Coast,Estero Bay,San Luis Obispo,Pacific Ocean,Estero Bay,NA,
35.388099670410156,-120.87310028076172,False,-99.0,ODES_MB,N04466,NA,OAA,USA,Central Coast,Estero Bay,San Luis Obispo,Pacific Ocean,Estero Bay,NA,
35.388099670410156,-120.87310028076172,False,-99.0,ODES_MB,N04467,NA,OAA,USA,Central Coast,Estero Bay,San Luis Obispo,Pacific Ocean,Estero Bay,NA,
35.38750076293945,-120.87310028076172,False,-99.0,ODES_MB,N04468,NA,OAA,USA,Central Coast,Estero Bay,San Luis Obispo,Pacific Ocean,Estero Bay,NA,
35.38750076293945,-120.87310028076172,False,-99.0,ODES_MB,N04469,NA,OAA,USA,Central Coast,Estero Bay,San Luis Obispo,Pacific Ocean,Estero Bay,NA,
35.38719940185547,-120.87310028076172,False,-99.0,ODES_MB,N04478,NA,OAA,USA,Central Coast,Estero Bay,San Luis Obispo,Pacific Ocean,Estero Bay,NA,
35.38719940185547,-120.87310028076172,False,-99.0,ODES_MB,N04479,NA,OAA,USA,Central Coast,Estero Bay,San Luis Obispo,Pacific Ocean,Estero Bay,NA,
35.38719940185547,-120.87310028076172,False,-99.0,ODES_MB,N04480,NA,OAA,USA,Central Coast,Estero Bay,San Luis Obispo,Pacific Ocean,Estero Bay,NA,
35.38719940185547,-120.87310028076172,False,-99.0,ODES_MB,N04481,NA,OAA,USA,Central Coast,Estero Bay,San Luis Obispo,Pacific Ocean,Estero Bay,NA,
35.38719940185547,-120.87310028076172,False,-99.0,ODES_MB,N04482,NA,OAA,USA,Central Coast,Estero Bay,San Luis Obispo,Pacific Ocean,Estero Bay,NA,
35.38859939575195,-120.87310028076172,False,-99.0,ODES_MB,N04491,NA,OAA,USA,Central Coast,Estero Bay,San Luis Obispo,Pacific Ocean,Estero Bay,NA,
35.38859939575195,-120.87310028076172,False,-99.0,ODES_MB,N04492,NA,OAA,USA,Central Coast,Estero Bay,San Luis Obispo,Pacific Ocean,Estero Bay,NA,
35.38859939575195,-120.87310028076172,False,-99.0,ODES_MB,N04493,NA,OAA,USA,Central Coast,Estero Bay,San Luis Obispo,Pacific Ocean,Estero Bay,NA,
35.38859939575195,-120.87310028076172,False,-99.0,ODES_MB,N04494,NA,OAA,USA,Central Coast,Estero Bay,San Luis Obispo,Pacific Ocean,Estero Bay,NA,
35.38859939575195,-120.87310028076172,False,-99.0,ODES_MB,N04495,NA,OAA,USA,Central Coast,Estero Bay,San Luis Obispo,Pacific Ocean,Estero Bay,NA,
35.385799407958984,-120.87359619140625,False,-99.0,ODES_MB,N04504,NA,OAA,USA,Central Coast,Estero Bay,San Luis Obispo,Pacific Ocean,Estero Bay,NA,
35.385799407958984,-120.87359619140625,False,-99.0,ODES_MB,N04505,NA,OAA,USA,Central Coast,Estero Bay,San Luis Obispo,Pacific Ocean,Estero Bay,NA,
35.385799407958984,-120.87359619140625,False,-99.0,ODES_MB,N04506,NA,OAA,USA,Central Coast,Estero Bay,San Luis Obispo,Pacific Ocean,Estero Bay,NA,
35.385799407958984,-120.87359619140625,False,-99.0,ODES_MB,N04507,NA,OAA,USA,Central Coast,Estero Bay,San Luis Obispo,Pacific Ocean,Estero Bay,NA,
35.385799407958984,-120.87359619140625,False,-99.0,ODES_MB,N04508,NA,OAA,USA,Central Coast,Estero Bay,San Luis Obispo,Pacific Ocean,Estero Bay,NA,
35.39690017700195,-120.87359619140625,False,-99.0,ODES_MB,N04517,NA,OAA,USA,Central Coast,Estero Bay,San Luis Obispo,Pacific Ocean,Estero Bay,NA,
35.39690017700195,-120.87359619140625,False,-99.0,ODES_MB,N04518,NA,OAA,USA,Central Coast,Estero Bay,San Luis Obispo,Pacific Ocean,Estero Bay,NA,
35.39690017700195,-120.87359619140625,False,-99.0,ODES_MB,N04519,NA,OAA,USA,Central Coast,Estero Bay,San Luis Obispo,Pacific Ocean,Estero Bay,NA,
35.39690017700195,-120.87359619140625,False,-99.0,ODES_MB,N04520,NA,OAA,USA,Central Coast,Estero Bay,San Luis Obispo,Pacific Ocean,Estero Bay,NA,
35.39690017700195,-120.87359619140625,False,-99.0,ODES_MB,N04521,NA,OAA,USA,Central Coast,Estero Bay,San Luis Obispo,Pacific Ocean,Estero Bay,NA,
35.37860107421875,-120.87310028076172,False,-99.0,ODES_MB,N04530,NA,OAA,USA,Central Coast,Estero Bay,San Luis Obispo,Pacific Ocean,Estero Bay,NA,
35.37860107421875,-120.87310028076172,False,-99.0,ODES_MB,N04531,NA,OAA,USA,Central Coast,Estero Bay,San Luis Obispo,Pacific Ocean,Estero Bay,NA,
35.37860107421875,-120.87310028076172,False,-99.0,ODES_MB,N04532,NA,OAA,USA,Central Coast,Estero Bay,San Luis Obispo,Pacific Ocean,Estero Bay,NA,
35.37860107421875,-120.87310028076172,False,-99.0,ODES_MB,N04533,NA,OAA,USA,Central Coast,Estero Bay,San Luis Obispo,Pacific Ocean,Estero Bay,NA,
35.37860107421875,-120.87310028076172,False,-99.0,ODES_MB,N04534,NA,OAA,USA,Central Coast,Estero Bay,San Luis Obispo,Pacific Ocean,Estero Bay,NA,
33.57440185546875,-118.00309753417969,False,-99.0,ODES_OC,N05035,NA,OAA,USA,Santa Ana,Pacific Ocean,Orange,Pacific Ocean,Pacific Ocean,NA,
33.57440185546875,-118.00309753417969,False,-99.0,ODES_OC,N05036,NA,OAA,USA,Santa Ana,Pacific Ocean,Orange,Pacific Ocean,Pacific Ocean,NA,
33.57469940185547,-118.00330352783203,False,-99.0,ODES_OC,N05037,NA,OAA,USA,Santa Ana,Pacific Ocean,Orange,Pacific Ocean,Pacific Ocean,NA,
33.57469940185547,-118.00330352783203,False,-99.0,ODES_OC,N05038,NA,OAA,USA,Santa Ana,Pacific Ocean,Orange,Pacific Ocean,Pacific Ocean,NA,
33.57469940185547,-118.00330352783203,False,-99.0,ODES_OC,N05039,NA,OAA,USA,Santa Ana,Pacific Ocean,Orange,Pacific Ocean,Pacific Ocean,NA,
33.57609939575195,-118.00830078125,False,-99.0,ODES_OC,N05056,NA,OAA,USA,Santa Ana,Pacific Ocean,Orange,Pacific Ocean,Pacific Ocean,NA,
33.57609939575195,-118.00830078125,False,-99.0,ODES_OC,N05057,NA,OAA,USA,Santa Ana,Pacific Ocean,Orange,Pacific Ocean,Pacific Ocean,NA,
33.57609939575195,-118.00859832763672,False,-99.0,ODES_OC,N05058,NA,OAA,USA,Santa Ana,Pacific Ocean,Orange,Pacific Ocean,Pacific Ocean,NA,
33.57609939575195,-118.00859832763672,False,-99.0,ODES_OC,N05059,NA,OAA,USA,Santa Ana,Pacific Ocean,Orange,Pacific Ocean,Pacific Ocean,NA,
33.57609939575195,-118.00859832763672,False,-99.0,ODES_OC,N05060,NA,OAA,USA,Santa Ana,Pacific Ocean,Orange,Pacific Ocean,Pacific Ocean,NA,
33.57609939575195,-118.00859832763672,False,-99.0,ODES_OC,N05061,NA,OAA,USA,Santa Ana,Pacific Ocean,Orange,Pacific Ocean,Pacific Ocean,NA,
33.59560012817383,-118.06330108642578,False,-99.0,ODES_OC,N05079,NA,OAA,USA,Santa Ana,Pacific Ocean,Orange,Pacific Ocean,Pacific Ocean,NA,
33.59809875488281,-118.06330108642578,False,-99.0,ODES_OC,N05080,NA,OAA,USA,Santa Ana,Pacific Ocean,Orange,Pacific Ocean,Pacific Ocean,NA,
33.59560012817383,-118.0635986328125,False,-99.0,ODES_OC,N05081,NA,OAA,USA,Santa Ana,Pacific Ocean,Orange,Pacific Ocean,Pacific Ocean,NA,
33.59560012817383,-118.0635986328125,False,-99.0,ODES_OC,N05082,NA,OAA,USA,Santa Ana,Pacific Ocean,Orange,Pacific Ocean,Pacific Ocean,NA,
33.59560012817383,-118.0635986328125,False,-99.0,ODES_OC,N05083,NA,OAA,USA,Santa Ana,Pacific Ocean,Orange,Pacific Ocean,Pacific Ocean,NA,
33.59560012817383,-118.0635986328125,False,-99.0,ODES_OC,N05084,NA,OAA,USA,Santa Ana,Pacific Ocean,Orange,Pacific Ocean,Pacific Ocean,NA,
33.604698181152344,-117.931396484375,False,-99.0,ODES_OC,N05089,NA,OAA,USA,Santa Ana,Pacific Ocean,Orange,Pacific Ocean,Pacific Ocean,NA,
33.60169982910156,-117.93250274658203,False,-99.0,ODES_OC,N05106,NA,OAA,USA,Santa Ana,Pacific Ocean,Orange,Pacific Ocean,Pacific Ocean,NA,
33.60169982910156,-117.93250274658203,False,-99.0,ODES_OC,N05107,NA,OAA,USA,Santa Ana,Pacific Ocean,Orange,Pacific Ocean,Pacific Ocean,NA,
33.602500915527344,-117.93219757080078,False,-99.0,ODES_OC,N05108,NA,OAA,USA,Santa Ana,Pacific Ocean,Orange,Pacific Ocean,Pacific Ocean,NA,
33.602500915527344,-117.93219757080078,False,-99.0,ODES_OC,N05109,NA,OAA,USA,Santa Ana,Pacific Ocean,Orange,Pacific Ocean,Pacific Ocean,NA,
33.602500915527344,-117.93219757080078,False,-99.0,ODES_OC,N05110,NA,OAA,USA,Santa Ana,Pacific Ocean,Orange,Pacific Ocean,Pacific Ocean,NA,
33.602500915527344,-117.93219757080078,False,-99.0,ODES_OC,N05111,NA,OAA,USA,Santa Ana,Pacific Ocean,Orange,Pacific Ocean,Pacific Ocean,NA,
33.599700927734375,-117.93250274658203,False,-99.0,ODES_OC,N05116,NA,OAA,USA,Santa Ana,Pacific Ocean,Orange,Pacific Ocean,Pacific Ocean,NA,
33.585601806640625,-117.92749786376953,False,-99.0,ODES_OC,N05121,NA,OAA,USA,Santa Ana,Pacific Ocean,Orange,Pacific Ocean,Pacific Ocean,NA,
33.56610107421875,-117.92669677734375,False,-99.0,ODES_OC,N05126,NA,OAA,USA,Santa Ana,Pacific Ocean,Orange,Pacific Ocean,Pacific Ocean,NA,
33.575801849365234,-118.01439666748047,False,-99.0,ODES_OC,N05143,NA,OAA,USA,Santa Ana,Pacific Ocean,Orange,Pacific Ocean,Pacific Ocean,NA,
33.575801849365234,-118.01439666748047,False,-99.0,ODES_OC,N05144,NA,OAA,USA,Santa Ana,Pacific Ocean,Orange,Pacific Ocean,Pacific Ocean,NA,
33.57720184326172,-118.01470184326172,False,-99.0,ODES_OC,N05145,NA,OAA,USA,Santa Ana,Pacific Ocean,Orange,Pacific Ocean,Pacific Ocean,NA,
33.57720184326172,-118.01470184326172,False,-99.0,ODES_OC,N05146,NA,OAA,USA,Santa Ana,Pacific Ocean,Orange,Pacific Ocean,Pacific Ocean,NA,
33.57720184326172,-118.01470184326172,False,-99.0,ODES_OC,N05147,NA,OAA,USA,Santa Ana,Pacific Ocean,Orange,Pacific Ocean,Pacific Ocean,NA,
33.57720184326172,-118.01470184326172,False,-99.0,ODES_OC,N05148,NA,OAA,USA,Santa Ana,Pacific Ocean,Orange,Pacific Ocean,Pacific Ocean,NA,
33.58140182495117,-118.03309631347656,False,-99.0,ODES_OC,N05153,NA,OAA,USA,Santa Ana,Pacific Ocean,Orange,Pacific Ocean,Pacific Ocean,NA,
33.599700927734375,-118.00140380859375,False,-99.0,ODES_OC,N05158,NA,OAA,USA,Santa Ana,Pacific Ocean,Orange,Pacific Ocean,Pacific Ocean,NA,
33.572200775146484,-117.98310089111328,False,-99.0,ODES_OC,N05175,NA,OAA,USA,Santa Ana,Pacific Ocean,Orange,Pacific Ocean,Pacific Ocean,NA,
33.572200775146484,-117.98310089111328,False,-99.0,ODES_OC,N05176,NA,OAA,USA,Santa Ana,Pacific Ocean,Orange,Pacific Ocean,Pacific Ocean,NA,
33.57279968261719,-117.98310089111328,False,-99.0,ODES_OC,N05177,NA,OAA,USA,Santa Ana,Pacific Ocean,Orange,Pacific Ocean,Pacific Ocean,NA,
33.57279968261719,-117.98310089111328,False,-99.0,ODES_OC,N05178,NA,OAA,USA,Santa Ana,Pacific Ocean,Orange,Pacific Ocean,Pacific Ocean,NA,
33.58689880371094,-118.04830169677734,False,-99.0,ODES_OC,N05195,NA,OAA,USA,Santa Ana,Pacific Ocean,Orange,Pacific Ocean,Pacific Ocean,NA,
33.58689880371094,-118.04830169677734,False,-99.0,ODES_OC,N05196,NA,OAA,USA,Santa Ana,Pacific Ocean,Orange,Pacific Ocean,Pacific Ocean,NA,
33.587501525878906,-118.04810333251953,False,-99.0,ODES_OC,N05197,NA,OAA,USA,Santa Ana,Pacific Ocean,Orange,Pacific Ocean,Pacific Ocean,NA,
33.587501525878906,-118.04810333251953,False,-99.0,ODES_OC,N05198,NA,OAA,USA,Santa Ana,Pacific Ocean,Orange,Pacific Ocean,Pacific Ocean,NA,
33.587501525878906,-118.04810333251953,False,-99.0,ODES_OC,N05199,NA,OAA,USA,Santa Ana,Pacific Ocean,Orange,Pacific Ocean,Pacific Ocean,NA,
33.587501525878906,-118.04810333251953,False,-99.0,ODES_OC,N05200,NA,OAA,USA,Santa Ana,Pacific Ocean,Orange,Pacific Ocean,Pacific Ocean,NA,
33.6088981628418,-118.03060150146484,False,-99.0,ODES_OC,N05205,NA,OAA,USA,Santa Ana,Pacific Ocean,Orange,Pacific Ocean,Pacific Ocean,NA,
33.597198486328125,-117.9708023071289,False,-99.0,ODES_OC,N05210,NA,OAA,USA,Santa Ana,Pacific Ocean,Orange,Pacific Ocean,Pacific Ocean,NA,
33.565799713134766,-118.00080108642578,False,-99.0,ODES_OC,N05215,NA,OAA,USA,Santa Ana,Pacific Ocean,Orange,Pacific Ocean,Pacific Ocean,NA,
33.56610107421875,-118.01309967041016,False,-99.0,ODES_OC,N05220,NA,OAA,USA,Santa Ana,Pacific Ocean,Orange,Pacific Ocean,Pacific Ocean,NA,
33.56829833984375,-118.01830291748047,False,-99.0,ODES_OC,N05225,NA,OAA,USA,Santa Ana,Pacific Ocean,Orange,Pacific Ocean,Pacific Ocean,NA,
33.58250045776367,-118.00689697265625,False,-99.0,ODES_OC,N05230,NA,OAA,USA,Santa Ana,Pacific Ocean,Orange,Pacific Ocean,Pacific Ocean,NA,
33.57609939575195,-118.03610229492188,False,-99.0,ODES_OC,N05235,NA,OAA,USA,Santa Ana,Pacific Ocean,Orange,Pacific Ocean,Pacific Ocean,NA,
33.58940124511719,-118.02999877929688,False,-99.0,ODES_OC,N05240,NA,OAA,USA,Santa Ana,Pacific Ocean,Orange,Pacific Ocean,Pacific Ocean,NA,
33.58359909057617,-117.98419952392578,False,-99.0,ODES_OC,N05245,NA,OAA,USA,Santa Ana,Pacific Ocean,Orange,Pacific Ocean,Pacific Ocean,NA,
33.566898345947266,-117.9843978881836,False,-99.0,ODES_OC,N05250,NA,OAA,USA,Santa Ana,Pacific Ocean,Orange,Pacific Ocean,Pacific Ocean,NA,
33.560001373291016,-118.01750183105469,False,-99.0,ODES_OC,N05255,NA,OAA,USA,Santa Ana,Pacific Ocean,Orange,Pacific Ocean,Pacific Ocean,NA,
33.56330108642578,-118.0363998413086,False,-99.0,ODES_OC,N05260,NA,OAA,USA,Santa Ana,Pacific Ocean,Orange,Pacific Ocean,Pacific Ocean,NA,
33.598899841308594,-118.0156021118164,False,-99.0,ODES_OC,N05265,NA,OAA,USA,Santa Ana,Pacific Ocean,Orange,Pacific Ocean,Pacific Ocean,NA,
33.556400299072266,-117.99639892578125,False,-99.0,ODES_OC,N05270,NA,OAA,USA,Santa Ana,Pacific Ocean,Orange,Pacific Ocean,Pacific Ocean,NA,
33.599700927734375,-117.98719787597656,False,-99.0,ODES_OC,N05275,NA,OAA,USA,Santa Ana,Pacific Ocean,Orange,Pacific Ocean,Pacific Ocean,NA,
33.58420181274414,-118.05079650878906,False,-99.0,ODES_OC,N05280,NA,OAA,USA,Santa Ana,Pacific Ocean,Orange,Pacific Ocean,Pacific Ocean,NA,
33.57279968261719,-118.01000213623047,False,-99.0,ODES_OC,N05285,NA,OAA,USA,Santa Ana,Pacific Ocean,Orange,Pacific Ocean,Pacific Ocean,NA,
33.59280014038086,-118.04750061035156,False,-99.0,ODES_OC,N05290,NA,OAA,USA,Santa Ana,Pacific Ocean,Orange,Pacific Ocean,Pacific Ocean,NA,
33.587799072265625,-117.96309661865234,False,-99.0,ODES_OC,N05297,NA,OAA,USA,Santa Ana,Pacific Ocean,Orange,Pacific Ocean,Pacific Ocean,NA,
33.5786018371582,-117.96170043945312,False,-99.0,ODES_OC,N05302,NA,OAA,USA,Santa Ana,Pacific Ocean,Orange,Pacific Ocean,Pacific Ocean,NA,
33.573299407958984,-117.96330261230469,False,-99.0,ODES_OC,N05307,NA,OAA,USA,Santa Ana,Pacific Ocean,Orange,Pacific Ocean,Pacific Ocean,NA,
33.60940170288086,-118.04219818115234,False,-99.0,ODES_OC,N05312,NA,OAA,USA,Santa Ana,Pacific Ocean,Orange,Pacific Ocean,Pacific Ocean,NA,
33.59830093383789,-117.95939636230469,False,-99.0,ODES_OC,N05317,NA,OAA,USA,Santa Ana,Pacific Ocean,Orange,Pacific Ocean,Pacific Ocean,NA,
33.588600158691406,-117.95690155029297,False,-99.0,ODES_OC,N05322,NA,OAA,USA,Santa Ana,Pacific Ocean,Orange,Pacific Ocean,Pacific Ocean,NA,
33.58000183105469,-117.95500183105469,False,-99.0,ODES_OC,N05337,NA,OAA,USA,Santa Ana,Pacific Ocean,Orange,Pacific Ocean,Pacific Ocean,NA,
33.58000183105469,-117.95500183105469,False,-99.0,ODES_OC,N05338,NA,OAA,USA,Santa Ana,Pacific Ocean,Orange,Pacific Ocean,Pacific Ocean,NA,
33.58060073852539,-117.95500183105469,False,-99.0,ODES_OC,N05339,NA,OAA,USA,Santa Ana,Pacific Ocean,Orange,Pacific Ocean,Pacific Ocean,NA,
33.58060073852539,-117.95500183105469,False,-99.0,ODES_OC,N05340,NA,OAA,USA,Santa Ana,Pacific Ocean,Orange,Pacific Ocean,Pacific Ocean,NA,
33.58060073852539,-117.95500183105469,False,-99.0,ODES_OC,N05341,NA,OAA,USA,Santa Ana,Pacific Ocean,Orange,Pacific Ocean,Pacific Ocean,NA,
33.58060073852539,-117.95500183105469,False,-99.0,ODES_OC,N05342,NA,OAA,USA,Santa Ana,Pacific Ocean,Orange,Pacific Ocean,Pacific Ocean,NA,
33.5786018371582,-117.95390319824219,False,-99.0,ODES_OC,N05347,NA,OAA,USA,Santa Ana,Pacific Ocean,Orange,Pacific Ocean,Pacific Ocean,NA,
33.555599212646484,-117.97419738769531,False,-99.0,ODES_OC,N05352,NA,OAA,USA,Santa Ana,Pacific Ocean,Orange,Pacific Ocean,Pacific Ocean,NA,
33.53889846801758,-117.99579620361328,False,-99.0,ODES_OC,N05357,NA,OAA,USA,Santa Ana,Pacific Ocean,Orange,Pacific Ocean,Pacific Ocean,NA,
33.54280090332031,-118.01860046386719,False,-99.0,ODES_OC,N05362,NA,OAA,USA,Santa Ana,Pacific Ocean,Orange,Pacific Ocean,Pacific Ocean,NA,
33.54970169067383,-118.04329681396484,False,-99.0,ODES_OC,N05367,NA,OAA,USA,Santa Ana,Pacific Ocean,Orange,Pacific Ocean,Pacific Ocean,NA,
33.54079818725586,-117.97250366210938,False,-99.0,ODES_OC,N05372,NA,OAA,USA,Santa Ana,Pacific Ocean,Orange,Pacific Ocean,Pacific Ocean,NA,
33.57500076293945,-118.08940124511719,False,-99.0,ODES_OC,N05377,NA,OAA,USA,Santa Ana,Pacific Ocean,Orange,Pacific Ocean,Pacific Ocean,NA,
33.57830047607422,-118.02529907226562,False,-99.0,ODES_OC,N05394,NA,OAA,USA,Santa Ana,Pacific Ocean,Orange,Pacific Ocean,Pacific Ocean,NA,
33.57830047607422,-118.02529907226562,False,-99.0,ODES_OC,N05395,NA,OAA,USA,Santa Ana,Pacific Ocean,Orange,Pacific Ocean,Pacific Ocean,NA,
33.57830047607422,-118.02580261230469,False,-99.0,ODES_OC,N05396,NA,OAA,USA,Santa Ana,Pacific Ocean,Orange,Pacific Ocean,Pacific Ocean,NA,
33.57830047607422,-118.02580261230469,False,-99.0,ODES_OC,N05397,NA,OAA,USA,Santa Ana,Pacific Ocean,Orange,Pacific Ocean,Pacific Ocean,NA,
33.57830047607422,-118.02580261230469,False,-99.0,ODES_OC,N05398,NA,OAA,USA,Santa Ana,Pacific Ocean,Orange,Pacific Ocean,Pacific Ocean,NA,
33.57830047607422,-118.02580261230469,False,-99.0,ODES_OC,N05399,NA,OAA,USA,Santa Ana,Pacific Ocean,Orange,Pacific Ocean,Pacific Ocean,NA,
33.59170150756836,-118.0167007446289,False,-99.0,ODES_OC,N05404,NA,OAA,USA,Santa Ana,Pacific Ocean,Orange,Pacific Ocean,Pacific Ocean,NA,
33.59080123901367,-118.00440216064453,False,-99.0,ODES_OC,N05409,NA,OAA,USA,Santa Ana,Pacific Ocean,Orange,Pacific Ocean,Pacific Ocean,NA,
33.584999084472656,-117.99140167236328,False,-99.0,ODES_OC,N05414,NA,OAA,USA,Santa Ana,Pacific Ocean,Orange,Pacific Ocean,Pacific Ocean,NA,
33.57170104980469,-117.99079895019531,False,-99.0,ODES_OC,N05431,NA,OAA,USA,Santa Ana,Pacific Ocean,Orange,Pacific Ocean,Pacific Ocean,NA,
33.57170104980469,-117.99079895019531,False,-99.0,ODES_OC,N05432,NA,OAA,USA,Santa Ana,Pacific Ocean,Orange,Pacific Ocean,Pacific Ocean,NA,
33.572200775146484,-117.9906005859375,False,-99.0,ODES_OC,N05433,NA,OAA,USA,Santa Ana,Pacific Ocean,Orange,Pacific Ocean,Pacific Ocean,NA,
33.572200775146484,-117.9906005859375,False,-99.0,ODES_OC,N05434,NA,OAA,USA,Santa Ana,Pacific Ocean,Orange,Pacific Ocean,Pacific Ocean,NA,
33.572200775146484,-117.9906005859375,False,-99.0,ODES_OC,N05435,NA,OAA,USA,Santa Ana,Pacific Ocean,Orange,Pacific Ocean,Pacific Ocean,NA,
33.572200775146484,-117.9906005859375,False,-99.0,ODES_OC,N05436,NA,OAA,USA,Santa Ana,Pacific Ocean,Orange,Pacific Ocean,Pacific Ocean,NA,
33.59920120239258,-118.08809661865234,False,-99.0,ODES_OC,N05459,NA,OAA,USA,Santa Ana,Pacific Ocean,Orange,Pacific Ocean,Pacific Ocean,NA,
33.59920120239258,-118.08809661865234,False,-99.0,ODES_OC,N05460,NA,OAA,USA,Santa Ana,Pacific Ocean,Orange,Pacific Ocean,Pacific Ocean,NA,
33.59920120239258,-118.08830261230469,False,-99.0,ODES_OC,N05461,NA,OAA,USA,Santa Ana,Pacific Ocean,Orange,Pacific Ocean,Pacific Ocean,NA,
33.59920120239258,-118.08830261230469,False,-99.0,ODES_OC,N05462,NA,OAA,USA,Santa Ana,Pacific Ocean,Orange,Pacific Ocean,Pacific Ocean,NA,
33.59920120239258,-118.08830261230469,False,-99.0,ODES_OC,N05463,NA,OAA,USA,Santa Ana,Pacific Ocean,Orange,Pacific Ocean,Pacific Ocean,NA,
33.59920120239258,-118.08830261230469,False,-99.0,ODES_OC,N05464,NA,OAA,USA,Santa Ana,Pacific Ocean,Orange,Pacific Ocean,Pacific Ocean,NA,
33.57469940185547,-118.00830078125,False,-99.0,ODES_OC,N05487,NA,OAA,USA,Santa Ana,Pacific Ocean,Orange,Pacific Ocean,Pacific Ocean,NA,
33.57469940185547,-118.00830078125,False,-99.0,ODES_OC,N05488,NA,OAA,USA,Santa Ana,Pacific Ocean,Orange,Pacific Ocean,Pacific Ocean,NA,
33.57529830932617,-118.00859832763672,False,-99.0,ODES_OC,N05489,NA,OAA,USA,Santa Ana,Pacific Ocean,San Diego,Pacific Ocean,Pacific Ocean,NA,
33.57529830932617,-118.00859832763672,False,-99.0,ODES_OC,N05490,NA,OAA,USA,Santa Ana,Pacific Ocean,Orange,Pacific Ocean,Pacific Ocean,NA,
33.57529830932617,-118.00859832763672,False,-99.0,ODES_OC,N05491,NA,OAA,USA,Santa Ana,Pacific Ocean,Orange,Pacific Ocean,Pacific Ocean,NA,
33.57529830932617,-118.00859832763672,False,-99.0,ODES_OC,N05492,NA,OAA,USA,Santa Ana,Pacific Ocean,Orange,Pacific Ocean,Pacific Ocean,NA,
33.57419967651367,-117.99530029296875,False,-99.0,ODES_OC,N05509,NA,OAA,USA,Santa Ana,Pacific Ocean,Orange,Pacific Ocean,Pacific Ocean,NA,
33.57419967651367,-117.99530029296875,False,-99.0,ODES_OC,N05510,NA,OAA,USA,Santa Ana,Pacific Ocean,Orange,Pacific Ocean,Pacific Ocean,NA,
33.57469940185547,-117.99500274658203,False,-99.0,ODES_OC,N05511,NA,OAA,USA,Santa Ana,Pacific Ocean,Orange,Pacific Ocean,Pacific Ocean,NA,
33.57469940185547,-117.99500274658203,False,-99.0,ODES_OC,N05512,NA,OAA,USA,Santa Ana,Pacific Ocean,Orange,Pacific Ocean,Pacific Ocean,NA,
33.57469940185547,-117.99500274658203,False,-99.0,ODES_OC,N05513,NA,OAA,USA,Santa Ana,Pacific Ocean,Orange,Pacific Ocean,Pacific Ocean,NA,
37.664268493652344,-122.37616729736328,True,-99.0,OYSTPT,1,Oyster Point Maina,ESM,USA,San Francisco Bay,San Francisco Bay,San Mateo,SFB Central Bay,San Francisco South Nearshore,NA,
37.6619987487793,-122.37725067138672,True,-99.0,OYSTPT,2,Oyster Point Maina,EIM,USA,San Francisco Bay,San Francisco Bay,San Mateo,SFB Central Bay,San Francisco South Nearshore,NA,
37.66387939453125,-122.37757873535156,True,-99.0,OYSTPT,3,Oyster Point Maina,ESM,USA,San Francisco Bay,San Francisco Bay,San Mateo,SFB Central Bay,San Francisco South Nearshore,NA,
37.66463088989258,-122.38047790527344,True,-99.0,OYSTPT,4,Oyster Point Maina,ESM,USA,San Francisco Bay,San Francisco Bay,San Mateo,SFB Central Bay,San Francisco South Nearshore,NA,
0.0,0.0,False,-99.0,OYSTPT,Control,Bioassay Negative Control,CNG,NA,NA,NA,NA,NA,NA,NA,
-99.0,-99.0,False,-99.0,OYSTPT,Reference,Alcatraz Reference - Environs,ESU,USA,San Francisco Bay,San Francisco Bay,San Francisco,SFB Central Bay,Alcatraz,NA,
38.02465057373047,-122.3794174194336,True,-99.0,PINOLE,Area 1,Pinole Shoals Navigation Channel,ESC,USA,San Francisco Bay,San Francisco Bay,Contra Costa,SFB San Pablo Bay,San Pablo Bay,NA,
38.05324935913086,-122.32302856445312,True,-99.0,PINOLE,Area 2,Pinole Shoals Navigation Channel,ESC,USA,San Francisco Bay,San Francisco Bay,Contra Costa,SFB San Pablo Bay,San Pablo Bay,NA,
38.05712127685547,-122.29856872558594,True,-99.0,PINOLE,Area 3,Pinole Shoals Navigation Channel,ESC,USA,San Francisco Bay,San Francisco Bay,Contra Costa,SFB San Pablo Bay,San Pablo Bay,NA,
38.22999954223633,-122.96666717529297,False,-99.0,PINOLE,Control,Tomales Bay Control,CNG,USA,San Francisco Bay,Marin Coastal,Marin,Tomales Bay,Tomales Bay North,NA,
0.0,0.0,False,-99.0,PINOLE,L-Control,Bioassay Negative Control,CNG,NA,NA,NA,NA,NA,NA,NA,
38.007930755615234,-122.4156494140625,False,-99.0,PINOLE,Reference,San Pablo Disposal Site Reference - SF-10,ESU,USA,San Francisco Bay,San Francisco Bay,NA,SFB San Pablo Bay,San Pablo Bay,NA,
0.0,0.0,False,-99.0,PINOLE,S-Control,Site Water Control,CNG,NA,NA,NA,NA,NA,NA,NA,
38.041648864746094,-121.89421844482422,True,-99.0,PITT_POWER,1,Pitt Power Plant,ESC,USA,San Francisco Bay,San Francisco Bay,Contra Costa,Sacramento San Joaquin Confluence,Sacramento San Joaquin Confluence,NA,
0.0,0.0,False,-99.0,PITT_POWER,Control,Bioassay Seawater Control,CNG,NA,NA,NA,NA,NA,NA,NA,
0.0,0.0,False,-99.0,PITT_POWER,Control-NSF,Northern SF Bay Control,CNG,USA,San Francisco Bay,San Francisco Bay,San Francisco,NA,NA,NA,
38.22999954223633,-122.96666717529297,False,-99.0,PITT_POWER,Control-Tomales,Tomales Bay Control,CNG,USA,San Francisco Bay,Marin Coastal,Marin,Tomales Bay,Tomales Bay North,NA,
-99.0,-99.0,False,-99.0,PITT_POWER,Reference,Carquinez Disposal Site Reference,ESU,USA,San Francisco Bay,San Francisco Bay,Contra Costa,SFB Carquinez Strait,Carquinez,NA,
0.0,0.0,False,-99.0,POAK_50FT,CONTROL-PH1A,Bioassay Sediment Control,CNG,NA,NA,NA,NA,NA,NA,NA,
0.0,0.0,False,-99.0,POAK_50FT,CONTROL-PH1B,Bioassay Sediment Control,CNG,NA,NA,NA,NA,NA,NA,NA,
0.0,0.0,False,-99.0,POAK_50FT,CONTROL-PH1C,Bioassay Sediment Control,CNG,NA,NA,NA,NA,NA,NA,NA,
0.0,0.0,False,-99.0,POAK_50FT,CONTROL-PH1D,Bioassay Sediment Control,CNG,NA,NA,NA,NA,NA,NA,NA,
0.0,0.0,False,-99.0,POAK_50FT,CONTROL-PH1E,Bioassay Sediment Control,CNG,NA,NA,NA,NA,NA,NA,NA,
0.0,0.0,False,-99.0,POAK_50FT,CONTROL-PH-BAT,Bioassay Negative Control,CNG,NA,NA,NA,NA,NA,NA,NA,
37.80196762084961,-122.34760284423828,True,-99.0,POAK_50FT,ICPH1A,Oakland Harbor Outer,ESC,USA,San Francisco Bay,San Francisco Bay,Alameda,SFB Central Bay,Oakland Harbor,POAK,
37.799232482910156,-122.3328628540039,True,-99.0,POAK_50FT,ICPH1B,Oakland Harbor Outer,ESP,USA,San Francisco Bay,San Francisco Bay,Alameda,SFB Central Bay,Oakland Harbor,POAK,
37.79448318481445,-122.31571960449219,True,-99.0,POAK_50FT,ICPH1C,Oakland Harbor Inner,ESP,USA,San Francisco Bay,San Francisco Bay,Alameda,SFB Central Bay,Oakland Harbor,POAK,
37.79249954223633,-122.29830169677734,True,-99.0,POAK_50FT,ICPH1D,Oakland Harbor Inner,ESP,USA,San Francisco Bay,San Francisco Bay,Alameda,SFB Central Bay,Oakland Harbor,POAK,
37.793216705322266,-122.2923812866211,True,-99.0,POAK_50FT,ICPH1E,Oakland Harbor Inner,ESP,USA,San Francisco Bay,San Francisco Bay,Alameda,SFB Central Bay,Oakland Harbor,POAK,
37.80194854736328,-122.35163116455078,True,-99.0,POAK_50FT,ICPH2A,Oakland Harbor Outer,ESC,USA,San Francisco Bay,San Francisco Bay,Alameda,SFB Central Bay,Oakland Harbor,POAK,
37.80178451538086,-122.34953308105469,True,-99.0,POAK_50FT,ICPH2B,Oakland Harbor Outer,ESC,USA,San Francisco Bay,San Francisco Bay,Alameda,SFB Central Bay,Oakland Harbor,POAK,
37.803199768066406,-122.34819793701172,True,-99.0,POAK_50FT,ICPH2C,Oakland Harbor Outer,ESC,USA,San Francisco Bay,San Francisco Bay,Alameda,SFB Central Bay,Oakland Harbor,POAK,
37.802616119384766,-122.34819793701172,True,-99.0,POAK_50FT,ICPH2D,Oakland Harbor Outer,ESP,USA,San Francisco Bay,San Francisco Bay,Alameda,SFB Central Bay,Oakland Harbor,POAK,
37.80220031738281,-122.3455810546875,True,-99.0,POAK_50FT,ICPH2E,Oakland Harbor Outer,ESC,USA,San Francisco Bay,San Francisco Bay,Alameda,SFB Central Bay,Oakland Harbor,POAK,
37.800968170166016,-122.34516906738281,True,-99.0,POAK_50FT,ICPH2F,Oakland Harbor Outer,ESC,USA,San Francisco Bay,San Francisco Bay,Alameda,SFB Central Bay,Oakland Harbor,POAK,
37.79966735839844,-122.33782958984375,True,-99.0,POAK_50FT,ICPH3A,Oakland Harbor Outer,ESP,USA,San Francisco Bay,San Francisco Bay,Alameda,SFB Central Bay,Oakland Harbor,POAK,
37.79756546020508,-122.32942962646484,True,-99.0,POAK_50FT,ICPH3B,Oakland Harbor Outer,ESP,USA,San Francisco Bay,San Francisco Bay,Alameda,SFB Central Bay,Oakland Harbor,POAK,
37.796783447265625,-122.32608032226562,True,-99.0,POAK_50FT,ICPH3C,Oakland Harbor Outer,ESP,USA,San Francisco Bay,San Francisco Bay,Alameda,SFB Central Bay,Oakland Harbor,POAK,
37.79494857788086,-122.31671905517578,True,-99.0,POAK_50FT,ICPH3D,Oakland Harbor Inner,ESP,USA,San Francisco Bay,San Francisco Bay,Alameda,SFB Central Bay,Oakland Harbor,POAK,
0.0,0.0,False,-99.0,POAK_50FT,IC-SW-C7,Bioassay Seawater Control,CNG,NA,NA,NA,NA,NA,NA,NA,
37.800567626953125,-122.33528137207031,True,-99.0,POAK_50FT,IWPH1A,Oakland Harbor Outer,ESP,USA,San Francisco Bay,San Francisco Bay,Alameda,SFB Central Bay,Oakland Harbor,POAK,
37.797584533691406,-122.32479858398438,True,-99.0,POAK_50FT,IWPH1B,Oakland Harbor Outer,ESP,USA,San Francisco Bay,San Francisco Bay,Alameda,SFB Central Bay,Oakland Harbor,POAK,
37.79658126831055,-122.32001495361328,True,-99.0,POAK_50FT,IWPH1C,Oakland Harbor Inner,EIP,USA,San Francisco Bay,San Francisco Bay,Alameda,SFB Central Bay,Oakland Harbor,POAK,
37.79560089111328,-122.31578063964844,True,-99.0,POAK_50FT,IWPH1D,Oakland Harbor Inner,EIP,USA,San Francisco Bay,San Francisco Bay,Alameda,SFB Central Bay,Oakland Harbor,POAK,
37.80083465576172,-122.33592987060547,True,-99.0,POAK_50FT,IWPH3A,Oakland Harbor Outer,ESP,USA,San Francisco Bay,San Francisco Bay,Alameda,SFB Central Bay,Oakland Harbor,POAK,
37.79996871948242,-122.33308410644531,True,-99.0,POAK_50FT,IWPH3B,Oakland Harbor Outer,ESP,USA,San Francisco Bay,San Francisco Bay,Alameda,SFB Central Bay,Oakland Harbor,POAK,
37.79993438720703,-122.3328857421875,True,-99.0,POAK_50FT,IWPH3C,Oakland Harbor Outer,ESP,USA,San Francisco Bay,San Francisco Bay,Alameda,SFB Central Bay,Oakland Harbor,POAK,
37.79928207397461,-122.33090209960938,True,-99.0,POAK_50FT,IWPH3D,Oakland Harbor Outer,ESP,USA,San Francisco Bay,San Francisco Bay,Alameda,SFB Central Bay,Oakland Harbor,POAK,
0.0,0.0,False,-99.0,POAK_50FT,IW-SW-C3,Bioassay Seawater Control,CNG,NA,NA,NA,NA,NA,NA,NA,
0.0,0.0,False,-99.0,POAK_50FT,IW-SW-C4,Bioassay Seawater Control,CNG,NA,NA,NA,NA,NA,NA,NA,
37.81538391113281,-122.31938171386719,True,-99.0,POAK_50FT,OCPH1A,Oakland Harbor Outer,ESP,USA,San Francisco Bay,San Francisco Bay,Alameda,SFB Central Bay,Oakland Harbor,POAK,
37.812984466552734,-122.32971954345703,True,-99.0,POAK_50FT,OCPH1B,Oakland Harbor Outer,ESP,USA,San Francisco Bay,San Francisco Bay,Alameda,SFB Central Bay,Oakland Harbor,POAK,
37.805301666259766,-122.349853515625,True,-99.0,POAK_50FT,OCPH1C,Oakland Harbor Outer,ESP,USA,San Francisco Bay,San Francisco Bay,Alameda,SFB Central Bay,Oakland Harbor,POAK,
37.812950134277344,-122.32483673095703,True,-99.0,POAK_50FT,OCPH2A,Oakland Harbor Outer,ESP,USA,San Francisco Bay,San Francisco Bay,Alameda,SFB Central Bay,Oakland Harbor,POAK,
37.812217712402344,-122.32533264160156,True,-99.0,POAK_50FT,OCPH2B,Oakland Harbor Outer,ESP,USA,San Francisco Bay,San Francisco Bay,Alameda,SFB Central Bay,Oakland Harbor,POAK,
37.81271743774414,-122.32941436767578,True,-99.0,POAK_50FT,OCPH2C,Oakland Harbor Outer,ESP,USA,San Francisco Bay,San Francisco Bay,Alameda,SFB Central Bay,Oakland Harbor,POAK,
37.81195068359375,-122.33097076416016,True,-99.0,POAK_50FT,OCPH2D,Oakland Harbor Outer,ESP,USA,San Francisco Bay,San Francisco Bay,Alameda,SFB Central Bay,Oakland Harbor,POAK,
37.80363464355469,-122.3511962890625,True,-99.0,POAK_50FT,OCPH2E,Oakland Harbor Outer,ESP,USA,San Francisco Bay,San Francisco Bay,Alameda,SFB Central Bay,Oakland Harbor,POAK,
37.80278396606445,-122.35263061523438,True,-99.0,POAK_50FT,OCPH2F,Oakland Harbor Outer,ESP,USA,San Francisco Bay,San Francisco Bay,Alameda,SFB Central Bay,Oakland Harbor,POAK,
37.80288314819336,-122.35538482666016,True,-99.0,POAK_50FT,OCPH2G,Oakland Harbor Outer,ESP,USA,San Francisco Bay,San Francisco Bay,Alameda,SFB Central Bay,Oakland Harbor,POAK,
37.80196762084961,-122.3566665649414,True,-99.0,POAK_50FT,OCPH2H,Oakland Harbor Outer,ESC,USA,San Francisco Bay,San Francisco Bay,Alameda,SFB Central Bay,Oakland Harbor,POAK,
37.80255126953125,-122.35955047607422,True,-99.0,POAK_50FT,OCPH2I,Oakland Harbor Outer,ESC,USA,San Francisco Bay,San Francisco Bay,Alameda,SFB Central Bay,Oakland Harbor,POAK,
37.819766998291016,-122.31578063964844,True,-99.0,POAK_50FT,OCPH3A,Oakland Harbor Outer,ESP,USA,San Francisco Bay,San Francisco Bay,Alameda,SFB Central Bay,Oakland Harbor,POAK,
37.81721878051758,-122.31883239746094,True,-99.0,POAK_50FT,OCPH3B,Oakland Harbor Outer,ESP,USA,San Francisco Bay,San Francisco Bay,Alameda,SFB Central Bay,Oakland Harbor,POAK,
37.81193161010742,-122.32278442382812,True,-99.0,POAK_50FT,OCPH3C,Oakland Harbor Outer,ESP,USA,San Francisco Bay,San Francisco Bay,Alameda,SFB Central Bay,Oakland Harbor,POAK,
0.0,0.0,False,-99.0,POAK_50FT,OC-SW-C5,Bioassay Seawater Control,CNG,NA,NA,NA,NA,NA,NA,NA,
0.0,0.0,False,-99.0,POAK_50FT,OC-SW-C7,Bioassay Seawater Control,CNG,NA,NA,NA,NA,NA,NA,NA,
37.81473159790039,-122.32469940185547,True,-99.0,POAK_50FT,OWPH1A,Oakland Harbor Outer,ESP,USA,San Francisco Bay,San Francisco Bay,Alameda,SFB Central Bay,Oakland Harbor,POAK,
37.813716888427734,-122.33181762695312,True,-99.0,POAK_50FT,OWPH1B,Oakland Harbor Outer,ESP,USA,San Francisco Bay,San Francisco Bay,Alameda,SFB Central Bay,Oakland Harbor,POAK,
37.8125,-122.33499908447266,True,-99.0,POAK_50FT,OWPH1C,Oakland Harbor Outer,ESP,USA,San Francisco Bay,San Francisco Bay,Alameda,SFB Central Bay,Oakland Harbor,POAK,
37.81171798706055,-122.336669921875,True,-99.0,POAK_50FT,OWPH1D,Oakland Harbor Outer,ESP,USA,San Francisco Bay,San Francisco Bay,Alameda,SFB Central Bay,Oakland Harbor,POAK,
37.81123352050781,-122.33771514892578,True,-99.0,POAK_50FT,OWPH1E,Oakland Harbor Outer,ESP,USA,San Francisco Bay,San Francisco Bay,Alameda,SFB Central Bay,Oakland Harbor,POAK,
37.810333251953125,-122.34001922607422,True,-99.0,POAK_50FT,OWPH1F,Oakland Harbor Outer,ESP,USA,San Francisco Bay,San Francisco Bay,Alameda,SFB Central Bay,Oakland Harbor,POAK,
37.80926513671875,-122.34259796142578,True,-99.0,POAK_50FT,OWPH1G,Oakland Harbor Outer,ESP,USA,San Francisco Bay,San Francisco Bay,Alameda,SFB Central Bay,Oakland Harbor,POAK,
37.806182861328125,-122.35023498535156,True,-99.0,POAK_50FT,OWPH1H,Oakland Harbor Outer,ESC,USA,San Francisco Bay,San Francisco Bay,Alameda,SFB Central Bay,Oakland Harbor,POAK,
37.802799224853516,-122.3608169555664,True,-99.0,POAK_50FT,OWPH1I,Oakland Harbor Outer,ESC,USA,San Francisco Bay,San Francisco Bay,Alameda,SFB Central Bay,Oakland Harbor,POAK,
0.0,0.0,False,-99.0,POAK_50FT,OW-SW-C1,Bioassay Seawater Control,CNG,NA,NA,NA,NA,NA,NA,NA,
0.0,0.0,False,-99.0,POAK_50FT,OW-SW-C2,Bioassay Seawater Control,CNG,NA,NA,NA,NA,NA,NA,NA,
0.0,0.0,False,-99.0,POAK_50FT,OW-SW-C3,Bioassay Seawater Control,CNG,NA,NA,NA,NA,NA,NA,NA,
0.0,0.0,False,-99.0,POAK_50FT,OW-SW-C4,Bioassay Seawater Control,CNG,NA,NA,NA,NA,NA,NA,NA,
0.0,0.0,False,-99.0,POAK_50FT,OW-SW-C5,Bioassay Seawater Control,CNG,NA,NA,NA,NA,NA,NA,NA,
0.0,0.0,False,-99.0,POAK_50FT,OW-SW-C6,Bioassay Seawater Control,CNG,NA,NA,NA,NA,NA,NA,NA,
0.0,0.0,False,-99.0,POAK_B2630,AAControl,Bioassay Sediment Control,CNG,NA,NA,NA,NA,NA,NA,NA,
-99.0,-99.0,True,-99.0,POAK_B2630,Berth 26,Berth 26,ESP,USA,San Francisco Bay,San Francisco Bay,Alameda,SFB Central Bay,Oakland Harbor,POAK,Located by reference to Berth Markings
-99.0,-99.0,True,-99.0,POAK_B2630,Berth 30,Berth 30,ESP,USA,San Francisco Bay,San Francisco Bay,Alameda,SFB Central Bay,Oakland Harbor,POAK,Located by reference to Berth Markings
37.80997085571289,-122.33873748779297,True,-99.0,POAK_B2630,OHCI,Oakland Harbor Outer,ESP,USA,San Francisco Bay,San Francisco Bay,Alameda,SFB Central Bay,Oakland Harbor,POAK,Laser Range System
37.812278747558594,-122.33585357666016,True,-99.0,POAK_B2630,OHCII,Oakland Harbor Outer,ESP,USA,San Francisco Bay,San Francisco Bay,Alameda,SFB Central Bay,Oakland Harbor,POAK,Laser Range System
33.75373077392578,-118.27525329589844,True,-99.0,POLA_B100,Area A,NA,ESP,USA,Los Angeles,Dominguez Watershed,Los Angeles,San Pedro Bay,Los Angeles Harbor,POLA,
33.75273132324219,-118.27473449707031,True,-99.0,POLA_B100,Area B,NA,ESP,USA,Los Angeles,Dominguez Watershed,Los Angeles,San Pedro Bay,Los Angeles Harbor,POLA,
33.75164031982422,-118.2825698852539,False,-99.0,POLA_B10709,107-9 A,NA,ESP,USA,Los Angeles,Dominguez Watershed,Los Angeles,San Pedro Bay,Los Angeles Harbor,POLA,
33.75454330444336,-118.2821273803711,False,-99.0,POLA_B10709,107-9 B,NA,ESP,USA,Los Angeles,Dominguez Watershed,Los Angeles,San Pedro Bay,Los Angeles Harbor,POLA,
33.75474166870117,-118.28150939941406,False,-99.0,POLA_B10709,107-9 C,NA,ESP,USA,Los Angeles,Dominguez Watershed,Los Angeles,San Pedro Bay,Los Angeles Harbor,POLA,
33.75495529174805,-118.28089141845703,False,-99.0,POLA_B10709,107-9 D,NA,ESP,USA,Los Angeles,Dominguez Watershed,Los Angeles,San Pedro Bay,Los Angeles Harbor,POLA,
33.7550048828125,-118.28231048583984,False,-99.0,POLA_B10709,107-9 E,NA,ESP,USA,Los Angeles,Dominguez Watershed,Los Angeles,San Pedro Bay,Los Angeles Harbor,POLA,
33.75519561767578,-118.28211212158203,False,-99.0,POLA_B10709,107-9 F,NA,ESP,USA,Los Angeles,Dominguez Watershed,Los Angeles,San Pedro Bay,Los Angeles Harbor,POLA,
33.7549934387207,-118.28317260742188,False,-99.0,POLA_B10709,107-9 G,NA,ESP,USA,Los Angeles,Dominguez Watershed,Los Angeles,San Pedro Bay,Los Angeles Harbor,POLA,
33.75471878051758,-118.2672348022461,False,-99.0,POLA_B10709,107-9 H,NA,ESP,USA,Los Angeles,Dominguez Watershed,Los Angeles,San Pedro Bay,Los Angeles Harbor,POLA,
33.754295349121094,-118.26846313476562,False,-99.0,POLA_B10709,107-9 I,NA,ESP,USA,Los Angeles,Dominguez Watershed,Los Angeles,San Pedro Bay,Los Angeles Harbor,POLA,
33.75394821166992,-118.26930236816406,False,-99.0,POLA_B10709,107-9 J,NA,ESP,USA,Los Angeles,Dominguez Watershed,Los Angeles,San Pedro Bay,Los Angeles Harbor,POLA,
-99.0,-99.0,False,-99.0,POLA_B10709,Harbor,NA,OAA,USA,NA,Pacific Ocean,NA,Pacific Ocean,Pacific Ocean,NA,
33.75608825683594,-118.28003692626953,True,-99.0,POLA_B11820,118/120,NA,ESP,USA,Los Angeles,Dominguez Watershed,Los Angeles,San Pedro Bay,Los Angeles Harbor,POLA,
0.0,0.0,True,-99.0,POLA_B11820,Inner Harbor,Site Water Control,CNG,NA,NA,NA,NA,NA,NA,NA,
0.0,0.0,True,-99.0,POLA_B11820,Main Channel,Reference Water,CNG,NA,NA,NA,NA,NA,NA,NA,
-99.0,-99.0,True,-99.0,POLA_B11820,Outer Harbor,NA,ESP,USA,Los Angeles,Dominguez Watershed,Los Angeles,San Pedro Bay,Los Angeles Harbor,POLA,
0.0,0.0,False,-99.0,POLA_B11820,Santa Cruz,Santa Cruz Negative Control,CNG,USA,Central Coast,Pacific Ocean,Santa Cruz,Pacific Ocean,Pacific Ocean,NA,
33.75788116455078,-118.27780151367188,True,-99.0,POLA_B12124,Berth 121-2,NA,ESP,USA,Los Angeles,Dominguez Watershed,Los Angeles,San Pedro Bay,Los Angeles Harbor,POLA,
33.760101318359375,-118.27598571777344,True,-99.0,POLA_B12124,Berth 122,NA,ESP,USA,Los Angeles,Dominguez Watershed,Los Angeles,San Pedro Bay,Los Angeles Harbor,POLA,
0.0,0.0,False,-99.0,POLA_B12124,Control,Bioassay Negative Control,CNG,NA,NA,NA,NA,NA,NA,NA,
33.55332946777344,-118.18000030517578,False,-99.0,POLA_B12124,LA-2 Ref,LA-2 Reference Site,OAA,USA,Santa Ana,Pacific Ocean,Orange,Pacific Ocean,Pacific Ocean,NA,
-99.0,-99.0,True,-99.0,POLA_B12126,Berth 121,NA,ESP,USA,Los Angeles,Dominguez Watershed,Los Angeles,San Pedro Bay,Los Angeles Harbor,POLA,
-99.0,-99.0,True,-99.0,POLA_B12126,Berth 126,NA,ESP,USA,Los Angeles,Dominguez Watershed,Los Angeles,San Pedro Bay,Los Angeles Harbor,POLA,
33.5533332824707,-118.18000030517578,False,-99.0,POLA_B12126,LA-2 Reference,LA-2 Reference Site,OAA,USA,Santa Ana,Pacific Ocean,Orange,Pacific Ocean,Pacific Ocean,NA,
0.0,0.0,False,-99.0,POLA_B12126,Newport Control,Newport Control,CNG,NA,NA,NA,NA,NA,NA,NA,
38.22999954223633,-122.96666717529297,False,-99.0,POLA_B12126,Tomales Control,Tomales Bay Control,CNG,USA,San Francisco Bay,Marin Coastal,Marin,Tomales Bay,Tomales Bay North,NA,
33.5533332824707,-118.18000030517578,False,-99.0,POLA_B12731,LA-2 Reference,LA-2 Reference Site,OAA,USA,Santa Ana,Pacific Ocean,Orange,Pacific Ocean,Pacific Ocean,NA,
0.0,0.0,False,-99.0,POLA_B12731,Newport Control,Newport Control,CNG,NA,NA,NA,NA,NA,NA,NA,
0.0,0.0,False,-99.0,POLA_B12731,Scripps Control,Scripps Seawater Control,CNG,NA,NA,NA,NA,NA,NA,NA,
33.76679992675781,-118.27899932861328,True,-99.0,POLA_B12731,Test Site,NA,ESP,USA,Los Angeles,Dominguez Watershed,Los Angeles,San Pedro Bay,Los Angeles Harbor,POLA,
38.22999954223633,-122.96666717529297,False,-99.0,POLA_B12731,Tomales Control,Tomales Bay Control,CNG,USA,San Francisco Bay,Marin Coastal,Marin,Tomales Bay,Tomales Bay North,NA,
33.766014099121094,-118.2711410522461,True,-99.0,POLA_B142,Berth 142,NA,ESP,USA,Los Angeles,Dominguez Watershed,Los Angeles,San Pedro Bay,Los Angeles Harbor,POLA,
33.5533332824707,-118.18000030517578,False,-99.0,POLA_B142,LA-2 Reference,LA-2 Reference Site,OAA,USA,Santa Ana,Pacific Ocean,Orange,Pacific Ocean,Pacific Ocean,NA,
0.0,0.0,False,-99.0,POLA_B142,SanFranciscoBay,San Francisco Bay Control,CNG,USA,San Francisco Bay,San Francisco Bay,San Francisco,NA,NA,NA,
38.22999954223633,-122.96666717529297,False,-99.0,POLA_B142,Tomales Control,Tomales Bay Control,CNG,USA,San Francisco Bay,Marin Coastal,Marin,Tomales Bay,Tomales Bay North,NA,
33.764610290527344,-118.27166748046875,True,-99.0,POLA_B14244,Berth 143 I,NA,ESP,USA,Los Angeles,Dominguez Watershed,Los Angeles,San Pedro Bay,Los Angeles Harbor,POLA,
33.76420211791992,-118.27202606201172,True,-99.0,POLA_B14244,Berth 143-144 O,NA,ESP,USA,Los Angeles,Dominguez Watershed,Los Angeles,San Pedro Bay,Los Angeles Harbor,POLA,
33.76375961303711,-118.27198028564453,True,-99.0,POLA_B14244,Berth 144 I,NA,ESP,USA,Los Angeles,Dominguez Watershed,Los Angeles,San Pedro Bay,Los Angeles Harbor,POLA,
38.22999954223633,-122.96666717529297,False,-99.0,POLA_B14244,Control,Tomales Bay Control,CNG,USA,San Francisco Bay,Marin Coastal,Marin,Tomales Bay,Tomales Bay North,NA,
33.5533332824707,-118.18000030517578,False,-99.0,POLA_B14244,LA-2 Reference,LA-2 Reference Site,OAA,USA,Santa Ana,Pacific Ocean,Orange,Pacific Ocean,Pacific Ocean,NA,"Off Los Angeles Harbor, 7 miles west of Queen's Ga"
0.0,0.0,False,-99.0,POLA_B14244,Lab Sea Water,Bioassay Seawater Control,CNG,NA,NA,NA,NA,NA,NA,NA,
33.76375961303711,-118.27198028564453,True,-99.0,POLA_B144,Berth,NA,ESP,USA,Los Angeles,Dominguez Watershed,Los Angeles,San Pedro Bay,Los Angeles Harbor,POLA,
33.5533332824707,-118.18000030517578,False,-99.0,POLA_B144,LA-2 Reference,LA-2 Reference Site,OAA,USA,Santa Ana,Pacific Ocean,Orange,Pacific Ocean,Pacific Ocean,NA,
0.0,0.0,False,-99.0,POLA_B144,Newport-Cont,Newport Control,CNG,NA,NA,NA,NA,NA,NA,NA,
0.0,0.0,False,-99.0,POLA_B144,Sea Water,Bioassay Seawater Control,CNG,NA,NA,NA,NA,NA,NA,NA,
-99.0,-99.0,True,-99.0,POLA_B144,Shore,NA,UPL,USA,Los Angeles,Dominguez Watershed,Los Angeles,San Pedro Bay,Los Angeles Harbor,POLA,
38.22999954223633,-122.96666717529297,False,-99.0,POLA_B144,Tomales-Cont,Tomales Bay Control,CNG,USA,San Francisco Bay,Marin Coastal,Marin,Tomales Bay,Tomales Bay North,NA,
33.75809860229492,-118.27410125732422,True,-99.0,POLA_B147,Berth,NA,ESP,USA,Los Angeles,Dominguez Watershed,Los Angeles,San Pedro Bay,Los Angeles Harbor,POLA,
33.5533332824707,-118.18000030517578,False,-99.0,POLA_B147,LA-2 Reference,LA-2 Reference Site,OAA,USA,Santa Ana,Pacific Ocean,Orange,Pacific Ocean,Pacific Ocean,NA,
0.0,0.0,False,-99.0,POLA_B147,Newport Control,Newport Control,CNG,NA,NA,NA,NA,NA,NA,NA,
33.758201599121094,-118.2738037109375,True,-99.0,POLA_B147,Shore,NA,UPL,USA,Los Angeles,Dominguez Watershed,Los Angeles,San Pedro Bay,Los Angeles Harbor,POLA,
38.22999954223633,-122.96666717529297,False,-99.0,POLA_B147,Tomales Control,Tomales Bay Control,CNG,USA,San Francisco Bay,Marin Coastal,Marin,Tomales Bay,Tomales Bay North,NA,
0.0,0.0,False,-99.0,POLA_B147,Water Control,Bioassay Seawater Control,CNG,NA,NA,NA,NA,NA,NA,NA,
33.754634857177734,-118.27237701416016,True,-99.0,POLA_B14851,148-151,NA,ESP,USA,Los Angeles,Dominguez Watershed,Los Angeles,San Pedro Bay,Los Angeles Harbor,POLA,
0.0,0.0,False,-99.0,POLA_B14851,Control,Bioassay Negative Control,CNG,NA,NA,NA,NA,NA,NA,NA,
33.5533332824707,-118.18000030517578,False,-99.0,POLA_B14851,LA-2 Reference,LA-2 Reference Site,OAA,USA,Santa Ana,Pacific Ocean,Orange,Pacific Ocean,Pacific Ocean,NA,
33.759498596191406,-118.26878356933594,True,-99.0,POLA_B16364,163-A,NA,ESP,USA,Los Angeles,Dominguez Watershed,Los Angeles,San Pedro Bay,Los Angeles Harbor,POLA,
33.76058578491211,-118.26703643798828,True,-99.0,POLA_B16364,163-B,NA,ESP,USA,Los Angeles,Dominguez Watershed,Los Angeles,San Pedro Bay,Los Angeles Harbor,POLA,
0.0,0.0,True,-99.0,POLA_B16364,Baseline,Baseline Laboratory Bioaccumulation Sample,CNG,NA,NA,NA,NA,NA,NA,NA,
33.5533332824707,-118.18000030517578,False,-99.0,POLA_B16364,LA2 Reference,LA-2 Reference Site,OAA,USA,Santa Ana,Pacific Ocean,Orange,Pacific Ocean,Pacific Ocean,NA,
38.22999954223633,-122.96666717529297,False,-99.0,POLA_B16364,Tomales Control,Tomales Bay Control,CNG,USA,San Francisco Bay,Marin Coastal,Marin,Tomales Bay,Tomales Bay North,NA,
33.75356674194336,-118.26805114746094,True,-99.0,POLA_B16769_00,167-169,NA,ESP,USA,Los Angeles,Dominguez Watershed,Los Angeles,San Pedro Bay,Los Angeles Harbor,POLA,
0.0,0.0,False,-99.0,POLA_B16769_00,Control,Bioassay Negative Control,CNG,NA,NA,NA,NA,NA,NA,NA,
33.5533332824707,-118.18000030517578,False,-99.0,POLA_B16769_00,LA-2 Reference,LA-2 Reference Site,OAA,USA,Santa Ana,Pacific Ocean,Orange,Pacific Ocean,Pacific Ocean,NA,
33.755218505859375,-118.26802062988281,True,-99.0,POLA_B16769_92,Berths 167-169,NA,ESP,USA,Los Angeles,Dominguez Watershed,Los Angeles,San Pedro Bay,Los Angeles Harbor,POLA,
38.22999954223633,-122.96666717529297,False,-99.0,POLA_B16769_92,Control,Tomales Bay Control,CNG,USA,San Francisco Bay,Marin Coastal,Marin,Tomales Bay,Tomales Bay North,NA,
33.55332946777344,-118.18000030517578,False,-99.0,POLA_B16769_92,REF,LA-2 Reference Site,OAA,USA,Santa Ana,Pacific Ocean,Orange,Pacific Ocean,Pacific Ocean,NA,
33.75359344482422,-118.26612854003906,True,-99.0,POLA_B17173,Area I,NA,ESP,USA,Los Angeles,Dominguez Watershed,Los Angeles,San Pedro Bay,Los Angeles Harbor,POLA,
33.75600814819336,-118.26364135742188,True,-99.0,POLA_B17173,Area II,NA,ESP,USA,Los Angeles,Dominguez Watershed,Los Angeles,San Pedro Bay,Los Angeles Harbor,POLA,
0.0,0.0,False,-99.0,POLA_B17173,Control,Bioassay Negative Control,CNG,NA,NA,NA,NA,NA,NA,NA,
33.752723693847656,-118.26722717285156,False,-99.0,POLA_B17173,IA,NA,ESP,USA,Los Angeles,Dominguez Watershed,Los Angeles,San Pedro Bay,Los Angeles Harbor,POLA,
33.75299835205078,-118.26668548583984,False,-99.0,POLA_B17173,IB,NA,ESP,USA,Los Angeles,Dominguez Watershed,Los Angeles,San Pedro Bay,Los Angeles Harbor,POLA,
33.75359344482422,-118.26612854003906,False,-99.0,POLA_B17173,IC,NA,ESP,USA,Los Angeles,Dominguez Watershed,Los Angeles,San Pedro Bay,Los Angeles Harbor,POLA,
33.754066467285156,-118.26556396484375,False,-99.0,POLA_B17173,ID,NA,ESP,USA,Los Angeles,Dominguez Watershed,Los Angeles,San Pedro Bay,Los Angeles Harbor,POLA,
33.754451751708984,-118.26534271240234,False,-99.0,POLA_B17173,IE,NA,ESP,USA,Los Angeles,Dominguez Watershed,Los Angeles,San Pedro Bay,Los Angeles Harbor,POLA,
33.75501251220703,-118.26490020751953,False,-99.0,POLA_B17173,IIA,NA,ESP,USA,Los Angeles,Dominguez Watershed,Los Angeles,San Pedro Bay,Los Angeles Harbor,POLA,
33.75564193725586,-118.26415252685547,False,-99.0,POLA_B17173,IIB,NA,ESP,USA,Los Angeles,Dominguez Watershed,Los Angeles,San Pedro Bay,Los Angeles Harbor,POLA,
33.756107330322266,-118.26380920410156,False,-99.0,POLA_B17173,IIC,NA,ESP,USA,Los Angeles,Dominguez Watershed,Los Angeles,San Pedro Bay,Los Angeles Harbor,POLA,
33.75600814819336,-118.26364135742188,False,-99.0,POLA_B17173,IID,NA,ESP,USA,Los Angeles,Dominguez Watershed,Los Angeles,San Pedro Bay,Los Angeles Harbor,POLA,
33.756507873535156,-118.26342010498047,False,-99.0,POLA_B17173,IIE,NA,ESP,USA,Los Angeles,Dominguez Watershed,Los Angeles,San Pedro Bay,Los Angeles Harbor,POLA,
33.5533332824707,-118.18000030517578,False,-99.0,POLA_B17173,LA2-Ref,LA-2 Reference Site,OAA,USA,Santa Ana,Pacific Ocean,Orange,Pacific Ocean,Pacific Ocean,NA,
33.5533332824707,-118.18000030517578,False,-99.0,POLA_B17476,LA-2 Reference,LA-2 Reference Site,OAA,USA,Santa Ana,Pacific Ocean,Orange,Pacific Ocean,Pacific Ocean,NA,"Coordinates were provided by EPA, site located usi"
33.75821304321289,-118.26192474365234,True,-99.0,POLA_B17476,Site A,NA,ESP,USA,Los Angeles,Dominguez Watershed,Los Angeles,San Pedro Bay,Los Angeles Harbor,POLA,
33.75714111328125,-118.26295471191406,True,-99.0,POLA_B17476,Site B,NA,ESP,USA,Los Angeles,Dominguez Watershed,Los Angeles,San Pedro Bay,Los Angeles Harbor,POLA,
38.22999954223633,-122.96666717529297,False,-99.0,POLA_B17476,Tomales Control,Tomales Bay Control,CNG,USA,San Francisco Bay,Marin Coastal,Marin,Tomales Bay,Tomales Bay North,NA,
33.5533332824707,-118.18000030517578,False,-99.0,POLA_B18790,LA-2 Reference,LA-2 Reference Site,OAA,USA,Santa Ana,Pacific Ocean,Orange,Pacific Ocean,Pacific Ocean,NA,
0.0,0.0,False,-99.0,POLA_B18790,Newport Control,Newport Control,CNG,NA,NA,NA,NA,NA,NA,NA,
0.0,0.0,False,-99.0,POLA_B18790,Seawater,Bioassay Seawater Control,CNG,NA,NA,NA,NA,NA,NA,NA,
-99.0,-99.0,True,-99.0,POLA_B18790,Site 4,NA,ESP,USA,Los Angeles,Dominguez Watershed,Los Angeles,San Pedro Bay,Los Angeles Harbor,POLA,
38.22999954223633,-122.96666717529297,False,-99.0,POLA_B18790,Tomales Control,Tomales Bay Control,CNG,USA,San Francisco Bay,Marin Coastal,Marin,Tomales Bay,Tomales Bay North,NA,
-99.0,-99.0,True,-99.0,POLA_B191,Berth 191,NA,ESP,USA,Los Angeles,Dominguez Watershed,Los Angeles,San Pedro Bay,Los Angeles Harbor,POLA,
33.5533332824707,-118.18000030517578,False,-99.0,POLA_B191,LA-2 Reference,LA-2 Reference Site,OAA,USA,Santa Ana,Pacific Ocean,Orange,Pacific Ocean,Pacific Ocean,NA,
0.0,0.0,False,-99.0,POLA_B191,Newport Control,Newport Control,CNG,NA,NA,NA,NA,NA,NA,NA,
0.0,0.0,False,-99.0,POLA_B191,Scripps Pier,Scripps Seawater Control,CNG,NA,NA,NA,NA,NA,NA,NA,
38.22999954223633,-122.96666717529297,False,-99.0,POLA_B191,Tomales Control,Tomales Bay Control,CNG,USA,San Francisco Bay,Marin Coastal,Marin,Tomales Bay,Tomales Bay North,NA,
33.75960159301758,-118.25779724121094,True,-99.0,POLA_B21215,212-215,NA,ESP,USA,Los Angeles,Dominguez Watershed,Los Angeles,San Pedro Bay,Los Angeles Harbor,POLA,
0.0,0.0,False,-99.0,POLA_B21215,Control,Bioassay Negative Control,CNG,NA,NA,NA,NA,NA,NA,NA,Tomales Bay for all but amphipod testing.
33.5533332824707,-118.18000030517578,False,-99.0,POLA_B21215,LA-2 Reference,LA-2 Reference Site,OAA,USA,Santa Ana,Pacific Ocean,Orange,Pacific Ocean,Pacific Ocean,NA,
33.75596618652344,-118.26117706298828,True,-99.0,POLA_B21621,Area A,NA,ESP,USA,Los Angeles,Dominguez Watershed,Los Angeles,San Pedro Bay,Los Angeles Harbor,POLA,
33.753353118896484,-118.26410675048828,True,-99.0,POLA_B21621,Area B,NA,ESP,USA,Los Angeles,Dominguez Watershed,Los Angeles,San Pedro Bay,Los Angeles Harbor,POLA,
0.0,0.0,True,-99.0,POLA_B21621,Baseline,Baseline Laboratory Bioaccumulation Sample,CNG,NA,NA,NA,NA,NA,NA,NA,
0.0,0.0,False,-99.0,POLA_B21621,Control,Bioassay Negative Control,CNG,NA,NA,NA,NA,NA,NA,NA,
33.5533332824707,-118.18000030517578,False,-99.0,POLA_B21621,LA-2 Reference,LA-2 Reference Site,OAA,USA,Santa Ana,Pacific Ocean,Orange,Pacific Ocean,Pacific Ocean,NA,
33.738441467285156,-118.27477264404297,True,-99.0,POLA_B23336,Area A,NA,ESP,USA,Los Angeles,Dominguez Watershed,Los Angeles,San Pedro Bay,Los Angeles Harbor,POLA,
33.73814392089844,-118.27467346191406,True,-99.0,POLA_B23336,Area B,NA,ESP,USA,Los Angeles,Dominguez Watershed,Los Angeles,San Pedro Bay,Los Angeles Harbor,POLA,
0.0,0.0,True,-99.0,POLA_B23336,Baseline,Baseline Laboratory Bioaccumulation Sample,CNG,NA,NA,NA,NA,NA,NA,NA,
0.0,0.0,False,-99.0,POLA_B23336,Control,Bioassay Negative Control,CNG,NA,NA,NA,NA,NA,NA,NA,
33.5533332824707,-118.18000030517578,False,-99.0,POLA_B23336,LA-2 Reference,LA-2 Reference Site,OAA,USA,Santa Ana,Pacific Ocean,Orange,Pacific Ocean,Pacific Ocean,NA,
33.73400115966797,-118.27330017089844,True,-99.0,POLA_B23739,Area A,NA,ESP,USA,Los Angeles,Dominguez Watershed,Los Angeles,San Pedro Bay,Los Angeles Harbor,POLA,
33.5533332824707,-118.18000030517578,False,-99.0,POLA_B23739,LA-2 Reference,LA-2 Reference Site,OAA,USA,Santa Ana,Pacific Ocean,Orange,Pacific Ocean,Pacific Ocean,NA,
0.0,0.0,False,-99.0,POLA_B23739,Lab,Bioassay Negative Control,CNG,NA,NA,NA,NA,NA,NA,NA,
38.22999954223633,-122.96666717529297,False,-99.0,POLA_B23739,Tomales Control,Tomales Bay Control,CNG,USA,San Francisco Bay,Marin Coastal,Marin,Tomales Bay,Tomales Bay North,NA,
33.73321533203125,-118.27128601074219,True,-99.0,POLA_B240B,Berth 240B,NA,ESP,USA,Los Angeles,Dominguez Watershed,Los Angeles,San Pedro Bay,Los Angeles Harbor,POLA,
0.0,0.0,False,-99.0,POLA_B240B,Control,Bioassay Negative Control,CNG,NA,NA,NA,NA,NA,NA,NA,
0.0,0.0,False,-99.0,POLA_B240B,Control 1,Bioassay Negative Control,CNG,NA,NA,NA,NA,NA,NA,NA,
0.0,0.0,False,-99.0,POLA_B240B,Control 2,Bioassay Negative Control,CNG,NA,NA,NA,NA,NA,NA,NA,
33.5533332824707,-118.18000030517578,False,-99.0,POLA_B240B,LA-2 Ref,LA-2 Reference Site,OAA,USA,Santa Ana,Pacific Ocean,Orange,Pacific Ocean,Pacific Ocean,NA,
33.734676361083984,-118.2684555053711,True,-99.0,POLA_B25859,Berth 258,NA,ESP,USA,Los Angeles,Dominguez Watershed,Los Angeles,San Pedro Bay,Los Angeles Harbor,POLA,
33.5533332824707,-118.18000030517578,False,-99.0,POLA_B25859,LA-2 Reference,LA-2 Reference Site,OAA,USA,Santa Ana,Pacific Ocean,Orange,Pacific Ocean,Pacific Ocean,NA,
33.737998962402344,-118.26899719238281,True,-99.0,POLA_B26162,Berths 261-262,NA,ESP,USA,Los Angeles,Dominguez Watershed,Los Angeles,San Pedro Bay,Los Angeles Harbor,POLA,
33.5533332824707,-118.18000030517578,False,-99.0,POLA_B26162,LA-2 Reference,LA-2 Reference Site,OAA,USA,Santa Ana,Pacific Ocean,Orange,Pacific Ocean,Pacific Ocean,NA,"LA-2 Reference, Coodinates provided by EPA"
0.0,0.0,False,-99.0,POLA_B26162,Seawater,Bioassay Seawater Control,CNG,NA,NA,NA,NA,NA,NA,NA,
38.22999954223633,-122.96666717529297,False,-99.0,POLA_B26162,Tomales Control,Tomales Bay Control,CNG,USA,San Francisco Bay,Marin Coastal,Marin,Tomales Bay,Tomales Bay North,NA,
48.397220611572266,-122.68055725097656,True,-99.0,POLA_B26162,West Beach,West Beach Control,CNG,USA,NA,Puget Sound,Island,Puget Sound,Puget Sound,NA,
33.738182067871094,-118.26673126220703,True,-99.0,POLA_B26364,263-264,NA,ESP,USA,Los Angeles,Dominguez Watershed,Los Angeles,San Pedro Bay,Los Angeles Harbor,POLA,
33.5533332824707,-118.18000030517578,False,-99.0,POLA_B26364,LA-2 Reference,LA-2 Reference Site,OAA,USA,Santa Ana,Pacific Ocean,Orange,Pacific Ocean,Pacific Ocean,NA,
0.0,0.0,False,-99.0,POLA_B26364,SanFranciscoBay,San Francisco Bay Control,CNG,USA,San Francisco Bay,San Francisco Bay,San Francisco,NA,NA,NA,
38.22999954223633,-122.96666717529297,False,-99.0,POLA_B26364,Tomales Control,Tomales Bay Control,CNG,USA,San Francisco Bay,Marin Coastal,Marin,Tomales Bay,Tomales Bay North,NA,
33.72439193725586,-118.28141784667969,True,-99.0,POLA_B35,Berth 35,NA,ESP,USA,Los Angeles,Dominguez Watershed,Los Angeles,San Pedro Bay,Los Angeles Harbor,POLA,
33.5533332824707,-118.18000030517578,False,-99.0,POLA_B35,LA-2 Reference,LA-2 Reference Site,OAA,USA,Santa Ana,Pacific Ocean,Orange,Pacific Ocean,Pacific Ocean,NA,
33.72456741333008,-118.28191375732422,False,-99.0,POLA_B36,B36-1,NA,ESP,USA,Los Angeles,Dominguez Watershed,Los Angeles,San Pedro Bay,Los Angeles Harbor,POLA,
33.724609375,-118.28175354003906,False,-99.0,POLA_B36,B36-2,NA,ESP,USA,Los Angeles,Dominguez Watershed,Los Angeles,San Pedro Bay,Los Angeles Harbor,POLA,
33.73400115966797,-118.2744369506836,True,-99.0,POLA_B400,CG-1,NA,ESP,USA,Los Angeles,Dominguez Watershed,Los Angeles,San Pedro Bay,Los Angeles Harbor,POLA,
33.723411560058594,-118.27711486816406,False,-99.0,POLA_B4044_95,CORE-1,NA,ESP,USA,Los Angeles,Dominguez Watershed,Los Angeles,San Pedro Bay,Los Angeles Harbor,POLA,
33.723060607910156,-118.27723693847656,False,-99.0,POLA_B4044_95,CORE-2,NA,ESP,USA,Los Angeles,Dominguez Watershed,Los Angeles,San Pedro Bay,Los Angeles Harbor,POLA,
33.721588134765625,-118.27774047851562,False,-99.0,POLA_B4044_95,CORE-3,NA,ESP,USA,Los Angeles,Dominguez Watershed,Los Angeles,San Pedro Bay,Los Angeles Harbor,POLA,
33.72103500366211,-118.27656555175781,False,-99.0,POLA_B4044_95,CORE-4,NA,ESP,USA,Los Angeles,Dominguez Watershed,Los Angeles,San Pedro Bay,Los Angeles Harbor,POLA,
33.719207763671875,-118.2773208618164,False,-99.0,POLA_B4044_95,CORE-5,NA,ESP,USA,Los Angeles,Dominguez Watershed,Los Angeles,San Pedro Bay,Los Angeles Harbor,POLA,
33.717098236083984,-118.27710723876953,False,-99.0,POLA_B4044_95,CORE-6,NA,ESP,USA,Los Angeles,Dominguez Watershed,Los Angeles,San Pedro Bay,Los Angeles Harbor,POLA,
33.5533332824707,-118.18000030517578,False,-99.0,POLA_B4044_95,LA-2 Reference,LA-2 Reference Site,OAA,USA,Santa Ana,Pacific Ocean,Orange,Pacific Ocean,Pacific Ocean,NA,
33.72100067138672,-118.2770004272461,True,-99.0,POLA_B4044_98,Area WA,NA,ESP,USA,Los Angeles,Dominguez Watershed,Los Angeles,San Pedro Bay,Los Angeles Harbor,POLA,
33.71799850463867,-118.2770004272461,True,-99.0,POLA_B4044_98,Area WB,NA,ESP,USA,Los Angeles,Dominguez Watershed,Los Angeles,San Pedro Bay,Los Angeles Harbor,POLA,
0.0,0.0,False,-99.0,POLA_B4044_98,Booth Bay,Booth Bay Control,CNG,NA,NA,NA,NA,NA,NA,NA,
33.5533332824707,-118.18000030517578,False,-99.0,POLA_B4044_98,LA-2 Reference,LA-2 Reference Site,OAA,USA,Santa Ana,Pacific Ocean,Orange,Pacific Ocean,Pacific Ocean,NA,
0.0,0.0,False,-99.0,POLA_B4044_98,Seawater,Bioassay Seawater Control,CNG,NA,NA,NA,NA,NA,NA,NA,
38.22999954223633,-122.96666717529297,False,-99.0,POLA_B4044_98,Tomales Control,Tomales Bay Control,CNG,USA,San Francisco Bay,Marin Coastal,Marin,Tomales Bay,Tomales Bay North,NA,
48.397220611572266,-122.68055725097656,True,-99.0,POLA_B4044_98,West Beach,West Beach Control,CNG,USA,NA,Puget Sound,Island,Puget Sound,Puget Sound,NA,
33.5533332824707,-118.18000030517578,False,-99.0,POLA_B4547,LA-2 Reference,LA-2 Reference Site,OAA,USA,Santa Ana,Pacific Ocean,Orange,Pacific Ocean,Pacific Ocean,NA,
0.0,0.0,False,-99.0,POLA_B4547,Newport Control,Newport Control,CNG,NA,NA,NA,NA,NA,NA,NA,
0.0,0.0,False,-99.0,POLA_B4547,Scripps Control,Scripps Seawater Control,CNG,NA,NA,NA,NA,NA,NA,NA,
33.7140998840332,-118.27629852294922,True,-99.0,POLA_B4547,Site 1,NA,ESP,USA,Los Angeles,Dominguez Watershed,Los Angeles,San Pedro Bay,Los Angeles Harbor,POLA,
33.714698791503906,-118.27549743652344,True,-99.0,POLA_B4547,Site 2,NA,ESP,USA,Los Angeles,Dominguez Watershed,Los Angeles,San Pedro Bay,Los Angeles Harbor,POLA,
38.22999954223633,-122.96666717529297,False,-99.0,POLA_B4547,Tomales Control,Tomales Bay Control,CNG,USA,San Francisco Bay,Marin Coastal,Marin,Tomales Bay,Tomales Bay North,NA,
0.0,0.0,False,-99.0,POLA_B5,Amph Control,Bioassay Sediment Control,CNG,NA,NA,NA,NA,NA,NA,NA,
33.5533332824707,-118.18000030517578,False,-99.0,POLA_B5,LA2 Reference,LA-2 Reference Site,OAA,USA,Santa Ana,Pacific Ocean,Orange,Pacific Ocean,Pacific Ocean,NA,
33.762184143066406,-118.25971984863281,True,-99.0,POLA_B5,Slip 5,NA,ESP,USA,Los Angeles,Dominguez Watershed,Los Angeles,San Pedro Bay,Los Angeles Harbor,POLA,
38.22999954223633,-122.96666717529297,False,-99.0,POLA_B5,Tomales Control,Tomales Bay Control,CNG,USA,San Francisco Bay,Marin Coastal,Marin,Tomales Bay,Tomales Bay North,NA,
33.72267150878906,-118.27525329589844,True,-99.0,POLA_B5155,51-A,NA,ESP,USA,Los Angeles,Dominguez Watershed,Los Angeles,San Pedro Bay,Los Angeles Harbor,POLA,
33.72553634643555,-118.2759017944336,True,-99.0,POLA_B5155,51-B,NA,ESP,USA,Los Angeles,Dominguez Watershed,Los Angeles,San Pedro Bay,Los Angeles Harbor,POLA,
33.5533332824707,-118.18000030517578,False,-99.0,POLA_B5758,REF,LA-2 Reference Site,OAA,USA,Santa Ana,Pacific Ocean,Orange,Pacific Ocean,Pacific Ocean,NA,
33.724369049072266,-118.2748031616211,True,-99.0,POLA_B5758,Site A,NA,ESP,USA,Los Angeles,Dominguez Watershed,Los Angeles,San Pedro Bay,Los Angeles Harbor,POLA,
0.0,0.0,False,-99.0,POLA_B5758,SPBay Control,San Pablo Bay Sediment Control,CNG,USA,San Francisco Bay,San Francisco Bay,NA,SFB San Pablo Bay,San Pablo Bay,NA,
38.22999954223633,-122.96666717529297,False,-99.0,POLA_B5758,Tomales Control,Tomales Bay Control,CNG,USA,San Francisco Bay,Marin Coastal,Marin,Tomales Bay,Tomales Bay North,NA,
33.725948333740234,-118.27252960205078,False,-99.0,POLA_B71,71A,NA,ESP,USA,Los Angeles,Dominguez Watershed,Los Angeles,San Pedro Bay,Los Angeles Harbor,POLA,No information other than locations supplied in re
33.72529983520508,-118.27259826660156,False,-99.0,POLA_B71,71B,NA,ESP,USA,Los Angeles,Dominguez Watershed,Los Angeles,San Pedro Bay,Los Angeles Harbor,POLA,No information other than locations supplied in re
33.723751068115234,-118.2717514038086,False,-99.0,POLA_B71,71C,NA,ESP,USA,Los Angeles,Dominguez Watershed,Los Angeles,San Pedro Bay,Los Angeles Harbor,POLA,No information other than locations supplied in re
33.72431564331055,-118.27179718017578,False,-99.0,POLA_B71,71D,NA,ESP,USA,Los Angeles,Dominguez Watershed,Los Angeles,San Pedro Bay,Los Angeles Harbor,POLA,No information other than locations supplied in re
0.0,0.0,False,-99.0,POLA_B71,AAControl,Bioassay Sediment Control,CNG,NA,NA,NA,NA,NA,NA,NA,
33.72431564331055,-118.27179718017578,True,-99.0,POLA_B71,Berth 71,NA,ESP,USA,Los Angeles,Dominguez Watershed,Los Angeles,San Pedro Bay,Los Angeles Harbor,POLA,
33.5533332824707,-118.18000030517578,False,-99.0,POLA_B71,LA2-Ref,LA-2 Reference Site,OAA,USA,Santa Ana,Pacific Ocean,Orange,Pacific Ocean,Pacific Ocean,NA,
38.22999954223633,-122.96666717529297,False,-99.0,POLA_B71,Tomales Control,Tomales Bay Control,CNG,USA,San Francisco Bay,Marin Coastal,Marin,Tomales Bay,Tomales Bay North,NA,
33.75240707397461,-118.27303314208984,True,-99.0,POLA_B97102,Area A,NA,ESP,USA,Los Angeles,Dominguez Watershed,Los Angeles,San Pedro Bay,Los Angeles Harbor,POLA,
33.75354766845703,-118.27440643310547,True,-99.0,POLA_B97102,Area B,NA,ESP,USA,Los Angeles,Dominguez Watershed,Los Angeles,San Pedro Bay,Los Angeles Harbor,POLA,
33.75263595581055,-118.27436828613281,True,-99.0,POLA_B97102,Area C,NA,ESP,USA,Los Angeles,Dominguez Watershed,Los Angeles,San Pedro Bay,Los Angeles Harbor,POLA,
33.75241470336914,-118.27506256103516,True,-99.0,POLA_B97102,Area D,NA,ESP,USA,Los Angeles,Dominguez Watershed,Los Angeles,San Pedro Bay,Los Angeles Harbor,POLA,
0.0,0.0,True,-99.0,POLA_B97102,Baseline,Baseline Laboratory Bioaccumulation Sample,CNG,NA,NA,NA,NA,NA,NA,NA,
33.5533332824707,-118.18000030517578,False,-99.0,POLA_B97102,LA-2 Reference,LA-2 Reference Site,OAA,USA,Santa Ana,Pacific Ocean,Orange,Pacific Ocean,Pacific Ocean,NA,
0.0,0.0,False,-99.0,POLA_B97102,SW CONTROL,Site Water Control,CNG,NA,NA,NA,NA,NA,NA,NA,
0.0,0.0,True,-99.0,POLA_Bmulti,Baseline,Baseline Laboratory Bioaccumulation Sample,CNG,NA,NA,NA,NA,NA,NA,NA,
33.76242446899414,-118.27318572998047,True,-99.0,POLA_Bmulti,Berth 145,NA,ESP,USA,Los Angeles,Dominguez Watershed,Los Angeles,San Pedro Bay,Los Angeles Harbor,POLA,
33.76054763793945,-118.27326202392578,True,-99.0,POLA_Bmulti,Berth 146,NA,ESP,USA,Los Angeles,Dominguez Watershed,Los Angeles,San Pedro Bay,Los Angeles Harbor,POLA,
-99.0,-99.0,True,-99.0,POLA_Bmulti,Berths 121-122,NA,ESP,USA,Los Angeles,Dominguez Watershed,Los Angeles,San Pedro Bay,Los Angeles Harbor,POLA,
38.22999954223633,-122.96666717529297,False,-99.0,POLA_Bmulti,Control,Tomales Bay Control,CNG,USA,San Francisco Bay,Marin Coastal,Marin,Tomales Bay,Tomales Bay North,NA,
33.5533332824707,-118.18000030517578,False,-99.0,POLA_Bmulti,LA-2 Reference,LA-2 Reference Site,OAA,USA,Santa Ana,Pacific Ocean,Orange,Pacific Ocean,Pacific Ocean,NA,
33.741695404052734,-118.27510070800781,True,-99.0,POLA_CHAN,CG-2,NA,ESP,USA,Los Angeles,Dominguez Watershed,Los Angeles,San Pedro Bay,Los Angeles Harbor,POLA,
33.76411819458008,-118.27526092529297,True,-99.0,POLA_CHAN,CG-3,NA,ESP,USA,Los Angeles,Dominguez Watershed,Los Angeles,San Pedro Bay,Los Angeles Harbor,POLA,
33.75242614746094,-118.2680435180664,True,-99.0,POLA_CHAN,CG-4,NA,ESP,USA,Los Angeles,Dominguez Watershed,Los Angeles,San Pedro Bay,Los Angeles Harbor,POLA,
33.749332427978516,-118.2731704711914,True,-99.0,POLA_CHAN,FG-1,NA,ESP,USA,Los Angeles,Dominguez Watershed,Los Angeles,San Pedro Bay,Los Angeles Harbor,POLA,
33.75668716430664,-118.27587890625,True,-99.0,POLA_CHAN,FG-2,NA,ESP,USA,Los Angeles,Dominguez Watershed,Los Angeles,San Pedro Bay,Los Angeles Harbor,POLA,
33.76191329956055,-118.2562484741211,True,-99.0,POLA_CHAN,FG-3,NA,ESP,USA,Los Angeles,Dominguez Watershed,Los Angeles,San Pedro Bay,Los Angeles Harbor,POLA,
33.72188949584961,-118.26860809326172,True,-99.0,POLA_CHAN,FM-1,NA,ESP,USA,Los Angeles,Dominguez Watershed,Los Angeles,San Pedro Bay,Los Angeles Harbor,POLA,
33.5533332824707,-118.18000030517578,False,-99.0,POLA_CHAN,LA-2 Reference,LA-2 Reference Site,OAA,USA,Santa Ana,Pacific Ocean,Orange,Pacific Ocean,Pacific Ocean,NA,
33.5283317565918,-117.8550033569336,False,-99.0,POLA_CHAN,LA-3 Reference,LA-3 Reference Site,OAA,USA,Santa Ana,Pacific Ocean,Orange,Pacific Ocean,Pacific Ocean,NA,
0.0,0.0,False,-99.0,POLA_CHAN,Lab,Bioassay Negative Control,CNG,NA,NA,NA,NA,NA,NA,NA,
0.0,0.0,True,-99.0,POLA_CHAN,Main Channel,Reference Water,CNG,NA,NA,NA,NA,NA,NA,NA,
38.22999954223633,-122.96666717529297,False,-99.0,POLA_CHAN,Tomales Control,Tomales Bay Control,CNG,USA,San Francisco Bay,Marin Coastal,Marin,Tomales Bay,Tomales Bay North,NA,
0.0,0.0,False,-99.0,POLA_CHAN,Whidbey Island,"Whidbey Island, WA Control",CNG,USA,NA,Puget Sound,Island,Puget Sound,Puget Sound,NA,
33.772987365722656,-118.24813079833984,True,-99.0,POLA_CONSOL,A,NA,ESP,USA,Los Angeles,Dominguez Watershed,Los Angeles,San Pedro Bay,Los Angeles Harbor,POLA,
33.77442932128906,-118.24627685546875,True,-99.0,POLA_CONSOL,B,NA,ESP,USA,Los Angeles,Dominguez Watershed,Los Angeles,San Pedro Bay,Los Angeles Harbor,POLA,
33.77385330200195,-118.24820709228516,True,-99.0,POLA_CONSOL,C,NA,ESP,USA,Los Angeles,Dominguez Watershed,Los Angeles,San Pedro Bay,Los Angeles Harbor,POLA,
0.0,0.0,False,-99.0,POLA_PIPE,Control,Bioassay Negative Control,CNG,NA,NA,NA,NA,NA,NA,NA,
33.7516975402832,-118.27118682861328,True,-99.0,POLA_PIPE,DWP-GEO,NA,ESP,USA,Los Angeles,Dominguez Watershed,Los Angeles,San Pedro Bay,Los Angeles Harbor,POLA,
33.74892807006836,-118.26956176757812,False,-99.0,POLA_PIPE,DWP-V7,NA,ESP,USA,Los Angeles,Dominguez Watershed,Los Angeles,San Pedro Bay,Los Angeles Harbor,POLA,
33.75448989868164,-118.27263641357422,True,-99.0,POLA_PIPE,DWP-VA,NA,ESP,USA,Los Angeles,Dominguez Watershed,Los Angeles,San Pedro Bay,Los Angeles Harbor,POLA,
33.748985290527344,-118.26968383789062,True,-99.0,POLA_PIPE,DWP-VB,NA,ESP,USA,Los Angeles,Dominguez Watershed,Los Angeles,San Pedro Bay,Los Angeles Harbor,POLA,
33.5533332824707,-118.18000030517578,False,-99.0,POLA_PIPE,LA-2 Ref,LA-2 Reference Site,OAA,USA,Santa Ana,Pacific Ocean,Orange,Pacific Ocean,Pacific Ocean,NA,
33.5283317565918,-117.8550033569336,False,-99.0,POLA_PIPE,LA-3 Ref,LA-3 Reference Site,OAA,USA,Santa Ana,Pacific Ocean,Orange,Pacific Ocean,Pacific Ocean,NA,
33.768028259277344,-118.23500061035156,True,-99.0,POLB_B8894,Area A,NA,ESP,USA,Los Angeles,Dominguez Watershed,Los Angeles,San Pedro Bay,Long Beach Harbor,POLB,
33.76914978027344,-118.2302017211914,True,-99.0,POLB_B8894,Area B,NA,ESP,USA,Los Angeles,Dominguez Watershed,Los Angeles,San Pedro Bay,Long Beach Harbor,POLB,
33.5533332824707,-118.18000030517578,False,-99.0,POLB_B8894,LA-2 Reference,LA-2 Reference Site,OAA,USA,Santa Ana,Pacific Ocean,Orange,Pacific Ocean,Pacific Ocean,NA,
0.0,0.0,False,-99.0,POLB_B8894,Newport Control,Newport Control,CNG,NA,NA,NA,NA,NA,NA,NA,
0.0,0.0,False,-99.0,POLB_B8894,Seawater,Bioassay Seawater Control,CNG,NA,NA,NA,NA,NA,NA,NA,
38.22999954223633,-122.96666717529297,False,-99.0,POLB_B8894,Tomales Control,Tomales Bay Control,CNG,USA,San Francisco Bay,Marin Coastal,Marin,Tomales Bay,Tomales Bay North,NA,
33.74100112915039,-118.19999694824219,True,-99.0,POLB_BJ24547,Area-1,NA,ESP,USA,Los Angeles,Dominguez Watershed,Los Angeles,San Pedro Bay,Long Beach Harbor,POLB,
33.74100112915039,-118.19599914550781,True,-99.0,POLB_BJ24547,Area-2,NA,ESP,USA,Los Angeles,Dominguez Watershed,Los Angeles,San Pedro Bay,Long Beach Harbor,POLB,
0.0,0.0,False,-99.0,POLB_BJ24547,Elkhorn Slough,Elkhorn Slough Negative Control,CNG,USA,Central Coast,Bolsa Neuva,Monterey,Elkhorn Slough,Elkhorn Slough,NA,
33.5533332824707,-118.18000030517578,False,-99.0,POLB_BJ24547,LA-2 Reference,LA-2 Reference Site,OAA,USA,Santa Ana,Pacific Ocean,Orange,Pacific Ocean,Pacific Ocean,NA,
0.0,0.0,False,-99.0,POLB_BJ24547,San Pablo Bay,San Pablo Bay Sediment Control,CNG,USA,San Francisco Bay,San Francisco Bay,Sonoma,SFB San Pablo Bay,San Pablo Bay,NA,
0.0,0.0,False,-99.0,POLB_BJ24547,Seawater,Bioassay Seawater Control,CNG,NA,NA,NA,NA,NA,NA,NA,
38.22999954223633,-122.96666717529297,False,-99.0,POLB_BJ24547,Tomales Control,Tomales Bay Control,CNG,USA,San Francisco Bay,Marin Coastal,Marin,Tomales Bay,Tomales Bay North,NA,
33.73659896850586,-118.19200134277344,True,-99.0,POLB_BJ26670,Area A,NA,ESP,USA,Los Angeles,Dominguez Watershed,Los Angeles,San Pedro Bay,Long Beach Harbor,POLB,
33.73659896850586,-118.18779754638672,True,-99.0,POLB_BJ26670,Area B,NA,ESP,USA,Los Angeles,Dominguez Watershed,Los Angeles,San Pedro Bay,Long Beach Harbor,POLB,
33.5533332824707,-118.18000030517578,False,-99.0,POLB_BJ26670,LA-2 Reference,LA-2 Reference Site,OAA,USA,Santa Ana,Pacific Ocean,Orange,Pacific Ocean,Pacific Ocean,NA,
38.22999954223633,-122.96666717529297,False,-99.0,POLB_BJ26670,Tomales Control,Tomales Bay Control,CNG,USA,San Francisco Bay,Marin Coastal,Marin,Tomales Bay,Tomales Bay North,NA,
0.0,0.0,False,-99.0,POLB_BJ26670,Water-StCruz,Santa Cruz Negative Control,CNG,USA,Central Coast,Pacific Ocean,Santa Cruz,Pacific Ocean,Pacific Ocean,NA,
0.0,0.0,False,-99.0,POLB_BJ26670,Whidbey Island,"Whidbey Island, WA Control",CNG,USA,NA,Puget Sound,Island,Puget Sound,Puget Sound,NA,
33.775081634521484,-118.21466827392578,True,-99.0,POLB_Bmulti,Site 1,NA,ESP,USA,Los Angeles,Dominguez Watershed,Los Angeles,San Pedro Bay,Long Beach Harbor,POLB,
33.771671295166016,-118.22270202636719,True,-99.0,POLB_Bmulti,Site 2,NA,ESP,USA,Los Angeles,Dominguez Watershed,Los Angeles,San Pedro Bay,Long Beach Harbor,POLB,
33.75859832763672,-118.21508026123047,True,-99.0,POLB_Bmulti,Site 3,NA,ESP,USA,Los Angeles,Dominguez Watershed,Los Angeles,San Pedro Bay,Long Beach Harbor,POLB,
33.771331787109375,-118.21028137207031,True,-99.0,POLB_Bmulti,Site 4,NA,ESP,USA,Los Angeles,Dominguez Watershed,Los Angeles,San Pedro Bay,Long Beach Harbor,POLB,
33.74433135986328,-118.20915222167969,True,-99.0,POLB_Bmulti,Site 5,NA,ESP,USA,Los Angeles,Dominguez Watershed,Los Angeles,San Pedro Bay,Long Beach Harbor,POLB,
33.763648986816406,-118.2208023071289,True,-99.0,POLB_CHAN2,Area A,NA,ESP,USA,Los Angeles,Dominguez Watershed,Los Angeles,San Pedro Bay,Long Beach Harbor,POLB,
33.768070220947266,-118.2219009399414,True,-99.0,POLB_CHAN2,Area B,NA,ESP,USA,Los Angeles,Dominguez Watershed,Los Angeles,San Pedro Bay,Long Beach Harbor,POLB,
33.7706184387207,-118.22339630126953,True,-99.0,POLB_CHAN2,Area C,NA,ESP,USA,Los Angeles,Dominguez Watershed,Los Angeles,San Pedro Bay,Long Beach Harbor,POLB,
33.772098541259766,-118.22145080566406,True,-99.0,POLB_CHAN2,Area D,NA,ESP,USA,Los Angeles,Dominguez Watershed,Los Angeles,San Pedro Bay,Long Beach Harbor,POLB,
33.7734489440918,-118.2176284790039,True,-99.0,POLB_CHAN2,Area E,NA,ESP,USA,Los Angeles,Dominguez Watershed,Los Angeles,San Pedro Bay,Long Beach Harbor,POLB,
33.775569915771484,-118.21302795410156,True,-99.0,POLB_CHAN2,Area F,NA,ESP,USA,Los Angeles,Dominguez Watershed,Los Angeles,San Pedro Bay,Long Beach Harbor,POLB,
0.0,0.0,False,-99.0,POLB_CHAN2,Bodega Bay,Bodega Bay Control,CNG,USA,San Francisco Bay,Bodega Bay,Sonoma,Bodega Bay,Bodega Bay,NA,
0.0,0.0,False,-99.0,POLB_CHAN2,Control,Bioassay Negative Control,CNG,NA,NA,NA,NA,NA,NA,NA,
0.0,0.0,False,-99.0,POLB_CHAN2,Elkhorn Slough,Elkhorn Slough Negative Control,CNG,USA,Central Coast,Bolsa Neuva,Monterey,Elkhorn Slough,Elkhorn Slough,NA,
33.5533332824707,-118.18000030517578,False,-99.0,POLB_CHAN2,LA-2 Reference,LA-2 Reference Site,OAA,USA,Santa Ana,Pacific Ocean,Orange,Pacific Ocean,Pacific Ocean,NA,Coordinates provided by EPA
0.0,0.0,False,-99.0,POLB_CHAN2,San Pablo Bay,San Pablo Bay Sediment Control,CNG,USA,San Francisco Bay,San Francisco Bay,Sonoma,SFB San Pablo Bay,San Pablo Bay,NA,
0.0,0.0,False,-99.0,POLB_CHAN2,Scripps Pier,Scripps Seawater Control,CNG,NA,NA,NA,NA,NA,NA,NA,
0.0,0.0,False,-99.0,POLB_CHAN2,Whidbey Island,"Whidbey Island, WA Control",CNG,USA,NA,Puget Sound,Island,Puget Sound,Puget Sound,NA,
33.73670959472656,-118.18927764892578,True,-99.0,POLB_PJ,Area 1,NA,ESP,USA,Los Angeles,Dominguez Watershed,Los Angeles,San Pedro Bay,Long Beach Harbor,POLB,
33.73870849609375,-118.18292236328125,True,-99.0,POLB_PJ,Area 2,NA,ESP,USA,Los Angeles,Dominguez Watershed,Los Angeles,San Pedro Bay,Long Beach Harbor,POLB,
33.73478317260742,-118.18411254882812,True,-99.0,POLB_PJ,Area 3,NA,ESP,USA,Los Angeles,Dominguez Watershed,Los Angeles,San Pedro Bay,Long Beach Harbor,POLB,
33.5533332824707,-118.18000030517578,False,-99.0,POLB_PJ,LA-2 Reference,LA-2 Reference Site,OAA,USA,Santa Ana,Pacific Ocean,Orange,Pacific Ocean,Pacific Ocean,NA,Coordinates provided by EPA
0.0,0.0,False,-99.0,POLB_PJ,SanFranciscoBay,San Francisco Bay Control,CNG,USA,San Francisco Bay,San Francisco Bay,San Francisco,NA,NA,NA,
38.22999954223633,-122.96666717529297,False,-99.0,POLB_PJ,Tomales Control,Tomales Bay Control,CNG,USA,San Francisco Bay,Marin Coastal,Marin,Tomales Bay,Tomales Bay North,NA,
33.5533332824707,-118.18000030517578,False,-99.0,POLB_PS,LA-2 Reference,LA-2 Reference Site,OAA,USA,Santa Ana,Pacific Ocean,Orange,Pacific Ocean,Pacific Ocean,NA,Field log information not provided in report.
0.0,0.0,False,-99.0,POLB_PS,Newport Control,Newport Control,CNG,NA,NA,NA,NA,NA,NA,NA,"David Gutoff collected sediment, limited field inf"
33.765968322753906,-118.2364273071289,True,-99.0,POLB_PS,Site 1,NA,ESP,USA,Los Angeles,Dominguez Watershed,Los Angeles,San Pedro Bay,Long Beach Harbor,POLB,Field log information not provided in report.
33.767181396484375,-118.23191833496094,True,-99.0,POLB_PS,Site 2,NA,ESP,USA,Los Angeles,Dominguez Watershed,Los Angeles,San Pedro Bay,Long Beach Harbor,POLB,Field log information not provided in report.
38.22999954223633,-122.96666717529297,False,-99.0,POLB_PS,Tomales Control,Tomales Bay Control,CNG,USA,San Francisco Bay,Marin Coastal,Marin,Tomales Bay,Tomales Bay North,NA,Limited field information reported.  Grab is assum
0.0,0.0,True,-99.0,POLB_WEST12367,Baseline,Baseline Laboratory Bioaccumulation Sample,CNG,NA,NA,NA,NA,NA,NA,NA,
0.0,0.0,False,-99.0,POLB_WEST12367,Control,Bioassay Negative Control,CNG,NA,NA,NA,NA,NA,NA,NA,
33.5533332824707,-118.18000030517578,False,-99.0,POLB_WEST12367,LA-2 Reference,LA-2 Reference Site,OAA,USA,Santa Ana,Pacific Ocean,Orange,Pacific Ocean,Pacific Ocean,NA,
33.75115203857422,-118.23966217041016,True,-99.0,POLB_WEST12367,SubArea I,NA,ESP,USA,Los Angeles,Dominguez Watershed,Los Angeles,San Pedro Bay,Long Beach Harbor,POLB,
33.74971389770508,-118.24253845214844,True,-99.0,POLB_WEST12367,SubArea II,NA,ESP,USA,Los Angeles,Dominguez Watershed,Los Angeles,San Pedro Bay,Long Beach Harbor,POLB,
33.7497444152832,-118.23558044433594,True,-99.0,POLB_WEST12367,SubArea III,NA,ESP,USA,Los Angeles,Dominguez Watershed,Los Angeles,San Pedro Bay,Long Beach Harbor,POLB,
33.75082015991211,-118.23250579833984,True,-99.0,POLB_WEST12367,SubArea VI,NA,ESP,USA,Los Angeles,Dominguez Watershed,Los Angeles,San Pedro Bay,Long Beach Harbor,POLB,
33.75088119506836,-118.22428131103516,True,-99.0,POLB_WEST12367,SubArea VII,NA,ESP,USA,Los Angeles,Dominguez Watershed,Los Angeles,San Pedro Bay,Long Beach Harbor,POLB,
33.752418518066406,-118.23697662353516,True,-99.0,POLB_WEST45,SubArea IV,NA,ESP,USA,Los Angeles,Dominguez Watershed,Los Angeles,San Pedro Bay,Long Beach Harbor,POLB,
33.753543853759766,-118.233642578125,True,-99.0,POLB_WEST45,SubArea V,NA,ESP,USA,Los Angeles,Dominguez Watershed,Los Angeles,San Pedro Bay,Long Beach Harbor,POLB,
-99.0,-99.0,True,-99.0,POLB_WEST45,West Basin,NA,OAA,USA,Los Angeles,Pacific Ocean,Los Angeles,Pacific Ocean,Pacific Ocean,NA,
33.75162887573242,-118.24063110351562,True,-99.0,POLB_WEST696,I,NA,ESP,USA,Los Angeles,Dominguez Watershed,Los Angeles,San Pedro Bay,Long Beach Harbor,POLB,
33.7493782043457,-118.24153137207031,True,-99.0,POLB_WEST696,II,NA,ESP,USA,Los Angeles,Dominguez Watershed,Los Angeles,San Pedro Bay,Long Beach Harbor,POLB,
33.74991989135742,-118.23703002929688,True,-99.0,POLB_WEST696,III,NA,ESP,USA,Los Angeles,Dominguez Watershed,Los Angeles,San Pedro Bay,Long Beach Harbor,POLB,
33.7523307800293,-118.23607635498047,True,-99.0,POLB_WEST696,IV,NA,ESP,USA,Los Angeles,Dominguez Watershed,Los Angeles,San Pedro Bay,Long Beach Harbor,POLB,
33.7518196105957,-118.23104858398438,True,-99.0,POLB_WEST696,V,NA,ESP,USA,Los Angeles,Dominguez Watershed,Los Angeles,San Pedro Bay,Long Beach Harbor,POLB,
33.75114822387695,-118.23966979980469,True,-99.0,POLB_WEST896,I,NA,ESP,USA,Los Angeles,Dominguez Watershed,Los Angeles,San Pedro Bay,Long Beach Harbor,POLB,
33.76641845703125,-118.23558044433594,True,-99.0,POLB_WEST896,III,NA,ESP,USA,Los Angeles,Dominguez Watershed,Los Angeles,San Pedro Bay,Long Beach Harbor,POLB,
33.75225067138672,-118.23607635498047,True,-99.0,POLB_WEST896,IV,NA,ESP,USA,Los Angeles,Dominguez Watershed,Los Angeles,San Pedro Bay,Long Beach Harbor,POLB,
33.7518196105957,-118.23043060302734,True,-99.0,POLB_WEST896,V,NA,ESP,USA,Los Angeles,Dominguez Watershed,Los Angeles,San Pedro Bay,Long Beach Harbor,POLB,
33.76607131958008,-118.22428131103516,True,-99.0,POLB_WEST896,VI,NA,ESP,USA,Los Angeles,Dominguez Watershed,Los Angeles,San Pedro Bay,Long Beach Harbor,POLB,
33.75410079956055,-118.23049926757812,True,-99.0,POLB_WEST98,Area A,NA,ESP,USA,Los Angeles,Dominguez Watershed,Los Angeles,San Pedro Bay,Long Beach Harbor,POLB,
33.753501892089844,-118.23280334472656,True,-99.0,POLB_WEST98,Area B,NA,ESP,USA,Los Angeles,Dominguez Watershed,Los Angeles,San Pedro Bay,Long Beach Harbor,POLB,
33.753299713134766,-118.22750091552734,True,-99.0,POLB_WEST98,Area C,NA,ESP,USA,Los Angeles,Dominguez Watershed,Los Angeles,San Pedro Bay,Long Beach Harbor,POLB,
33.751399993896484,-118.22579956054688,True,-99.0,POLB_WEST98,Area D,NA,ESP,USA,Los Angeles,Dominguez Watershed,Los Angeles,San Pedro Bay,Long Beach Harbor,POLB,
33.751800537109375,-118.2217025756836,True,-99.0,POLB_WEST98,Area E,NA,ESP,USA,Los Angeles,Dominguez Watershed,Los Angeles,San Pedro Bay,Long Beach Harbor,POLB,there were also hammer cores taken on a tug vessel
33.751800537109375,-118.2217025756836,True,-99.0,POLB_WEST98,Area E/F,NA,ESP,USA,Los Angeles,Dominguez Watershed,Los Angeles,San Pedro Bay,Long Beach Harbor,POLB,
33.752899169921875,-118.21890258789062,True,-99.0,POLB_WEST98,Area F,NA,ESP,USA,Los Angeles,Dominguez Watershed,Los Angeles,San Pedro Bay,Long Beach Harbor,POLB,there were also hammer cores taken on a tug vessel
33.750999450683594,-118.22010040283203,True,-99.0,POLB_WEST98,Area G,NA,ESP,USA,Los Angeles,Dominguez Watershed,Los Angeles,San Pedro Bay,Long Beach Harbor,POLB,
33.750999450683594,-118.22010040283203,True,-99.0,POLB_WEST98,Area G/H,NA,ESP,USA,Los Angeles,Dominguez Watershed,Los Angeles,San Pedro Bay,Long Beach Harbor,POLB,
33.749000549316406,-118.22000122070312,True,-99.0,POLB_WEST98,Area H,NA,ESP,USA,Los Angeles,Dominguez Watershed,Los Angeles,San Pedro Bay,Long Beach Harbor,POLB,
0.0,0.0,False,-99.0,POLB_WEST98,Bodega Bay,Bodega Bay Control,CNG,USA,San Francisco Bay,Bodega Bay,Sonoma,Bodega Bay,Bodega Bay,NA,
33.5533332824707,-118.18000030517578,False,-99.0,POLB_WEST98,LA-2 Reference,LA-2 Reference Site,OAA,USA,Santa Ana,Pacific Ocean,Orange,Pacific Ocean,Pacific Ocean,NA,Coordinates provided by EPA
0.0,0.0,False,-99.0,POLB_WEST98,Maine,"Newcastle, ME Control",CNG,NA,NA,NA,NA,NA,NA,NA,
0.0,0.0,False,-99.0,POLB_WEST98,Whidbey Island,"Whidbey Island, WA Control",CNG,USA,NA,Puget Sound,Island,Puget Sound,Puget Sound,NA,
0.0,0.0,False,-99.0,PRCH_T1,C-AM,San Pablo Bay Sediment Control,CNG,USA,San Francisco Bay,San Francisco Bay,Sonoma,SFB San Pablo Bay,San Pablo Bay,NA,
37.90869903564453,-122.38681030273438,True,-99.0,PRCH_T1,COMP A,Composite of COMP A-1-A-5,EIM,USA,San Francisco Bay,San Francisco Bay,Contra Costa,SFB Central Bay,Point Richmond,POR,Location from COMP A-2.
37.90877151489258,-122.38716888427734,False,-99.0,PRCH_T1,COMP A-1,Berth marking 150,EIM,USA,San Francisco Bay,San Francisco Bay,Contra Costa,SFB Central Bay,Point Richmond,POR,
37.90869903564453,-122.38681030273438,False,-99.0,PRCH_T1,COMP A-2,Berth marking 302,EIM,USA,San Francisco Bay,San Francisco Bay,Contra Costa,SFB Central Bay,Point Richmond,POR,
37.908790588378906,-122.38629913330078,False,-99.0,PRCH_T1,COMP A-3,Berth marking 450,EIM,USA,San Francisco Bay,San Francisco Bay,Contra Costa,SFB Central Bay,Point Richmond,POR,
37.90869140625,-122.38600158691406,False,-99.0,PRCH_T1,COMP A-4,Berth marking 550,EIM,USA,San Francisco Bay,San Francisco Bay,Contra Costa,SFB Central Bay,Point Richmond,POR,
37.90879821777344,-122.38565063476562,False,-99.0,PRCH_T1,COMP A-5,Berth marking 650,EIM,USA,San Francisco Bay,San Francisco Bay,Contra Costa,SFB Central Bay,Point Richmond,POR,
48.061668395996094,-123.0250015258789,False,-99.0,PRCH_T1,C-SB,"Discovery Bay, WA Control",CNG,USA,NA,Puget Sound,Jefferson,Puget Sound,Puget Sound,NA,
48.39716720581055,-122.66666412353516,False,-99.0,PRCH_T1,C-WB,"Whidbey Island, WA Control",CNG,USA,NA,Puget Sound,Island,Puget Sound,Puget Sound,NA,
0.0,0.0,False,-99.0,PRCH_T1,MN_Back,Baseline Laboratory Bioaccumulation Sample,CNG,NA,NA,NA,NA,NA,NA,NA,
37.8211669921875,-122.43133544921875,True,-99.0,PRCH_T1,R-AM,Alcatraz Reference Site,ESC,USA,San Francisco Bay,San Francisco Bay,San Francisco,SFB Central Bay,Alcatraz,NA,
37.741668701171875,-122.27666473388672,True,-99.0,PRCH_T1,R-BF,Bay Farm Reference,ESC,USA,San Francisco Bay,San Francisco Bay,San Francisco,SFB Central Bay,Central Bay South,NA,
37.411834716796875,-123.24566650390625,False,-99.0,PRCH_T1,R-OS,Ocean Reference Site West of SFB,OAA,USA,San Francisco Bay,Pacific Ocean,NA,Pacific Ocean,Pacific Ocean,NA,
37.90864944458008,-122.38746643066406,False,-99.0,PRCH_T1,TB 1-2,Berth marking 51,ESM,USA,San Francisco Bay,San Francisco Bay,Contra Costa,SFB Central Bay,Point Richmond,POR,
37.90863037109375,-122.38651275634766,False,-99.0,PRCH_T1,TB 1-4,Berth marking 402,EIM,USA,San Francisco Bay,San Francisco Bay,Contra Costa,SFB Central Bay,Point Richmond,POR,
37.90856170654297,-122.38565826416016,False,-99.0,PRCH_T1,TB 1-6,Berth marking 649,EIM,USA,San Francisco Bay,San Francisco Bay,Contra Costa,SFB Central Bay,Point Richmond,POR,
37.90800094604492,-122.38783264160156,True,-99.0,PRCH_T1T4,COMP A,Terminal 1 0-49 ft composite,ESC,USA,San Francisco Bay,San Francisco Bay,Contra Costa,SFB Central Bay,Point Richmond,POR,
37.90800094604492,-122.38783264160156,True,-99.0,PRCH_T1T4,COMP B,Terminal 1 50-100 ft composite,ESC,USA,San Francisco Bay,San Francisco Bay,Contra Costa,SFB Central Bay,Point Richmond,POR,
37.96366882324219,-122.42932891845703,True,-99.0,PRCH_T1T4,COMP C,Terminal 4,ESP,USA,San Francisco Bay,San Francisco Bay,Contra Costa,SFB Central Bay,Point San Pablo,POR,
0.0,0.0,False,-99.0,PRCH_T1T4,CSPB,San Pablo Bay Sediment Control,CNG,USA,San Francisco Bay,San Francisco Bay,Sonoma,SFB San Pablo Bay,San Pablo Bay,NA,
48.39716720581055,-122.66666412353516,False,-99.0,PRCH_T1T4,CWB,"Whidbey Island, WA Control",CNG,USA,NA,Puget Sound,Island,Puget Sound,Puget Sound,NA,
-99.0,-99.0,True,-99.0,PRCH_T1T4,RAM,Alcatraz Reference - Environs,ESU,USA,San Francisco Bay,San Francisco Bay,San Francisco,SFB Central Bay,Alcatraz,NA,
0.0,0.0,False,-99.0,PSF_P35E_03,Control,Bioassay Negative Control,CNG,NA,NA,NA,NA,NA,NA,NA,
37.80807113647461,-122.40576934814453,True,-99.0,PSF_P35E_03,DU-1,"Pier 35 East, DU-1",EIP,USA,San Francisco Bay,San Francisco Bay,San Francisco,SFB Central Bay,San Francisco North Nearshore,PSF,
37.810001373291016,-122.4052505493164,True,-99.0,PSF_P35E_03,DU-2,"Pier 35 East, DU-2",ESP,USA,San Francisco Bay,San Francisco Bay,San Francisco,SFB Central Bay,San Francisco North Nearshore,PSF,
37.80921936035156,-122.40471649169922,True,-99.0,PSF_P35E_03,DU-3,"Pier 35 East, DU-3",EIP,USA,San Francisco Bay,San Francisco Bay,San Francisco,SFB Central Bay,San Francisco North Nearshore,PSF,
0.0,0.0,False,-99.0,PSF_P35E_03,PCove,Paradise Cove Control,CNG,USA,San Francisco Bay,San Francisco Bay,Marin,SFB Central Bay,Paradise Cove,NA,
-99.0,-99.0,False,-99.0,PSF_P35E_03,Reference,Alcatraz Reference - SF-11,ESU,USA,San Francisco Bay,San Francisco Bay,San Francisco,SFB Central Bay,Alcatraz,NA,
0.0,0.0,False,-99.0,PSF_P35W_02,Control,Bioassay Negative Control,CNG,NA,NA,NA,NA,NA,NA,NA,
37.81019973754883,-122.407470703125,True,-99.0,PSF_P35W_02,DU-2,"Pier 35 West, DU-2",ESP,USA,San Francisco Bay,San Francisco Bay,San Francisco,SFB Central Bay,San Francisco North Nearshore,PSF,
0.0,0.0,False,-99.0,PSF_P35W_02,PCove,Paradise Cove Control,CNG,USA,San Francisco Bay,San Francisco Bay,Marin,SFB Central Bay,Paradise Cove,NA,
-99.0,-99.0,False,-99.0,PSF_P35W_02,Reference,Alcatraz Reference - SF-11,ESU,USA,San Francisco Bay,San Francisco Bay,San Francisco,SFB Central Bay,Alcatraz,NA,
0.0,0.0,False,-99.0,PV85,CONT,"Yaquina Bay, OR Control",CNG,USA,NA,Pacific Ocean,Lincoln,Pacific Ocean,Pacific Ocean,NA,
-99.0,-99.0,False,-99.0,PV85,REF,Reference,OAA,NA,NA,NA,NA,NA,NA,NA,Called Station 7 in reference.
33.705570220947266,-118.34648132324219,False,-99.0,PV85,STN01,NA,OAA,USA,Los Angeles,Pacific Ocean,Los Angeles,Pacific Ocean,Pacific Ocean,NA,
33.71052169799805,-118.35693359375,False,-99.0,PV85,STN02,NA,OAA,USA,Los Angeles,Pacific Ocean,Los Angeles,Pacific Ocean,Pacific Ocean,NA,
33.71765899658203,-118.37397003173828,False,-99.0,PV85,STN03,NA,OAA,USA,Los Angeles,Pacific Ocean,Los Angeles,Pacific Ocean,Pacific Ocean,NA,
33.72261047363281,-118.3888168334961,False,-99.0,PV85,STN04,NA,OAA,USA,Los Angeles,Pacific Ocean,Los Angeles,Pacific Ocean,Pacific Ocean,NA,
33.74570083618164,-118.43115234375,False,-99.0,PV85,STN05,NA,OAA,USA,Los Angeles,Pacific Ocean,Los Angeles,Pacific Ocean,Pacific Ocean,NA,
33.792991638183594,-118.44873809814453,False,-99.0,PV85,STN06,NA,OAA,USA,Los Angeles,Pacific Ocean,Los Angeles,Pacific Ocean,Pacific Ocean,NA,
0.0,0.0,False,-99.0,PV86,CONT,"Yaquina Bay, OR Control",CNG,USA,NA,Pacific Ocean,Lincoln,Pacific Ocean,Pacific Ocean,NA,
-99.0,-99.0,False,-99.0,PV86,REF,Reference,OAA,NA,NA,NA,NA,NA,NA,NA,
33.705570220947266,-118.34648132324219,False,-99.0,PV86,STN01,NA,OAA,USA,Los Angeles,Pacific Ocean,Los Angeles,Pacific Ocean,Pacific Ocean,NA,
33.71765899658203,-118.37397003173828,False,-99.0,PV86,STN03,NA,OAA,USA,Los Angeles,Pacific Ocean,Los Angeles,Pacific Ocean,Pacific Ocean,NA,
33.72261047363281,-118.3888168334961,False,-99.0,PV86,STN04,NA,OAA,USA,Los Angeles,Pacific Ocean,Los Angeles,Pacific Ocean,Pacific Ocean,NA,
33.74570083618164,-118.43115234375,False,-99.0,PV86,STN06,NA,OAA,USA,Los Angeles,Pacific Ocean,Los Angeles,Pacific Ocean,Pacific Ocean,NA,
33.792991638183594,-118.44873809814453,False,-99.0,PV86,STN08,NA,OAA,USA,Los Angeles,Santa Monica,Los Angeles,Santa Monica Bay,Santa Monica Bay,NA,
0.0,0.0,False,-99.0,PV88,CNTRL,Newport Control,CNG,NA,NA,NA,NA,NA,NA,NA,
33.459999084472656,-117.69000244140625,False,-99.0,PV88,DPMR_N,NA,ESM,USA,Santa Ana,Dana Point,Orange,Dana Point Harbor,Dana Point Harbor,NA,"Reference (Dana Pt), November"
33.459999084472656,-117.7066650390625,False,-99.0,PV88,DPMR_S,NA,ESM,USA,Santa Ana,Dana Point,Orange,Dana Point Harbor,Dana Point Harbor,NA,"Reference (Dana Pt), September"
33.76566696166992,-118.25599670410156,False,-99.0,PV88,LAHNOV,NA,ESP,USA,Los Angeles,Dominguez Watershed,Los Angeles,San Pedro Bay,Los Angeles Harbor,POLA,LA Harbor
33.75849914550781,-118.20600128173828,False,-99.0,PV88,LARNOV,NA,ESP,USA,Los Angeles,Dominguez Watershed,Los Angeles,San Pedro Bay,Long Beach Harbor,POLB,Long Beach Harbor
33.574832916259766,-118.01699829101562,False,-99.0,PV88,OCSEPT,NA,OAA,USA,Santa Ana,Pacific Ocean,Orange,Pacific Ocean,Pacific Ocean,NA,Orange County Outfall
33.70500183105469,-118.36166381835938,False,-99.0,PV88,PVNOV,NA,OAA,USA,Los Angeles,Pacific Ocean,Los Angeles,Pacific Ocean,Pacific Ocean,NA,Palos Verdes Outfall
32.67683410644531,-117.13300323486328,False,-99.0,PV88,SD7SEP,NA,ESS,USA,San Diego,San Diego Bay,San Diego,San Diego Bay,SD Bay South,NA,San Diego Bay
32.685333251953125,-117.1336669921875,False,-99.0,PV88,SDCSEP,NA,ESP,USA,San Diego,San Diego Bay,San Diego,San Diego Bay,Chollas Creek Channel,NA,San Diego Bay
32.69033432006836,-117.15533447265625,False,-99.0,PV88,SDNSEP,NA,ESS,USA,San Diego,San Diego Bay,San Diego,San Diego Bay,SD Bay North,NA,San Diego Bay
33.39849853515625,-117.66633605957031,False,-99.0,PV88,SMPR_N,"San Mateo Point Reference, November",OAA,USA,Santa Ana,Pacific Ocean,Orange,Pacific Ocean,Pacific Ocean,NA,"Reference (San Mateo Pt.), November"
33.39849853515625,-117.66633605957031,False,-99.0,PV88,SMPR_S,"San Mateo Point Reference, September",OAA,USA,Santa Ana,Pacific Ocean,Orange,Pacific Ocean,Pacific Ocean,NA,"Reference (San Mateo Pt.), September"
33.92499923706055,-118.55833435058594,False,-99.0,PV88,SMSNOV,NA,OAA,USA,Los Angeles,Santa Monica Bay,Los Angeles,Santa Monica Bay,Santa Monica Bay,NA,Santa Monica Bay
0.0,0.0,False,-99.0,PV91BEN,CONT,"Yaquina Bay, OR Control",CNG,USA,NA,Pacific Ocean,Lincoln,Pacific Ocean,Pacific Ocean,NA,
33.705570220947266,-118.34648132324219,False,-99.0,PV91BEN,STN01,NA,OAA,USA,Los Angeles,Pacific Ocean,Los Angeles,Pacific Ocean,Pacific Ocean,NA,
33.71765899658203,-118.37397003173828,False,-99.0,PV91BEN,STN03,NA,OAA,USA,Los Angeles,Pacific Ocean,Los Angeles,Pacific Ocean,Pacific Ocean,NA,
33.72261047363281,-118.3888168334961,False,-99.0,PV91BEN,STN04,NA,OAA,USA,Los Angeles,Pacific Ocean,Los Angeles,Pacific Ocean,Pacific Ocean,NA,
33.728660583496094,-118.40145874023438,False,-99.0,PV91BEN,STN05,NA,OAA,USA,Los Angeles,Pacific Ocean,Los Angeles,Pacific Ocean,Pacific Ocean,NA,
33.74570083618164,-118.43115234375,False,-99.0,PV91BEN,STN06,NA,OAA,USA,Los Angeles,Pacific Ocean,Los Angeles,Pacific Ocean,Pacific Ocean,NA,
33.76165008544922,-118.44270324707031,False,-99.0,PV91BEN,STN07,NA,OAA,USA,Los Angeles,Pacific Ocean,Los Angeles,Pacific Ocean,Pacific Ocean,NA,
33.792991638183594,-118.44873809814453,False,-99.0,PV91BEN,STN08,NA,OAA,USA,Los Angeles,Pacific Ocean,Los Angeles,Pacific Ocean,Pacific Ocean,NA,
33.989784240722656,-118.5967025756836,False,-99.0,PV91BEN,STN09,NA,OAA,USA,Los Angeles,Pacific Ocean,Los Angeles,Pacific Ocean,Pacific Ocean,NA,
33.708499908447266,-118.35333251953125,False,-99.0,PV91CORE,C6,NA,OAA,USA,Los Angeles,Pacific Ocean,Los Angeles,Pacific Ocean,Pacific Ocean,NA,
33.70000076293945,-118.33416748046875,False,-99.0,PV91CORE,C8,NA,OAA,USA,Los Angeles,Pacific Ocean,Los Angeles,Pacific Ocean,Pacific Ocean,NA,
0.0,0.0,False,-99.0,PV91CORE,CNTRL,"Yaquina Bay, OR Control",CNG,USA,NA,Pacific Ocean,Lincoln,Pacific Ocean,Pacific Ocean,NA,
33.807334899902344,-118.4316635131836,False,-99.0,PV91CORE,OC,NA,OAA,USA,Los Angeles,Pacific Ocean,Los Angeles,Pacific Ocean,Pacific Ocean,NA,
33.989784240722656,-118.5967025756836,False,-99.0,PV91CORE,PD,Reference core,OAA,USA,Los Angeles,Santa Monica,Los Angeles,Santa Monica Bay,Santa Monica Bay,NA,
33.71083450317383,-118.3671646118164,False,-99.0,PV94,B5,NA,OAA,USA,Los Angeles,Pacific Ocean,Los Angeles,Pacific Ocean,Pacific Ocean,NA,
33.71083450317383,-118.3671646118164,False,-99.0,PV94,B6,NA,OAA,USA,Los Angeles,Pacific Ocean,Los Angeles,Pacific Ocean,Pacific Ocean,NA,
33.69416809082031,-118.33516693115234,False,-99.0,PV94,B8,NA,OAA,USA,Los Angeles,Pacific Ocean,Los Angeles,Pacific Ocean,Pacific Ocean,NA,
33.75849914550781,-118.4393310546875,False,-99.0,PV94,C1,NA,OAA,USA,Los Angeles,Pacific Ocean,Los Angeles,Pacific Ocean,Pacific Ocean,NA,
33.71516799926758,-118.36483001708984,False,-99.0,PV94,C5,NA,OAA,USA,Los Angeles,Pacific Ocean,Los Angeles,Pacific Ocean,Pacific Ocean,NA,
33.708499908447266,-118.35333251953125,False,-99.0,PV94,C6,NA,OAA,USA,Los Angeles,Pacific Ocean,Los Angeles,Pacific Ocean,Pacific Ocean,NA,
33.70000076293945,-118.33416748046875,False,-99.0,PV94,C8,NA,OAA,USA,Los Angeles,Pacific Ocean,Los Angeles,Pacific Ocean,Pacific Ocean,NA,
33.689666748046875,-118.31666564941406,False,-99.0,PV94,C9,NA,OAA,USA,Los Angeles,Pacific Ocean,Los Angeles,Pacific Ocean,Pacific Ocean,NA,
-99.0,-99.0,False,-99.0,PV94,CNRL_S,Dana Point,ESM,USA,Santa Ana,Santa Ana River,Orange,Dana Point Harbor,Dana Point Harbor,NA,
0.0,0.0,False,-99.0,PV94,CNRL_Y,"Yaquina Bay, OR Control",CNG,USA,NA,Pacific Ocean,Lincoln,Pacific Ocean,Pacific Ocean,NA,
33.717166900634766,-118.34700012207031,False,-99.0,PV94,D6,NA,OAA,USA,Los Angeles,Pacific Ocean,Los Angeles,Pacific Ocean,Pacific Ocean,NA,
33.70083236694336,-118.3116683959961,False,-99.0,PV94,D9,NA,OAA,USA,Los Angeles,Pacific Ocean,Los Angeles,Pacific Ocean,Pacific Ocean,NA,
33.81916809082031,-118.45516967773438,False,-99.0,PV94,OA_REF,Reference,OAA,USA,Los Angeles,Santa Monica,Los Angeles,Santa Monica Bay,Santa Monica Bay,NA,Deeper water local reference station
33.807334899902344,-118.4316635131836,False,-99.0,PV94,OC,NA,OAA,USA,Los Angeles,Santa Monica,Los Angeles,Santa Monica Bay,Santa Monica Bay,NA,
-99.0,-99.0,False,-99.0,PV94,R52,Dana Point Reference,ESM,USA,Santa Ana,Santa Ana River,Orange,Dana Point Harbor,Dana Point Harbor,NA,Reference station near Dana Point
37.915382385253906,-122.40985870361328,False,-99.0,RH_92,C-1,Richmond Harbor,ESS,USA,San Francisco Bay,San Francisco Bay,Contra Costa,SFB Central Bay,Point Richmond,POR,Used laser/range azimuth pos. system
37.90548324584961,-122.38520050048828,False,-99.0,RH_92,C-10,Richmond Harbor,ESC,USA,San Francisco Bay,San Francisco Bay,Contra Costa,SFB Central Bay,Point Richmond,POR,Used laser/range azimuth pos. system
37.90558624267578,-122.38211822509766,False,-99.0,RH_92,C-11,Richmond Harbor,ESC,USA,San Francisco Bay,San Francisco Bay,Contra Costa,SFB Central Bay,Point Richmond,POR,Used laser/range azimuth pos. system
37.904823303222656,-122.37606048583984,False,-99.0,RH_92,C-16,Richmond Harbor,ESC,USA,San Francisco Bay,San Francisco Bay,Contra Costa,SFB Central Bay,Point Richmond,POR,Used laser/range azimuth pos. system
37.90393829345703,-122.3702392578125,False,-99.0,RH_92,C-18,Richmond Harbor,ESC,USA,San Francisco Bay,San Francisco Bay,Contra Costa,SFB Central Bay,Point Richmond,POR,Used laser/range azimuth pos. system
37.90382385253906,-122.36676788330078,False,-99.0,RH_92,C-19,Richmond Harbor,ESC,USA,San Francisco Bay,San Francisco Bay,Contra Costa,SFB Central Bay,Point Richmond,POR,Used laser/range azimuth pos. system
37.90433120727539,-122.3642349243164,False,-99.0,RH_92,C-20,Richmond Harbor,ESP,USA,San Francisco Bay,San Francisco Bay,Contra Costa,SFB Central Bay,Richmond Santa Fe & Harbor Channel,POR,Used laser/range azimuth pos. system
37.90361022949219,-122.36135864257812,False,-99.0,RH_92,C-23,Richmond Harbor,ESP,USA,San Francisco Bay,San Francisco Bay,Contra Costa,SFB Central Bay,Richmond Santa Fe & Harbor Channel,POR,Used laser/range azimuth pos. system
37.905757904052734,-122.36288452148438,False,-99.0,RH_92,C-24,Richmond Harbor,ESP,USA,San Francisco Bay,San Francisco Bay,Contra Costa,SFB Central Bay,Richmond Santa Fe & Harbor Channel,POR,Used laser/range azimuth pos. system
37.9063835144043,-122.36080932617188,False,-99.0,RH_92,C-25,Richmond Harbor,ESP,USA,San Francisco Bay,San Francisco Bay,Contra Costa,SFB Central Bay,Richmond Santa Fe & Harbor Channel,POR,Used laser/range azimuth pos. system
37.90737533569336,-122.36322021484375,False,-99.0,RH_92,C-26,Richmond Harbor,ESP,USA,San Francisco Bay,San Francisco Bay,Contra Costa,SFB Central Bay,Richmond Santa Fe & Harbor Channel,POR,Used laser/range azimuth pos. system
37.9093017578125,-122.36135864257812,False,-99.0,RH_92,C-29,Richmond Harbor,ESP,USA,San Francisco Bay,San Francisco Bay,Contra Costa,SFB Central Bay,Richmond Santa Fe & Harbor Channel,POR,Used laser/range azimuth pos. system
37.91205596923828,-122.40576171875,False,-99.0,RH_92,C-3,Richmond Harbor,ESS,USA,San Francisco Bay,San Francisco Bay,Contra Costa,SFB Central Bay,Point Richmond,POR,Used laser/range azimuth pos. system
37.91049575805664,-122.36378479003906,False,-99.0,RH_92,C-30,Richmond Harbor,ESP,USA,San Francisco Bay,San Francisco Bay,Contra Costa,SFB Central Bay,Richmond Santa Fe & Harbor Channel,POR,Used laser/range azimuth pos. system
37.91095733642578,-122.36183166503906,False,-99.0,RH_92,C-32,Richmond Harbor,ESP,USA,San Francisco Bay,San Francisco Bay,Contra Costa,SFB Central Bay,Richmond Santa Fe & Harbor Channel,POR,Used laser/range azimuth pos. system
37.912227630615234,-122.36412048339844,False,-99.0,RH_92,C-33,Richmond Harbor,ESP,USA,San Francisco Bay,San Francisco Bay,Contra Costa,SFB Central Bay,Richmond Santa Fe & Harbor Channel,POR,Used laser/range azimuth pos. system
37.91343688964844,-122.36329650878906,False,-99.0,RH_92,C-35,Richmond Harbor,ESP,USA,San Francisco Bay,San Francisco Bay,Contra Costa,SFB Central Bay,Richmond Santa Fe & Harbor Channel,POR,Used laser/range azimuth pos. system
37.91400909423828,-122.36216735839844,False,-99.0,RH_92,C-36,Richmond Harbor,ESP,USA,San Francisco Bay,San Francisco Bay,Contra Costa,SFB Central Bay,Richmond Santa Fe & Harbor Channel,POR,Used laser/range azimuth pos. system
37.91516876220703,-122.36227416992188,False,-99.0,RH_92,C-37,Richmond Harbor,ESP,USA,San Francisco Bay,San Francisco Bay,Contra Costa,SFB Central Bay,Richmond Santa Fe & Harbor Channel,POR,Used laser/range azimuth pos. system
37.91444778442383,-122.3645248413086,False,-99.0,RH_92,C-38,Richmond Harbor,ESP,USA,San Francisco Bay,San Francisco Bay,Contra Costa,SFB Central Bay,Richmond Santa Fe & Harbor Channel,POR,Used laser/range azimuth pos. system
37.907676696777344,-122.39929962158203,False,-99.0,RH_92,C-5,Richmond Harbor,ESC,USA,San Francisco Bay,San Francisco Bay,Contra Costa,SFB Central Bay,Point Richmond,POR,Used laser/range azimuth pos. system
37.907257080078125,-122.3969497680664,False,-99.0,RH_92,C-6,Richmond Harbor,ESC,USA,San Francisco Bay,San Francisco Bay,Contra Costa,SFB Central Bay,Point Richmond,POR,Used laser/range azimuth pos. system
37.9063606262207,-122.39054107666016,False,-99.0,RH_92,C-8,Richmond Harbor,ESC,USA,San Francisco Bay,San Francisco Bay,Contra Costa,SFB Central Bay,Point Richmond,POR,Used laser/range azimuth pos. system
38.230499267578125,-122.96119689941406,False,-99.0,RH_92,CNE,Tomales Bay Control,CNG,USA,San Francisco Bay,Marin Coastal,Marin,Tomales Bay,Tomales Bay North,NA,
37.907676696777344,-122.39929962158203,True,-99.0,RH_92,COMP-1,Composite,ESC,USA,San Francisco Bay,San Francisco Bay,Contra Costa,SFB Central Bay,Point Richmond,POR,Used laser/range azimuth pos. system
37.90393829345703,-122.3702392578125,True,-99.0,RH_92,COMP-2,Composite,ESC,USA,San Francisco Bay,San Francisco Bay,Contra Costa,SFB Central Bay,Point Richmond,POR,Used laser/range azimuth pos. system
37.90688705444336,-122.35993194580078,True,-99.0,RH_92,COMP-3,Composite,ESP,USA,San Francisco Bay,San Francisco Bay,Contra Costa,SFB Central Bay,Richmond Santa Fe & Harbor Channel,POR,Used laser/range azimuth pos. system
37.90688705444336,-122.35993194580078,True,-99.0,RH_92,COMP-4,Composite,ESP,USA,San Francisco Bay,San Francisco Bay,Contra Costa,SFB Central Bay,Richmond Santa Fe & Harbor Channel,POR,Used laser/range azimuth pos. system
37.91049575805664,-122.36378479003906,True,-99.0,RH_92,COMP-5,Composite,ESP,USA,San Francisco Bay,San Francisco Bay,Contra Costa,SFB Central Bay,Richmond Santa Fe & Harbor Channel,POR,Used laser/range azimuth pos. system
37.91095733642578,-122.36183166503906,True,-99.0,RH_92,COMP-6,Composite,ESP,USA,San Francisco Bay,San Francisco Bay,Contra Costa,SFB Central Bay,Richmond Santa Fe & Harbor Channel,POR,Used laser/range azimuth pos. system
48.06888961791992,-123.02583312988281,False,-99.0,RH_92,CSB,"Sequim Bay, WA Control",CNG,USA,NA,Puget Sound,Jefferson,Puget Sound,Puget Sound,NA,
48.39716720581055,-122.66666412353516,False,-99.0,RH_92,CWB,"Whidbey Island, WA Control",CNG,USA,NA,Puget Sound,Island,Puget Sound,Puget Sound,NA,
37.820560455322266,-122.4191665649414,True,-99.0,RH_92,RAC,Alcatraz Reference Site,ESC,USA,San Francisco Bay,San Francisco Bay,San Francisco,SFB Central Bay,Alcatraz,NA,LORAN C
37.82027816772461,-122.4080581665039,True,-99.0,RH_92,RAM,Alcatraz Reference Site,ESC,USA,San Francisco Bay,San Francisco Bay,San Francisco,SFB Central Bay,Alcatraz,NA,LORAN C
37.74666976928711,-122.28778076171875,True,-99.0,RH_92,RBF,Bay Farm Reference,ESS,USA,San Francisco Bay,San Francisco Bay,San Francisco,SFB Central Bay,Central Bay South,NA,LORAN C
37.41749954223633,-123.25666809082031,True,-99.0,RH_92,ROS,Ocean Reference Site West of SFB,OAA,USA,San Francisco Bay,Pacific Ocean,NA,Pacific Ocean,Pacific Ocean,NA,LORAN C
37.901390075683594,-122.95027923583984,True,-99.0,RH_92,RPF,Ocean Reference Site South of Point Reyes,OAA,USA,San Francisco Bay,Pacific Ocean,Marin,Pacific Ocean,Point Reyes South,NA,LORAN C
37.90486145019531,-122.3600845336914,False,-99.0,RH_92,TC-1,Potrero Turn,ESP,USA,San Francisco Bay,San Francisco Bay,Contra Costa,SFB Central Bay,Richmond Santa Fe & Harbor Channel,POR,Used laser/range azimuth pos. system
37.90605163574219,-122.35979461669922,False,-99.0,RH_92,TC-2,Potrero Turn,ESP,USA,San Francisco Bay,San Francisco Bay,Contra Costa,SFB Central Bay,Richmond Santa Fe & Harbor Channel,POR,Used laser/range azimuth pos. system
37.90688705444336,-122.35993194580078,False,-99.0,RH_92,TC-3,Potrero Turn,ESP,USA,San Francisco Bay,San Francisco Bay,Contra Costa,SFB Central Bay,Richmond Santa Fe & Harbor Channel,POR,Used laser/range azimuth pos. system
37.907562255859375,-122.36011505126953,False,-99.0,RH_92,TC-4,Potrero Turn,ESP,USA,San Francisco Bay,San Francisco Bay,Contra Costa,SFB Central Bay,Richmond Santa Fe & Harbor Channel,POR,Used laser/range azimuth pos. system
37.908477783203125,-122.36054229736328,False,-99.0,RH_92,TC-5,Potrero Turn,ESP,USA,San Francisco Bay,San Francisco Bay,Contra Costa,SFB Central Bay,Richmond Santa Fe & Harbor Channel,POR,Used laser/range azimuth pos. system
37.90384292602539,-122.3597640991211,False,-99.0,RH_92,TC-6,Potrero Turn,ESP,USA,San Francisco Bay,San Francisco Bay,Contra Costa,SFB Central Bay,Richmond Santa Fe & Harbor Channel,POR,Used laser/range azimuth pos. system
37.90339660644531,-122.36023712158203,False,-99.0,RH_92,TC-7,Potrero Turn,ESP,USA,San Francisco Bay,San Francisco Bay,Contra Costa,SFB Central Bay,Richmond Santa Fe & Harbor Channel,POR,Used laser/range azimuth pos. system
37.91416549682617,-122.4018325805664,False,-99.0,RH_CERCLA_EPA,1,"Lauritzen Canal, ~mid-channel, aligned with N end ",ESS,USA,San Francisco Bay,San Francisco Bay,Contra Costa,SFB Central Bay,Point Richmond,POR,"Station 23 used for all lat/longs, actual location"
37.91416549682617,-122.4018325805664,False,-99.0,RH_CERCLA_EPA,13,"Santa Fe Channel, at westerly head of boat basin, ",ESS,USA,San Francisco Bay,San Francisco Bay,Contra Costa,SFB Central Bay,Point Richmond,POR,"Station 23 used for all lat/longs, actual location"
37.91416549682617,-122.4018325805664,False,-99.0,RH_CERCLA_EPA,14,"Santa Fe Channel, ~400' E of 2-36""CMP, ~300'N sout",ESS,USA,San Francisco Bay,San Francisco Bay,Contra Costa,SFB Central Bay,Point Richmond,POR,"Station 23 used for all lat/longs, actual location"
37.91416549682617,-122.4018325805664,False,-99.0,RH_CERCLA_EPA,15,"Center of Santa Fe Channel, S of west shore mouth ",ESS,USA,San Francisco Bay,San Francisco Bay,Contra Costa,SFB Central Bay,Point Richmond,POR,"Station 23 used for all lat/longs, actual location"
37.91416549682617,-122.4018325805664,False,-99.0,RH_CERCLA_EPA,16,"Center of Santa Fe Channel, ~250' E of mouth of La",ESS,USA,San Francisco Bay,San Francisco Bay,Contra Costa,SFB Central Bay,Point Richmond,POR,"Station 23 used for all lat/longs, actual location"
37.91416549682617,-122.4018325805664,False,-99.0,RH_CERCLA_EPA,17,"North end of Richmond Harbor Channel, ~1200' S of ",ESS,USA,San Francisco Bay,San Francisco Bay,Contra Costa,SFB Central Bay,Point Richmond,POR,"Station 23 used for all lat/longs, actual location"
37.91416549682617,-122.4018325805664,False,-99.0,RH_CERCLA_EPA,18,"North end of Richmond Harbor Channel, ~2000'S of S",ESS,USA,San Francisco Bay,San Francisco Bay,Contra Costa,SFB Central Bay,Point Richmond,POR,"Station 23 used for all lat/longs, actual location"
37.91416549682617,-122.4018325805664,False,-99.0,RH_CERCLA_EPA,19,"Main Richmond Harbor Channel, ~1000' N of Brooks I",ESS,USA,San Francisco Bay,San Francisco Bay,Contra Costa,SFB Central Bay,Point Richmond,POR,"Station 23 used for all lat/longs, actual location"
37.91416549682617,-122.4018325805664,False,-99.0,RH_CERCLA_EPA,2,"Lauritzen Canal, west side, across from former Bld",ESS,USA,San Francisco Bay,San Francisco Bay,Contra Costa,SFB Central Bay,Point Richmond,POR,"Station 23 used for all lat/longs, actual location"
37.91416549682617,-122.4018325805664,False,-99.0,RH_CERCLA_EPA,20,"Main Richmond Harbor Channel, ~1650' E of Point Ri",ESS,USA,San Francisco Bay,San Francisco Bay,Contra Costa,SFB Central Bay,Point Richmond,POR,"Station 23 used for all lat/longs, actual location"
37.91416549682617,-122.4018325805664,False,-99.0,RH_CERCLA_EPA,200,Lauritzen Channel - approximately 1/2 distance bet,ESP,USA,San Francisco Bay,San Francisco Bay,Contra Costa,SFB Central Bay,Point Richmond,POR,"Station 23 used for all lat/longs, actual location"
37.91416549682617,-122.4018325805664,False,-99.0,RH_CERCLA_EPA,21,"Main Richmond Harbor Channel, ~4000' W of Point Ri",ESS,USA,San Francisco Bay,San Francisco Bay,Contra Costa,SFB Central Bay,Point Richmond,POR,"Station 23 used for all lat/longs, actual location"
37.91416549682617,-122.4018325805664,False,-99.0,RH_CERCLA_EPA,22,South of and parallel with the west end of the bre,ESS,USA,San Francisco Bay,San Francisco Bay,Contra Costa,SFB Central Bay,Point Richmond,POR,"Station 23 used for all lat/longs, actual location"
37.91416549682617,-122.4018325805664,False,-99.0,RH_CERCLA_EPA,23,"E of green #3 off Point Richmond, W of green #5 of",ESS,USA,San Francisco Bay,San Francisco Bay,Contra Costa,SFB Central Bay,Point Richmond,POR,"Station 23 used for all lat/longs, actual location"
37.91416549682617,-122.4018325805664,False,-99.0,RH_CERCLA_EPA,3,"Lauritzen Canal, west side, across from former Bld",ESS,USA,San Francisco Bay,San Francisco Bay,Contra Costa,SFB Central Bay,Point Richmond,POR,"Station 23 used for all lat/longs, actual location"
37.91416549682617,-122.4018325805664,False,-99.0,RH_CERCLA_EPA,300,Sante Fe Channel - encompassing station 6 to stati,ESP,USA,San Francisco Bay,San Francisco Bay,Contra Costa,SFB Central Bay,Point Richmond,POR,"Station 23 used for all lat/longs, actual location"
37.91416549682617,-122.4018325805664,False,-99.0,RH_CERCLA_EPA,4,"Lauritzen Canal, west side, across from pile-suppo",ESS,USA,San Francisco Bay,San Francisco Bay,Contra Costa,SFB Central Bay,Point Richmond,POR,"Station 23 used for all lat/longs, actual location"
37.91416549682617,-122.4018325805664,False,-99.0,RH_CERCLA_EPA,400,Richmond Channel Harbor - ~5 minute tows encompass,ESP,USA,San Francisco Bay,San Francisco Bay,Contra Costa,SFB Central Bay,Point Richmond,POR,"Station 23 used for all lat/longs, actual location"
37.91416549682617,-122.4018325805664,False,-99.0,RH_CERCLA_EPA,5,"Santa Fe Channel, at westerly widening of boat bas",ESS,USA,San Francisco Bay,San Francisco Bay,Contra Costa,SFB Central Bay,Point Richmond,POR,"Station 23 used for all lat/longs, actual location"
37.91416549682617,-122.4018325805664,False,-99.0,RH_CERCLA_EPA,6,"Santa Fe Channel, ~20-30' off center of pier at he",ESS,USA,San Francisco Bay,San Francisco Bay,Contra Costa,SFB Central Bay,Point Richmond,POR,"Station 23 used for all lat/longs, actual location"
37.91416549682617,-122.4018325805664,False,-99.0,RH_CERCLA_EPA,7,"Head of Richmond Channel, at mouth of Santa Fe Cha",ESS,USA,San Francisco Bay,San Francisco Bay,Contra Costa,SFB Central Bay,Point Richmond,POR,"Station 23 used for all lat/longs, actual location"
37.91416549682617,-122.4018325805664,False,-99.0,RH_CERCLA_EPA,8,"Midway along Richmond Channel, ~800' S of EPA Stn ",ESS,USA,San Francisco Bay,San Francisco Bay,Contra Costa,SFB Central Bay,Point Richmond,POR,"Station 23 used for all lat/longs, actual location"
37.91416549682617,-122.4018325805664,False,-99.0,RH_CERCLA_EPA,9,"At mouth of Richmond Channel, east side, ~100' SSE",ESS,USA,San Francisco Bay,San Francisco Bay,Contra Costa,SFB Central Bay,Point Richmond,POR,"Station 23 used for all lat/longs, actual location"
37.91416549682617,-122.4018325805664,False,-99.0,RH_CERCLA_EPA,Alt-009,At west shore mouth of Richmond Channel at Point P,ESS,USA,San Francisco Bay,San Francisco Bay,Contra Costa,SFB Central Bay,Point Richmond,POR,"Station 23 used for all lat/longs, actual location"
0.0,0.0,False,-99.0,RH_CERCLA_EPA,BEACHSAND,Performance control beach sand,CNG,NA,NA,NA,NA,NA,NA,NA,
37.91416549682617,-122.4018325805664,False,-99.0,RH_CERCLA_EPA,LC,Lauritzen Channel - north end ferry boat rudder,ESP,USA,San Francisco Bay,San Francisco Bay,Contra Costa,SFB Central Bay,Point Richmond,POR,"Station 23 used for all lat/longs, actual location"
41.13249969482422,-72.87832641601562,False,-99.0,RH_CERCLA_EPA,LONGISLANDSD,Long Island Sound Negative Control,CNG,USA,NA,Long Island Sound,NA,Atlantic Ocean,Atlantic Ocean,NA,
0.0,0.0,False,-99.0,RH_CERCLA_EPA,NEWPORT,Newport Control,CNG,NA,NA,NA,NA,NA,NA,NA,
0.0,0.0,False,-99.0,RH_CERCLA_EPA,ONA BEACH,Performance control beach sand,CNG,NA,NA,NA,NA,NA,NA,NA,
37.91416549682617,-122.4018325805664,False,-99.0,RH_CERCLA_EPA,RCH,Richmond Harbor Channel - attached to buoy red nun,ESP,USA,San Francisco Bay,San Francisco Bay,Contra Costa,SFB Central Bay,Point Richmond,POR,"Station 23 used for all lat/longs, actual location"
37.91416549682617,-122.4018325805664,False,-99.0,RH_CERCLA_EPA,SFCB,Sante Fe Channel Boathouse,ESP,USA,San Francisco Bay,San Francisco Bay,Contra Costa,SFB Central Bay,Point Richmond,POR,"Station 23 used for all lat/longs, actual location"
37.91416549682617,-122.4018325805664,False,-99.0,RH_CERCLA_EPA,SFCH,Sante Fe Channel - attached to styrofoam float on ,ESP,USA,San Francisco Bay,San Francisco Bay,Contra Costa,SFB Central Bay,Point Richmond,POR,"Station 23 used for all lat/longs, actual location"
0.0,0.0,False,-99.0,RH_CERCLA_EPA,YAQUINA,"Yaquina Bay, OR Control",CNG,USA,NA,Pacific Ocean,Lincoln,Pacific Ocean,Pacific Ocean,NA,
37.9226188659668,-122.36701965332031,False,-99.0,RH_CERCLA_UCD,LC1,same as Station 1 from RH_ERA92,EIP,USA,San Francisco Bay,San Francisco Bay,Contra Costa,SFB Central Bay,Richmond Santa Fe & Harbor Channel,POR,Lat/lons given are Global Imaging System coordinat
37.92246627807617,-122.36701965332031,False,-99.0,RH_CERCLA_UCD,LC2,same as Station 2 from RH_ERA92,EIP,USA,San Francisco Bay,San Francisco Bay,Contra Costa,SFB Central Bay,Richmond Santa Fe & Harbor Channel,POR,Lat/lons given are Global Imaging System coordinat
37.921783447265625,-122.36703491210938,False,-99.0,RH_CERCLA_UCD,LC3,same as Station 3 from RH_ERA92,EIP,USA,San Francisco Bay,San Francisco Bay,Contra Costa,SFB Central Bay,Richmond Santa Fe & Harbor Channel,POR,Lat/lons given are Global Imaging System coordinat
37.899715423583984,-122.46430206298828,False,-99.0,RH_CERCLA_UCD,Paradise Cove,Paradise cove - rep 1,ESM,USA,San Francisco Bay,San Francisco Bay,Marin,SFB Central Bay,Paradise Cove,NA,Lat/lons given are Global Imaging System coordinat
37.9202995300293,-122.36846923828125,False,-99.0,RH_CERCLA_UCD,SF4,same as Station 4 from RH_ERA92,EIP,USA,San Francisco Bay,San Francisco Bay,Contra Costa,SFB Central Bay,Richmond Santa Fe & Harbor Channel,POR,Lat/lons given are Global Imaging System coordinat
0.0,0.0,False,-99.0,RH_CERCLA_UCD,Yaquina Bay,"Yaquina Bay, OR Control",CNG,USA,NA,Pacific Ocean,Lincoln,Pacific Ocean,Pacific Ocean,NA,
37.90766906738281,-122.4228286743164,True,-99.0,RH_LR_93,1,Southampton Shoal Channel,ESC,USA,San Francisco Bay,San Francisco Bay,Marin,SFB Central Bay,Central Bay North,NA,
37.91967010498047,-122.4114990234375,True,-99.0,RH_LR_93,2,Cheveron Long Wharf,ESS,USA,San Francisco Bay,San Francisco Bay,Contra Costa,SFB Central Bay,Point Richmond,NA,
37.906829833984375,-122.40067291259766,True,-99.0,RH_LR_93,3,Entrance Channel,ESC,USA,San Francisco Bay,San Francisco Bay,Contra Costa,SFB Central Bay,Point Richmond,POR,
37.90299987792969,-122.37200164794922,True,-99.0,RH_LR_93,4,Portrero Reach,ESC,USA,San Francisco Bay,San Francisco Bay,Contra Costa,SFB Central Bay,Point Richmond,POR,
37.90816879272461,-122.35749816894531,True,-99.0,RH_LR_93,5,Inner Harbor Channel,ESP,USA,San Francisco Bay,San Francisco Bay,Contra Costa,SFB Central Bay,Richmond Santa Fe & Harbor Channel,POR,
48.061668395996094,-123.0250015258789,False,-99.0,RH_LR_93,C-SB,"Sequim Bay, WA Control",CNG,USA,NA,Puget Sound,Jefferson,Puget Sound,Puget Sound,NA,
48.397220611572266,-122.68055725097656,False,-99.0,RH_LR_93,C-WB,West Beach Control,CNG,USA,NA,Puget Sound,Island,Puget Sound,Puget Sound,NA,
-99.0,-99.0,True,-99.0,RH_LR_93,R-AM,Alcatraz Reference - Environs,ESU,USA,San Francisco Bay,San Francisco Bay,San Francisco,SFB Central Bay,Alcatraz,NA,"8 stations collected and composited, no locations"
38.230499267578125,-122.96116638183594,False,-99.0,RH_TURN,C-NE,Tomales Bay Control,CNG,USA,San Francisco Bay,Marin Coastal,Marin,Tomales Bay,Tomales Bay North,NA,
0.0,0.0,False,-99.0,RH_TURN,C-NV,"Newcastle, ME Control",CNG,NA,NA,NA,NA,NA,NA,NA,
48.061668395996094,-123.0250015258789,False,-99.0,RH_TURN,C-SB,"Sequim Bay, WA Control",CNG,USA,NA,Puget Sound,Jefferson,Puget Sound,Puget Sound,NA,
48.39716720581055,-122.66666412353516,False,-99.0,RH_TURN,C-WB,"Whidbey Island, WA Control",CNG,USA,NA,Puget Sound,Island,Puget Sound,Puget Sound,NA,
48.061668395996094,-123.0250015258789,False,-99.0,RH_TURN,MN_BACK,"Discovery Bay, WA Control",CNG,USA,NA,Puget Sound,Jefferson,Puget Sound,Puget Sound,NA,
0.0,0.0,False,-99.0,RH_TURN,NV_BACK,"Newcastle, ME Control",CNG,NA,NA,NA,NA,NA,NA,NA,
37.91685104370117,-122.36463165283203,True,-99.0,RH_TURN,OBM-COMP,Old Bay Material Composite,ESP,USA,San Francisco Bay,San Francisco Bay,Contra Costa,SFB Central Bay,Richmond Santa Fe & Harbor Channel,POR,
37.8211669921875,-122.43133544921875,True,-99.0,RH_TURN,R-AM,Alcatraz Reference Site,ESC,USA,San Francisco Bay,San Francisco Bay,San Francisco,SFB Central Bay,Alcatraz,NA,
37.741668701171875,-122.27666473388672,True,-99.0,RH_TURN,R-BF,Bay Farm Reference,ESC,USA,San Francisco Bay,San Francisco Bay,San Francisco,SFB Central Bay,Central Bay South,NA,
37.411834716796875,-123.24566650390625,True,-99.0,RH_TURN,R-OS,Ocean Reference Site West of SFB,OAA,USA,San Francisco Bay,Pacific Ocean,NA,Pacific Ocean,Pacific Ocean,NA,
37.91822814941406,-122.36441802978516,False,-99.0,RH_TURN,SF-1,Santa Fe Channel,EIP,USA,San Francisco Bay,San Francisco Bay,Contra Costa,SFB Central Bay,Richmond Santa Fe & Harbor Channel,POR,
37.91908264160156,-122.36580657958984,False,-99.0,RH_TURN,SF-2,Santa Fe Channel,EIP,USA,San Francisco Bay,San Francisco Bay,Contra Costa,SFB Central Bay,Richmond Santa Fe & Harbor Channel,POR,
37.91996383666992,-122.36722564697266,False,-99.0,RH_TURN,SF-3,Santa Fe Channel,EIP,USA,San Francisco Bay,San Francisco Bay,Contra Costa,SFB Central Bay,Richmond Santa Fe & Harbor Channel,POR,
37.92083740234375,-122.36860656738281,False,-99.0,RH_TURN,SF-4,Santa Fe Channel,EIP,USA,San Francisco Bay,San Francisco Bay,Contra Costa,SFB Central Bay,Richmond Santa Fe & Harbor Channel,POR,
37.91908264160156,-122.36580657958984,True,-99.0,RH_TURN,SF-COMP,Santa Fe Channel,EIP,USA,San Francisco Bay,San Francisco Bay,Contra Costa,SFB Central Bay,Richmond Santa Fe & Harbor Channel,POR,
37.919185638427734,-122.36663818359375,False,-99.0,RH_TURN,SFW-1,National Gypsum-GATX berth area/Santa Fe Widening ,EIP,USA,San Francisco Bay,San Francisco Bay,Contra Costa,SFB Central Bay,Richmond Santa Fe & Harbor Channel,POR,
37.91865921020508,-122.3658447265625,False,-99.0,RH_TURN,SFW-2,National Gypsum-GATX berth area/Santa Fe Widening ,EIP,USA,San Francisco Bay,San Francisco Bay,Contra Costa,SFB Central Bay,Richmond Santa Fe & Harbor Channel,POR,
37.91814041137695,-122.36505889892578,False,-99.0,RH_TURN,SFW-3,National Gypsum-GATX berth area/Santa Fe Widening ,EIP,USA,San Francisco Bay,San Francisco Bay,Contra Costa,SFB Central Bay,Richmond Santa Fe & Harbor Channel,POR,
37.917640686035156,-122.36421966552734,False,-99.0,RH_TURN,SFW-4,National Gypsum-GATX berth area/Santa Fe Widening ,ESP,USA,San Francisco Bay,San Francisco Bay,Contra Costa,SFB Central Bay,Richmond Santa Fe & Harbor Channel,POR,
37.91814041137695,-122.36505889892578,True,-99.0,RH_TURN,SFW-COMP,National Gypsum-GATX berth area/Santa Fe Widening ,EIP,USA,San Francisco Bay,San Francisco Bay,Contra Costa,SFB Central Bay,Richmond Santa Fe & Harbor Channel,POR,
37.90251541137695,-122.3610610961914,False,-99.0,RH_TURN,TB-1,Turning Circle,ESP,USA,San Francisco Bay,San Francisco Bay,Contra Costa,SFB Central Bay,Richmond Santa Fe & Harbor Channel,POR,
37.90196990966797,-122.35982513427734,False,-99.0,RH_TURN,TB-2,Turning Circle,ESP,USA,San Francisco Bay,San Francisco Bay,Contra Costa,SFB Central Bay,Richmond Santa Fe & Harbor Channel,POR,
37.902931213378906,-122.35884857177734,False,-99.0,RH_TURN,TB-3,Turning Circle,ESP,USA,San Francisco Bay,San Francisco Bay,Contra Costa,SFB Central Bay,Richmond Santa Fe & Harbor Channel,POR,
37.90366744995117,-122.3595962524414,False,-99.0,RH_TURN,TB-4,Turning Circle,ESP,USA,San Francisco Bay,San Francisco Bay,Contra Costa,SFB Central Bay,Richmond Santa Fe & Harbor Channel,POR,
37.90426254272461,-122.35826873779297,False,-99.0,RH_TURN,TB-5,Turning Circle,ESP,USA,San Francisco Bay,San Francisco Bay,Contra Costa,SFB Central Bay,Richmond Santa Fe & Harbor Channel,POR,
37.904422760009766,-122.35954284667969,False,-99.0,RH_TURN,TB-6,Turning Circle,ESP,USA,San Francisco Bay,San Francisco Bay,Contra Costa,SFB Central Bay,Richmond Santa Fe & Harbor Channel,POR,
37.904945373535156,-122.3589859008789,False,-99.0,RH_TURN,TB-7,Turning Circle,ESP,USA,San Francisco Bay,San Francisco Bay,Contra Costa,SFB Central Bay,Richmond Santa Fe & Harbor Channel,POR,
37.904083251953125,-122.360107421875,False,-99.0,RH_TURN,TB-8,Turning Circle,ESP,USA,San Francisco Bay,San Francisco Bay,Contra Costa,SFB Central Bay,Richmond Santa Fe & Harbor Channel,POR,
37.90277862548828,-122.3608627319336,False,-99.0,RH_TURN,TB-9,Turning Circle,ESP,USA,San Francisco Bay,San Francisco Bay,Contra Costa,SFB Central Bay,Richmond Santa Fe & Harbor Channel,POR,
37.90366744995117,-122.3595962524414,True,-99.0,RH_TURN,TB-COMP,Turning Circle Composite,ESP,USA,San Francisco Bay,San Francisco Bay,Contra Costa,SFB Central Bay,Richmond Santa Fe & Harbor Channel,POR,
37.915626525878906,-122.36326599121094,False,-99.0,RH_TURN,UIH-1,Upper Inner Harbor,ESP,USA,San Francisco Bay,San Francisco Bay,Contra Costa,SFB Central Bay,Richmond Santa Fe & Harbor Channel,POR,
37.916263580322266,-122.36153411865234,False,-99.0,RH_TURN,UIH-2,Upper Inner Harbor,EIP,USA,San Francisco Bay,San Francisco Bay,Contra Costa,SFB Central Bay,Richmond Santa Fe & Harbor Channel,POR,del
37.91640853881836,-122.3626480102539,False,-99.0,RH_TURN,UIH-3,Upper Inner Harbor,ESP,USA,San Francisco Bay,San Francisco Bay,Contra Costa,SFB Central Bay,Richmond Santa Fe & Harbor Channel,POR,
37.91694259643555,-122.3635482788086,False,-99.0,RH_TURN,UIH-4,Upper Inner Harbor,ESP,USA,San Francisco Bay,San Francisco Bay,Contra Costa,SFB Central Bay,Richmond Santa Fe & Harbor Channel,POR,del
37.91701889038086,-122.36268615722656,False,-99.0,RH_TURN,UIH-5,Upper Inner Harbor,ESP,USA,San Francisco Bay,San Francisco Bay,Contra Costa,SFB Central Bay,Richmond Santa Fe & Harbor Channel,POR,
37.91640853881836,-122.3626480102539,True,-99.0,RH_TURN,UIH-COMP,Upper Inner Harbor,ESP,USA,San Francisco Bay,San Francisco Bay,Contra Costa,SFB Central Bay,Richmond Santa Fe & Harbor Channel,POR,
0.0,0.0,False,-99.0,RHINE,Home Sediment,Bioassay Sediment Control,CNG,NA,NA,NA,NA,NA,NA,NA,
33.614601135253906,-117.92648315429688,False,-99.0,RHINE,RC1,Rhine Channel,ESM,USA,Santa Ana,Santa Ana River,Orange,Newport Bay,Rhine Channel,NA,
33.6109504699707,-117.92739868164062,False,-99.0,RHINE,RC10,Rhine Channel,ESM,USA,Santa Ana,Santa Ana River,Orange,Newport Bay,Rhine Channel,NA,
33.6112174987793,-117.92711639404297,False,-99.0,RHINE,RC11,Rhine Channel,ESM,USA,Santa Ana,Santa Ana River,Orange,Newport Bay,Rhine Channel,NA,
33.61146545410156,-117.9271469116211,False,-99.0,RHINE,RC12,Rhine Channel,ESM,USA,Santa Ana,Santa Ana River,Orange,Newport Bay,Rhine Channel,NA,
33.610416412353516,-117.9267807006836,False,-99.0,RHINE,RC13,Rhine Channel,ESM,USA,Santa Ana,Santa Ana River,Orange,Newport Bay,Rhine Channel,NA,
33.61064910888672,-117.9260482788086,False,-99.0,RHINE,RC14,Rhine Channel,ESM,USA,Santa Ana,Santa Ana River,Orange,Newport Bay,Rhine Channel,NA,
33.60995101928711,-117.92549896240234,False,-99.0,RHINE,RC15,Rhine Channel,ESM,USA,Santa Ana,Santa Ana River,Orange,Newport Bay,Rhine Channel,NA,
33.614898681640625,-117.92676544189453,False,-99.0,RHINE,RC2,Rhine Channel,ESM,USA,Santa Ana,Santa Ana River,Orange,Newport Bay,Rhine Channel,NA,
33.61443328857422,-117.92696380615234,False,-99.0,RHINE,RC3,Rhine Channel,ESM,USA,Santa Ana,Santa Ana River,Orange,Newport Bay,Rhine Channel,NA,
33.61399841308594,-117.92723083496094,False,-99.0,RHINE,RC4,Rhine Channel,ESM,USA,Santa Ana,Santa Ana River,Orange,Newport Bay,Rhine Channel,NA,
33.613468170166016,-117.92741394042969,False,-99.0,RHINE,RC5,Rhine Channel,ESM,USA,Santa Ana,Santa Ana River,Orange,Newport Bay,Rhine Channel,NA,
33.61286544799805,-117.92769622802734,False,-99.0,RHINE,RC6,Rhine Channel,ESM,USA,Santa Ana,Santa Ana River,Orange,Newport Bay,Rhine Channel,NA,
33.61249923706055,-117.92784881591797,False,-99.0,RHINE,RC7,Rhine Channel,ESM,USA,Santa Ana,Santa Ana River,Orange,Newport Bay,Rhine Channel,NA,
33.61164855957031,-117.92781829833984,False,-99.0,RHINE,RC8,Rhine Channel,ESM,USA,Santa Ana,Santa Ana River,Orange,Newport Bay,Rhine Channel,NA,
33.611751556396484,-117.92745208740234,False,-99.0,RHINE,RC9,Rhine Channel,ESM,USA,Santa Ana,Santa Ana River,Orange,Newport Bay,Rhine Channel,NA,
0.0,0.0,False,-99.0,RHINE,Screen Blank,Bioassay Negative Control,CNG,NA,NA,NA,NA,NA,NA,NA,
37.51374816894531,-122.20899963378906,True,-99.0,RMCLONESTAR,1,RMC Lonestar_Port of Redwood City,ESS,USA,San Francisco Bay,San Francisco Bay,San Mateo,Redwood City  Sloughs,Redwood City Bair Island Reserve Sloughs,NA,
37.51498031616211,-122.20670318603516,True,-99.0,RMCLONESTAR,2,RMC Lonestar_Port of Redwood City,EIR,USA,San Francisco Bay,San Francisco Bay,San Mateo,Redwood City  Sloughs,Redwood City Bair Island Reserve Sloughs,NA,
0.0,0.0,False,-99.0,RMCLONESTAR,Control,Bioassay Negative Control,CNG,NA,NA,NA,NA,NA,NA,NA,
-99.0,-99.0,False,-99.0,RMCLONESTAR,Reference,Alcatraz Reference Site,ESU,USA,San Francisco Bay,San Francisco Bay,San Francisco,SFB Central Bay,Alcatraz,NA,
-99.0,-99.0,False,0.0,RMP,10STHB,South Bay (Burlingame),ESU,USA,San Francisco Bay,San Francisco Bay,NA,SFB South Bay,South Bay,NA,Fish tissue station.
37.51047897338867,-122.12879180908203,False,0.0,RMP,1SBB,South Bay Bridges,ESC,USA,San Francisco Bay,San Francisco Bay,Alameda,SFB South Bay,South Bay,NA,Fish tissue station.
-99.0,-99.0,False,0.0,RMP,24001,South Bay (San Mateo),ESU,USA,San Francisco Bay,San Francisco Bay,NA,SFB South Bay,South Bay,NA,Fish tissue station.
-99.0,-99.0,False,0.0,RMP,24002,Dumbarton Bridge,ESU,USA,San Francisco Bay,San Francisco Bay,NA,SFB South Bay,Dumbarton Bridge,NA,Fish tissue station.
-99.0,-99.0,False,0.0,RMP,24003,Fremont Forebay,ESU,USA,San Francisco Bay,San Francisco Bay,NA,SFB South Bay,South Bay,NA,Fish tissue station.
-99.0,-99.0,False,0.0,RMP,24004,Richmond Harbor,ESP,USA,San Francisco Bay,San Francisco Bay,NA,SFB Central Bay,Central Bay North,NA,Fish tissue station.
-99.0,-99.0,False,0.0,RMP,24005,Berkeley Pier,ESU,USA,San Francisco Bay,San Francisco Bay,NA,SFB Central Bay,Central Bay North,NA,Fish tissue station.
-99.0,-99.0,False,0.0,RMP,24006,Oakland Inner Har. (Fruitvale),ESP,USA,San Francisco Bay,San Francisco Bay,NA,SFB Central Bay,Oakland Harbor,NA,Fish tissue station.
-99.0,-99.0,False,0.0,RMP,24007,Double Rock (Candlestick),ESU,USA,San Francisco Bay,San Francisco Bay,NA,SFB Central Bay,Central Bay Nearshore,NA,Fish tissue station.
-99.0,-99.0,False,0.0,RMP,24008,Islais Creek,EIG,USA,San Francisco Bay,San Francisco Bay,San Francisco,SFB Central Bay,Islais Creek,NA,Fish tissue station.
-99.0,-99.0,False,0.0,RMP,24009,Oakland Middle Harbor Pier,ESP,USA,San Francisco Bay,San Francisco Bay,NA,SFB Central Bay,Oakland Harbor,NA,Fish tissue station.
-99.0,-99.0,False,0.0,RMP,24010,Point Molate,ESU,USA,San Francisco Bay,San Francisco Bay,NA,SFB Central Bay,Point Richmond,NA,Fish tissue station.
-99.0,-99.0,False,0.0,RMP,24011,Rodeo,ESU,USA,San Francisco Bay,San Francisco Bay,NA,SFB Central Bay,Central Bay North,NA,Fish tissue station.
-99.0,-99.0,False,0.0,RMP,24013,San Francisco Pier #7,ESP,USA,San Francisco Bay,San Francisco Bay,NA,SFB Central Bay,Central Bay Nearshore,NA,Fish tissue station.
-99.0,-99.0,False,0.0,RMP,24014,Vallejo-Mare Island,ESR,USA,San Francisco Bay,San Francisco Bay,NA,Napa River,Napa River,NA,Fish tissue station.
-99.0,-99.0,False,0.0,RMP,24015,South Bay (Coyote),ESU,USA,San Francisco Bay,San Francisco Bay,NA,SFB Lower South Bay,Lower South Bay,NA,Fish tissue station.
-99.0,-99.0,False,0.0,RMP,24016,Sacramento River,ESC,USA,San Francisco Bay,San Francisco Bay,Contra Costa,Sacramento San Joaquin Confluence,Sacramento San Joaquin Confluence,NA,Fish tissue station.
-99.0,-99.0,False,0.0,RMP,24017,Grizzly Bay,ESS,USA,San Francisco Bay,San Francisco Bay,NA,SFB Suisun Bay,Grizzly Bay,NA,Fish tissue station.
-99.0,-99.0,False,0.0,RMP,24018,Mid Bay (Paradise),ESU,USA,San Francisco Bay,San Francisco Bay,NA,SFB Central Bay,Central Bay North,NA,Fish tissue station.
37.79206085205078,-122.29000091552734,False,0.0,RMP,2OAK,Oakland,ESP,USA,San Francisco Bay,San Francisco Bay,Alameda,SFB Central Bay,Oakland Harbor,NA,Fish tissue station.
37.7765007019043,-122.38565063476562,False,0.0,RMP,3SFW,S.F. Waterfront,ESP,USA,San Francisco Bay,San Francisco Bay,NA,SFB Central Bay,Central Bay Nearshore,NA,Fish tissue station.
-99.0,-99.0,False,0.0,RMP,3SFW_1,S.F. Waterfront (Muni Pier),ESP,USA,San Francisco Bay,San Francisco Bay,NA,SFB Central Bay,Central Bay Nearshore,NA,Fish tissue station.
-99.0,-99.0,False,0.0,RMP,3SFW_2,S.F. Waterfront (Pier 7),ESP,USA,San Francisco Bay,San Francisco Bay,NA,SFB Central Bay,Central Bay Nearshore,NA,Fish tissue station.
37.84614181518555,-122.3529281616211,False,0.0,RMP,4BRK,Berkeley,ESU,USA,San Francisco Bay,San Francisco Bay,San Francisco,SFB Central Bay,Central Bay North,NA,Fish tissue station.
37.997169494628906,-122.45616149902344,False,0.0,RMP,5SPB,San Pablo Bay,ESU,USA,San Francisco Bay,San Francisco Bay,Marin,SFB San Pablo Bay,San Pablo Bay,NA,Fish tissue station.
38.05202102661133,-122.27274322509766,False,0.0,RMP,6DP,Davis Point,ESC,USA,San Francisco Bay,San Francisco Bay,Contra Costa,SFB San Pablo Bay,San Pablo Bay,NA,Fish tissue station.
38.07477951049805,-122.09610748291016,False,0.0,RMP,7SB,Suisun Bay,ESC,USA,San Francisco Bay,San Francisco Bay,NA,SFB Suisun Bay,Suisun Bay,NA,Fish tissue station.
37.747859954833984,-122.21276092529297,False,0.0,RMP,8SLB,San Leandro Bay,ESG,USA,San Francisco Bay,San Francisco Bay,NA,SFB Central Bay,San Leandro Bay,NA,Fish tissue station.
-99.0,-99.0,False,0.0,RMP,9FB,Fort Baker,ESU,USA,San Francisco Bay,San Francisco Bay,NA,SFB Central Bay,San Francisco North Nearshore,NA,Fish tissue station.
37.468265533447266,-122.0628662109375,False,-99.0,RMP,BA10,Coyote Creek,ESC,USA,San Francisco Bay,San Francisco Bay,NA,SFB Lower South Bay,Lower South Bay,NA,
37.49281692504883,-122.0864486694336,False,-99.0,RMP,BA21,South Bay,ESC,USA,San Francisco Bay,San Francisco Bay,NA,SFB Lower South Bay,Lower South Bay,NA,
37.51319885253906,-122.1336669921875,False,-99.0,RMP,BA30,Dumbarton Bridge,ESC,USA,San Francisco Bay,San Francisco Bay,NA,SFB South Bay,Dumbarton Bridge,NA,
37.559051513671875,-122.20932006835938,False,-99.0,RMP,BA41,Redwood Creek,ESC,USA,San Francisco Bay,San Francisco Bay,NA,SFB South Bay,San Mateo Bridge,NA,Bivalve station = BA40
37.615699768066406,-122.28263092041016,False,-99.0,RMP,BB15,San Bruno Shoal,ESC,USA,San Francisco Bay,San Francisco Bay,NA,SFB South Bay,South Bay,NA,
37.6688346862793,-122.32903289794922,False,-99.0,RMP,BB30,Oyster Point,ESC,USA,San Francisco Bay,San Francisco Bay,NA,SFB Central Bay,Central Bay South,NA,
37.74625015258789,-122.32241821289062,False,-99.0,RMP,BB70,Alameda,ESC,USA,San Francisco Bay,San Francisco Bay,Alameda,SFB Central Bay,Central Bay South,NA,Bivalve station = BB71
37.822418212890625,-122.34823608398438,False,-99.0,RMP,BC11,Yerba Buena Island,ESC,USA,San Francisco Bay,San Francisco Bay,NA,SFB Central Bay,Yerba Buena Island,NA,Bivalve station = BC10
37.83063507080078,-122.4769515991211,False,-99.0,RMP,BC21,Horseshoe Bay,ESC,USA,San Francisco Bay,San Francisco Bay,NA,SFB Central Bay,Central Bay North,NA,
37.862117767333984,-122.47918701171875,False,-99.0,RMP,BC32,Richardson Bay,ESG,USA,San Francisco Bay,San Francisco Bay,Marin,SFB Central Bay,Richardson Bay,NA,
37.88741683959961,-122.34283447265625,False,-99.0,RMP,BC41,Point Isabel,ESS,USA,San Francisco Bay,San Francisco Bay,NA,SFB Central Bay,Central Bay North,NA,
37.91456604003906,-122.43379974365234,False,-99.0,RMP,BC60,Red Rock,ESC,USA,San Francisco Bay,San Francisco Bay,NA,SFB Central Bay,Central Bay North,NA,Bivalve station = BC61
38.1107177734375,-122.4861831665039,False,-99.0,RMP,BD15,Petaluma River,ESR,USA,San Francisco Bay,San Francisco Bay,Sonoma,Petaluma River,Petaluma River,NA,
38.04774856567383,-122.42261505126953,False,-99.0,RMP,BD22,San Pablo Bay,ESS,USA,San Francisco Bay,San Francisco Bay,NA,SFB San Pablo Bay,San Pablo Bay,NA,Bivalve station = BD20
38.024234771728516,-122.36261749267578,False,-99.0,RMP,BD31,Pinole Point,ESC,USA,San Francisco Bay,San Francisco Bay,Contra Costa,SFB San Pablo Bay,San Pablo Bay,NA,Bivalve station = BD30
38.05099868774414,-122.2800521850586,False,-99.0,RMP,BD41,Davis Point,ESC,USA,San Francisco Bay,San Francisco Bay,Contra Costa,SFB San Pablo Bay,San Pablo Bay,NA,Bivalve station = BD40
38.096866607666016,-122.26080322265625,False,-99.0,RMP,BD50,Napa River,ESR,USA,San Francisco Bay,San Francisco Bay,Solano,Napa River,Napa River,NA,
38.047332763671875,-122.09588623046875,False,-99.0,RMP,BF10,Pacheco Creek,ESC,USA,San Francisco Bay,San Francisco Bay,Contra Costa,SFB Suisun Bay,Suisun Bay,NA,
38.1156005859375,-122.03943634033203,False,-99.0,RMP,BF21,Grizzly Bay,ESS,USA,San Francisco Bay,San Francisco Bay,Solano,SFB Suisun Bay,Grizzly Bay,NA,Bivalve station = BF20
38.067317962646484,-121.93370056152344,False,-99.0,RMP,BF40,Honker Bay,ESS,USA,San Francisco Bay,San Francisco Bay,NA,SFB Suisun Bay,Honker Bay,NA,
38.05903244018555,-121.81324768066406,False,-99.0,RMP,BG20,Sacramento River,ESC,USA,San Francisco Bay,San Francisco Bay,Contra Costa,Sacramento San Joaquin Confluence,Sacramento San Joaquin Confluence,NA,
38.02289962768555,-121.8072509765625,False,-99.0,RMP,BG30,San Joaquin River,ESC,USA,San Francisco Bay,San Francisco Bay,Contra Costa,Sacramento San Joaquin Confluence,Sacramento San Joaquin Confluence,NA,
37.45166778564453,-121.92150115966797,False,-99.0,RMP,BW10,Standish Dam,EIR,USA,San Francisco Bay,San Francisco Bay,Santa Clara,SFB Southern Sloughs,Southern Sloughs,NA,
37.422332763671875,-121.97416687011719,False,-99.0,RMP,BW15,Guadalupe River,EIR,USA,San Francisco Bay,San Francisco Bay,Santa Clara,SFB Southern Sloughs,Southern Sloughs,NA,
37.43424987792969,-122.01004791259766,False,-99.0,RMP,C-1-3,Sunnyvale,EIH,USA,San Francisco Bay,San Francisco Bay,Santa Clara,SFB Southern Sloughs,Southern Sloughs,NA,
37.46023178100586,-121.97563171386719,False,-99.0,RMP,C-3-0,San Jose,EIH,USA,San Francisco Bay,San Francisco Bay,Santa Clara,SFB Southern Sloughs,Southern Sloughs,NA,
37.875999450683594,-122.36000061035156,False,-99.0,RMP,CB001S,NA,ESS,USA,San Francisco Bay,San Francisco Bay,NA,SFB Central Bay,Central Bay North,NA,
37.625,-122.34600067138672,False,-99.0,RMP,CB002S,NA,ESC,USA,San Francisco Bay,San Francisco Bay,NA,SFB Central Bay,Central Bay South,NA,
37.86800003051758,-122.48400115966797,False,-99.0,RMP,CB003S,NA,ESG,USA,San Francisco Bay,San Francisco Bay,Marin,SFB Central Bay,Richardson Bay,NA,
37.85300064086914,-122.32499694824219,False,-99.0,RMP,CB005S,NA,ESS,USA,San Francisco Bay,San Francisco Bay,NA,SFB Central Bay,Central Bay North,NA,
37.7130012512207,-122.24800109863281,False,-99.0,RMP,CB006S,NA,ESS,USA,San Francisco Bay,San Francisco Bay,NA,SFB Central Bay,Central Bay South,NA,
37.91899871826172,-122.39900207519531,False,-99.0,RMP,CB007S,NA,ESS,USA,San Francisco Bay,San Francisco Bay,NA,SFB Central Bay,Central Bay North,NA,
37.71799850463867,-122.3280029296875,False,-99.0,RMP,CB008S,NA,ESC,USA,San Francisco Bay,San Francisco Bay,NA,SFB Central Bay,Central Bay South,NA,
37.69073486328125,-122.30799865722656,False,-99.0,RMP,CB010S,NA,ESS,USA,San Francisco Bay,San Francisco Bay,NA,SFB Central Bay,Central Bay South,NA,
37.96761703491211,-122.45099639892578,False,-99.0,RMP,CB011S,NA,ESS,USA,San Francisco Bay,San Francisco Bay,NA,SFB Central Bay,Central Bay North,NA,
37.75411605834961,-122.36900329589844,False,-99.0,RMP,CB012S,NA,ESS,USA,San Francisco Bay,San Francisco Bay,NA,SFB Central Bay,Central Bay South,NA,
37.82149887084961,-122.36000061035156,False,-99.0,RMP,CB013S,NA,ESS,USA,San Francisco Bay,San Francisco Bay,NA,SFB Central Bay,Central Bay North,NA,
37.65213394165039,-122.28900146484375,False,-99.0,RMP,CB014S,NA,ESS,USA,San Francisco Bay,San Francisco Bay,NA,SFB Central Bay,Central Bay South,NA,
37.84400177001953,-122.39700317382812,False,-99.0,RMP,CB073S,NA,ESC,USA,San Francisco Bay,San Francisco Bay,NA,SFB Central Bay,Central Bay North,NA,
37.66596603393555,-122.3270034790039,False,-99.0,RMP,CB074S,NA,ESS,USA,San Francisco Bay,San Francisco Bay,NA,SFB Central Bay,Central Bay South,NA,
0.0,0.0,False,0.0,RMP,COMP,Composite,CNG,NA,NA,NA,NA,NA,NA,NA,Fish tissue station.
0.0,0.0,False,-99.0,RMP,Control,Bioassay Negative Control,CNG,NA,NA,NA,NA,NA,NA,NA,
37.492000579833984,-122.09700012207031,False,-99.0,RMP,LSB001S,NA,ESC,USA,San Francisco Bay,San Francisco Bay,NA,SFB Lower South Bay,Lower South Bay,NA,
37.479000091552734,-122.0770034790039,False,-99.0,RMP,LSB002S,NA,ESC,USA,San Francisco Bay,San Francisco Bay,NA,SFB Lower South Bay,Lower South Bay,NA,
37.49100112915039,-122.11599731445312,False,-99.0,RMP,LSB003S,NA,ESS,USA,San Francisco Bay,San Francisco Bay,NA,SFB Lower South Bay,Lower South Bay,NA,
37.494998931884766,-122.08399963378906,False,-99.0,RMP,LSB004S,NA,EIS,USA,San Francisco Bay,San Francisco Bay,NA,SFB Lower South Bay,Lower South Bay,NA,
37.49599838256836,-122.08999633789062,False,-99.0,RMP,LSB005S,NA,ESS,USA,San Francisco Bay,San Francisco Bay,NA,SFB Lower South Bay,Lower South Bay,NA,
37.470001220703125,-122.06400299072266,False,-99.0,RMP,LSB006S,NA,ESC,USA,San Francisco Bay,San Francisco Bay,NA,SFB Lower South Bay,Lower South Bay,NA,
37.4900016784668,-122.10900115966797,False,-99.0,RMP,LSB007S,NA,ESS,USA,San Francisco Bay,San Francisco Bay,NA,SFB Lower South Bay,Lower South Bay,NA,
37.48500061035156,-122.08100128173828,False,-99.0,RMP,LSB008S,NA,ESC,USA,San Francisco Bay,San Francisco Bay,NA,SFB Lower South Bay,Lower South Bay,NA,
37.491817474365234,-122.10700225830078,False,-99.0,RMP,LSB009S,NA,ESC,USA,San Francisco Bay,San Francisco Bay,NA,SFB Lower South Bay,Lower South Bay,NA,
37.471351623535156,-122.08999633789062,False,-99.0,RMP,LSB010S,NA,ESC,USA,San Francisco Bay,San Francisco Bay,NA,SFB Lower South Bay,Lower South Bay,NA,
37.50360107421875,-122.11900329589844,False,-99.0,RMP,LSB011S,NA,ESC,USA,San Francisco Bay,San Francisco Bay,NA,SFB Lower South Bay,Lower South Bay,NA,
37.471351623535156,-122.10199737548828,False,-99.0,RMP,LSB012S,NA,ESC,USA,San Francisco Bay,San Francisco Bay,NA,SFB Lower South Bay,Lower South Bay,NA,
37.487281799316406,-122.10099792480469,False,-99.0,RMP,LSB013S,NA,ESC,USA,San Francisco Bay,San Francisco Bay,NA,SFB Lower South Bay,Lower South Bay,NA,
37.47513198852539,-122.06999969482422,False,-99.0,RMP,LSB014S,NA,ESC,USA,San Francisco Bay,San Francisco Bay,NA,SFB Lower South Bay,Lower South Bay,NA,
37.61243438720703,-122.26399993896484,False,-99.0,RMP,SB001S,NA,ESS,USA,San Francisco Bay,San Francisco Bay,NA,SFB South Bay,South Bay,NA,
37.61000061035156,-122.16600036621094,False,-99.0,RMP,SB002S,NA,ESS,USA,San Francisco Bay,San Francisco Bay,NA,SFB South Bay,South Bay,NA,
37.617000579833984,-122.302001953125,False,-99.0,RMP,SB003S,NA,ESC,USA,San Francisco Bay,San Francisco Bay,NA,SFB South Bay,South Bay,NA,
37.60100173950195,-122.21700286865234,False,-99.0,RMP,SB004S,NA,ESS,USA,San Francisco Bay,San Francisco Bay,NA,SFB South Bay,South Bay,NA,
37.654998779296875,-122.20700073242188,False,-99.0,RMP,SB005S,NA,ESS,USA,San Francisco Bay,San Francisco Bay,NA,SFB South Bay,South Bay,NA,
37.51499938964844,-122.1510009765625,False,-99.0,RMP,SB006S,NA,ESS,USA,San Francisco Bay,San Francisco Bay,NA,SFB South Bay,South Bay,NA,
37.68199920654297,-122.2300033569336,False,-99.0,RMP,SB007S,NA,ESS,USA,San Francisco Bay,San Francisco Bay,NA,SFB South Bay,South Bay,NA,
37.612998962402344,-122.18399810791016,False,-99.0,RMP,SB008S,NA,ESS,USA,San Francisco Bay,San Francisco Bay,NA,SFB South Bay,South Bay,NA,
37.67808151245117,-122.19400024414062,False,-99.0,RMP,SB009S,NA,ESS,USA,San Francisco Bay,San Francisco Bay,NA,SFB South Bay,South Bay,NA,
37.562435150146484,-122.21099853515625,False,-99.0,RMP,SB010S,NA,ESS,USA,San Francisco Bay,San Francisco Bay,NA,SFB South Bay,South Bay,NA,
37.61024856567383,-122.33999633789062,False,-99.0,RMP,SB011S,NA,ESS,USA,San Francisco Bay,San Francisco Bay,NA,SFB South Bay,South Bay,NA,
37.5893669128418,-122.24600219726562,False,-99.0,RMP,SB012S,NA,ESS,USA,San Francisco Bay,San Francisco Bay,NA,SFB South Bay,South Bay,NA,
37.622581481933594,-122.24700164794922,False,-99.0,RMP,SB013S,NA,ESS,USA,San Francisco Bay,San Francisco Bay,NA,SFB South Bay,South Bay,NA,
37.537750244140625,-122.17400360107422,False,-99.0,RMP,SB014S,NA,ESS,USA,San Francisco Bay,San Francisco Bay,NA,SFB South Bay,South Bay,NA,
37.678001403808594,-122.18000030517578,False,-99.0,RMP,SB073S,NA,ESS,USA,San Francisco Bay,San Francisco Bay,NA,SFB South Bay,South Bay,NA,
38.071998596191406,-122.38500213623047,False,-99.0,RMP,SPB001S,NA,ESS,USA,San Francisco Bay,San Francisco Bay,NA,SFB San Pablo Bay,San Pablo Bay,NA,
38.016998291015625,-122.33999633789062,False,-99.0,RMP,SPB002S,NA,ESS,USA,San Francisco Bay,San Francisco Bay,Contra Costa,SFB San Pablo Bay,San Pablo Bay,NA,
38.02799987792969,-122.47599792480469,False,-99.0,RMP,SPB003S,NA,ESS,USA,San Francisco Bay,San Francisco Bay,NA,SFB San Pablo Bay,San Pablo Bay,NA,
37.97700119018555,-122.42400360107422,False,-99.0,RMP,SPB004S,NA,ESC,USA,San Francisco Bay,San Francisco Bay,NA,SFB San Pablo Bay,San Pablo Bay,NA,
38.012001037597656,-122.43399810791016,False,-99.0,RMP,SPB005S,NA,ESC,USA,San Francisco Bay,San Francisco Bay,NA,SFB San Pablo Bay,San Pablo Bay,NA,
38.025001525878906,-122.31199645996094,False,-99.0,RMP,SPB006S,NA,ESS,USA,San Francisco Bay,San Francisco Bay,Contra Costa,SFB San Pablo Bay,San Pablo Bay,NA,
38.099998474121094,-122.40899658203125,False,-99.0,RMP,SPB007S,NA,ESS,USA,San Francisco Bay,San Francisco Bay,NA,SFB San Pablo Bay,San Pablo Bay,NA,
38.071998596191406,-122.34600067138672,False,-99.0,RMP,SPB008S,NA,ESS,USA,San Francisco Bay,San Francisco Bay,NA,SFB San Pablo Bay,San Pablo Bay,NA,
38.03766632080078,-122.447998046875,False,-99.0,RMP,SPB009S,NA,ESS,USA,San Francisco Bay,San Francisco Bay,NA,SFB San Pablo Bay,San Pablo Bay,NA,
38.0276985168457,-122.35900115966797,False,-99.0,RMP,SPB010S,NA,ESS,USA,San Francisco Bay,San Francisco Bay,NA,SFB San Pablo Bay,San Pablo Bay,NA,
38.092498779296875,-122.46399688720703,False,-99.0,RMP,SPB011S,NA,ESS,USA,San Francisco Bay,San Francisco Bay,NA,SFB San Pablo Bay,San Pablo Bay,NA,
38.0501823425293,-122.38999938964844,False,-99.0,RMP,SPB012S,NA,ESS,USA,San Francisco Bay,San Francisco Bay,NA,SFB San Pablo Bay,San Pablo Bay,NA,
38.08013153076172,-122.38400268554688,False,-99.0,RMP,SPB013S,NA,ESS,USA,San Francisco Bay,San Francisco Bay,NA,SFB San Pablo Bay,San Pablo Bay,NA,
38.03150177001953,-122.43699645996094,False,-99.0,RMP,SPB073S,NA,ESS,USA,San Francisco Bay,San Francisco Bay,NA,SFB San Pablo Bay,San Pablo Bay,NA,
38.099998474121094,-122.04499816894531,False,-99.0,RMP,SU001S,NA,ESC,USA,San Francisco Bay,San Francisco Bay,NA,SFB Suisun Bay,Grizzly Bay,NA,
38.05889892578125,-121.9800033569336,False,-99.0,RMP,SU002S,NA,ESC,USA,San Francisco Bay,San Francisco Bay,NA,SFB Suisun Bay,Suisun Bay,NA,
38.066001892089844,-122.09600067138672,False,-99.0,RMP,SU003S,NA,ESC,USA,San Francisco Bay,San Francisco Bay,NA,SFB Suisun Bay,Suisun Bay,NA,
38.084999084472656,-122.0250015258789,False,-99.0,RMP,SU004S,NA,EIS,USA,San Francisco Bay,San Francisco Bay,NA,SFB Suisun Bay,Suisun Bay,NA,
38.051998138427734,-122.07599639892578,False,-99.0,RMP,SU005S,NA,ESC,USA,San Francisco Bay,San Francisco Bay,Contra Costa,SFB Suisun Bay,Suisun Bay,NA,
38.06999969482422,-121.93599700927734,False,-99.0,RMP,SU006S,NA,ESS,USA,San Francisco Bay,San Francisco Bay,NA,SFB Suisun Bay,Honker Bay,NA,
38.08399963378906,-122.06400299072266,False,-99.0,RMP,SU007S,NA,ESS,USA,San Francisco Bay,San Francisco Bay,NA,SFB Suisun Bay,Suisun Bay,NA,
38.073001861572266,-122.01499938964844,False,-99.0,RMP,SU008S,NA,ESC,USA,San Francisco Bay,San Francisco Bay,NA,SFB Suisun Bay,Suisun Bay,NA,
38.11826705932617,-122.0479965209961,False,-99.0,RMP,SU009S,NA,ESC,USA,San Francisco Bay,San Francisco Bay,NA,SFB Suisun Bay,Grizzly Bay,NA,
38.06904983520508,-121.99299621582031,False,-99.0,RMP,SU010S,NA,ESC,USA,San Francisco Bay,San Francisco Bay,NA,SFB Suisun Bay,Suisun Bay,NA,
38.07535171508789,-122.10299682617188,False,-99.0,RMP,SU011S,NA,ESC,USA,San Francisco Bay,San Francisco Bay,NA,SFB Suisun Bay,Suisun Bay,NA,
38.091949462890625,-122.04100036621094,False,-99.0,RMP,SU012S,NA,ESC,USA,San Francisco Bay,San Francisco Bay,NA,SFB Suisun Bay,Suisun Bay,NA,
38.0563850402832,-122.08999633789062,False,-99.0,RMP,SU013S,NA,ESC,USA,San Francisco Bay,San Francisco Bay,NA,SFB Suisun Bay,Suisun Bay,NA,
38.0654182434082,-121.94999694824219,False,-99.0,RMP,SU014S,NA,ESC,USA,San Francisco Bay,San Francisco Bay,NA,SFB Suisun Bay,Honker Bay,NA,
38.111000061035156,-122.0479965209961,False,-99.0,RMP,SU073S,NA,ESS,USA,San Francisco Bay,San Francisco Bay,Solano,SFB Suisun Bay,Grizzly Bay,NA,
0.0,0.0,False,-99.0,RMP,T-0-BH,Bivalve deployment initial - Bodega Head,CNG,USA,San Francisco Bay,Bodega Bay,Sonoma,Bodega Bay,Bodega Bay,NA,Bivalve deployment control station
0.0,0.0,False,-99.0,RMP,T-0-DB,"Bivalve deployment initial - Dabob Bay, WA",CNG,NA,NA,NA,NA,NA,NA,NA,Bivalve deployment control station
0.0,0.0,False,-99.0,RMP,T-0-LC,Bivalve deployment initial - Lake Chabot,CNG,NA,NA,NA,NA,NA,NA,NA,Bivalve deployment control station
0.0,0.0,False,-99.0,RMP,T-0-LI,Bivalve deployment initial - Lake Isabella,CNG,NA,NA,NA,NA,NA,NA,NA,Bivalve deployment control station
0.0,0.0,False,-99.0,RMP,T-0-PC,Bivalve deployment initial - Putah Creek,CNG,NA,NA,NA,NA,NA,NA,NA,Bivalve deployment control station
0.0,0.0,False,-99.0,RMP,T-0-PCPost,Bivalve post-depuration deployment - Putah Creek,CNG,NA,NA,NA,NA,NA,NA,NA,Bivalve deployment control station
0.0,0.0,False,-99.0,RMP,T-0-PCPre,Bivalve pre-depuration deployment - Putah Creek,CNG,NA,NA,NA,NA,NA,NA,NA,Bivalve deployment control station
0.0,0.0,False,-99.0,RMP,T-0-TB,Bivalve deployment initial - Tomales Bay,CNG,USA,San Francisco Bay,Marin Coastal,Marin,Tomales Bay,Tomales Bay,NA,Bivalve deployment control
0.0,0.0,False,-99.0,RMP,T-0-TB/DB,Bivalve deployment initial - Tomales Bay/Dabob Bay,CNG,USA,San Francisco Bay,Marin Coastal,Marin,Tomales Bay,Tomales Bay,NA,Bivalve deployment control
35.31809997558594,-120.69439697265625,False,-99.0,RWQCB_00,CW0002,"SE TRIB, 2000FT ABOVE SE TRIB/CH CR CONFLUENCE",FAA,USA,Central Coast,Estero Bay,San Luis Obispo,San Luis Obispo Creeks,San Luis Obispo Creeks,NA,
35.32109832763672,-120.69940185546875,False,-99.0,RWQCB_00,CW0003,"SE TRIB, 300FT ABOVE SE TRIB/CH CR CONFLUENCE",FAA,USA,Central Coast,Estero Bay,San Luis Obispo,San Luis Obispo Creeks,San Luis Obispo Creeks,NA,
35.3297004699707,-120.69419860839844,False,-99.0,RWQCB_00,CW0004,"CH CR, 3000FT ABOVE CH CR/SE TRIB CONFLUENCE",FAA,USA,Central Coast,Estero Bay,San Luis Obispo,San Luis Obispo Creeks,San Luis Obispo Creeks,NA,
35.322200775146484,-120.69969940185547,False,-99.0,RWQCB_00,CW0005,"CH CR, 500FT ABOVE CH CR/SE TRIB CONFLUENCE",FAA,USA,Central Coast,Estero Bay,San Luis Obispo,San Luis Obispo Creeks,San Luis Obispo Creeks,NA,
35.32059860229492,-120.70220184326172,False,-99.0,RWQCB_00,CW0006,"CH CR, 500FT BELOW CH CR/SE TRIB CONFLUENCE",FAA,USA,Central Coast,Estero Bay,San Luis Obispo,San Luis Obispo Creeks,San Luis Obispo Creeks,NA,
35.32360076904297,-120.73280334472656,False,-99.0,RWQCB_00,CW0007,"CH CR, 300FT ABOVE CH CR/DAIRY CR CONFLUENCE",FAA,USA,Central Coast,Estero Bay,San Luis Obispo,San Luis Obispo Creeks,San Luis Obispo Creeks,NA,
35.3307991027832,-120.72889709472656,False,-99.0,RWQCB_00,CW0008,"DAIRY CR, 2250FT ABOVE DAIRY CR/CH CR CONFLUENCE",FAA,USA,Central Coast,Estero Bay,San Luis Obispo,San Luis Obispo Creeks,San Luis Obispo Creeks,NA,
35.32440185546875,-120.73500061035156,False,-99.0,RWQCB_00,CW0009,"CH CR, 400FT BELOW CH CR/DAIRY CR CONFLUENCE",FAA,USA,Central Coast,Estero Bay,San Luis Obispo,San Luis Obispo Creeks,San Luis Obispo Creeks,NA,
35.323299407958984,-120.74330139160156,False,-99.0,RWQCB_00,CW0010,"CH CR, 3000FT ABOVE CH CR/PENN CR CONFLUENCE",FAA,USA,Central Coast,Estero Bay,San Luis Obispo,San Luis Obispo Creeks,San Luis Obispo Creeks,NA,
35.32609939575195,-120.74829864501953,False,-99.0,RWQCB_00,CW0011,"PENN CR, 600FT ABOVE PENN CR/CH CR CONFLUENCE",FAA,USA,Central Coast,Estero Bay,San Luis Obispo,San Luis Obispo Creeks,San Luis Obispo Creeks,NA,
35.31809997558594,-120.69439697265625,False,-99.0,RWQCB_00,CW0012,"CH CR, 750FT BELOW CH CR/PENN CR CONFLUENCE",FAA,USA,Central Coast,Estero Bay,San Luis Obispo,San Luis Obispo Creeks,San Luis Obispo Creeks,NA,
35.353599548339844,-120.79109954833984,False,-99.0,RWQCB_00,CW0013,"CH CR, 400FT ABOVE CH CR/SAN LUISITO CR CONFLUEN",FAA,USA,Central Coast,Estero Bay,San Luis Obispo,San Luis Obispo Creeks,San Luis Obispo Creeks,NA,
35.354698181152344,-120.46309661865234,False,-99.0,RWQCB_00,CW0014,"SAN LUISITO CR, 500FT ABOVE SL CR/CH CR CONFLUEN",FAA,USA,Central Coast,Estero Bay,San Luis Obispo,San Luis Obispo Creeks,San Luis Obispo Creeks,NA,
35.353599548339844,-120.7936019897461,False,-99.0,RWQCB_00,CW0015,"CH CR, 300FT BELOW CH CR/SAN LUISITO CR CONFLUEN",FAA,USA,Central Coast,Estero Bay,San Luis Obispo,San Luis Obispo Creeks,San Luis Obispo Creeks,NA,
35.357200622558594,-120.80919647216797,False,-99.0,RWQCB_00,CW0016,"CH CR, 400FT ABOVE CH CR/SAN BERNARDO CR CONFLNC",FAA,USA,Central Coast,Estero Bay,San Luis Obispo,San Luis Obispo Creeks,San Luis Obispo Creeks,NA,
35.35860061645508,-120.80889892578125,False,-99.0,RWQCB_00,CW0017,"SAN BERNARDO CR, 500FT ABOVE SB CR/CH CR CONFLNC",FAA,USA,Central Coast,Estero Bay,San Luis Obispo,San Luis Obispo Creeks,San Luis Obispo Creeks,NA,
35.3577995300293,-120.81220245361328,False,-99.0,RWQCB_00,CW0018,"CH CR, 300FT BELOW CH CR/SAN BERNARDO CR CONFLNC",FAA,USA,Central Coast,Estero Bay,San Luis Obispo,San Luis Obispo Creeks,San Luis Obispo Creeks,NA,
33.24580001831055,-117.27649688720703,False,-99.0,RWQCB_00,CW0045,"GUAJOME LAKE/REGIONAL PARK, CITY OF OCEANSIDE",FAA,USA,San Diego,San Luis Rey,San Diego,San Luis Rey,Guajome Lake,NA,
33.24689865112305,-117.27459716796875,False,-99.0,RWQCB_00,CW0046,"GUAJOME LAKE/REGIONAL PARK, CITY OF OCEANSIDE",FAA,USA,San Diego,San Luis Rey,San Diego,San Luis Rey,Guajome Lake,NA,
32.85749816894531,-116.9135971069336,False,-99.0,RWQCB_00,CW0048,LINDO LAKE PARK EAST BASIN SE-CENTER,FAA,USA,San Diego,San Diego River,San Diego,San Diego River,Lindo Lake Park,NA,
32.858299255371094,-116.91510009765625,False,-99.0,RWQCB_00,CW0049,LINDO LAKE PARK EAST BASIN NW-CENTER,FAA,USA,San Diego,San Diego River,San Diego,San Diego River,Lindo Lake Park,NA,
32.8588981628418,-116.91719818115234,False,-99.0,RWQCB_00,CW0050,LINDO LAKE PARK WEST BASIN E-CENTER,FAA,USA,San Diego,San Diego River,San Diego,San Diego River,Lindo Lake Park,NA,
32.85860061645508,-116.91919708251953,False,-99.0,RWQCB_00,CW0051,LINDO LAKE PARK WEST BASIN W-CENTER,FAA,USA,San Diego,San Diego River,San Diego,San Diego River,Lindo Lake Park,NA,
32.8577995300293,-116.91829681396484,False,-99.0,RWQCB_00,CW0052,LINDO LAKE PARK WEST BASIN SW-CENTER,FAA,USA,San Diego,San Diego River,San Diego,San Diego River,Lindo Lake Park,NA,
0.0,0.0,False,-99.0,SANPAB,Control,Bioassay Seawater Control,CNG,NA,NA,NA,NA,NA,NA,NA,
0.0,0.0,False,-99.0,SANPAB,ControlAA,Bioassay Sediment Control,CNG,NA,NA,NA,NA,NA,NA,NA,
0.0,0.0,False,-99.0,SANPAB,ControlNA,Bioassay Sediment Control,CNG,NA,NA,NA,NA,NA,NA,NA,
38.007930755615234,-122.4156494140625,True,-99.0,SANPAB,Reference,San Pablo Disposal Site Reference - SF-10,ESC,USA,San Francisco Bay,San Francisco Bay,NA,SFB San Pablo Bay,San Pablo Bay,NA,
37.96284866333008,-122.41812896728516,True,-99.0,SANPAB,Site 1,Point San Pablo YH,EIM,USA,San Francisco Bay,San Francisco Bay,Contra Costa,SFB Central Bay,Point San Pablo Yacht Habor,NA,
37.96406936645508,-122.41835021972656,True,-99.0,SANPAB,Site 2,Point San Pablo YH,EIM,USA,San Francisco Bay,San Francisco Bay,Contra Costa,SFB Central Bay,Point San Pablo Yacht Habor,NA,
0.0,0.0,False,0.0,SCC_B03,0000,Bioassay Negative Control,CNG,NA,NA,NA,NA,NA,NA,NA,Bioassay control station
33.361568450927734,-118.30706787109375,False,0.0,SCC_B03,3001,San Pedro Shelf,OAA,USA,Los Angeles,Pacific Ocean,Los Angeles,Pacific Ocean,Pacific Ocean,NA,Special-EMAP
32.55048370361328,-117.19978332519531,False,0.0,SCC_B03,4000,South San Diego Shelf,OAA,USA,San Diego,Pacific Ocean,San Diego,Pacific Ocean,Pacific Ocean,NA,Mid-shelf (30-120 m)
33.31768035888672,-118.1573715209961,False,0.0,SCC_B03,4001,Orange Shelf,OAA,USA,Santa Ana,Pacific Ocean,Orange,Pacific Ocean,Pacific Ocean,NA,Lower slope and basin (500-1000 m)
33.75505065917969,-118.10260772705078,False,0.0,SCC_B03,4002,San Gabriel River Estuary,ESU,USA,Los Angeles,San Gabriel River,Los Angeles,San Gabriel River,San Gabriel River Estuary,NA,LA Estuaries
34.12499237060547,-119.1927719116211,False,0.0,SCC_B03,4003,Hueneme to Dume,OAA,USA,Los Angeles,Pacific Ocean,Ventura,Pacific Ocean,Pacific Ocean,NA,Small POTW Outfalls
32.66346740722656,-117.34107971191406,False,0.0,SCC_B03,4004,South San Diego Shelf,OAA,USA,San Diego,Pacific Ocean,San Diego,Pacific Ocean,Pacific Ocean,NA,Outer shelf (120-200 m)
33.93286895751953,-118.89562225341797,False,0.0,SCC_B03,4005,Hueneme to Dume,OAA,USA,Los Angeles,Pacific Ocean,Ventura,Pacific Ocean,Pacific Ocean,NA,Lower slope and basin (500-1000 m)
33.86020278930664,-118.44779968261719,False,0.0,SCC_B03,4006,Santa Monica Bay,OAA,USA,Los Angeles,Santa Monica,Los Angeles,Santa Monica Bay,Santa Monica Bay,NA,Mid-shelf (30-120 m)
34.3631477355957,-120.01118469238281,False,0.0,SCC_B03,4007,West Santa Barbara Channel,OAA,USA,Central Coast,Pacific Ocean,Santa Barbara,Pacific Ocean,Pacific Ocean,NA,Upper slope (200-500 m)
33.228816986083984,-117.41211700439453,False,0.0,SCC_B03,4008,Santa Margarita River Estuary,ESU,USA,San Diego,Santa Margarita,San Diego,Santa Margarita River,Santa Margarita River,NA,Estuaries
33.46348190307617,-117.91809844970703,False,0.0,SCC_B03,4009,Orange Shelf,OAA,USA,Santa Ana,Pacific Ocean,Orange,Pacific Ocean,Pacific Ocean,NA,Lower slope and basin (500-1000 m)
33.766883850097656,-118.24861907958984,False,0.0,SCC_B03,4010,Los Angeles Harbor,ESP,USA,Los Angeles,Dominguez Watershed,Los Angeles,San Pedro Bay,Los Angeles Harbor,POLA,Marinas
32.694801330566406,-117.3022689819336,False,0.0,SCC_B03,4012,South San Diego Shelf,OAA,USA,San Diego,Pacific Ocean,San Diego,Pacific Ocean,Pacific Ocean,NA,Large POTW Outfalls
34.33396911621094,-119.74152374267578,False,0.0,SCC_B03,4015,East Santa Barbara Channel,OAA,USA,Central Coast,Pacific Ocean,Santa Barbara,Pacific Ocean,Pacific Ocean,NA,Mid-shelf (30-120 m)
33.64580154418945,-117.88809967041016,False,0.0,SCC_B03,4017,Upper Newport Bay,ESU,USA,Santa Ana,Santa Ana River,Orange,Newport Bay,Newport Bay,NA,Estuaries
33.75535583496094,-118.12984466552734,False,0.0,SCC_B03,4018,Alamitos Bay,ESM,USA,Los Angeles,San Gabriel River,Los Angeles,Alamitos Bay,Alamitos Bay,NA,Marinas
34.23099899291992,-119.5114974975586,False,0.0,SCC_B03,4019,East Santa Barbara Channel,OAA,USA,Central Coast,Pacific Ocean,Santa Barbara,Pacific Ocean,Pacific Ocean,NA,Mid-shelf (30-120 m)
32.76744842529297,-117.2414779663086,False,0.0,SCC_B03,4020,Mission Bay,ESU,USA,San Diego,Penasquitos,San Diego,Mission Bay,Mission Bay,NA,Ports/Bays/Harbors
33.928348541259766,-118.48291015625,False,0.0,SCC_B03,4021,Santa Monica Bay,OAA,USA,Los Angeles,Santa Monica,Los Angeles,Santa Monica Bay,Santa Monica Bay,NA,Mid-shelf (30-120 m)
-99.0,-99.0,False,0.0,SCC_B03,4022,Santa Monica Bay,OAA,USA,Los Angeles,Santa Monica,Los Angeles,Santa Monica Bay,Santa Monica Bay,NA,Large POTW Outfalls
34.308284759521484,-119.71349334716797,False,0.0,SCC_B03,4023,East Santa Barbara Channel,OAA,USA,Central Coast,Pacific Ocean,Santa Barbara,Pacific Ocean,Pacific Ocean,NA,Outer shelf (120-200 m)
33.11930847167969,-117.3606185913086,False,0.0,SCC_B03,4024,North San Diego Shelf,OAA,USA,San Diego,Pacific Ocean,San Diego,Pacific Ocean,Pacific Ocean,NA,Small POTW Outfalls
33.739219665527344,-119.06587219238281,False,0.0,SCC_B03,4025,Hueneme to Dume,OAA,USA,Los Angeles,Pacific Ocean,Ventura,Pacific Ocean,Pacific Ocean,NA,Lower slope and basin (500-1000 m)
33.62104797363281,-118.19513702392578,False,0.0,SCC_B03,4026,San Pedro Shelf,OAA,USA,Los Angeles,Pacific Ocean,Los Angeles,Pacific Ocean,Pacific Ocean,NA,Mid-shelf (30-120 m)
34.11555099487305,-119.93567657470703,False,0.0,SCC_B03,4027,Island Shelves,OAA,USA,Central Coast,Channel Islands,Santa Barbara,Pacific Ocean,Pacific Ocean,NA,Channel Islands (5-200 m)
32.675167083740234,-117.14356994628906,False,0.0,SCC_B03,4028,San Diego Bay,ESU,USA,San Diego,San Diego Bay,San Diego,San Diego Bay,SD Bay South,NA,Ports/Bays/Harbors
34.034019470214844,-119.35122680664062,False,0.0,SCC_B03,4029,Island Shelves,OAA,USA,Los Angeles,Channel Islands,Ventura,Pacific Ocean,Pacific Ocean,NA,Channel Islands (5-200 m)
33.51168441772461,-117.77110290527344,False,0.0,SCC_B03,4030,Orange Shelf,OAA,USA,Santa Ana,Pacific Ocean,Orange,Pacific Ocean,Pacific Ocean,NA,Small POTW Outfalls
33.0091667175293,-117.27648162841797,False,0.0,SCC_B03,4032,San Elijo Lagoon,ESH,USA,San Diego,Carlsbad,San Diego,San Elijo Lagoon,San Elijo Lagoon,NA,Estuaries
32.757850646972656,-117.2274169921875,False,0.0,SCC_B03,4033,San Diego River Estuary,ESU,USA,San Diego,Penasquitos,San Diego,San Diego River,San Diego River,NA,Estuaries
33.746639251708984,-118.11376953125,False,0.0,SCC_B03,4034,San Gabriel River Estuary,ESU,USA,Los Angeles,San Gabriel River,Los Angeles,San Gabriel River,San Gabriel River Estuary,NA,LA Estuaries
34.2841682434082,-119.50650024414062,False,0.0,SCC_B03,4035,East Santa Barbara Channel,OAA,USA,Central Coast,Pacific Ocean,Santa Barbara,Pacific Ocean,Pacific Ocean,NA,Mid-shelf (30-120 m)
32.79618453979492,-117.30516815185547,False,0.0,SCC_B03,4036,South San Diego Shelf,OAA,USA,San Diego,Pacific Ocean,San Diego,Pacific Ocean,Pacific Ocean,NA,Mid-shelf (30-120 m)
33.998313903808594,-118.70935821533203,False,0.0,SCC_B03,4037,Santa Monica Bay,OAA,USA,Los Angeles,Santa Monica,Los Angeles,Santa Monica Bay,Santa Monica Bay,NA,Mid-shelf (30-120 m)
33.76679992675781,-118.46031951904297,False,0.0,SCC_B03,4038,Santa Monica Bay,OAA,USA,Los Angeles,Santa Monica,Los Angeles,Santa Monica Bay,Santa Monica Bay,NA,Large POTW Outfalls
34.286434173583984,-120.45623016357422,False,0.0,SCC_B03,4039,West Santa Barbara Channel,OAA,USA,Central Coast,Pacific Ocean,Santa Barbara,Pacific Ocean,Pacific Ocean,NA,Upper slope (200-500 m)
33.15294647216797,-117.38726806640625,False,0.0,SCC_B03,4040,North San Diego Shelf,OAA,USA,San Diego,Pacific Ocean,San Diego,Pacific Ocean,Pacific Ocean,NA,Small POTW Outfalls
33.5675163269043,-117.98970031738281,False,0.0,SCC_B03,4041,San Pedro Shelf,OAA,USA,Santa Ana,Pacific Ocean,Orange,Pacific Ocean,Pacific Ocean,NA,Large POTW Outfalls
33.69548416137695,-118.29618835449219,False,0.0,SCC_B03,4042,Palos Verdes Shelf,OAA,USA,Los Angeles,Pacific Ocean,Los Angeles,Pacific Ocean,Pacific Ocean,NA,Large POTW Outfalls
34.28407287597656,-119.354736328125,False,0.0,SCC_B03,4043,East Santa Barbara Channel,OAA,USA,Los Angeles,Pacific Ocean,Ventura,Pacific Ocean,Pacific Ocean,NA,Inner shelf (5-30 m)
33.93524932861328,-118.5392074584961,False,0.0,SCC_B03,4045,Santa Monica Bay,OAA,USA,Los Angeles,Santa Monica,Los Angeles,Santa Monica Bay,Santa Monica Bay,NA,Large POTW Outfalls
34.395599365234375,-119.6620864868164,False,0.0,SCC_B03,4047,East Santa Barbara Channel,OAA,USA,Central Coast,Pacific Ocean,Santa Barbara,Pacific Ocean,Pacific Ocean,NA,Small POTW Outfalls
33.08805847167969,-117.35076141357422,False,0.0,SCC_B03,4048,North San Diego Shelf,OAA,USA,San Diego,Pacific Ocean,San Diego,Pacific Ocean,Pacific Ocean,NA,Mid-shelf (30-120 m)
33.13931655883789,-117.33724975585938,False,0.0,SCC_B03,4049,Agua Hedionda Lagoon,ESH,USA,San Diego,Carlsbad,San Diego,Agua Hedionda Estuary,Agua Hedionda Lagoon,NA,Estuaries
33.72410202026367,-118.26227569580078,False,0.0,SCC_B03,4050,Los Angeles Harbor,ESP,USA,Los Angeles,Dominguez Watershed,Los Angeles,San Pedro Bay,Los Angeles Harbor,POLA,Ports/Bays/Harbors
34.07566833496094,-119.74838256835938,False,0.0,SCC_B03,4051,Island Shelves,OAA,USA,Central Coast,Channel Islands,Santa Barbara,Pacific Ocean,Pacific Ocean,NA,Channel Islands (5-200 m)
32.62350082397461,-117.13359832763672,False,0.0,SCC_B03,4052,San Diego Bay,ESM,USA,San Diego,San Diego Bay,San Diego,San Diego Bay,SD Bay South,NA,Marinas
33.97108840942383,-118.43916320800781,False,0.0,SCC_B03,4053,Ballona Creek Estuary,ESU,USA,Los Angeles,Santa Monica Bay,Los Angeles,Ballona Creek,Ballona Creek,NA,LA Estuaries
34.40388870239258,-119.81199645996094,False,0.0,SCC_B03,4055,East Santa Barbara Channel,OAA,USA,Central Coast,Pacific Ocean,Santa Barbara,Pacific Ocean,Pacific Ocean,NA,Small POTW Outfalls
33.977783203125,-118.62745666503906,False,0.0,SCC_B03,4057,Santa Monica Bay,OAA,USA,Los Angeles,Santa Monica,Los Angeles,Santa Monica Bay,Santa Monica Bay,NA,Outer shelf (120-200 m)
33.642616271972656,-118.07911682128906,False,0.0,SCC_B03,4058,San Pedro Shelf,OAA,USA,Santa Ana,Pacific Ocean,Orange,Pacific Ocean,Pacific Ocean,NA,Inner shelf (5-30 m)
34.38691711425781,-119.988037109375,False,0.0,SCC_B03,4059,West Santa Barbara Channel,OAA,USA,Central Coast,Pacific Ocean,Santa Barbara,Pacific Ocean,Pacific Ocean,NA,Outer shelf (120-200 m)
33.03044891357422,-117.6709213256836,False,0.0,SCC_B03,4060,North San Diego Shelf,OAA,USA,San Diego,Pacific Ocean,San Diego,Pacific Ocean,Pacific Ocean,NA,Lower slope and basin (500-1000 m)
34.10102081298828,-119.15090942382812,False,0.0,SCC_B03,4061,Hueneme to Dume,OAA,USA,Los Angeles,Pacific Ocean,Ventura,Pacific Ocean,Pacific Ocean,NA,Inner shelf (5-30 m)
33.43069839477539,-117.67671966552734,False,0.0,SCC_B03,4062,North San Diego Shelf,OAA,USA,Santa Ana,Pacific Ocean,Orange,Pacific Ocean,Pacific Ocean,NA,Small POTW Outfalls
33.006065368652344,-117.2967529296875,False,0.0,SCC_B03,4064,North San Diego Shelf,OAA,USA,San Diego,Pacific Ocean,San Diego,Pacific Ocean,Pacific Ocean,NA,Small POTW Outfalls
33.60936737060547,-117.90499877929688,False,0.0,SCC_B03,4065,Newport Bay,ESM,USA,Santa Ana,Santa Ana River,Orange,Newport Bay,Newport Bay,NA,Marinas
33.741390228271484,-118.11663818359375,False,0.0,SCC_B03,4066,San Gabriel River Estuary,ESU,USA,Los Angeles,San Gabriel River,Los Angeles,San Gabriel River,San Gabriel River Estuary,NA,LA Estuaries
34.2298469543457,-119.6866683959961,False,0.0,SCC_B03,4067,East Santa Barbara Channel,OAA,USA,Central Coast,Pacific Ocean,Santa Barbara,Pacific Ocean,Pacific Ocean,NA,Outer shelf (120-200 m)
32.58584976196289,-117.34107971191406,False,0.0,SCC_B03,4068,South San Diego Shelf,OAA,USA,San Diego,Pacific Ocean,San Diego,Pacific Ocean,Pacific Ocean,NA,Outer shelf (120-200 m)
34.03623580932617,-118.91722106933594,False,0.0,SCC_B03,4069,Hueneme to Dume,OAA,USA,Los Angeles,Pacific Ocean,Ventura,Pacific Ocean,Pacific Ocean,NA,Inner shelf (5-30 m)
33.75851821899414,-118.4461898803711,False,0.0,SCC_B03,4070,Santa Monica Bay,OAA,USA,Los Angeles,Santa Monica,Los Angeles,Santa Monica Bay,Santa Monica Bay,NA,Large POTW Outfalls
34.34341812133789,-120.3687973022461,False,0.0,SCC_B03,4071,West Santa Barbara Channel,OAA,USA,Central Coast,Pacific Ocean,Santa Barbara,Pacific Ocean,Pacific Ocean,NA,Upper slope (200-500 m)
33.63676834106445,-117.95466613769531,False,0.0,SCC_B03,4072,Santa Ana River Estuary,ESU,USA,Santa Ana,Santa Ana River,Orange,Santa Ana River,Santa Ana River,NA,Estuaries
33.598018646240234,-118.04562377929688,False,0.0,SCC_B03,4073,San Pedro Shelf,OAA,USA,Santa Ana,Pacific Ocean,Orange,Pacific Ocean,Pacific Ocean,NA,Large POTW Outfalls
33.581748962402344,-118.32839965820312,False,0.0,SCC_B03,4074,San Pedro Shelf,OAA,USA,Los Angeles,Pacific Ocean,Los Angeles,Pacific Ocean,Pacific Ocean,NA,Lower slope and basin (500-1000 m)
33.64664840698242,-117.88343048095703,False,0.0,SCC_B03,4075,Upper Newport Bay,ESU,USA,Santa Ana,Santa Ana River,Orange,Newport Bay,Newport Bay,NA,Estuaries
32.718116760253906,-117.23051452636719,False,0.0,SCC_B03,4076,San Diego Bay,ESM,USA,San Diego,San Diego Bay,San Diego,San Diego Bay,SD Bay North,NA,Marinas
33.92216873168945,-118.51944732666016,False,0.0,SCC_B03,4077,Santa Monica Bay,OAA,USA,Los Angeles,Santa Monica,Los Angeles,Santa Monica Bay,Santa Monica Bay,NA,Large POTW Outfalls
34.383602142333984,-119.5956039428711,False,0.0,SCC_B03,4079,East Santa Barbara Channel,OAA,USA,Central Coast,Pacific Ocean,Santa Barbara,Pacific Ocean,Pacific Ocean,NA,Mid-shelf (30-120 m)
33.2655143737793,-117.5338363647461,False,0.0,SCC_B03,4080,North San Diego Shelf,OAA,USA,San Diego,Pacific Ocean,San Diego,Pacific Ocean,Pacific Ocean,NA,Mid-shelf (30-120 m)
34.1185188293457,-119.62983703613281,False,0.0,SCC_B03,4083,East Santa Barbara Channel,OAA,USA,Central Coast,Pacific Ocean,Santa Barbara,Pacific Ocean,Pacific Ocean,NA,Upper slope (200-500 m)
32.660400390625,-117.12336730957031,False,0.0,SCC_B03,4084,San Diego Bay,ESU,USA,San Diego,San Diego Bay,San Diego,San Diego Bay,SD Bay South,NA,Ports/Bays/Harbors
33.964298248291016,-118.45345306396484,False,0.0,SCC_B03,4085,Marina del Rey,ESM,USA,Los Angeles,Santa Monica Bay,Los Angeles,Marina del Rey,Marina Del Rey,NA,Marinas
33.8353157043457,-118.4697265625,False,0.0,SCC_B03,4086,Santa Monica Bay,OAA,USA,Los Angeles,Santa Monica,Los Angeles,Santa Monica Bay,Santa Monica Bay,NA,Mid-shelf (30-120 m)
33.139434814453125,-117.31866455078125,False,0.0,SCC_B03,4087,Agua Hedionda Lagoon,ESH,USA,San Diego,Carlsbad,San Diego,Agua Hedionda Estuary,Agua Hedionda Lagoon,NA,Estuaries
33.0943489074707,-117.41752624511719,False,0.0,SCC_B03,4088,North San Diego Shelf,OAA,USA,San Diego,Pacific Ocean,San Diego,Pacific Ocean,Pacific Ocean,NA,Upper slope (200-500 m)
33.84791564941406,-118.56818389892578,False,0.0,SCC_B03,4089,Santa Monica Bay,OAA,USA,Los Angeles,Santa Monica,Los Angeles,Santa Monica Bay,Santa Monica Bay,NA,Mid-shelf (30-120 m)
33.65961456298828,-118.13069915771484,False,0.0,SCC_B03,4090,San Pedro Shelf,OAA,USA,Santa Ana,Pacific Ocean,Orange,Pacific Ocean,Pacific Ocean,NA,Inner shelf (5-30 m)
34.14434814453125,-120.17765045166016,False,0.0,SCC_B03,4091,West Santa Barbara Channel,OAA,USA,Central Coast,Pacific Ocean,Santa Barbara,Pacific Ocean,Pacific Ocean,NA,Upper slope (200-500 m)
32.72434997558594,-117.1827621459961,False,0.0,SCC_B03,4092,San Diego Bay,ESU,USA,San Diego,San Diego Bay,San Diego,San Diego Bay,SD Bay North,NA,Ports/Bays/Harbors
34.06658172607422,-119.13369750976562,False,0.0,SCC_B03,4093,Hueneme to Dume,OAA,USA,Los Angeles,Pacific Ocean,Ventura,Pacific Ocean,Pacific Ocean,NA,Outer shelf (120-200 m)
33.43960189819336,-117.69349670410156,False,0.0,SCC_B03,4094,North San Diego Shelf,OAA,USA,Santa Ana,Pacific Ocean,Orange,Pacific Ocean,Pacific Ocean,NA,Small POTW Outfalls
33.26996612548828,-117.56481170654297,False,0.0,SCC_B03,4096,North San Diego Shelf,OAA,USA,San Diego,Pacific Ocean,San Diego,Pacific Ocean,Pacific Ocean,NA,Mid-shelf (30-120 m)
33.6153678894043,-117.90274810791016,False,0.0,SCC_B03,4097,Newport Bay,ESM,USA,Santa Ana,Santa Ana River,Orange,Newport Bay,Newport Bay,NA,Marinas
33.744083404541016,-118.16893005371094,False,0.0,SCC_B03,4098,Long Beach Harbor,ESU,USA,Los Angeles,Pacific Ocean,Los Angeles,San Pedro Bay,Long Beach Harbor,NA,Ports/Bays/Harbors
34.307334899902344,-119.55833435058594,False,0.0,SCC_B03,4099,East Santa Barbara Channel,OAA,USA,Central Coast,Pacific Ocean,Santa Barbara,Pacific Ocean,Pacific Ocean,NA,Mid-shelf (30-120 m)
32.9334716796875,-117.39423370361328,False,0.0,SCC_B03,4100,North San Diego Shelf,OAA,USA,San Diego,Pacific Ocean,San Diego,Pacific Ocean,Pacific Ocean,NA,Lower slope and basin (500-1000 m)
33.998085021972656,-118.55909729003906,False,0.0,SCC_B03,4101,Santa Monica Bay,OAA,USA,Los Angeles,Santa Monica,Los Angeles,Santa Monica Bay,Santa Monica Bay,NA,Mid-shelf (30-120 m)
33.72086715698242,-118.36454772949219,False,0.0,SCC_B03,4102,Palos Verdes Shelf,OAA,USA,Los Angeles,Pacific Ocean,Los Angeles,Pacific Ocean,Pacific Ocean,NA,Large POTW Outfalls
34.23332977294922,-119.70608520507812,False,0.0,SCC_B03,4103,East Santa Barbara Channel,OAA,USA,Central Coast,Pacific Ocean,Santa Barbara,Pacific Ocean,Pacific Ocean,NA,Outer shelf (120-200 m)
33.63304901123047,-117.88796997070312,False,0.0,SCC_B03,4104,Upper Newport Bay,ESU,USA,Santa Ana,Santa Ana River,Orange,Newport Bay,Newport Bay,NA,Estuaries
33.634681701660156,-118.30048370361328,False,0.0,SCC_B03,4106,San Pedro Shelf,OAA,USA,Los Angeles,Pacific Ocean,Los Angeles,Pacific Ocean,Pacific Ocean,NA,Lower slope and basin (500-1000 m)
32.716251373291016,-117.17411804199219,False,0.0,SCC_B03,4108,San Diego Bay,ESU,USA,San Diego,San Diego Bay,San Diego,San Diego Bay,SD Bay North,NA,Ports/Bays/Harbors
33.958900451660156,-118.52024841308594,False,0.0,SCC_B03,4109,Santa Monica Bay,OAA,USA,Los Angeles,Santa Monica,Los Angeles,Santa Monica Bay,Santa Monica Bay,NA,Large POTW Outfalls
33.46418380737305,-117.7615966796875,False,0.0,SCC_B03,4110,Orange Shelf,OAA,USA,Santa Ana,Pacific Ocean,Orange,Pacific Ocean,Pacific Ocean,NA,Outer shelf (120-200 m)
34.39468002319336,-120.33248901367188,False,0.0,SCC_B03,4111,West Santa Barbara Channel,OAA,USA,Central Coast,Pacific Ocean,Santa Barbara,Pacific Ocean,Pacific Ocean,NA,Outer shelf (120-200 m)
33.590415954589844,-117.97132110595703,False,0.0,SCC_B03,4113,San Pedro Shelf,OAA,USA,Santa Ana,Pacific Ocean,Orange,Pacific Ocean,Pacific Ocean,NA,Mid-shelf (30-120 m)
34.07809829711914,-119.70075225830078,False,0.0,SCC_B03,4115,Island Shelves,OAA,USA,Central Coast,Channel Islands,Santa Barbara,Pacific Ocean,Pacific Ocean,NA,Channel Islands (5-200 m)
32.65848159790039,-117.14433288574219,False,0.0,SCC_B03,4116,San Diego Bay,ESU,USA,San Diego,San Diego Bay,San Diego,San Diego Bay,SD Bay South,NA,Ports/Bays/Harbors
33.98225021362305,-118.44393157958984,False,0.0,SCC_B03,4117,Marina del Rey,ESM,USA,Los Angeles,Santa Monica Bay,Los Angeles,Marina del Rey,Marina Del Rey,NA,Marinas
33.76565933227539,-118.10365295410156,False,0.0,SCC_B03,4118,Los Alamitos Estuary,ESM,USA,Los Angeles,San Gabriel River,Los Angeles,Alamitos Bay,Alamitos Bay,NA,LA Estuaries
34.400081634521484,-119.84330749511719,False,0.0,SCC_B03,4119,East Santa Barbara Channel,OAA,USA,Central Coast,Pacific Ocean,Santa Barbara,Pacific Ocean,Pacific Ocean,NA,Inner shelf (5-30 m)
32.657501220703125,-117.30937957763672,False,0.0,SCC_B03,4120,South San Diego Shelf,OAA,USA,San Diego,Pacific Ocean,San Diego,Pacific Ocean,Pacific Ocean,NA,Large POTW Outfalls
33.85245132446289,-119.19122314453125,False,0.0,SCC_B03,4121,Hueneme to Dume,OAA,USA,Los Angeles,Pacific Ocean,Ventura,Pacific Ocean,Pacific Ocean,NA,Lower slope and basin (500-1000 m)
33.604469299316406,-118.1404800415039,False,0.0,SCC_B03,4122,San Pedro Shelf,OAA,USA,Santa Ana,Pacific Ocean,Orange,Pacific Ocean,Pacific Ocean,NA,Mid-shelf (30-120 m)
34.45380783081055,-120.197509765625,False,0.0,SCC_B03,4123,West Santa Barbara Channel,OAA,USA,Central Coast,Pacific Ocean,Santa Barbara,Pacific Ocean,Pacific Ocean,NA,Mid-shelf (30-120 m)
33.469478607177734,-118.38995361328125,False,0.0,SCC_B03,4124,San Pedro Shelf,OAA,USA,Los Angeles,Pacific Ocean,Los Angeles,Pacific Ocean,Pacific Ocean,NA,Lower slope and basin (500-1000 m)
34.04133224487305,-119.19750213623047,False,0.0,SCC_B03,4125,Hueneme to Dume,OAA,USA,Los Angeles,Pacific Ocean,Ventura,Pacific Ocean,Pacific Ocean,NA,Upper slope (200-500 m)
33.35403060913086,-117.61858367919922,False,0.0,SCC_B03,4126,North San Diego Shelf,OAA,USA,San Diego,Pacific Ocean,San Diego,Pacific Ocean,Pacific Ocean,NA,Mid-shelf (30-120 m)
32.91753387451172,-117.2732162475586,False,0.0,SCC_B03,4128,North San Diego Shelf,OAA,USA,San Diego,Pacific Ocean,San Diego,Pacific Ocean,Pacific Ocean,NA,Inner shelf (5-30 m)
33.61613464355469,-117.92131805419922,False,0.0,SCC_B03,4129,Newport Bay,ESM,USA,Santa Ana,Santa Ana River,Orange,Newport Bay,Newport Bay,NA,Marinas
33.764949798583984,-118.1123275756836,False,0.0,SCC_B03,4130,Los Alamitos Estuary,ESM,USA,Los Angeles,San Gabriel River,Los Angeles,Alamitos Bay,Alamitos Bay,NA,LA Estuaries
34.162376403808594,-119.2242202758789,False,0.0,SCC_B03,4131,Oxnard,ESM,USA,Los Angeles,Calleguas,Ventura,Channel Islands Harbor,Channel Islands Harbor,NA,Marinas
32.6932487487793,-117.39582824707031,False,0.0,SCC_B03,4132,South San Diego Shelf,OAA,USA,San Diego,Pacific Ocean,San Diego,Pacific Ocean,Pacific Ocean,NA,Upper slope (200-500 m)
34.044334411621094,-119.05516815185547,False,0.0,SCC_B03,4133,Hueneme to Dume,OAA,USA,Los Angeles,Pacific Ocean,Ventura,Pacific Ocean,Pacific Ocean,NA,Outer shelf (120-200 m)
33.81983184814453,-118.42703247070312,False,0.0,SCC_B03,4134,Santa Monica Bay,OAA,USA,Los Angeles,Santa Monica,Los Angeles,Santa Monica Bay,Santa Monica Bay,NA,Mid-shelf (30-120 m)
34.31399154663086,-120.2828140258789,False,0.0,SCC_B03,4135,West Santa Barbara Channel,OAA,USA,Central Coast,Pacific Ocean,Santa Barbara,Pacific Ocean,Pacific Ocean,NA,Upper slope (200-500 m)
33.57695007324219,-118.01150512695312,False,0.0,SCC_B03,4137,San Pedro Shelf,OAA,USA,Santa Ana,Pacific Ocean,Orange,Pacific Ocean,Pacific Ocean,NA,Large POTW Outfalls
33.722599029541016,-118.27949523925781,False,0.0,SCC_B03,4138,Los Angeles Harbor,ESP,USA,Los Angeles,Dominguez Watershed,Los Angeles,San Pedro Bay,Los Angeles Harbor,POLA,Marinas
32.71649932861328,-117.22496795654297,False,0.0,SCC_B03,4140,San Diego Bay,ESM,USA,San Diego,San Diego Bay,San Diego,San Diego Bay,SD Bay North,NA,Marinas
33.924800872802734,-118.52616882324219,False,0.0,SCC_B03,4141,Santa Monica Bay,OAA,USA,Los Angeles,Santa Monica,Los Angeles,Santa Monica Bay,Santa Monica Bay,NA,Large POTW Outfalls
33.780670166015625,-118.2058334350586,False,0.0,SCC_B03,4142,Los Angeles River Estuary,ESU,USA,Los Angeles,Los Angeles River,Los Angeles,Los Angeles River,Los Angeles River,NA,LA Estuaries
34.35911178588867,-119.4887466430664,False,0.0,SCC_B03,4143,East Santa Barbara Channel,OAA,USA,Central Coast,Pacific Ocean,Santa Barbara,Pacific Ocean,Pacific Ocean,NA,Inner shelf (5-30 m)
33.22071075439453,-117.5119857788086,False,0.0,SCC_B03,4144,North San Diego Shelf,OAA,USA,San Diego,Pacific Ocean,San Diego,Pacific Ocean,Pacific Ocean,NA,Outer shelf (120-200 m)
33.088233947753906,-117.31085205078125,False,0.0,SCC_B03,4145,Batiquitos Lagoon,ESH,USA,San Diego,San Marcos,San Diego,Batiquitos Lagoon,Batiquitos Lagoon,NA,Estuaries
33.74528503417969,-118.21549224853516,False,0.0,SCC_B03,4146,Los Angeles Harbor,ESP,USA,Los Angeles,Dominguez Watershed,Los Angeles,San Pedro Bay,Long Beach Harbor,POLB,Ports/Bays/Harbors
34.16899871826172,-119.45933532714844,False,0.0,SCC_B03,4147,East Santa Barbara Channel,OAA,USA,Los Angeles,Pacific Ocean,Ventura,Pacific Ocean,Pacific Ocean,NA,Outer shelf (120-200 m)
32.64686584472656,-117.11796569824219,False,0.0,SCC_B03,4148,San Diego Bay,ESU,USA,San Diego,San Diego Bay,San Diego,San Diego Bay,Sweetwater Channel,NA,Ports/Bays/Harbors
33.963340759277344,-118.45526885986328,False,0.0,SCC_B03,4149,Marina del Rey,ESM,USA,Los Angeles,Santa Monica Bay,Los Angeles,Marina del Rey,Marina Del Rey,NA,Marinas
33.876834869384766,-118.47041320800781,False,0.0,SCC_B03,4150,Santa Monica Bay,OAA,USA,Los Angeles,Santa Monica,Los Angeles,Santa Monica Bay,Santa Monica Bay,NA,Mid-shelf (30-120 m)
33.11458206176758,-117.35743713378906,False,0.0,SCC_B03,4152,North San Diego Shelf,OAA,USA,San Diego,Pacific Ocean,San Diego,Pacific Ocean,Pacific Ocean,NA,Small POTW Outfalls
33.83277130126953,-118.64537811279297,False,0.0,SCC_B03,4153,Santa Monica Bay,OAA,USA,Los Angeles,Santa Monica,Los Angeles,Santa Monica Bay,Santa Monica Bay,NA,Lower slope and basin (500-1000 m)
33.624549865722656,-118.0747299194336,False,0.0,SCC_B03,4154,San Pedro Shelf,OAA,USA,Santa Ana,Pacific Ocean,Orange,Pacific Ocean,Pacific Ocean,NA,Mid-shelf (30-120 m)
34.10157012939453,-120.14205169677734,False,0.0,SCC_B03,4155,Island Shelves,OAA,USA,Central Coast,Channel Islands,Santa Barbara,Pacific Ocean,Pacific Ocean,NA,Channel Islands (5-200 m)
32.72273254394531,-117.21236419677734,False,0.0,SCC_B03,4156,San Diego Bay,ESM,USA,San Diego,San Diego Bay,San Diego,San Diego Bay,SD Bay North,NA,Marinas
34.11066818237305,-119.2213363647461,False,0.0,SCC_B03,4157,Hueneme to Dume,OAA,USA,Los Angeles,Pacific Ocean,Ventura,Pacific Ocean,Pacific Ocean,NA,Outer shelf (120-200 m)
33.427528381347656,-117.64454650878906,False,0.0,SCC_B03,4158,North San Diego Shelf,OAA,USA,Santa Ana,Pacific Ocean,Orange,Pacific Ocean,Pacific Ocean,NA,Inner shelf (5-30 m)
33.99427032470703,-120.33702850341797,False,0.0,SCC_B03,4159,Island Shelves,OAA,USA,Central Coast,Channel Islands,Santa Barbara,Pacific Ocean,Pacific Ocean,NA,Channel Islands (5-200 m)
33.10097122192383,-117.62931823730469,False,0.0,SCC_B03,4160,North San Diego Shelf,OAA,USA,San Diego,Pacific Ocean,San Diego,Pacific Ocean,Pacific Ocean,NA,Lower slope and basin (500-1000 m)
33.70330047607422,-118.0492172241211,False,0.0,SCC_B03,4161,Bolsa Chica Estuary,ESU,USA,Santa Ana,Santa Ana River,Orange,Bolsa Bay,Bolsa Chica,NA,Estuaries
33.731483459472656,-118.1920394897461,False,0.0,SCC_B03,4162,Long Beach Harbor,ESP,USA,Los Angeles,Dominguez Watershed,Los Angeles,San Pedro Bay,Long Beach Harbor,POLB,Ports/Bays/Harbors
34.07781982421875,-119.5101318359375,False,0.0,SCC_B03,4163,Island Shelves,OAA,USA,Central Coast,Channel Islands,Santa Barbara,Pacific Ocean,Pacific Ocean,NA,Channel Islands (5-200 m)
32.729549407958984,-117.34452056884766,False,0.0,SCC_B03,4164,South San Diego Shelf,OAA,USA,San Diego,Pacific Ocean,San Diego,Pacific Ocean,Pacific Ocean,NA,Mid-shelf (30-120 m)
34.013851165771484,-118.59158325195312,False,0.0,SCC_B03,4165,Santa Monica Bay,OAA,USA,Los Angeles,Santa Monica,Los Angeles,Santa Monica Bay,Santa Monica Bay,NA,Mid-shelf (30-120 m)
33.70801544189453,-118.35722351074219,False,0.0,SCC_B03,4166,Palos Verdes Shelf,OAA,USA,Los Angeles,Pacific Ocean,Los Angeles,Pacific Ocean,Pacific Ocean,NA,Large POTW Outfalls
34.2618293762207,-119.767333984375,False,0.0,SCC_B03,4167,East Santa Barbara Channel,OAA,USA,Central Coast,Pacific Ocean,Santa Barbara,Pacific Ocean,Pacific Ocean,NA,Outer shelf (120-200 m)
33.64976501464844,-117.86734771728516,False,0.0,SCC_B03,4168,Upper Newport Bay,ESU,USA,Santa Ana,Santa Ana River,Orange,Newport Bay,Newport Bay,NA,Estuaries
33.41863250732422,-118.0223159790039,False,0.0,SCC_B03,4169,Orange Shelf,OAA,USA,Santa Ana,Pacific Ocean,Orange,Pacific Ocean,Pacific Ocean,NA,Upper slope (200-500 m)
33.698482513427734,-118.30377960205078,False,0.0,SCC_B03,4170,Palos Verdes Shelf,OAA,USA,Los Angeles,Pacific Ocean,Los Angeles,Pacific Ocean,Pacific Ocean,NA,Large POTW Outfalls
33.856048583984375,-120.00216674804688,False,0.0,SCC_B03,4171,Island Shelves,OAA,USA,Central Coast,Channel Islands,Santa Barbara,Pacific Ocean,Pacific Ocean,NA,Channel Islands (5-200 m)
32.595184326171875,-117.24494934082031,False,0.0,SCC_B03,4172,South San Diego Shelf,OAA,USA,San Diego,Pacific Ocean,San Diego,Pacific Ocean,Pacific Ocean,NA,Mid-shelf (30-120 m)
33.90796661376953,-118.5665054321289,False,0.0,SCC_B03,4173,Santa Monica Bay,OAA,USA,Los Angeles,Santa Monica,Los Angeles,Santa Monica Bay,Santa Monica Bay,NA,Mid-shelf (30-120 m)
33.61233139038086,-117.91087341308594,False,0.0,SCC_B03,4177,Newport Bay,ESM,USA,Santa Ana,Santa Ana River,Orange,Newport Bay,Newport Bay,NA,Marinas
33.71220016479492,-118.25772857666016,False,0.0,SCC_B03,4178,Los Angeles Harbor,ESP,USA,Los Angeles,Dominguez Watershed,Los Angeles,San Pedro Bay,Los Angeles Harbor,POLA,Ports/Bays/Harbors
34.14588928222656,-119.76911163330078,False,0.0,SCC_B03,4179,East Santa Barbara Channel,OAA,USA,Central Coast,Pacific Ocean,Santa Barbara,Pacific Ocean,Pacific Ocean,NA,Upper slope (200-500 m)
33.99998474121094,-118.50807189941406,False,0.0,SCC_B03,4181,Santa Monica Bay,OAA,USA,Los Angeles,Santa Monica,Los Angeles,Santa Monica Bay,Santa Monica Bay,NA,Inner shelf (5-30 m)
33.766910552978516,-118.10530090332031,False,0.0,SCC_B03,4182,Los Alamitos Estuary,ESM,USA,Los Angeles,San Gabriel River,Los Angeles,Alamitos Bay,Alamitos Bay,NA,LA Estuaries
34.39994812011719,-119.830322265625,False,0.0,SCC_B03,4183,East Santa Barbara Channel,OAA,USA,Central Coast,Pacific Ocean,Santa Barbara,Pacific Ocean,Pacific Ocean,NA,Small POTW Outfalls
32.6880989074707,-117.3240737915039,False,0.0,SCC_B03,4184,South San Diego Shelf,OAA,USA,San Diego,Pacific Ocean,San Diego,Pacific Ocean,Pacific Ocean,NA,Large POTW Outfalls
33.99208068847656,-118.79765319824219,False,0.0,SCC_B03,4185,Santa Monica Bay,OAA,USA,Los Angeles,Santa Monica,Los Angeles,Santa Monica Bay,Santa Monica Bay,NA,Mid-shelf (30-120 m)
33.56700134277344,-118.19142150878906,False,0.0,SCC_B03,4186,San Pedro Shelf,OAA,USA,Los Angeles,Pacific Ocean,Los Angeles,Pacific Ocean,Pacific Ocean,NA,SPME
34.410240173339844,-120.218505859375,False,0.0,SCC_B03,4187,West Santa Barbara Channel,OAA,USA,Central Coast,Pacific Ocean,Santa Barbara,Pacific Ocean,Pacific Ocean,NA,Outer shelf (120-200 m)
33.48912811279297,-118.42919921875,False,0.0,SCC_B03,4188,Palos Verdes Shelf,OAA,USA,Los Angeles,Pacific Ocean,Los Angeles,Pacific Ocean,Pacific Ocean,NA,Lower slope and basin (500-1000 m)
34.20075988769531,-119.30300903320312,False,0.0,SCC_B03,4189,East Santa Barbara Channel,OAA,USA,Los Angeles,Pacific Ocean,Ventura,Pacific Ocean,Pacific Ocean,NA,Inner shelf (5-30 m)
32.95833206176758,-117.27336883544922,False,0.0,SCC_B03,4192,North San Diego Shelf,OAA,USA,San Diego,Pacific Ocean,San Diego,Pacific Ocean,Pacific Ocean,NA,Inner shelf (5-30 m)
33.60108184814453,-117.89228820800781,False,0.0,SCC_B03,4193,Newport Bay,ESM,USA,Santa Ana,Santa Ana River,Orange,Newport Bay,Newport Bay,NA,Marinas
33.75313186645508,-118.10504150390625,False,0.0,SCC_B03,4194,San Gabriel River Estuary,ESU,USA,Los Angeles,San Gabriel River,Los Angeles,San Gabriel River,San Gabriel River Estuary,NA,LA Estuaries
34.22434997558594,-119.60595703125,False,0.0,SCC_B03,4195,East Santa Barbara Channel,OAA,USA,Central Coast,Pacific Ocean,Santa Barbara,Pacific Ocean,Pacific Ocean,NA,Outer shelf (120-200 m)
32.852020263671875,-117.42320251464844,False,0.0,SCC_B03,4196,North San Diego Shelf,OAA,USA,San Diego,Pacific Ocean,San Diego,Pacific Ocean,Pacific Ocean,NA,Lower slope and basin (500-1000 m)
34.03278350830078,-118.68223571777344,False,0.0,SCC_B03,4197,Malibu Lagoon,ESH,USA,Los Angeles,Santa Monica Bay,Los Angeles,Malibu Lagoon,Malibu Lagoon,NA,LA Estuaries
33.78963088989258,-118.4557113647461,False,0.0,SCC_B03,4198,Santa Monica Bay,OAA,USA,Los Angeles,Santa Monica,Los Angeles,Santa Monica Bay,Santa Monica Bay,NA,SPME
34.18234634399414,-120.3509292602539,False,0.0,SCC_B03,4199,West Santa Barbara Channel,OAA,USA,Central Coast,Pacific Ocean,Santa Barbara,Pacific Ocean,Pacific Ocean,NA,Upper slope (200-500 m)
33.15909957885742,-117.39757537841797,False,0.0,SCC_B03,4200,North San Diego Shelf,OAA,USA,San Diego,Pacific Ocean,San Diego,Pacific Ocean,Pacific Ocean,NA,Small POTW Outfalls
33.5366325378418,-117.8487319946289,False,0.0,SCC_B03,4201,Orange Shelf,OAA,USA,Santa Ana,Pacific Ocean,Orange,Pacific Ocean,Pacific Ocean,NA,Upper slope (200-500 m)
33.694149017333984,-118.34659576416016,False,0.0,SCC_B03,4202,Palos Verdes Shelf,OAA,USA,Los Angeles,Pacific Ocean,Los Angeles,Pacific Ocean,Pacific Ocean,NA,Upper slope (200-500 m)
34.263912200927734,-119.37089538574219,False,0.0,SCC_B03,4203,East Santa Barbara Channel,OAA,USA,Los Angeles,Pacific Ocean,Ventura,Pacific Ocean,Pacific Ocean,NA,Inner shelf (5-30 m)
32.762168884277344,-117.23641967773438,False,0.0,SCC_B03,4204,Mission Bay,ESM,USA,San Diego,Penasquitos,San Diego,Mission Bay,Mission Bay,NA,Marinas
33.92811584472656,-118.54347229003906,False,0.0,SCC_B03,4205,Santa Monica Bay,OAA,USA,Los Angeles,Santa Monica,Los Angeles,Santa Monica Bay,Santa Monica Bay,NA,Large POTW Outfalls
33.808189392089844,-118.22891998291016,False,0.0,SCC_B03,4206,Dominguez Channel,ESU,USA,Los Angeles,Dominguez Watershed,Los Angeles,Dominguez Channel,Dominguez Channel,NA,LA Estuaries
34.39921188354492,-119.66015625,False,0.0,SCC_B03,4207,East Santa Barbara Channel,OAA,USA,Central Coast,Pacific Ocean,Santa Barbara,Pacific Ocean,Pacific Ocean,NA,Small POTW Outfalls
33.339385986328125,-117.52227783203125,False,0.0,SCC_B03,4208,North San Diego Shelf,OAA,USA,San Diego,Pacific Ocean,San Diego,Pacific Ocean,Pacific Ocean,NA,Inner shelf (5-30 m)
33.23211669921875,-117.41348266601562,False,0.0,SCC_B03,4209,Santa Margarita River Estuary,ESU,USA,San Diego,Santa Margarita,San Diego,Santa Margarita River,Santa Margarita River,NA,Estuaries
33.752498626708984,-118.21819305419922,False,0.0,SCC_B03,4210,Los Angeles Harbor,ESP,USA,Los Angeles,Dominguez Watershed,Los Angeles,San Pedro Bay,Long Beach Harbor,POLB,Ports/Bays/Harbors
34.15911102294922,-119.82791137695312,False,0.0,SCC_B03,4211,East Santa Barbara Channel,OAA,USA,Central Coast,Pacific Ocean,Santa Barbara,Pacific Ocean,Pacific Ocean,NA,Upper slope (200-500 m)
32.625648498535156,-117.13551330566406,False,0.0,SCC_B03,4212,San Diego Bay,ESM,USA,San Diego,San Diego Bay,San Diego,San Diego Bay,SD Bay South,NA,Marinas
33.97394943237305,-118.43504333496094,False,0.0,SCC_B03,4213,Ballona Creek Estuary,ESU,USA,Los Angeles,Santa Monica Bay,Los Angeles,Ballona Creek,Ballona Creek,NA,LA Estuaries
34.40245056152344,-119.81198120117188,False,0.0,SCC_B03,4215,East Santa Barbara Channel,OAA,USA,Central Coast,Pacific Ocean,Santa Barbara,Pacific Ocean,Pacific Ocean,NA,Small POTW Outfalls
33.272518157958984,-118.08477783203125,False,0.0,SCC_B03,4216,Orange Shelf,OAA,USA,Santa Ana,Pacific Ocean,Orange,Pacific Ocean,Pacific Ocean,NA,Lower slope and basin (500-1000 m)
33.60721969604492,-118.12464141845703,False,0.0,SCC_B03,4218,San Pedro Shelf,OAA,USA,Santa Ana,Pacific Ocean,Orange,Pacific Ocean,Pacific Ocean,NA,SPME
34.21369934082031,-119.94548034667969,False,0.0,SCC_B03,4219,West Santa Barbara Channel,OAA,USA,Central Coast,Pacific Ocean,Santa Barbara,Pacific Ocean,Pacific Ocean,NA,Lower slope and basin (500-1000 m)
33.10792922973633,-117.89835357666016,False,0.0,SCC_B03,4220,North San Diego Shelf,OAA,USA,San Diego,Pacific Ocean,San Diego,Pacific Ocean,Pacific Ocean,NA,Lower slope and basin (500-1000 m)
33.623783111572266,-117.88655090332031,False,0.0,SCC_B03,4221,Upper Newport Bay,ESU,USA,Santa Ana,Santa Ana River,Orange,Newport Bay,Newport Bay,NA,Estuaries
33.428001403808594,-117.69023132324219,False,0.0,SCC_B03,4222,North San Diego Shelf,OAA,USA,Santa Ana,Pacific Ocean,Orange,Pacific Ocean,Pacific Ocean,NA,Small POTW Outfalls
33.15092086791992,-117.58293151855469,False,0.0,SCC_B03,4224,North San Diego Shelf,OAA,USA,San Diego,Pacific Ocean,San Diego,Pacific Ocean,Pacific Ocean,NA,Lower slope and basin (500-1000 m)
34.20705032348633,-119.56694030761719,False,0.0,SCC_B03,4227,East Santa Barbara Channel,OAA,USA,Central Coast,Pacific Ocean,Santa Barbara,Pacific Ocean,Pacific Ocean,NA,Outer shelf (120-200 m)
32.78422164916992,-117.21562957763672,False,0.0,SCC_B03,4228,Mission Bay,ESU,USA,San Diego,Penasquitos,San Diego,Mission Bay,Mission Bay,NA,Ports/Bays/Harbors
33.8977165222168,-118.50110626220703,False,0.0,SCC_B03,4230,Santa Monica Bay,OAA,USA,Los Angeles,Santa Monica,Los Angeles,Santa Monica Bay,Santa Monica Bay,NA,Large POTW Outfalls
33.10725402832031,-117.3571548461914,False,0.0,SCC_B03,4232,North San Diego Shelf,OAA,USA,San Diego,Pacific Ocean,San Diego,Pacific Ocean,Pacific Ocean,NA,Small POTW Outfalls
33.789669036865234,-118.98808288574219,False,0.0,SCC_B03,4233,Hueneme to Dume,OAA,USA,Los Angeles,Pacific Ocean,Ventura,Pacific Ocean,Pacific Ocean,NA,Lower slope and basin (500-1000 m)
33.67164993286133,-118.26482391357422,False,0.0,SCC_B03,4234,San Pedro Shelf,OAA,USA,Los Angeles,Pacific Ocean,Los Angeles,Pacific Ocean,Pacific Ocean,NA,SPME
33.88732147216797,-120.00978088378906,False,0.0,SCC_B03,4235,Island Shelves,OAA,USA,Central Coast,Channel Islands,Santa Barbara,Pacific Ocean,Pacific Ocean,NA,Channel Islands (5-200 m)
32.678733825683594,-117.16926574707031,False,0.0,SCC_B03,4236,San Diego Bay,ESM,USA,San Diego,San Diego Bay,San Diego,San Diego Bay,Glorietta Bay,NA,Marinas
34.127498626708984,-119.4018325805664,False,0.0,SCC_B03,4237,East Santa Barbara Channel,OAA,USA,Los Angeles,Pacific Ocean,Ventura,Pacific Ocean,Pacific Ocean,NA,Upper slope (200-500 m)
33.499534606933594,-117.75126647949219,False,0.0,SCC_B03,4238,Orange Shelf,OAA,USA,Santa Ana,Pacific Ocean,Orange,Pacific Ocean,Pacific Ocean,NA,Small POTW Outfalls
34.340248107910156,-120.4429702758789,False,0.0,SCC_B03,4239,West Santa Barbara Channel,OAA,USA,Central Coast,Pacific Ocean,Santa Barbara,Pacific Ocean,Pacific Ocean,NA,Upper slope (200-500 m)
33.128543853759766,-117.41202545166016,False,0.0,SCC_B03,4240,North San Diego Shelf,OAA,USA,San Diego,Pacific Ocean,San Diego,Pacific Ocean,Pacific Ocean,NA,Upper slope (200-500 m)
33.60319900512695,-118.03595733642578,False,0.0,SCC_B03,4241,San Pedro Shelf,OAA,USA,Santa Ana,Pacific Ocean,Orange,Pacific Ocean,Pacific Ocean,NA,Large POTW Outfalls
33.72406768798828,-118.22493743896484,False,0.0,SCC_B03,4242,Los Angeles Harbor,ESP,USA,Los Angeles,Dominguez Watershed,Los Angeles,San Pedro Bay,Long Beach Harbor,POLB,Ports/Bays/Harbors
33.966270446777344,-119.60501861572266,False,0.0,SCC_B03,4243,Island Shelves,OAA,USA,Central Coast,Channel Islands,Santa Barbara,Pacific Ocean,Pacific Ocean,NA,Channel Islands (5-200 m)
32.68221664428711,-117.28199768066406,False,0.0,SCC_B03,4244,South San Diego Shelf,OAA,USA,San Diego,Pacific Ocean,San Diego,Pacific Ocean,Pacific Ocean,NA,Large POTW Outfalls
33.71747589111328,-118.06244659423828,False,0.0,SCC_B03,4246,Huntington Harbor,ESM,USA,Santa Ana,Santa Ana River,Orange,Huntington Harbor,Huntington Harbor,NA,Marinas
32.67916488647461,-117.28157043457031,False,0.0,SCC_B03,4248,South San Diego Shelf,OAA,USA,San Diego,Pacific Ocean,San Diego,Pacific Ocean,Pacific Ocean,NA,Large POTW Outfalls
33.99517059326172,-119.12146759033203,False,0.0,SCC_B03,4249,Hueneme to Dume,OAA,USA,Los Angeles,Pacific Ocean,Ventura,Pacific Ocean,Pacific Ocean,NA,Lower slope and basin (500-1000 m)
33.5769157409668,-118.21025085449219,False,0.0,SCC_B03,4250,San Pedro Shelf,OAA,USA,Los Angeles,Pacific Ocean,Los Angeles,Pacific Ocean,Pacific Ocean,NA,SPME
34.39788055419922,-120.03113555908203,False,0.0,SCC_B03,4251,West Santa Barbara Channel,OAA,USA,Central Coast,Pacific Ocean,Santa Barbara,Pacific Ocean,Pacific Ocean,NA,Mid-shelf (30-120 m)
33.61545181274414,-118.7204818725586,False,0.0,SCC_B03,4252,Santa Monica Bay,OAA,USA,Los Angeles,Santa Monica,Los Angeles,Santa Monica Bay,Santa Monica Bay,NA,Lower slope and basin (500-1000 m)
34.12068176269531,-119.18883514404297,False,0.0,SCC_B03,4253,Hueneme to Dume,OAA,USA,Los Angeles,Pacific Ocean,Ventura,Pacific Ocean,Pacific Ocean,NA,Small POTW Outfalls
33.51344680786133,-118.17874145507812,False,0.0,SCC_B03,4254,San Pedro Shelf,OAA,USA,Los Angeles,Pacific Ocean,Los Angeles,Pacific Ocean,Pacific Ocean,NA,Upper slope (200-500 m)
34.05205154418945,-120.5583267211914,False,0.0,SCC_B03,4255,Island Shelves,OAA,USA,Central Coast,Channel Islands,Santa Barbara,Pacific Ocean,Pacific Ocean,NA,Channel Islands (5-200 m)
32.589599609375,-117.22830200195312,False,0.0,SCC_B03,4256,South San Diego Shelf,OAA,USA,San Diego,Pacific Ocean,San Diego,Pacific Ocean,Pacific Ocean,NA,Mid-shelf (30-120 m)
33.60295104980469,-117.89814758300781,False,0.0,SCC_B03,4257,Newport Bay,ESM,USA,Santa Ana,Santa Ana River,Orange,Newport Bay,Newport Bay,NA,Marinas
33.7589111328125,-118.09870147705078,False,0.0,SCC_B03,4258,San Gabriel River Estuary,ESU,USA,Los Angeles,San Gabriel River,Los Angeles,San Gabriel River,San Gabriel River Estuary,NA,LA Estuaries
34.13508224487305,-119.19387817382812,False,0.0,SCC_B03,4259,Hueneme to Dume,OAA,USA,Los Angeles,Pacific Ocean,Ventura,Pacific Ocean,Pacific Ocean,NA,Small POTW Outfalls
32.65883255004883,-117.33606719970703,False,0.0,SCC_B03,4260,South San Diego Shelf,OAA,USA,San Diego,Pacific Ocean,San Diego,Pacific Ocean,Pacific Ocean,NA,Mid-shelf (30-120 m)
34.01645278930664,-119.0582504272461,False,0.0,SCC_B03,4261,Hueneme to Dume,OAA,USA,Los Angeles,Pacific Ocean,Ventura,Pacific Ocean,Pacific Ocean,NA,Upper slope (200-500 m)
33.84309768676758,-118.39579772949219,False,0.0,SCC_B03,4262,Redondo Harbor,ESM,USA,Los Angeles,Redondo,Los Angeles,King Harbor,Redondo Harbor,NA,Marinas
34.208518981933594,-120.29889678955078,False,0.0,SCC_B03,4263,West Santa Barbara Channel,OAA,USA,Central Coast,Pacific Ocean,Santa Barbara,Pacific Ocean,Pacific Ocean,NA,Upper slope (200-500 m)
32.75680160522461,-117.23538208007812,False,0.0,SCC_B03,4264,San Diego River Estuary,ESU,USA,San Diego,Penasquitos,San Diego,San Diego River,San Diego River,NA,Estuaries
33.59181594848633,-118.02662658691406,False,0.0,SCC_B03,4265,San Pedro Shelf,OAA,USA,Santa Ana,Pacific Ocean,Orange,Pacific Ocean,Pacific Ocean,NA,Large POTW Outfalls
33.76621627807617,-118.27770233154297,False,0.0,SCC_B03,4266,Los Angeles Harbor,ESP,USA,Los Angeles,Dominguez Watershed,Los Angeles,San Pedro Bay,Los Angeles Harbor,POLA,Ports/Bays/Harbors
34.31312942504883,-119.43345642089844,False,0.0,SCC_B03,4267,East Santa Barbara Channel,OAA,USA,Los Angeles,Pacific Ocean,Ventura,Pacific Ocean,Pacific Ocean,NA,Inner shelf (5-30 m)
32.718868255615234,-117.21945190429688,False,0.0,SCC_B03,4268,San Diego Bay,ESM,USA,San Diego,San Diego Bay,San Diego,San Diego Bay,SD Bay North,NA,Marinas
33.957218170166016,-118.59297180175781,False,0.0,SCC_B03,4269,Santa Monica Bay,OAA,USA,Los Angeles,Santa Monica,Los Angeles,Santa Monica Bay,Santa Monica Bay,NA,Outer shelf (120-200 m)
33.82001876831055,-118.2412109375,False,0.0,SCC_B03,4270,Dominguez Channel,ESU,USA,Los Angeles,Dominguez Watershed,Los Angeles,Dominguez Channel,Dominguez Channel,NA,LA Estuaries
33.14495086669922,-117.33300018310547,False,0.0,SCC_B03,4272,Agua Hedionda Lagoon,ESH,USA,San Diego,Carlsbad,San Diego,Agua Hedionda Estuary,Agua Hedionda Lagoon,NA,Estuaries
33.64223098754883,-117.9532699584961,False,0.0,SCC_B03,4273,Santa Ana River Estuary,ESU,USA,Santa Ana,Santa Ana River,Orange,Santa Ana River,Santa Ana River,NA,Estuaries
33.72850036621094,-118.15718078613281,False,0.0,SCC_B03,4274,Long Beach Harbor,ESU,USA,Los Angeles,Pacific Ocean,Los Angeles,San Pedro Bay,Long Beach Harbor,NA,Ports/Bays/Harbors
32.78594970703125,-117.2503662109375,False,0.0,SCC_B03,4276,Mission Bay,ESU,USA,San Diego,Penasquitos,San Diego,Mission Bay,Mission Bay,NA,Ports/Bays/Harbors
33.90998458862305,-118.49931335449219,False,0.0,SCC_B03,4277,Santa Monica Bay,OAA,USA,Los Angeles,Santa Monica,Los Angeles,Santa Monica Bay,Santa Monica Bay,NA,Large POTW Outfalls
33.87803268432617,-118.5445327758789,False,0.0,SCC_B03,4278,Santa Monica Bay,OAA,USA,Los Angeles,Santa Monica,Los Angeles,Santa Monica Bay,Santa Monica Bay,NA,Large POTW Outfalls
34.27790451049805,-119.71896362304688,False,0.0,SCC_B03,4279,East Santa Barbara Channel,OAA,USA,Central Coast,Pacific Ocean,Santa Barbara,Pacific Ocean,Pacific Ocean,NA,Upper slope (200-500 m)
33.115177154541016,-117.34793853759766,False,0.0,SCC_B03,4280,North San Diego Shelf,OAA,USA,San Diego,Pacific Ocean,San Diego,Pacific Ocean,Pacific Ocean,NA,Small POTW Outfalls
33.63573455810547,-118.19776916503906,False,0.0,SCC_B03,4282,San Pedro Shelf,OAA,USA,Los Angeles,Pacific Ocean,Los Angeles,Pacific Ocean,Pacific Ocean,NA,SPME
34.2853889465332,-120.08299255371094,False,0.0,SCC_B03,4283,West Santa Barbara Channel,OAA,USA,Central Coast,Pacific Ocean,Santa Barbara,Pacific Ocean,Pacific Ocean,NA,Lower slope and basin (500-1000 m)
32.72686767578125,-117.20206451416016,False,0.0,SCC_B03,4284,San Diego Bay,ESM,USA,San Diego,San Diego Bay,San Diego,San Diego Bay,SD Bay North,NA,Marinas
34.10733413696289,-119.31883239746094,False,0.0,SCC_B03,4285,East Santa Barbara Channel,OAA,USA,Los Angeles,Pacific Ocean,Ventura,Pacific Ocean,Pacific Ocean,NA,Outer shelf (120-200 m)
33.503299713134766,-117.76488494873047,False,0.0,SCC_B03,4286,Orange Shelf,OAA,USA,Santa Ana,Pacific Ocean,Orange,Pacific Ocean,Pacific Ocean,NA,Small POTW Outfalls
33.65105056762695,-117.86844635009766,False,0.0,SCC_B03,4288,Upper Newport Bay,ESU,USA,Santa Ana,Santa Ana River,Orange,Newport Bay,Newport Bay,NA,Estuaries
33.71169662475586,-118.18455505371094,False,0.0,SCC_B03,4290,San Pedro Shelf,OAA,USA,Los Angeles,Pacific Ocean,Los Angeles,San Pedro Bay,San Pedro Bay,NA,Inner shelf (5-30 m)
34.30461883544922,-119.41364288330078,False,0.0,SCC_B03,4291,East Santa Barbara Channel,OAA,USA,Los Angeles,Pacific Ocean,Ventura,Pacific Ocean,Pacific Ocean,NA,Inner shelf (5-30 m)
33.7357177734375,-118.40959930419922,False,0.0,SCC_B03,4294,Palos Verdes Shelf,OAA,USA,Los Angeles,Pacific Ocean,Los Angeles,Pacific Ocean,Pacific Ocean,NA,Large POTW Outfalls
34.31460189819336,-119.88400268554688,False,0.0,SCC_B03,4295,East Santa Barbara Channel,OAA,USA,Central Coast,Pacific Ocean,Santa Barbara,Pacific Ocean,Pacific Ocean,NA,Upper slope (200-500 m)
33.152099609375,-117.38320922851562,False,0.0,SCC_B03,4296,North San Diego Shelf,OAA,USA,San Diego,Pacific Ocean,San Diego,Pacific Ocean,Pacific Ocean,NA,Small POTW Outfalls
33.5267333984375,-117.89701843261719,False,0.0,SCC_B03,4297,Orange Shelf,OAA,USA,Santa Ana,Pacific Ocean,Orange,Pacific Ocean,Pacific Ocean,NA,Upper slope (200-500 m)
33.63737869262695,-118.31022644042969,False,0.0,SCC_B03,4298,San Pedro Shelf,OAA,USA,Los Angeles,Pacific Ocean,Los Angeles,Pacific Ocean,Pacific Ocean,NA,Lower slope and basin (500-1000 m)
33.87445068359375,-119.94770050048828,False,0.0,SCC_B03,4299,Island Shelves,OAA,USA,Central Coast,Channel Islands,Santa Barbara,Pacific Ocean,Pacific Ocean,NA,Channel Islands (5-200 m)
32.641700744628906,-117.2213363647461,False,0.0,SCC_B03,4300,South San Diego Shelf,OAA,USA,San Diego,Pacific Ocean,San Diego,Pacific Ocean,Pacific Ocean,NA,Inner shelf (5-30 m)
33.89666748046875,-118.53986358642578,False,0.0,SCC_B03,4301,Santa Monica Bay,OAA,USA,Los Angeles,Santa Monica,Los Angeles,Santa Monica Bay,Santa Monica Bay,NA,Large POTW Outfalls
33.140167236328125,-117.3250503540039,False,0.0,SCC_B03,4304,Agua Hedionda Lagoon,ESH,USA,San Diego,Carlsbad,San Diego,Agua Hedionda Estuary,Agua Hedionda Lagoon,NA,Estuaries
33.622684478759766,-117.89268493652344,False,0.0,SCC_B03,4305,Upper Newport Bay,ESU,USA,Santa Ana,Santa Ana River,Orange,Newport Bay,Newport Bay,NA,Estuaries
33.7386360168457,-118.2333984375,False,0.0,SCC_B03,4306,Los Angeles Harbor,ESP,USA,Los Angeles,Dominguez Watershed,Los Angeles,San Pedro Bay,Long Beach Harbor,POLB,Ports/Bays/Harbors
32.630916595458984,-117.12201690673828,False,0.0,SCC_B03,4308,San Diego Bay,ESU,USA,San Diego,San Diego Bay,San Diego,San Diego Bay,SD Bay South,NA,Ports/Bays/Harbors
33.978416442871094,-118.4874496459961,False,0.0,SCC_B03,4309,Santa Monica Bay,OAA,USA,Los Angeles,Santa Monica,Los Angeles,Santa Monica Bay,Santa Monica Bay,NA,Inner shelf (5-30 m)
32.69112014770508,-117.33612060546875,False,0.0,SCC_B03,4312,South San Diego Shelf,OAA,USA,San Diego,Pacific Ocean,San Diego,Pacific Ocean,Pacific Ocean,NA,Large POTW Outfalls
33.60605239868164,-118.1898422241211,False,0.0,SCC_B03,4314,San Pedro Shelf,OAA,USA,Los Angeles,Pacific Ocean,Los Angeles,Pacific Ocean,Pacific Ocean,NA,SPME
34.465232849121094,-120.12937927246094,False,0.0,SCC_B03,4315,West Santa Barbara Channel,OAA,USA,Central Coast,Pacific Ocean,Santa Barbara,Pacific Ocean,Pacific Ocean,NA,Inner shelf (5-30 m)
32.8739013671875,-117.58482360839844,False,0.0,SCC_B03,4316,North San Diego Shelf,OAA,USA,San Diego,Pacific Ocean,San Diego,Pacific Ocean,Pacific Ocean,NA,Lower slope and basin (500-1000 m)
34.18299865722656,-119.35379028320312,False,0.0,SCC_B03,4317,East Santa Barbara Channel,OAA,USA,Los Angeles,Pacific Ocean,Ventura,Pacific Ocean,Pacific Ocean,NA,Inner shelf (5-30 m)
33.46194839477539,-117.70417022705078,False,0.0,SCC_B03,4318,Dana Point,ESM,USA,Santa Ana,Dana Point,Orange,Dana Point Harbor,Dana Point Harbor,NA,Marinas
32.993865966796875,-117.29004669189453,False,0.0,SCC_B03,4320,North San Diego Shelf,OAA,USA,San Diego,Pacific Ocean,San Diego,Pacific Ocean,Pacific Ocean,NA,Small POTW Outfalls
33.59825134277344,-117.88040161132812,False,0.0,SCC_B03,4321,Newport Bay,ESM,USA,Santa Ana,Santa Ana River,Orange,Newport Bay,Newport Bay,NA,Marinas
33.74943161010742,-118.11080932617188,False,0.0,SCC_B03,4322,San Gabriel River Estuary,ESU,USA,Los Angeles,San Gabriel River,Los Angeles,San Gabriel River,San Gabriel River Estuary,NA,LA Estuaries
34.198055267333984,-119.62837219238281,False,0.0,SCC_B03,4323,East Santa Barbara Channel,OAA,USA,Central Coast,Pacific Ocean,Santa Barbara,Pacific Ocean,Pacific Ocean,NA,Outer shelf (120-200 m)
33.74296569824219,-118.42374420166016,False,0.0,SCC_B03,4326,Palos Verdes Shelf,OAA,USA,Los Angeles,Pacific Ocean,Los Angeles,Pacific Ocean,Pacific Ocean,NA,Large POTW Outfalls
34.26833724975586,-120.30606842041016,False,0.0,SCC_B03,4327,West Santa Barbara Channel,OAA,USA,Central Coast,Pacific Ocean,Santa Barbara,Pacific Ocean,Pacific Ocean,NA,Upper slope (200-500 m)
33.16206741333008,-117.38591003417969,False,0.0,SCC_B03,4328,North San Diego Shelf,OAA,USA,San Diego,Pacific Ocean,San Diego,Pacific Ocean,Pacific Ocean,NA,Small POTW Outfalls
33.55590057373047,-118.0225830078125,False,0.0,SCC_B03,4329,San Pedro Shelf,OAA,USA,Santa Ana,Pacific Ocean,Orange,Pacific Ocean,Pacific Ocean,NA,Upper slope (200-500 m)
33.616600036621094,-118.25975036621094,False,0.0,SCC_B03,4330,San Pedro Shelf,OAA,USA,Los Angeles,Pacific Ocean,Los Angeles,Pacific Ocean,Pacific Ocean,NA,SPME
34.254886627197266,-119.32490539550781,False,0.0,SCC_B03,4331,East Santa Barbara Channel,OAA,USA,Los Angeles,Pacific Ocean,Ventura,Pacific Ocean,Pacific Ocean,NA,Inner shelf (5-30 m)
32.77412033081055,-117.27391815185547,False,0.0,SCC_B03,4332,South San Diego Shelf,OAA,USA,San Diego,Pacific Ocean,San Diego,Pacific Ocean,Pacific Ocean,NA,Inner shelf (5-30 m)
33.354278564453125,-117.59861755371094,False,0.0,SCC_B03,4336,North San Diego Shelf,OAA,USA,San Diego,Pacific Ocean,San Diego,Pacific Ocean,Pacific Ocean,NA,Inner shelf (5-30 m)
33.647315979003906,-117.8863525390625,False,0.0,SCC_B03,4337,Upper Newport Bay,ESU,USA,Santa Ana,Santa Ana River,Orange,Newport Bay,Newport Bay,NA,Estuaries
33.76250076293945,-118.20818328857422,False,0.0,SCC_B03,4338,Long Beach Harbor,ESP,USA,Los Angeles,Dominguez Watershed,Los Angeles,San Pedro Bay,Long Beach Harbor,POLB,Ports/Bays/Harbors
33.953369140625,-119.68653106689453,False,0.0,SCC_B03,4339,Island Shelves,OAA,USA,Central Coast,Channel Islands,Santa Barbara,Pacific Ocean,Pacific Ocean,NA,Channel Islands (5-200 m)
32.67900085449219,-117.12763214111328,False,0.0,SCC_B03,4340,San Diego Bay,ESU,USA,San Diego,San Diego Bay,San Diego,San Diego Bay,SD Bay South,NA,Ports/Bays/Harbors
33.972530364990234,-118.44896697998047,False,0.0,SCC_B03,4341,Marina del Rey,ESM,USA,Los Angeles,Santa Monica Bay,Los Angeles,Marina del Rey,Marina Del Rey,NA,Marinas
34.34975051879883,-119.86253356933594,False,0.0,SCC_B03,4343,East Santa Barbara Channel,OAA,USA,Central Coast,Pacific Ocean,Santa Barbara,Pacific Ocean,Pacific Ocean,NA,Outer shelf (120-200 m)
33.906551361083984,-118.81649780273438,False,0.0,SCC_B03,4345,Santa Monica Bay,OAA,USA,Los Angeles,Santa Monica,Los Angeles,Santa Monica Bay,Santa Monica Bay,NA,Lower slope and basin (500-1000 m)
33.60223388671875,-118.11668395996094,False,0.0,SCC_B03,4346,San Pedro Shelf,OAA,USA,Santa Ana,Pacific Ocean,Orange,Pacific Ocean,Pacific Ocean,NA,SPME
34.11265182495117,-120.02542114257812,False,0.0,SCC_B03,4347,Island Shelves,OAA,USA,Central Coast,Channel Islands,Santa Barbara,Pacific Ocean,Pacific Ocean,NA,Channel Islands (5-200 m)
32.70640182495117,-117.17974853515625,False,0.0,SCC_B03,4348,San Diego Bay,ESU,USA,San Diego,San Diego Bay,San Diego,San Diego Bay,SD Bay North,NA,Ports/Bays/Harbors
34.10495376586914,-119.19551086425781,False,0.0,SCC_B03,4349,Hueneme to Dume,OAA,USA,Los Angeles,Pacific Ocean,Ventura,Pacific Ocean,Pacific Ocean,NA,Inner shelf (5-30 m)
33.42768096923828,-117.68582916259766,False,0.0,SCC_B03,4350,North San Diego Shelf,OAA,USA,Santa Ana,Pacific Ocean,Orange,Pacific Ocean,Pacific Ocean,NA,Small POTW Outfalls
34.07099914550781,-120.32845306396484,False,0.0,SCC_B03,4351,Island Shelves,OAA,USA,Central Coast,Channel Islands,Santa Barbara,Pacific Ocean,Pacific Ocean,NA,Channel Islands (5-200 m)
33.213279724121094,-117.75296783447266,False,0.0,SCC_B03,4352,North San Diego Shelf,OAA,USA,San Diego,Pacific Ocean,San Diego,Pacific Ocean,Pacific Ocean,NA,Lower slope and basin (500-1000 m)
33.74875259399414,-118.19869995117188,False,0.0,SCC_B03,4354,Long Beach Harbor,ESP,USA,Los Angeles,Dominguez Watershed,Los Angeles,San Pedro Bay,Long Beach Harbor,POLB,Ports/Bays/Harbors
32.74106979370117,-117.42639923095703,False,0.0,SCC_B03,4356,South San Diego Shelf,OAA,USA,San Diego,Pacific Ocean,San Diego,Pacific Ocean,Pacific Ocean,NA,Upper slope (200-500 m)
33.8814811706543,-118.53544616699219,False,0.0,SCC_B03,4358,Santa Monica Bay,OAA,USA,Los Angeles,Santa Monica,Los Angeles,Santa Monica Bay,Santa Monica Bay,NA,Large POTW Outfalls
34.24980163574219,-119.92202758789062,False,0.0,SCC_B03,4359,East Santa Barbara Channel,OAA,USA,Central Coast,Pacific Ocean,Santa Barbara,Pacific Ocean,Pacific Ocean,NA,Lower slope and basin (500-1000 m)
33.091068267822266,-117.29969787597656,False,0.0,SCC_B03,4360,Batiquitos Lagoon,ESH,USA,San Diego,San Marcos,San Diego,Batiquitos Lagoon,Batiquitos Lagoon,NA,Estuaries
33.25632858276367,-117.78913116455078,False,0.0,SCC_B03,4361,North San Diego Shelf,OAA,USA,San Diego,Pacific Ocean,San Diego,Pacific Ocean,Pacific Ocean,NA,Lower slope and basin (500-1000 m)
33.637184143066406,-118.24806213378906,False,0.0,SCC_B03,4362,San Pedro Shelf,OAA,USA,Los Angeles,Pacific Ocean,Los Angeles,Pacific Ocean,Pacific Ocean,NA,SPME
33.9776496887207,-119.92250061035156,False,0.0,SCC_B03,4363,Island Shelves,OAA,USA,Central Coast,Channel Islands,Santa Barbara,Pacific Ocean,Pacific Ocean,NA,Channel Islands (5-200 m)
32.67921829223633,-117.16494750976562,False,0.0,SCC_B03,4364,San Diego Bay,ESU,USA,San Diego,San Diego Bay,San Diego,San Diego Bay,SD Bay South,NA,Ports/Bays/Harbors
33.96036911010742,-118.52918243408203,False,0.0,SCC_B03,4365,Santa Monica Bay,OAA,USA,Los Angeles,Santa Monica,Los Angeles,Santa Monica Bay,Santa Monica Bay,NA,Large POTW Outfalls
33.50706481933594,-117.75948333740234,False,0.0,SCC_B03,4366,Orange Shelf,OAA,USA,Santa Ana,Pacific Ocean,Orange,Pacific Ocean,Pacific Ocean,NA,Small POTW Outfalls
34.46195983886719,-120.29114532470703,False,0.0,SCC_B03,4367,West Santa Barbara Channel,OAA,USA,Central Coast,Pacific Ocean,Santa Barbara,Pacific Ocean,Pacific Ocean,NA,Inner shelf (5-30 m)
33.12810134887695,-117.54293060302734,False,0.0,SCC_B03,4368,North San Diego Shelf,OAA,USA,San Diego,Pacific Ocean,San Diego,Pacific Ocean,Pacific Ocean,NA,Lower slope and basin (500-1000 m)
33.57526779174805,-117.98460388183594,False,0.0,SCC_B03,4369,San Pedro Shelf,OAA,USA,Santa Ana,Pacific Ocean,Orange,Pacific Ocean,Pacific Ocean,NA,Large POTW Outfalls
33.73131561279297,-118.20414733886719,False,0.0,SCC_B03,4370,Long Beach Harbor,ESP,USA,Los Angeles,Dominguez Watershed,Los Angeles,San Pedro Bay,Long Beach Harbor,POLB,Ports/Bays/Harbors
34.0536994934082,-119.52758026123047,False,0.0,SCC_B03,4371,Island Shelves,OAA,USA,Central Coast,Channel Islands,Santa Barbara,Pacific Ocean,Pacific Ocean,NA,Channel Islands (5-200 m)
33.682518005371094,-118.06258392333984,False,0.0,SCC_B03,4374,San Pedro Shelf,OAA,USA,Santa Ana,Pacific Ocean,Orange,Pacific Ocean,Pacific Ocean,NA,Inner shelf (5-30 m)
32.680015563964844,-117.32402038574219,False,0.0,SCC_B03,4376,South San Diego Shelf,OAA,USA,San Diego,Pacific Ocean,San Diego,Pacific Ocean,Pacific Ocean,NA,Large POTW Outfalls
33.959449768066406,-119.25834655761719,False,0.0,SCC_B03,4377,Hueneme to Dume,OAA,USA,Los Angeles,Pacific Ocean,Ventura,Pacific Ocean,Pacific Ocean,NA,Lower slope and basin (500-1000 m)
33.54628372192383,-118.22726440429688,False,0.0,SCC_B03,4378,San Pedro Shelf,OAA,USA,Los Angeles,Pacific Ocean,Los Angeles,Pacific Ocean,Pacific Ocean,NA,Upper slope (200-500 m)
34.406246185302734,-120.10660552978516,False,0.0,SCC_B03,4379,West Santa Barbara Channel,OAA,USA,Central Coast,Pacific Ocean,Santa Barbara,Pacific Ocean,Pacific Ocean,NA,Outer shelf (120-200 m)
33.61479949951172,-118.59304809570312,False,0.0,SCC_B03,4380,Santa Monica Bay,OAA,USA,Los Angeles,Santa Monica,Los Angeles,Santa Monica Bay,Santa Monica Bay,NA,Lower slope and basin (500-1000 m)
34.12990188598633,-119.18775939941406,False,0.0,SCC_B03,4381,Hueneme to Dume,OAA,USA,Los Angeles,Pacific Ocean,Ventura,Pacific Ocean,Pacific Ocean,NA,Small POTW Outfalls
32.99879455566406,-117.30109405517578,False,0.0,SCC_B03,4384,North San Diego Shelf,OAA,USA,San Diego,Pacific Ocean,San Diego,Pacific Ocean,Pacific Ocean,NA,Small POTW Outfalls
33.755435943603516,-118.11327362060547,False,0.0,SCC_B03,4386,Alamitos Bay,ESM,USA,Los Angeles,San Gabriel River,Los Angeles,Alamitos Bay,Alamitos Bay,NA,Marinas
33.58232879638672,-118.75460052490234,False,0.0,SCC_B03,4392,Santa Monica Bay,OAA,USA,Los Angeles,Santa Monica,Los Angeles,Santa Monica Bay,Santa Monica Bay,NA,Lower slope and basin (500-1000 m)
32.99993133544922,-117.4205322265625,False,0.0,SCC_B03,4398,North San Diego Shelf,OAA,USA,San Diego,Pacific Ocean,San Diego,Pacific Ocean,Pacific Ocean,NA,Lower slope and basin (500-1000 m)
33.72209930419922,-118.2120132446289,False,0.0,SCC_B03,4400,Los Angeles Harbor,ESP,USA,Los Angeles,Dominguez Watershed,Los Angeles,San Pedro Bay,Long Beach Harbor,POLB,Ports/Bays/Harbors
33.72187042236328,-118.06533813476562,False,0.0,SCC_B03,4404,Huntington Harbor,ESM,USA,Santa Ana,Santa Ana River,Orange,Huntington Harbor,Huntington Harbor,NA,Marinas
33.75495147705078,-118.16380310058594,False,0.0,SCC_B03,4408,Long Beach Harbor,ESU,USA,Los Angeles,Pacific Ocean,Los Angeles,San Pedro Bay,Long Beach Harbor,NA,Ports/Bays/Harbors
33.88962173461914,-120.08212280273438,False,0.0,SCC_B03,4417,Island Shelves,OAA,USA,Central Coast,Channel Islands,Santa Barbara,Pacific Ocean,Pacific Ocean,NA,Channel Islands (5-200 m)
32.679901123046875,-117.1732177734375,False,0.0,SCC_B03,4418,San Diego Bay,ESM,USA,San Diego,San Diego Bay,San Diego,San Diego Bay,Glorietta Bay,NA,Marinas
34.12233352661133,-119.33133697509766,False,0.0,SCC_B03,4419,East Santa Barbara Channel,OAA,USA,Los Angeles,Pacific Ocean,Ventura,Pacific Ocean,Pacific Ocean,NA,Outer shelf (120-200 m)
33.98796844482422,-120.38007354736328,False,0.0,SCC_B03,4421,Island Shelves,OAA,USA,Central Coast,Channel Islands,Santa Barbara,Pacific Ocean,Pacific Ocean,NA,Channel Islands (5-200 m)
33.608802795410156,-117.89641571044922,False,0.0,SCC_B03,4423,Newport Bay,ESM,USA,Santa Ana,Santa Ana River,Orange,Newport Bay,Newport Bay,NA,Marinas
33.751182556152344,-118.11206817626953,False,0.0,SCC_B03,4424,Alamitos Bay,ESM,USA,Los Angeles,San Gabriel River,Los Angeles,Alamitos Bay,Alamitos Bay,NA,Marinas
34.2216796875,-119.64112854003906,False,0.0,SCC_B03,4425,East Santa Barbara Channel,OAA,USA,Central Coast,Pacific Ocean,Santa Barbara,Pacific Ocean,Pacific Ocean,NA,Outer shelf (120-200 m)
32.8250846862793,-117.36568450927734,False,0.0,SCC_B03,4426,South San Diego Shelf,OAA,USA,San Diego,Pacific Ocean,San Diego,Pacific Ocean,Pacific Ocean,NA,Outer shelf (120-200 m)
33.80913162231445,-118.22869873046875,False,0.0,SCC_B03,4436,Dominguez Channel,ESU,USA,Los Angeles,Dominguez Watershed,Los Angeles,Dominguez Channel,Dominguez Channel,NA,LA Estuaries
33.765628814697266,-118.20591735839844,False,0.0,SCC_B03,4440,Los Angeles River Estuary,ESU,USA,Los Angeles,Los Angeles River,Los Angeles,Los Angeles River,Los Angeles River,NA,LA Estuaries
33.45011901855469,-119.05265045166016,False,0.0,SCC_B03,4446,Island Shelves,OAA,USA,Central Coast,Channel Islands,Santa Barbara,Pacific Ocean,Pacific Ocean,NA,Channel Islands (5-200 m)
33.95009994506836,-120.23729705810547,False,0.0,SCC_B03,4453,Island Shelves,OAA,USA,Central Coast,Channel Islands,Santa Barbara,Pacific Ocean,Pacific Ocean,NA,Channel Islands (5-200 m)
33.76581954956055,-118.1131362915039,False,0.0,SCC_B03,4456,Los Alamitos Estuary,ESM,USA,Los Angeles,San Gabriel River,Los Angeles,Alamitos Bay,Alamitos Bay,NA,LA Estuaries
32.5976676940918,-117.35043334960938,False,0.0,SCC_B03,4458,South San Diego Shelf,OAA,USA,San Diego,Pacific Ocean,San Diego,Pacific Ocean,Pacific Ocean,NA,Outer shelf (120-200 m)
34.09669876098633,-120.122802734375,False,0.0,SCC_B03,4481,Island Shelves,OAA,USA,Central Coast,Channel Islands,Santa Barbara,Pacific Ocean,Pacific Ocean,NA,Channel Islands (5-200 m)
33.637882232666016,-117.9643325805664,False,0.0,SCC_B03,4494,Talbert Marsh,ESU,USA,Santa Ana,Santa Ana River,Orange,Santa Ana River,Talbert Marsh,NA,Estuaries
33.75598907470703,-118.10122680664062,False,0.0,SCC_B03,4520,San Gabriel River Estuary,ESU,USA,Los Angeles,San Gabriel River,Los Angeles,San Gabriel River,San Gabriel River Estuary,NA,LA Estuaries
32.66188049316406,-117.44722747802734,False,0.0,SCC_B03,4522,South San Diego Shelf,OAA,USA,San Diego,Pacific Ocean,San Diego,Pacific Ocean,Pacific Ocean,NA,Special-San Diego
34.046321868896484,-119.43885040283203,False,0.0,SCC_B03,4529,Island Shelves,OAA,USA,Central Coast,Channel Islands,Santa Barbara,Pacific Ocean,Pacific Ocean,NA,Channel Islands (5-200 m)
34.13391876220703,-119.95836639404297,False,0.0,SCC_B03,4545,Island Shelves,OAA,USA,Central Coast,Channel Islands,Santa Barbara,Pacific Ocean,Pacific Ocean,NA,Channel Islands (5-200 m)
33.82748031616211,-120.07565307617188,False,0.0,SCC_B03,4561,Island Shelves,OAA,USA,Central Coast,Channel Islands,Santa Barbara,Pacific Ocean,Pacific Ocean,NA,Channel Islands (5-200 m)
33.45735168457031,-119.10575103759766,False,0.0,SCC_B03,4574,Island Shelves,OAA,USA,Central Coast,Channel Islands,Santa Barbara,Pacific Ocean,Pacific Ocean,NA,Channel Islands (5-200 m)
34.1649284362793,-120.60917663574219,False,0.0,SCC_B03,4581,Island Shelves,OAA,USA,Central Coast,Channel Islands,Santa Barbara,Pacific Ocean,Pacific Ocean,NA,Channel Islands (5-200 m)
33.77366638183594,-118.20596313476562,False,0.0,SCC_B03,4600,Los Angeles River Estuary,ESU,USA,Los Angeles,Los Angeles River,Los Angeles,Los Angeles River,Los Angeles River,NA,LA Estuaries
34.10757827758789,-120.20469665527344,False,0.0,SCC_B03,4613,Island Shelves,OAA,USA,Central Coast,Channel Islands,Santa Barbara,Pacific Ocean,Pacific Ocean,NA,Channel Islands (5-200 m)
34.047000885009766,-119.65508270263672,False,0.0,SCC_B03,4633,Island Shelves,OAA,USA,Central Coast,Channel Islands,Santa Barbara,Pacific Ocean,Pacific Ocean,NA,Channel Islands (5-200 m)
33.77540969848633,-118.10382843017578,False,0.0,SCC_B03,4636,Los Alamitos Estuary,ESM,USA,Los Angeles,San Gabriel River,Los Angeles,Alamitos Bay,Alamitos Bay,NA,LA Estuaries
34.05738067626953,-119.47461700439453,False,0.0,SCC_B03,4657,Island Shelves,OAA,USA,Central Coast,Channel Islands,Santa Barbara,Pacific Ocean,Pacific Ocean,NA,Channel Islands (5-200 m)
34.03282928466797,-118.68482208251953,False,0.0,SCC_B03,4683,Malibu Lagoon,ESH,USA,Los Angeles,Santa Monica Bay,Los Angeles,Malibu Lagoon,Malibu Lagoon,NA,LA Estuaries
32.556800842285156,-117.12801361083984,False,0.0,SCC_B03,4695,Tijuana River Estuary,ESU,USA,San Diego,Tijuana,San Diego,Tijuana River,Tijuana River,NA,Estuaries
33.975669860839844,-119.8814697265625,False,0.0,SCC_B03,4697,Island Shelves,OAA,USA,Central Coast,Channel Islands,Santa Barbara,Pacific Ocean,Pacific Ocean,NA,Channel Islands (5-200 m)
32.62295150756836,-117.4448471069336,False,0.0,SCC_B03,4778,South San Diego Shelf,OAA,USA,San Diego,Pacific Ocean,San Diego,Pacific Ocean,Pacific Ocean,NA,Special-San Diego
33.77939987182617,-118.20531463623047,False,0.0,SCC_B03,4788,Los Angeles River Estuary,ESU,USA,Los Angeles,Los Angeles River,Los Angeles,Los Angeles River,Los Angeles River,NA,LA Estuaries
32.751548767089844,-117.38607025146484,False,0.0,SCC_B03,4810,South San Diego Shelf,OAA,USA,San Diego,Pacific Ocean,San Diego,Pacific Ocean,Pacific Ocean,NA,Special-San Diego
33.803001403808594,-118.22767639160156,False,0.0,SCC_B03,4852,Dominguez Channel,ESU,USA,Los Angeles,Dominguez Watershed,Los Angeles,Dominguez Channel,Dominguez Channel,NA,LA Estuaries
33.7701301574707,-118.20600128173828,False,0.0,SCC_B03,4856,Los Angeles River Estuary,ESU,USA,Los Angeles,Los Angeles River,Los Angeles,Los Angeles River,Los Angeles River,NA,LA Estuaries
33.96302032470703,-119.58563232421875,False,0.0,SCC_B03,4913,Island Shelves,OAA,USA,Central Coast,Channel Islands,Santa Barbara,Pacific Ocean,Pacific Ocean,NA,Channel Islands (5-200 m)
34.03258514404297,-118.68136596679688,False,0.0,SCC_B03,4939,Malibu Lagoon,ESH,USA,Los Angeles,Santa Monica Bay,Los Angeles,Malibu Lagoon,Malibu Lagoon,NA,LA Estuaries
32.78458023071289,-117.38948059082031,False,0.0,SCC_B03,5002,South San Diego Shelf,OAA,USA,San Diego,Pacific Ocean,San Diego,Pacific Ocean,Pacific Ocean,NA,Special-San Diego
33.816017150878906,-118.23612976074219,False,0.0,SCC_B03,5012,Dominguez Channel,ESU,USA,Los Angeles,Dominguez Watershed,Los Angeles,Dominguez Channel,Dominguez Channel,NA,LA Estuaries
33.740135192871094,-118.08421325683594,False,0.0,SCC_B03,5014,Anaheim Bay Estuary,ESU,USA,Santa Ana,Santa Ana River,Orange,Anaheim Bay,Anaheim Bay NWR,NA,Estuaries
32.65972137451172,-117.41446685791016,False,0.0,SCC_B03,5034,South San Diego Shelf,OAA,USA,San Diego,Pacific Ocean,San Diego,Pacific Ocean,Pacific Ocean,NA,Special-San Diego
33.802249908447266,-118.2276840209961,False,0.0,SCC_B03,5108,Dominguez Channel,ESU,USA,Los Angeles,Dominguez Watershed,Los Angeles,Dominguez Channel,Dominguez Channel,NA,LA Estuaries
32.93171691894531,-117.25330352783203,False,0.0,SCC_B03,5301,Penasquitos Lagoon,ESH,USA,San Diego,Penasquitos,San Diego,Penasquitos Lagoon,Los Penasquitos,NA,Estuaries
33.96649932861328,-118.44783020019531,False,0.0,SCC_B03,5735,Ballona Creek Estuary,ESU,USA,Los Angeles,Santa Monica Bay,Los Angeles,Ballona Creek,Ballona Creek,NA,LA Estuaries
34.03438949584961,-118.68196868896484,False,0.0,SCC_B03,5739,Malibu Lagoon,ESH,USA,Los Angeles,Santa Monica Bay,Los Angeles,Malibu Lagoon,Malibu Lagoon,NA,LA Estuaries
33.96516036987305,-118.45023345947266,False,0.0,SCC_B03,5767,Ballona Creek Estuary,ESU,USA,Los Angeles,Santa Monica Bay,Los Angeles,Ballona Creek,Ballona Creek,NA,LA Estuaries
34.03290939331055,-118.68457794189453,False,0.0,SCC_B03,5771,Malibu Lagoon,ESH,USA,Los Angeles,Santa Monica Bay,Los Angeles,Malibu Lagoon,Malibu Lagoon,NA,LA Estuaries
33.96274948120117,-118.45500946044922,False,0.0,SCC_B03,5787,Ballona Creek Estuary,ESU,USA,Los Angeles,Santa Monica Bay,Los Angeles,Ballona Creek,Ballona Creek,NA,LA Estuaries
33.1646728515625,-117.3910903930664,False,0.0,SCC_B03,A2,North San Diego Shelf,OAA,USA,San Diego,Pacific Ocean,San Diego,Pacific Ocean,Pacific Ocean,NA,Special-Oceanside
33.9829216003418,-118.45580291748047,False,0.0,SCC_B03,BRI-01,Marina del Rey,ESU,USA,Los Angeles,Santa Monica Bay,Los Angeles,Marina del Rey,Marina Del Rey,NA,Special-BRI
33.97557067871094,-118.45504760742188,False,0.0,SCC_B03,BRI-02,Marina del Rey,ESU,USA,Los Angeles,Santa Monica Bay,Los Angeles,Marina del Rey,Marina Del Rey,NA,Special-BRI
33.737449645996094,-118.26638793945312,False,0.0,SCC_B03,BRI-03,Los Angeles Harbor,ESP,USA,Los Angeles,Dominguez Watershed,Los Angeles,San Pedro Bay,Los Angeles Harbor,POLA,Special-BRI
33.77054977416992,-118.24983978271484,False,0.0,SCC_B03,BRI-04,Dominguez Channel,ESP,USA,Los Angeles,Dominguez Watershed,Los Angeles,San Pedro Bay,Los Angeles Harbor,POLA,Special-BRI
33.77491760253906,-118.24504852294922,False,0.0,SCC_B03,BRI-05,Dominguez Channel,ESP,USA,Los Angeles,Dominguez Watershed,Los Angeles,San Pedro Bay,Los Angeles Harbor,POLA,Special-BRI
33.75888442993164,-118.18860626220703,False,0.0,SCC_B03,BRI-06,Long Beach Harbor,ESU,USA,Los Angeles,Pacific Ocean,Los Angeles,San Pedro Bay,Long Beach Harbor,NA,Special-BRI
33.62099838256836,-117.93599700927734,False,0.0,SCC_B03,BRI-07,Newport Bay,ESU,USA,Santa Ana,Santa Ana River,Orange,Newport Bay,Newport Bay,NA,Special-BRI
33.61201477050781,-117.92780303955078,False,0.0,SCC_B03,BRI-08,Newport Bay,ESU,USA,Santa Ana,Santa Ana River,Orange,Newport Bay,Rhine Channel,NA,Special-BRI
33.61103439331055,-117.92738342285156,False,0.0,SCC_B03,BRI-09,Newport Bay,ESU,USA,Santa Ana,Santa Ana River,Orange,Newport Bay,Rhine Channel,NA,Special-BRI
33.614498138427734,-117.92698669433594,False,0.0,SCC_B03,BRI-10,Newport Bay,ESU,USA,Santa Ana,Santa Ana River,Orange,Newport Bay,Rhine Channel,NA,Special-BRI
33.64988327026367,-117.87078094482422,False,0.0,SCC_B03,BRI-11,Upper Newport Bay,ESU,USA,Santa Ana,Santa Ana River,Orange,Newport Bay,Newport Bay,NA,Special-BRI
33.46025466918945,-117.69839477539062,False,0.0,SCC_B03,BRI-12,Dana Point,ESU,USA,Santa Ana,Dana Point,Orange,Dana Point Harbor,Dana Point Harbor,NA,Special-BRI
33.459686279296875,-117.69824981689453,False,0.0,SCC_B03,BRI-13,Dana Point,ESU,USA,Santa Ana,Dana Point,Orange,Dana Point Harbor,Dana Point Harbor,NA,Special-BRI
33.460330963134766,-117.69129943847656,False,0.0,SCC_B03,BRI-14,Dana Point,ESU,USA,Santa Ana,Dana Point,Orange,Dana Point Harbor,Dana Point Harbor,NA,Special-BRI
32.72658157348633,-117.19445037841797,False,0.0,SCC_B03,BRI-15,San Diego Bay,ESU,USA,San Diego,San Diego Bay,San Diego,San Diego Bay,SD Bay North,NA,Special-BRI
32.70753479003906,-117.16874694824219,False,0.0,SCC_B03,BRI-16,San Diego Bay,ESU,USA,San Diego,San Diego Bay,San Diego,San Diego Bay,SD Bay North,NA,Special-BRI
32.692665100097656,-117.14763641357422,False,0.0,SCC_B03,BRI-17,San Diego Bay,ESU,USA,San Diego,San Diego Bay,San Diego,San Diego Bay,SD Bay South,NA,Special-BRI
32.69260025024414,-117.14647674560547,False,0.0,SCC_B03,BRI-18,San Diego Bay,ESU,USA,San Diego,San Diego Bay,San Diego,San Diego Bay,SD Bay South,NA,Special-BRI
32.678550720214844,-117.12452697753906,False,0.0,SCC_B03,BRI-19,San Diego Bay,ESU,USA,San Diego,San Diego Bay,San Diego,San Diego Bay,SD Bay South,NA,Special-BRI
32.67319869995117,-117.11614990234375,False,0.0,SCC_B03,BRI-20,San Diego Bay,ESU,USA,San Diego,San Diego Bay,San Diego,San Diego Bay,Paleta Creek Channel,NA,Special-BRI
34.45845031738281,-120.14751434326172,False,-99.0,SCC_B94,0009,NA,OAA,USA,Central Coast,Pacific Ocean,Santa Barbara,Pacific Ocean,Pacific Ocean,NA,
34.452701568603516,-120.02815246582031,False,-99.0,SCC_B94,0016,NA,OAA,USA,Central Coast,Pacific Ocean,Santa Barbara,Pacific Ocean,Pacific Ocean,NA,
34.44773483276367,-120.22301483154297,False,-99.0,SCC_B94,0032,NA,OAA,USA,Central Coast,Pacific Ocean,Santa Barbara,Pacific Ocean,Pacific Ocean,NA,MUD AND FINE SAND
34.44419860839844,-120.06448364257812,False,-99.0,SCC_B94,0038,NA,OAA,USA,Central Coast,Pacific Ocean,Santa Barbara,Pacific Ocean,Pacific Ocean,NA,
34.44066619873047,-120.30175018310547,False,-99.0,SCC_B94,0046,NA,OAA,USA,Central Coast,Pacific Ocean,Santa Barbara,Pacific Ocean,Pacific Ocean,NA,SHELLS AND SAND  SMOOTH ROCKS  PROCESSED GRAB 2
34.436668395996094,-120.23307037353516,False,-99.0,SCC_B94,0059,NA,OAA,USA,Central Coast,Pacific Ocean,Santa Barbara,Pacific Ocean,Pacific Ocean,NA,MUD AND FINE SAND
34.436100006103516,-120.00448608398438,False,-99.0,SCC_B94,0060,NA,OAA,USA,Central Coast,Pacific Ocean,Santa Barbara,Pacific Ocean,Pacific Ocean,NA,
34.42653274536133,-120.41188049316406,False,-99.0,SCC_B94,0085,NA,OAA,USA,Central Coast,Pacific Ocean,Santa Barbara,Pacific Ocean,Pacific Ocean,NA,
34.42055130004883,-120.18388366699219,False,-99.0,SCC_B94,0103,NA,OAA,USA,Central Coast,Pacific Ocean,Santa Barbara,Pacific Ocean,Pacific Ocean,NA,SHELLS AND ROCKS
34.41776657104492,-120.07648468017578,False,-99.0,SCC_B94,0112,NA,OAA,USA,Central Coast,Pacific Ocean,Santa Barbara,Pacific Ocean,Pacific Ocean,NA,
34.4163818359375,-120.33678436279297,False,-99.0,SCC_B94,0115,NA,OAA,USA,Central Coast,Pacific Ocean,Santa Barbara,Pacific Ocean,Pacific Ocean,NA,PROCESSED GRAB 3  ROCKS AND CORYANACTIS
34.41471862792969,-120.41441345214844,False,-99.0,SCC_B94,0122,NA,OAA,USA,Central Coast,Pacific Ocean,Santa Barbara,Pacific Ocean,Pacific Ocean,NA,PROCESSED GRAB 2
34.40985107421875,-119.9491195678711,False,-99.0,SCC_B94,0136,NA,OAA,USA,Central Coast,Pacific Ocean,Santa Barbara,Pacific Ocean,Pacific Ocean,NA,LARGE OIL SLICK ON WATER SURFACE
34.4058837890625,-120.40885162353516,False,-99.0,SCC_B94,0150,NA,OAA,USA,Central Coast,Pacific Ocean,Santa Barbara,Pacific Ocean,Pacific Ocean,NA,LOTS OF GRAVEL
34.403831481933594,-119.7811508178711,False,-99.0,SCC_B94,0161,NA,OAA,USA,Central Coast,Pacific Ocean,Santa Barbara,Pacific Ocean,Pacific Ocean,NA,PROCESSED GRAB 3
34.399051666259766,-119.62103271484375,False,-99.0,SCC_B94,0189,NA,OAA,USA,Central Coast,Pacific Ocean,Santa Barbara,Pacific Ocean,Pacific Ocean,NA,SAMPLE SLIMY
34.38836669921875,-119.78849792480469,False,-99.0,SCC_B94,0228,NA,OAA,USA,Central Coast,Pacific Ocean,Santa Barbara,Pacific Ocean,Pacific Ocean,NA,
34.38673400878906,-119.81420135498047,False,-99.0,SCC_B94,0232,NA,OAA,USA,Central Coast,Pacific Ocean,Santa Barbara,Pacific Ocean,Pacific Ocean,NA,MUD AND FINE SAND
34.38578414916992,-119.6807861328125,False,-99.0,SCC_B94,0234,NA,OAA,USA,Central Coast,Pacific Ocean,Santa Barbara,Pacific Ocean,Pacific Ocean,NA,
34.382450103759766,-120.4146499633789,False,-99.0,SCC_B94,0245,NA,OAA,USA,Central Coast,Pacific Ocean,Santa Barbara,Pacific Ocean,Pacific Ocean,NA,LOTS OF SMALL ROCKS NINE DROPS FOR SED TOX STILL N
34.38093185424805,-119.62661743164062,False,-99.0,SCC_B94,0252,NA,OAA,USA,Central Coast,Pacific Ocean,Santa Barbara,Pacific Ocean,Pacific Ocean,NA,
34.380001068115234,-120.39910125732422,False,-99.0,SCC_B94,0255,NA,OAA,USA,Central Coast,Pacific Ocean,Santa Barbara,Pacific Ocean,Pacific Ocean,NA,PROCESSED GRAB 2  ROUGH SEAS  DIFFICULT TO GET PEN
34.36940002441406,-119.647216796875,False,-99.0,SCC_B94,0289,NA,OAA,USA,Central Coast,Pacific Ocean,Santa Barbara,Pacific Ocean,Pacific Ocean,NA,
34.36494827270508,-119.54235076904297,False,-99.0,SCC_B94,0297,NA,OAA,USA,Central Coast,Pacific Ocean,Santa Barbara,Pacific Ocean,Pacific Ocean,NA,
34.35115051269531,-119.7759017944336,False,-99.0,SCC_B94,0334,NA,OAA,USA,Central Coast,Pacific Ocean,Santa Barbara,Pacific Ocean,Pacific Ocean,NA,
34.341217041015625,-119.69108581542969,False,-99.0,SCC_B94,0360,NA,OAA,USA,Central Coast,Pacific Ocean,Santa Barbara,Pacific Ocean,Pacific Ocean,NA,
34.33766555786133,-119.76461791992188,False,-99.0,SCC_B94,0365,NA,OAA,USA,Central Coast,Pacific Ocean,Santa Barbara,Pacific Ocean,Pacific Ocean,NA,
34.33748245239258,-119.44681549072266,False,-99.0,SCC_B94,0366,NA,OAA,USA,Los Angeles,Pacific Ocean,Ventura,Pacific Ocean,Pacific Ocean,NA,
34.335166931152344,-119.64275360107422,False,-99.0,SCC_B94,0371,NA,OAA,USA,Central Coast,Pacific Ocean,Santa Barbara,Pacific Ocean,Pacific Ocean,NA,SOME FINE SAND
34.33124923706055,-119.78365325927734,False,-99.0,SCC_B94,0381,NA,OAA,USA,Central Coast,Pacific Ocean,Santa Barbara,Pacific Ocean,Pacific Ocean,NA,
34.32423400878906,-119.53311920166016,False,-99.0,SCC_B94,0398,NA,OAA,USA,Central Coast,Pacific Ocean,Santa Barbara,Pacific Ocean,Pacific Ocean,NA,
34.32156753540039,-119.56273651123047,False,-99.0,SCC_B94,0407,NA,OAA,USA,Central Coast,Pacific Ocean,Santa Barbara,Pacific Ocean,Pacific Ocean,NA,
34.30161666870117,-119.68036651611328,False,-99.0,SCC_B94,0446,NA,OAA,USA,Central Coast,Pacific Ocean,Santa Barbara,Pacific Ocean,Pacific Ocean,NA,
34.29384994506836,-119.6004867553711,False,-99.0,SCC_B94,0460,NA,OAA,USA,Central Coast,Pacific Ocean,Santa Barbara,Pacific Ocean,Pacific Ocean,NA,
34.286651611328125,-119.51069641113281,False,-99.0,SCC_B94,0474,NA,OAA,USA,Central Coast,Pacific Ocean,Santa Barbara,Pacific Ocean,Pacific Ocean,NA,
34.284881591796875,-119.64236450195312,False,-99.0,SCC_B94,0480,NA,OAA,USA,Central Coast,Pacific Ocean,Santa Barbara,Pacific Ocean,Pacific Ocean,NA,
34.27446746826172,-119.64337921142578,False,-99.0,SCC_B94,0499,NA,OAA,USA,Central Coast,Pacific Ocean,Santa Barbara,Pacific Ocean,Pacific Ocean,NA,
34.27315139770508,-119.40943145751953,False,-99.0,SCC_B94,0502,NA,OAA,USA,Los Angeles,Pacific Ocean,Ventura,Pacific Ocean,Pacific Ocean,NA,
34.27289962768555,-119.57534790039062,False,-99.0,SCC_B94,0503,NA,OAA,USA,Central Coast,Pacific Ocean,Santa Barbara,Pacific Ocean,Pacific Ocean,NA,
34.2581672668457,-119.32553100585938,False,-99.0,SCC_B94,0530,NA,OAA,USA,Los Angeles,Pacific Ocean,Ventura,Pacific Ocean,Pacific Ocean,NA,
34.257450103759766,-119.32987976074219,False,-99.0,SCC_B94,0533,NA,OAA,USA,Los Angeles,Pacific Ocean,Ventura,Pacific Ocean,Pacific Ocean,NA,
34.25614929199219,-119.53994750976562,False,-99.0,SCC_B94,0535,NA,OAA,USA,Central Coast,Pacific Ocean,Santa Barbara,Pacific Ocean,Pacific Ocean,NA,
34.254329681396484,-119.43502044677734,False,-99.0,SCC_B94,0537,NA,OAA,USA,Los Angeles,Pacific Ocean,Ventura,Pacific Ocean,Pacific Ocean,NA,
34.25410079956055,-119.30723571777344,False,-99.0,SCC_B94,0540,NA,OAA,USA,Los Angeles,Pacific Ocean,Ventura,Pacific Ocean,Pacific Ocean,NA,
34.2540168762207,-119.49203491210938,False,-99.0,SCC_B94,0542,NA,OAA,USA,Central Coast,Pacific Ocean,Santa Barbara,Pacific Ocean,Pacific Ocean,NA,
34.2501335144043,-119.28585052490234,False,-99.0,SCC_B94,0552,NA,OAA,USA,Los Angeles,Pacific Ocean,Ventura,Pacific Ocean,Pacific Ocean,NA,PROCESSED GRAB 4
34.24606704711914,-119.2829360961914,False,-99.0,SCC_B94,0560,NA,OAA,USA,Los Angeles,Pacific Ocean,Ventura,Pacific Ocean,Pacific Ocean,NA,PROCESSED GRAB 1
34.240081787109375,-119.59933471679688,False,-99.0,SCC_B94,0577,NA,OAA,USA,Central Coast,Pacific Ocean,Santa Barbara,Pacific Ocean,Pacific Ocean,NA,FINE SAND AND MUD
34.2325325012207,-119.29198455810547,False,-99.0,SCC_B94,0595,NA,OAA,USA,Los Angeles,Pacific Ocean,Ventura,Pacific Ocean,Pacific Ocean,NA,KEPT GRAB 3
34.2275505065918,-119.6189193725586,False,-99.0,SCC_B94,0604,NA,OAA,USA,Central Coast,Pacific Ocean,Santa Barbara,Pacific Ocean,Pacific Ocean,NA,MUD AND FINE SAND
34.222999572753906,-119.28230285644531,False,-99.0,SCC_B94,0617,NA,OAA,USA,Los Angeles,Pacific Ocean,Ventura,Pacific Ocean,Pacific Ocean,NA,PROCESSED GRAB 2
34.22006607055664,-119.3739013671875,False,-99.0,SCC_B94,0621,NA,OAA,USA,Los Angeles,Pacific Ocean,Ventura,Pacific Ocean,Pacific Ocean,NA,
34.20819854736328,-119.34721374511719,False,-99.0,SCC_B94,0652,NA,OAA,USA,Los Angeles,Pacific Ocean,Ventura,Pacific Ocean,Pacific Ocean,NA,MUD AND FINE SAND
34.20526885986328,-119.5063705444336,False,-99.0,SCC_B94,0661,NA,OAA,USA,Central Coast,Pacific Ocean,Santa Barbara,Pacific Ocean,Pacific Ocean,NA,
34.2044677734375,-119.34629821777344,False,-99.0,SCC_B94,0665,NA,OAA,USA,Los Angeles,Pacific Ocean,Ventura,Pacific Ocean,Pacific Ocean,NA,
34.202816009521484,-119.66536712646484,False,-99.0,SCC_B94,0670,NA,OAA,USA,Central Coast,Pacific Ocean,Santa Barbara,Pacific Ocean,Pacific Ocean,NA,PROCESS GRAB2  MUD AND FINE SAND  DIFFICULT STATIO
34.19715118408203,-119.63373565673828,False,-99.0,SCC_B94,0682,NA,OAA,USA,Central Coast,Pacific Ocean,Santa Barbara,Pacific Ocean,Pacific Ocean,NA,HARD STATION TO PENETRATE BOTTOM  SWELL AND WAVES 
34.18491744995117,-119.56936645507812,False,-99.0,SCC_B94,0708,NA,OAA,USA,Central Coast,Pacific Ocean,Santa Barbara,Pacific Ocean,Pacific Ocean,NA,REDONE BECAUSE OF ROUGH SEAS
34.177818298339844,-119.45438385009766,False,-99.0,SCC_B94,0714,NA,OAA,USA,Los Angeles,Pacific Ocean,Ventura,Pacific Ocean,Pacific Ocean,NA,
34.1647834777832,-119.44609832763672,False,-99.0,SCC_B94,0739,NA,OAA,USA,Los Angeles,Pacific Ocean,Ventura,Pacific Ocean,Pacific Ocean,NA,SHELL HASH
34.15570068359375,-119.42623138427734,False,-99.0,SCC_B94,0753,NA,OAA,USA,Los Angeles,Pacific Ocean,Ventura,Pacific Ocean,Pacific Ocean,NA,SHELL HASH IN ALL DROPS
34.152000427246094,-119.37165069580078,False,-99.0,SCC_B94,0757,NA,OAA,USA,Los Angeles,Pacific Ocean,Ventura,Pacific Ocean,Pacific Ocean,NA,
34.150901794433594,-119.27971649169922,False,-99.0,SCC_B94,0758,NA,OAA,USA,Los Angeles,Pacific Ocean,Ventura,Pacific Ocean,Pacific Ocean,NA,PROCESSED GRAB 3
34.150733947753906,-119.29808044433594,False,-99.0,SCC_B94,0759,NA,OAA,USA,Los Angeles,Pacific Ocean,Ventura,Pacific Ocean,Pacific Ocean,NA,PROCESSED GRAB 2
34.09568405151367,-119.16613006591797,False,-99.0,SCC_B94,0814,NA,OAA,USA,Los Angeles,Pacific Ocean,Ventura,Pacific Ocean,Pacific Ocean,NA,PROCESSED GRAB 2
34.095298767089844,-119.29271697998047,False,-99.0,SCC_B94,0815,NA,OAA,USA,Los Angeles,Pacific Ocean,Ventura,Pacific Ocean,Pacific Ocean,NA,PROCESSED GRAB 1   SAND AND GRAVEL
34.08888244628906,-119.0739517211914,False,-99.0,SCC_B94,0820,NA,OAA,USA,Los Angeles,Pacific Ocean,Ventura,Pacific Ocean,Pacific Ocean,NA,
34.0704345703125,-119.25041961669922,False,-99.0,SCC_B94,0823,NA,OAA,USA,Los Angeles,Pacific Ocean,Ventura,Pacific Ocean,Pacific Ocean,NA,
34.08243179321289,-119.21851348876953,False,-99.0,SCC_B94,0827,NA,OAA,USA,Los Angeles,Pacific Ocean,Ventura,Pacific Ocean,Pacific Ocean,NA,PROCESSED GRAB 2
34.08078384399414,-119.1695327758789,False,-99.0,SCC_B94,0830,NA,OAA,USA,Los Angeles,Pacific Ocean,Ventura,Pacific Ocean,Pacific Ocean,NA,
34.079566955566406,-119.1572036743164,False,-99.0,SCC_B94,0831,NA,OAA,USA,Los Angeles,Pacific Ocean,Ventura,Pacific Ocean,Pacific Ocean,NA,
34.07749938964844,-119.07869720458984,False,-99.0,SCC_B94,0833,NA,OAA,USA,Los Angeles,Pacific Ocean,Ventura,Pacific Ocean,Pacific Ocean,NA,PROCESSED GRAB 1
34.0773811340332,-119.08556365966797,False,-99.0,SCC_B94,0834,NA,OAA,USA,Los Angeles,Pacific Ocean,Ventura,Pacific Ocean,Pacific Ocean,NA,
34.065067291259766,-119.11554718017578,False,-99.0,SCC_B94,0846,NA,OAA,USA,Los Angeles,Pacific Ocean,Ventura,Pacific Ocean,Pacific Ocean,NA,
34.05868148803711,-119.20636749267578,False,-99.0,SCC_B94,0859,NA,OAA,USA,Los Angeles,Pacific Ocean,Ventura,Pacific Ocean,Pacific Ocean,NA,PROCESSED GRAB 2
34.02949905395508,-118.6336669921875,False,-99.0,SCC_B94,0884,NA,OAA,USA,Los Angeles,Santa Monica,Los Angeles,Santa Monica Bay,Santa Monica Bay,NA,DEBRIS FROM FIRE
34.028499603271484,-118.6691665649414,False,-99.0,SCC_B94,0886,NA,OAA,USA,Los Angeles,Santa Monica,Los Angeles,Santa Monica Bay,Santa Monica Bay,NA,DEBRIS FROM FIRE
34.02735137939453,-118.93965148925781,False,-99.0,SCC_B94,0890,NA,OAA,USA,Los Angeles,Pacific Ocean,Los Angeles,Pacific Ocean,Pacific Ocean,NA,
34.02483367919922,-118.66533660888672,False,-99.0,SCC_B94,0894,NA,OAA,USA,Los Angeles,Santa Monica,Los Angeles,Santa Monica Bay,Santa Monica Bay,NA,DEBRIS FROM FIRE
34.02433395385742,-118.59733581542969,False,-99.0,SCC_B94,0897,NA,OAA,USA,Los Angeles,Santa Monica,Los Angeles,Santa Monica Bay,Santa Monica Bay,NA,
34.02316665649414,-118.61033630371094,False,-99.0,SCC_B94,0899,NA,OAA,USA,Los Angeles,Santa Monica,Los Angeles,Santa Monica Bay,Santa Monica Bay,NA,
34.02299880981445,-118.74683380126953,False,-99.0,SCC_B94,0900,NA,OAA,USA,Los Angeles,Santa Monica,Los Angeles,Santa Monica Bay,Santa Monica Bay,NA,
34.02233123779297,-118.7038345336914,False,-99.0,SCC_B94,0902,NA,OAA,USA,Los Angeles,Santa Monica,Los Angeles,Santa Monica Bay,Santa Monica Bay,NA,
34.02183151245117,-118.6816635131836,False,-99.0,SCC_B94,0903,NA,OAA,USA,Los Angeles,Santa Monica,Los Angeles,Santa Monica Bay,Santa Monica Bay,NA,
34.02033233642578,-118.66400146484375,False,-99.0,SCC_B94,0908,NA,OAA,USA,Los Angeles,Santa Monica,Los Angeles,Santa Monica Bay,Santa Monica Bay,NA,DEBRIS FROM FIRE
34.01583480834961,-118.63383483886719,False,-99.0,SCC_B94,0916,NA,OAA,USA,Los Angeles,Santa Monica,Los Angeles,Santa Monica Bay,Santa Monica Bay,NA,
34.01416778564453,-118.69633483886719,False,-99.0,SCC_B94,0918,NA,OAA,USA,Los Angeles,Santa Monica,Los Angeles,Santa Monica Bay,Santa Monica Bay,NA,
34.01333236694336,-118.66217041015625,False,-99.0,SCC_B94,0920,NA,OAA,USA,Los Angeles,Santa Monica,Los Angeles,Santa Monica Bay,Santa Monica Bay,NA,
34.013118743896484,-118.93951416015625,False,-99.0,SCC_B94,0921,NA,OAA,USA,Los Angeles,Pacific Ocean,Los Angeles,Pacific Ocean,Pacific Ocean,NA,
34.0099983215332,-118.75050354003906,False,-99.0,SCC_B94,0929,NA,OAA,USA,Los Angeles,Santa Monica,Los Angeles,Santa Monica Bay,Santa Monica Bay,NA,
34.00783157348633,-118.68316650390625,False,-99.0,SCC_B94,0936,NA,OAA,USA,Los Angeles,Santa Monica,Los Angeles,Santa Monica Bay,Santa Monica Bay,NA,
34.00666809082031,-119.02963256835938,False,-99.0,SCC_B94,0937,NA,OAA,USA,Los Angeles,Pacific Ocean,Ventura,Pacific Ocean,Pacific Ocean,NA,AREA ROCKY - MOST DROPS WERE WATER HAULS OR ROCKS 
34.00666809082031,-118.72049713134766,False,-99.0,SCC_B94,0942,NA,OAA,USA,Los Angeles,Santa Monica,Los Angeles,Santa Monica Bay,Santa Monica Bay,NA,
34.006500244140625,-118.59532928466797,False,-99.0,SCC_B94,0943,NA,OAA,USA,Los Angeles,Santa Monica,Los Angeles,Santa Monica Bay,Santa Monica Bay,NA,
34.00531768798828,-118.9184799194336,False,-99.0,SCC_B94,0947,NA,OAA,USA,Los Angeles,Pacific Ocean,Los Angeles,Pacific Ocean,Pacific Ocean,NA,
34.00383377075195,-118.63849639892578,False,-99.0,SCC_B94,0949,NA,OAA,USA,Los Angeles,Santa Monica,Los Angeles,Santa Monica Bay,Santa Monica Bay,NA,
33.99883270263672,-118.59432983398438,False,-99.0,SCC_B94,0960,NA,OAA,USA,Los Angeles,Santa Monica,Los Angeles,Santa Monica Bay,Santa Monica Bay,NA,
33.9739990234375,-118.55883026123047,False,-99.0,SCC_B94,0964,NA,OAA,USA,Los Angeles,Pacific Ocean,Los Angeles,Pacific Ocean,Pacific Ocean,NA,CERIANTHID IN WHIRLPAK!
33.99566650390625,-118.67216491699219,False,-99.0,SCC_B94,0972,NA,OAA,USA,Los Angeles,Santa Monica,Los Angeles,Santa Monica Bay,Santa Monica Bay,NA,SECOND BAG FOR INFAUNAL SAMPLE
33.99440002441406,-119.00008392333984,False,-99.0,SCC_B94,0976,NA,OAA,USA,Los Angeles,Pacific Ocean,Ventura,Pacific Ocean,Pacific Ocean,NA,
33.993499755859375,-118.62283325195312,False,-99.0,SCC_B94,0977,NA,OAA,USA,Los Angeles,Santa Monica,Los Angeles,Santa Monica Bay,Santa Monica Bay,NA,CERIANTHID IN WHIRLPAK
33.99016571044922,-118.79766845703125,False,-99.0,SCC_B94,0988,NA,OAA,USA,Los Angeles,Santa Monica,Los Angeles,Santa Monica Bay,Santa Monica Bay,NA,TASTE MUDDY
33.98866653442383,-118.59249877929688,False,-99.0,SCC_B94,0993,NA,OAA,USA,Los Angeles,Santa Monica,Los Angeles,Santa Monica Bay,Santa Monica Bay,NA,CERIANTHID IN WHIRLPAK
33.987667083740234,-118.66850280761719,False,-99.0,SCC_B94,0997,NA,OAA,USA,Los Angeles,Santa Monica,Los Angeles,Santa Monica Bay,Santa Monica Bay,NA,CERIANTHID TUBE IN WHIRLPAK
33.98533248901367,-118.607666015625,False,-99.0,SCC_B94,1001,NA,OAA,USA,Los Angeles,Santa Monica Bay,Los Angeles,Santa Monica Bay,Santa Monica Bay,NA,CERANTHID IN WHIRLPAK
33.98400115966797,-118.56900024414062,False,-99.0,SCC_B94,1003,NA,OAA,USA,Los Angeles,Santa Monica Bay,Los Angeles,Santa Monica Bay,Santa Monica Bay,NA,
33.98249816894531,-118.5373306274414,False,-99.0,SCC_B94,1005,NA,OAA,USA,Los Angeles,Santa Monica,Los Angeles,Santa Monica Bay,Santa Monica Bay,NA,
33.97416687011719,-118.55883026123047,False,-99.0,SCC_B94,1014,NA,OAA,USA,Los Angeles,Santa Monica Bay,Los Angeles,Santa Monica Bay,Santa Monica Bay,NA,
33.97066879272461,-118.4800033569336,False,-99.0,SCC_B94,1019,NA,OAA,USA,Los Angeles,Santa Monica,Los Angeles,Santa Monica Bay,Santa Monica Bay,NA,"SAILBOAT RACE IN PROGRESS, RELOC 100M 150DEG FROM "
33.96833419799805,-118.47599792480469,False,-99.0,SCC_B94,1025,NA,OAA,USA,Los Angeles,Santa Monica,Los Angeles,Santa Monica Bay,Santa Monica Bay,NA,SAILING RACE THROUGH STATION
33.96699905395508,-118.49649810791016,False,-99.0,SCC_B94,1026,NA,OAA,USA,Los Angeles,Santa Monica,Los Angeles,Santa Monica Bay,Santa Monica Bay,NA,
33.948665618896484,-118.51383209228516,False,-99.0,SCC_B94,1027,NA,OAA,USA,Los Angeles,Santa Monica,Los Angeles,Santa Monica Bay,Santa Monica Bay,NA,
33.9658317565918,-118.58816528320312,False,-99.0,SCC_B94,1028,NA,OAA,USA,Los Angeles,Santa Monica Bay,Los Angeles,Santa Monica Bay,Santa Monica Bay,NA,
33.95966720581055,-118.64167022705078,False,-99.0,SCC_B94,1034,NA,OAA,USA,Los Angeles,Santa Monica Bay,Los Angeles,Santa Monica Bay,Santa Monica Bay,NA,DEPTH FROM CTD DATA
33.95166778564453,-118.55049896240234,False,-99.0,SCC_B94,1040,NA,OAA,USA,Los Angeles,Santa Monica Bay,Los Angeles,Santa Monica Bay,Santa Monica Bay,NA,
33.949668884277344,-118.47966766357422,False,-99.0,SCC_B94,1042,NA,OAA,USA,Los Angeles,Santa Monica,Los Angeles,Santa Monica Bay,Santa Monica Bay,NA,
33.948001861572266,-118.538330078125,False,-99.0,SCC_B94,1045,NA,OAA,USA,Los Angeles,Santa Monica Bay,Los Angeles,Santa Monica Bay,Santa Monica Bay,NA,
33.94766616821289,-118.46016693115234,False,-99.0,SCC_B94,1046,NA,OAA,USA,Los Angeles,Santa Monica,Los Angeles,Santa Monica Bay,Santa Monica Bay,NA,
33.94383239746094,-118.53683471679688,False,-99.0,SCC_B94,1049,NA,OAA,USA,Los Angeles,Santa Monica Bay,Los Angeles,Santa Monica Bay,Santa Monica Bay,NA,
33.93949890136719,-118.60717010498047,False,-99.0,SCC_B94,1052,NA,OAA,USA,Los Angeles,Santa Monica Bay,Los Angeles,Santa Monica Bay,Santa Monica Bay,NA,
33.932167053222656,-118.56732940673828,False,-99.0,SCC_B94,1056,NA,OAA,USA,Los Angeles,Santa Monica Bay,Los Angeles,Santa Monica Bay,Santa Monica Bay,NA,
33.93116760253906,-118.58983612060547,False,-99.0,SCC_B94,1059,NA,OAA,USA,Los Angeles,Santa Monica Bay,Los Angeles,Santa Monica Bay,Santa Monica Bay,NA,POLYNOID COMMENSAL WITH LARGE MALDANID
33.92316818237305,-118.50267028808594,False,-99.0,SCC_B94,1065,NA,OAA,USA,Los Angeles,Santa Monica,Los Angeles,Santa Monica Bay,Santa Monica Bay,NA,
33.92283248901367,-118.55416870117188,False,-99.0,SCC_B94,1067,NA,OAA,USA,Los Angeles,Santa Monica Bay,Los Angeles,Santa Monica Bay,Santa Monica Bay,NA,LARGE ROCKS PRESENT
33.916500091552734,-118.54650115966797,False,-99.0,SCC_B94,1072,NA,OAA,USA,Los Angeles,Santa Monica Bay,Los Angeles,Santa Monica Bay,Santa Monica Bay,NA,"4.5L FOR TOXICITY, CEASED SAMPLING DUE TO DIFFICUL"
33.9114990234375,-118.58149719238281,False,-99.0,SCC_B94,1074,NA,OAA,USA,Los Angeles,Santa Monica Bay,Los Angeles,Santa Monica Bay,Santa Monica Bay,NA,
33.909332275390625,-118.60299682617188,False,-99.0,SCC_B94,1078,NA,OAA,USA,Los Angeles,Santa Monica Bay,Los Angeles,Santa Monica Bay,Santa Monica Bay,NA,
33.904666900634766,-118.44066619873047,False,-99.0,SCC_B94,1081,NA,OAA,USA,Los Angeles,Santa Monica,Los Angeles,Santa Monica Bay,Santa Monica Bay,NA,"MOVED 180 DEGREE, 100YD SOUTH  DUE TO ACTIVITY OF "
33.9015007019043,-118.47883605957031,False,-99.0,SCC_B94,1085,NA,OAA,USA,Los Angeles,Santa Monica,Los Angeles,Santa Monica Bay,Santa Monica Bay,NA,"REPOSITION 180DEG, 100YD FOR CHEM SAMPLE"
33.89716720581055,-118.44200134277344,False,-99.0,SCC_B94,1090,NA,OAA,USA,Los Angeles,Santa Monica,Los Angeles,Santa Monica Bay,Santa Monica Bay,NA,
33.89616775512695,-118.54149627685547,False,-99.0,SCC_B94,1091,NA,OAA,USA,Los Angeles,Santa Monica Bay,Los Angeles,Santa Monica Bay,Santa Monica Bay,NA,
33.89383316040039,-118.5191650390625,False,-99.0,SCC_B94,1096,NA,OAA,USA,Los Angeles,Santa Monica Bay,Los Angeles,Santa Monica Bay,Santa Monica Bay,NA,
33.887168884277344,-118.45417022705078,False,-99.0,SCC_B94,1100,NA,OAA,USA,Los Angeles,Santa Monica,Los Angeles,Santa Monica Bay,Santa Monica Bay,NA,
33.885833740234375,-118.55266571044922,False,-99.0,SCC_B94,1103,NA,OAA,USA,Los Angeles,Santa Monica Bay,Los Angeles,Santa Monica Bay,Santa Monica Bay,NA,
33.882999420166016,-118.61433410644531,False,-99.0,SCC_B94,1106,NA,OAA,USA,Los Angeles,Santa Monica Bay,Los Angeles,Santa Monica Bay,Santa Monica Bay,NA,"MIXED SEDIMENT, SAMPLING DIFFICULT, SMALL SAMPLES"
33.88283157348633,-118.4971694946289,False,-99.0,SCC_B94,1108,NA,OAA,USA,Los Angeles,Santa Monica Bay,Los Angeles,Santa Monica Bay,Santa Monica Bay,NA,
33.88249969482422,-118.517333984375,False,-99.0,SCC_B94,1109,NA,OAA,USA,Los Angeles,Santa Monica Bay,Los Angeles,Santa Monica Bay,Santa Monica Bay,NA,
33.87983322143555,-118.5693359375,False,-99.0,SCC_B94,1110,NA,OAA,USA,Los Angeles,Santa Monica Bay,Los Angeles,Santa Monica Bay,Santa Monica Bay,NA,SEDIMENT DIFFICULT TO SAMPLE
33.87466812133789,-118.61433410644531,False,-99.0,SCC_B94,1118,NA,OAA,USA,Los Angeles,Santa Monica Bay,Los Angeles,Santa Monica Bay,Santa Monica Bay,NA,"EQUIP PROBS, SMALL SAMPLES, GOLDEN HUE ON BLK BKGR"
33.87216567993164,-118.46366882324219,False,-99.0,SCC_B94,1119,NA,OAA,USA,Los Angeles,Santa Monica Bay,Los Angeles,Santa Monica Bay,Santa Monica Bay,NA,
33.871334075927734,-118.62533569335938,False,-99.0,SCC_B94,1120,NA,OAA,USA,Los Angeles,Santa Monica Bay,Los Angeles,Santa Monica Bay,Santa Monica Bay,NA,"HARD BOTTOM, RELOCATED 100M SW, RELOCATED 100M NE "
33.87099838256836,-118.4913330078125,False,-99.0,SCC_B94,1121,NA,OAA,USA,Los Angeles,Santa Monica Bay,Los Angeles,Santa Monica Bay,Santa Monica Bay,NA,
33.87066650390625,-118.48100280761719,False,-99.0,SCC_B94,1122,NA,OAA,USA,Los Angeles,Santa Monica Bay,Los Angeles,Santa Monica Bay,Santa Monica Bay,NA,
33.870948791503906,-118.418701171875,False,-99.0,SCC_B94,1123,NA,OAA,USA,Los Angeles,Santa Monica,Los Angeles,Santa Monica Bay,Santa Monica Bay,NA,TOC SAMPLE FROM 2ND SED CHEM GRAB.
33.86716842651367,-118.48583221435547,False,-99.0,SCC_B94,1126,NA,OAA,USA,Los Angeles,Santa Monica Bay,Los Angeles,Santa Monica Bay,Santa Monica Bay,NA,
33.86466598510742,-118.55833435058594,False,-99.0,SCC_B94,1128,NA,OAA,USA,Los Angeles,Santa Monica Bay,Los Angeles,Santa Monica Bay,Santa Monica Bay,NA,RELOCATED 100M 140DEG LAT33 51.88 LON118 33.50 LAT
33.86199951171875,-118.61133575439453,False,-99.0,SCC_B94,1131,NA,OAA,USA,Los Angeles,Santa Monica Bay,Los Angeles,Santa Monica Bay,Santa Monica Bay,NA,"ROCKY BOTTOM, RELOCATED 100M E, RELOCATED 100M S, "
33.852298736572266,-118.46112060546875,False,-99.0,SCC_B94,1142,NA,OAA,USA,Los Angeles,Santa Monica Bay,Los Angeles,Santa Monica Bay,Santa Monica Bay,NA,"ST 1OF3- SED CHEM & #1 ST GRAB, ST2OF3- #1 ST GRAB"
33.851165771484375,-118.5528335571289,False,-99.0,SCC_B94,1146,NA,OAA,USA,Los Angeles,Santa Monica Bay,Los Angeles,Santa Monica Bay,Santa Monica Bay,NA,
33.85033416748047,-118.517333984375,False,-99.0,SCC_B94,1148,NA,OAA,USA,Los Angeles,Santa Monica Bay,Los Angeles,Santa Monica Bay,Santa Monica Bay,NA,
33.8476676940918,-118.55149841308594,False,-99.0,SCC_B94,1150,NA,OAA,USA,Los Angeles,Santa Monica Bay,Los Angeles,Santa Monica Bay,Santa Monica Bay,NA,
33.84450149536133,-118.5875015258789,False,-99.0,SCC_B94,1152,NA,OAA,USA,Los Angeles,Santa Monica Bay,Los Angeles,Santa Monica Bay,Santa Monica Bay,NA,TOXICITY SAMPLES TAKEN AT LATITUDE: 33  50.1500  L
33.83686828613281,-118.43758392333984,False,-99.0,SCC_B94,1159,NA,OAA,USA,Los Angeles,Santa Monica,Los Angeles,Santa Monica Bay,Santa Monica Bay,NA,
33.834617614746094,-118.52511596679688,False,-99.0,SCC_B94,1162,NA,OAA,USA,Los Angeles,Santa Monica Bay,Los Angeles,Santa Monica Bay,Santa Monica Bay,NA,
33.832950592041016,-118.48771667480469,False,-99.0,SCC_B94,1168,NA,OAA,USA,Los Angeles,Santa Monica Bay,Los Angeles,Santa Monica Bay,Santa Monica Bay,NA,
33.83005142211914,-118.50879669189453,False,-99.0,SCC_B94,1169,NA,OAA,USA,Los Angeles,Santa Monica Bay,Los Angeles,Santa Monica Bay,Santa Monica Bay,NA,"ST 1OF3- SED CHEM & #1 ST GRAB, 2OF3-#1 ST GRAB, 3"
33.829750061035156,-118.44916534423828,False,-99.0,SCC_B94,1170,NA,OAA,USA,Los Angeles,Santa Monica,Los Angeles,Santa Monica Bay,Santa Monica Bay,NA,
33.825801849365234,-118.41621398925781,False,-99.0,SCC_B94,1173,NA,OAA,USA,Los Angeles,Santa Monica,Los Angeles,Santa Monica Bay,Santa Monica Bay,NA,SEE CRUISE LOG FOR DISTRIBUTION OF GRABS AMONG SED
33.8206672668457,-118.54936981201172,False,-99.0,SCC_B94,1175,NA,OAA,USA,Los Angeles,Santa Monica Bay,Los Angeles,Santa Monica Bay,Santa Monica Bay,NA,"ST1OF3-SED CHEM & #1 ST GRABS, 2OF3-#1 ST GRAB, 3O"
33.78916549682617,-118.4452133178711,False,-99.0,SCC_B94,1187,NA,OAA,USA,Los Angeles,Santa Monica,Los Angeles,Santa Monica Bay,Santa Monica Bay,NA,
33.78466796875,-118.49258422851562,False,-99.0,SCC_B94,1191,NA,OAA,USA,Los Angeles,Santa Monica Bay,Los Angeles,Santa Monica Bay,Santa Monica Bay,NA,"SULFIDE ODOR VERY SLIGHT, SUBSURFACE ONLY"
33.7720832824707,-118.47136688232422,False,-99.0,SCC_B94,1195,NA,OAA,USA,Los Angeles,Santa Monica Bay,Los Angeles,Santa Monica Bay,Santa Monica Bay,NA,
33.73405075073242,-118.14513397216797,False,-99.0,SCC_B94,1208,NA,ESU,USA,Los Angeles,Pacific Ocean,Los Angeles,San Pedro Bay,Long Beach Harbor,NA,"ST1OF3-SEDCHEM&#1STGRAB, 2OF3-#1&2STGRAB, 3OF3-#2S"
33.72758483886719,-118.41419982910156,False,-99.0,SCC_B94,1214,NA,OAA,USA,Los Angeles,Pacific Ocean,Los Angeles,Pacific Ocean,Pacific Ocean,NA,INFAUNAL SAMPLE SPLIT INTO FOUR 32OZ CONTAINERS.
33.7220344543457,-118.20733642578125,False,-99.0,SCC_B94,1222,NA,ESP,USA,Los Angeles,Dominguez Watershed,Los Angeles,San Pedro Bay,Long Beach Harbor,POLB,
33.72254943847656,-118.12124633789062,False,-99.0,SCC_B94,1223,NA,OAA,USA,Los Angeles,Pacific Ocean,Los Angeles,San Pedro Bay,San Pedro Bay,NA,
33.72158432006836,-118.1312484741211,False,-99.0,SCC_B94,1224,NA,OAA,USA,Los Angeles,Pacific Ocean,Los Angeles,San Pedro Bay,San Pedro Bay,NA,
33.71783447265625,-118.16028594970703,False,-99.0,SCC_B94,1227,NA,OAA,USA,Los Angeles,Pacific Ocean,Los Angeles,San Pedro Bay,San Pedro Bay,NA,
33.714134216308594,-118.34750366210938,False,-99.0,SCC_B94,1232,NA,OAA,USA,Los Angeles,Pacific Ocean,Los Angeles,Pacific Ocean,Pacific Ocean,NA,INFAUNAL SAMPLE SPLIT INTO TWO CONTAINERS.
33.710533142089844,-118.24496459960938,False,-99.0,SCC_B94,1236,NA,ESP,USA,Los Angeles,Dominguez Watershed,Los Angeles,San Pedro Bay,Los Angeles Harbor,POLA,
33.698116302490234,-118.1861343383789,False,-99.0,SCC_B94,1256,NA,OAA,USA,Los Angeles,Pacific Ocean,Los Angeles,Pacific Ocean,Pacific Ocean,NA,
33.68913269042969,-118.30055236816406,False,-99.0,SCC_B94,1267,NA,OAA,USA,Los Angeles,Pacific Ocean,Los Angeles,Pacific Ocean,Pacific Ocean,NA,SEE CRUISE LOG FOR DISTRIBUTION OF GRABS AMONG THE
33.686866760253906,-118.09065246582031,False,-99.0,SCC_B94,1272,NA,OAA,USA,Santa Ana,Pacific Ocean,Orange,Pacific Ocean,Pacific Ocean,NA,
33.677833557128906,-118.06700134277344,False,-99.0,SCC_B94,1287,NA,OAA,USA,Santa Ana,Pacific Ocean,Orange,Pacific Ocean,Pacific Ocean,NA,USED DROP 1 (7.3 CM)
33.66640090942383,-118.1086196899414,False,-99.0,SCC_B94,1300,NA,OAA,USA,Santa Ana,Pacific Ocean,Orange,Pacific Ocean,Pacific Ocean,NA,
33.665000915527344,-118.04593658447266,False,-99.0,SCC_B94,1306,NA,OAA,USA,Santa Ana,Pacific Ocean,Orange,Pacific Ocean,Pacific Ocean,NA,PROCESSED DROP 1  OILY SHEEN ON SURFACE
33.65978240966797,-118.13113403320312,False,-99.0,SCC_B94,1312,NA,OAA,USA,Santa Ana,Pacific Ocean,Orange,Pacific Ocean,Pacific Ocean,NA,
33.65321731567383,-118.10196685791016,False,-99.0,SCC_B94,1321,NA,OAA,USA,Santa Ana,Pacific Ocean,Orange,Pacific Ocean,Pacific Ocean,NA,
33.64849853515625,-118.11699676513672,False,-99.0,SCC_B94,1328,NA,OAA,USA,Santa Ana,Pacific Ocean,Orange,Pacific Ocean,Pacific Ocean,NA,
33.64491653442383,-118.1452865600586,False,-99.0,SCC_B94,1332,NA,OAA,USA,Santa Ana,Pacific Ocean,Orange,Pacific Ocean,Pacific Ocean,NA,"ST 1OF3-SED CHEM & #1&2 ST GRAB, 2OF3-#2&3 ST GRAB"
33.64091873168945,-118.23883056640625,False,-99.0,SCC_B94,1340,NA,OAA,USA,Los Angeles,Pacific Ocean,Los Angeles,Pacific Ocean,Pacific Ocean,NA,
33.63553237915039,-118.01522064208984,False,-99.0,SCC_B94,1348,NA,OAA,USA,Santa Ana,Pacific Ocean,Orange,Pacific Ocean,Pacific Ocean,NA,PROCESSED DROP 2 FOR INFAUNA
33.63221740722656,-118.08634948730469,False,-99.0,SCC_B94,1355,NA,OAA,USA,Santa Ana,Pacific Ocean,Orange,Pacific Ocean,Pacific Ocean,NA,PROCESSED GRAB 1
33.615081787109375,-117.97434997558594,False,-99.0,SCC_B94,1378,NA,OAA,USA,Santa Ana,Pacific Ocean,Orange,Pacific Ocean,Pacific Ocean,NA,PROCESSED DROP 2 FOR INFAUNA
33.60658264160156,-117.95763397216797,False,-99.0,SCC_B94,1399,NA,OAA,USA,Santa Ana,Pacific Ocean,Orange,Pacific Ocean,Pacific Ocean,NA,"USED FIRST GRAB FOR BENTHIC INFAUNA, FOURTH GRAB F"
33.60503387451172,-117.97145080566406,False,-99.0,SCC_B94,1401,NA,OAA,USA,Santa Ana,Pacific Ocean,Orange,Pacific Ocean,Pacific Ocean,NA,TOX SPLIT #1 TAKEN FROM TWO GRABS
33.60340118408203,-118.05021667480469,False,-99.0,SCC_B94,1406,NA,OAA,USA,Santa Ana,Pacific Ocean,Orange,Pacific Ocean,Pacific Ocean,NA,DROP 2 PROCESSED
33.59870147705078,-118.0163803100586,False,-99.0,SCC_B94,1415,NA,OAA,USA,Santa Ana,Pacific Ocean,Orange,Pacific Ocean,Pacific Ocean,NA,SPLIT 3 FOR TOX TAKEN FROM LAST TWO GRABS
33.59808349609375,-117.96946716308594,False,-99.0,SCC_B94,1417,NA,OAA,USA,Santa Ana,Pacific Ocean,Orange,Pacific Ocean,Pacific Ocean,NA,"TOX SPLIT 1 FROM CHEM, SPLIT 2 & 3 AND 3 &  4 FROM"
33.597068786621094,-118.1097640991211,False,-99.0,SCC_B94,1418,NA,OAA,USA,Santa Ana,Pacific Ocean,Orange,Pacific Ocean,Pacific Ocean,NA,
33.594749450683594,-117.9222183227539,False,-99.0,SCC_B94,1424,NA,OAA,USA,Santa Ana,Pacific Ocean,Orange,Pacific Ocean,Pacific Ocean,NA,PROCESSED DROP 1
33.59370040893555,-118.0524673461914,False,-99.0,SCC_B94,1426,NA,OAA,USA,Santa Ana,Pacific Ocean,Orange,Pacific Ocean,Pacific Ocean,NA,
33.58491516113281,-117.93150329589844,False,-99.0,SCC_B94,1444,NA,OAA,USA,Santa Ana,Pacific Ocean,Orange,Pacific Ocean,Pacific Ocean,NA,UNSORTED GRAVEL MIXED WITH SEDIMENT
33.580116271972656,-118.06846618652344,False,-99.0,SCC_B94,1450,NA,OAA,USA,Santa Ana,Pacific Ocean,Orange,Pacific Ocean,Pacific Ocean,NA,
33.577083587646484,-118.0302505493164,False,-99.0,SCC_B94,1455,NA,OAA,USA,Santa Ana,Pacific Ocean,Orange,Pacific Ocean,Pacific Ocean,NA,
33.57228469848633,-117.96411895751953,False,-99.0,SCC_B94,1468,NA,OAA,USA,Santa Ana,Pacific Ocean,Orange,Pacific Ocean,Pacific Ocean,NA,
33.571800231933594,-118.04896545410156,False,-99.0,SCC_B94,1469,NA,OAA,USA,Santa Ana,Pacific Ocean,Orange,Pacific Ocean,Pacific Ocean,NA,
33.357200622558594,-117.58206939697266,False,-99.0,SCC_B94,1550,NA,OAA,USA,San Diego,Pacific Ocean,San Diego,Pacific Ocean,Pacific Ocean,NA,
33.35554885864258,-117.65028381347656,False,-99.0,SCC_B94,1551,NA,OAA,USA,Santa Ana,Pacific Ocean,Orange,Pacific Ocean,Pacific Ocean,NA,
33.338165283203125,-117.6192855834961,False,-99.0,SCC_B94,1560,NA,OAA,USA,San Diego,Pacific Ocean,San Diego,Pacific Ocean,Pacific Ocean,NA,
33.3226318359375,-117.58871459960938,False,-99.0,SCC_B94,1570,NA,OAA,USA,San Diego,Pacific Ocean,San Diego,Pacific Ocean,Pacific Ocean,NA,
33.32059860229492,-117.62688446044922,False,-99.0,SCC_B94,1571,NA,OAA,USA,San Diego,Pacific Ocean,San Diego,Pacific Ocean,Pacific Ocean,NA,
33.318668365478516,-117.55528259277344,False,-99.0,SCC_B94,1572,NA,OAA,USA,San Diego,Pacific Ocean,San Diego,Pacific Ocean,Pacific Ocean,NA,PROCESSED DROP 2 (9.0 cm)
33.31796646118164,-117.6126480102539,False,-99.0,SCC_B94,1574,NA,OAA,USA,San Diego,Pacific Ocean,San Diego,Pacific Ocean,Pacific Ocean,NA,
33.2989501953125,-117.58048248291016,False,-99.0,SCC_B94,1585,NA,OAA,USA,San Diego,Pacific Ocean,San Diego,Pacific Ocean,Pacific Ocean,NA,
33.28559875488281,-117.56974792480469,False,-99.0,SCC_B94,1595,NA,OAA,USA,San Diego,Pacific Ocean,San Diego,Pacific Ocean,Pacific Ocean,NA,TEXTURE WAS MUDDY SAND (50/50)
33.25283432006836,-117.46823120117188,False,-99.0,SCC_B94,1617,NA,OAA,USA,San Diego,Pacific Ocean,San Diego,Pacific Ocean,Pacific Ocean,NA,PROCESSED GRAB 4
33.21318435668945,-117.42523193359375,False,-99.0,SCC_B94,1634,NA,OAA,USA,San Diego,Pacific Ocean,San Diego,Pacific Ocean,Pacific Ocean,NA,
33.213016510009766,-117.41881561279297,False,-99.0,SCC_B94,1635,NA,OAA,USA,San Diego,Pacific Ocean,San Diego,Pacific Ocean,Pacific Ocean,NA,
33.182315826416016,-117.40056610107422,False,-99.0,SCC_B94,1650,NA,OAA,USA,San Diego,Pacific Ocean,San Diego,Pacific Ocean,Pacific Ocean,NA,
33.179298400878906,-117.3985366821289,False,-99.0,SCC_B94,1654,NA,OAA,USA,San Diego,Pacific Ocean,San Diego,Pacific Ocean,Pacific Ocean,NA,
33.17711639404297,-117.4612808227539,False,-99.0,SCC_B94,1655,NA,OAA,USA,San Diego,Pacific Ocean,San Diego,Pacific Ocean,Pacific Ocean,NA,INTERCALIBRATION FOR SEDIMENT TOXICITY
33.16389846801758,-117.39302062988281,False,-99.0,SCC_B94,1660,NA,OAA,USA,San Diego,Pacific Ocean,San Diego,Pacific Ocean,Pacific Ocean,NA,
33.15931701660156,-117.42711639404297,False,-99.0,SCC_B94,1662,NA,OAA,USA,San Diego,Pacific Ocean,San Diego,Pacific Ocean,Pacific Ocean,NA,
33.14398193359375,-117.37796783447266,False,-99.0,SCC_B94,1667,NA,OAA,USA,San Diego,Pacific Ocean,San Diego,Pacific Ocean,Pacific Ocean,NA,
33.07098388671875,-117.3160171508789,False,-99.0,SCC_B94,1684,NA,OAA,USA,San Diego,Pacific Ocean,San Diego,Pacific Ocean,Pacific Ocean,NA,
32.92150115966797,-117.29550170898438,False,-99.0,SCC_B94,1728,NA,OAA,USA,San Diego,Pacific Ocean,San Diego,Pacific Ocean,Pacific Ocean,NA,
32.8849983215332,-117.27216339111328,False,-99.0,SCC_B94,1734,NA,OAA,USA,San Diego,Pacific Ocean,San Diego,Pacific Ocean,Pacific Ocean,NA,
32.87783432006836,-117.31449890136719,False,-99.0,SCC_B94,1737,NA,OAA,USA,San Diego,Pacific Ocean,San Diego,Pacific Ocean,Pacific Ocean,NA,
32.871498107910156,-117.25666809082031,False,-99.0,SCC_B94,1739,NA,OAA,USA,San Diego,Pacific Ocean,San Diego,Pacific Ocean,Pacific Ocean,NA,
32.826332092285156,-117.3239974975586,False,-99.0,SCC_B94,1757,NA,OAA,USA,San Diego,Pacific Ocean,San Diego,Pacific Ocean,Pacific Ocean,NA,
32.80500030517578,-117.34683227539062,False,-99.0,SCC_B94,1767,NA,OAA,USA,San Diego,Pacific Ocean,San Diego,Pacific Ocean,Pacific Ocean,NA,
32.803165435791016,-117.32849884033203,False,-99.0,SCC_B94,1769,NA,OAA,USA,San Diego,Pacific Ocean,San Diego,Pacific Ocean,Pacific Ocean,NA,
32.79633331298828,-117.35966491699219,False,-99.0,SCC_B94,1770,NA,OAA,USA,San Diego,Pacific Ocean,San Diego,Pacific Ocean,Pacific Ocean,NA,
32.792999267578125,-117.37049865722656,False,-99.0,SCC_B94,1774,NA,OAA,USA,San Diego,Pacific Ocean,San Diego,Pacific Ocean,Pacific Ocean,NA,
32.79050064086914,-117.28282928466797,False,-99.0,SCC_B94,1776,NA,OAA,USA,San Diego,Pacific Ocean,San Diego,Pacific Ocean,Pacific Ocean,NA,
32.7841682434082,-117.2681655883789,False,-99.0,SCC_B94,1780,NA,OAA,USA,San Diego,Pacific Ocean,San Diego,Pacific Ocean,Pacific Ocean,NA,
32.76900100708008,-117.2788314819336,False,-99.0,SCC_B94,1791,NA,OAA,USA,San Diego,Pacific Ocean,San Diego,Pacific Ocean,Pacific Ocean,NA,
32.76583480834961,-117.27366638183594,False,-99.0,SCC_B94,1793,NA,OAA,USA,San Diego,Pacific Ocean,San Diego,Pacific Ocean,Pacific Ocean,NA,
32.763999938964844,-117.36650085449219,False,-99.0,SCC_B94,1794,NA,OAA,USA,San Diego,Pacific Ocean,San Diego,Pacific Ocean,Pacific Ocean,NA,
32.757667541503906,-117.33782958984375,False,-99.0,SCC_B94,1797,NA,OAA,USA,San Diego,Pacific Ocean,San Diego,Pacific Ocean,Pacific Ocean,NA,
32.75483322143555,-117.2691650390625,False,-99.0,SCC_B94,1799,NA,OAA,USA,San Diego,Pacific Ocean,San Diego,Pacific Ocean,Pacific Ocean,NA,HARD SURFACE.  1 JAR
32.7504997253418,-117.27850341796875,False,-99.0,SCC_B94,1804,NA,OAA,USA,San Diego,Pacific Ocean,San Diego,Pacific Ocean,Pacific Ocean,NA,
32.739166259765625,-117.27200317382812,False,-99.0,SCC_B94,1811,NA,OAA,USA,San Diego,Pacific Ocean,San Diego,Pacific Ocean,Pacific Ocean,NA,
32.70766830444336,-117.30433654785156,False,-99.0,SCC_B94,1825,NA,OAA,USA,San Diego,Pacific Ocean,San Diego,Pacific Ocean,Pacific Ocean,NA,
32.70399856567383,-117.3193359375,False,-99.0,SCC_B94,1828,NA,OAA,USA,San Diego,Pacific Ocean,San Diego,Pacific Ocean,Pacific Ocean,NA,
32.694332122802734,-117.32333374023438,False,-99.0,SCC_B94,1833,NA,OAA,USA,San Diego,Pacific Ocean,San Diego,Pacific Ocean,Pacific Ocean,NA,(TOOK FIRST PART OF JAR 2 FROM CHEMISTRY GRAB)   W
32.682334899902344,-117.27466583251953,False,-99.0,SCC_B94,1836,NA,OAA,USA,San Diego,Pacific Ocean,San Diego,Pacific Ocean,Pacific Ocean,NA,
32.6775016784668,-117.27466583251953,False,-99.0,SCC_B94,1839,NA,OAA,USA,San Diego,Pacific Ocean,San Diego,Pacific Ocean,Pacific Ocean,NA,KELP DEBRIS PRESENT
32.66133117675781,-117.32933044433594,False,-99.0,SCC_B94,1850,NA,OAA,USA,San Diego,Pacific Ocean,San Diego,Pacific Ocean,Pacific Ocean,NA,
32.64699935913086,-117.18733215332031,False,-99.0,SCC_B94,1867,NA,OAA,USA,San Diego,Pacific Ocean,San Diego,Pacific Ocean,Pacific Ocean,NA,LOST SED. COLOR CHART OVERBOARD -SED COLOR @ AS PR
32.641998291015625,-117.3116683959961,False,-99.0,SCC_B94,1871,NA,OAA,USA,San Diego,Pacific Ocean,San Diego,Pacific Ocean,Pacific Ocean,NA,WIND CHOP
32.63999938964844,-117.43016815185547,False,-99.0,SCC_B94,1874,NA,OAA,USA,San Diego,Pacific Ocean,San Diego,Pacific Ocean,Pacific Ocean,NA,SEDIMENT VERY SANDY AND GREEN.  IT TOOK 11 ATTEMPT
32.630001068115234,-117.3489990234375,False,-99.0,SCC_B94,1888,NA,OAA,USA,San Diego,Pacific Ocean,San Diego,Pacific Ocean,Pacific Ocean,NA,THREW AWAY LARGE ROCK IN GRAB 1.  SEDIMENT IS OLIV
32.627498626708984,-117.27449798583984,False,-99.0,SCC_B94,1892,NA,OAA,USA,San Diego,Pacific Ocean,San Diego,Pacific Ocean,Pacific Ocean,NA,
32.61933135986328,-117.33499908447266,False,-99.0,SCC_B94,1903,NA,OAA,USA,San Diego,Pacific Ocean,San Diego,Pacific Ocean,Pacific Ocean,NA,WIND CHOP
32.61866760253906,-117.42233276367188,False,-99.0,SCC_B94,1905,NA,OAA,USA,San Diego,Pacific Ocean,San Diego,Pacific Ocean,Pacific Ocean,NA,VERY COARSE SAND.  DIFFICULT TO PENETRATE W/GRAB. 
32.6168327331543,-117.34666442871094,False,-99.0,SCC_B94,1908,NA,OAA,USA,San Diego,Pacific Ocean,San Diego,Pacific Ocean,Pacific Ocean,NA,COLOR CHART NOT ABOARD SHIP.  SEDIMENT IS OLIVE GR
32.60850143432617,-117.39833068847656,False,-99.0,SCC_B94,1916,NA,OAA,USA,San Diego,Pacific Ocean,San Diego,Pacific Ocean,Pacific Ocean,NA,VERY SANDY GRAB.  ABANDONED CHEMISTRY GRABS - CAN'
32.59000015258789,-117.16116333007812,False,-99.0,SCC_B94,1944,NA,OAA,USA,San Diego,Pacific Ocean,San Diego,Pacific Ocean,Pacific Ocean,NA,COMPOSITE SAMPLES FOR CHEMISTRY.  LOST COLOR CHART
32.545501708984375,-117.23249816894531,False,-99.0,SCC_B94,2001,NA,OAA,USA,San Diego,Pacific Ocean,San Diego,Pacific Ocean,Pacific Ocean,NA,HAS A LOT OF ORANGE FLAKES WITH SAND.
32.542667388916016,-117.19266510009766,False,-99.0,SCC_B94,2011,NA,OAA,USA,San Diego,Pacific Ocean,San Diego,Pacific Ocean,Pacific Ocean,NA,GILL NETS IN AREA.  LOST SED. COLOR CHARTS OVERBOA
33.145965576171875,-117.33094787597656,False,-99.0,SCC_B94,9412,NA,ESU,USA,San Diego,Carlsbad,San Diego,Agua Hedionda Estuary,Agua Hedionda Lagoon,NA,Intercalibration Station (95026.0) Aqua Hedionda L
33.145118713378906,-117.3349838256836,False,-99.0,SCC_B94,9414,NA,ESU,USA,San Diego,Carlsbad,San Diego,Agua Hedionda Estuary,Agua Hedionda Lagoon,NA,Intercalibration Station (95015.0) Aqua Hedionda L
33.61201858520508,-117.9278335571289,False,-99.0,SCC_B94,9424,NA,ESM,USA,Santa Ana,Santa Ana River,Orange,Newport Bay,Rhine Channel,NA,Intercalibration Station (85013.0) Newport Bay Rhi
33.619998931884766,-117.92828369140625,False,-99.0,SCC_B94,9426,NA,ESM,USA,Santa Ana,Santa Ana River,Orange,Newport Bay,Newport Bay,NA,Intercalibration Station (85015.0) Newport Bay Arc
33.606849670410156,-117.8862533569336,False,-99.0,SCC_B94,9427,NA,ESM,USA,Santa Ana,Santa Ana River,Orange,Newport Bay,Newport Bay,NA,Intercalibration Station (85016.0) Newport Bay Yac
33.21218490600586,-117.39466857910156,False,-99.0,SCC_B94,9433,Oceanside Harbor,ESM,USA,San Diego,Santa Margarita,San Diego,Oceanside Harbor,Oceanside Harbor,NA,Intercalibration Station (95022.0) Oceanside Harbo
0.0,0.0,False,-99.0,SCC_B94,CONTROL,Bioassay Negative Control,CNG,NA,NA,NA,NA,NA,NA,NA,
41.13249969482422,-72.87832641601562,False,-99.0,SCC_B94,CONTROL_LIS,Long Island Sound Negative Control,CNG,USA,NA,Long Island Sound,NA,Atlantic Ocean,Atlantic Ocean,NA,
41.44388961791992,-71.45694732666016,False,-99.0,SCC_B94,CONTROL_RI,Rhode Island Negative Control,CNG,USA,NA,Atlantic Ocean,NA,Atlantic Ocean,Atlantic Ocean,NA,
0.0,0.0,False,-99.0,SCC_B98,0000,Bioassay Negative Control,CNG,NA,NA,NA,NA,NA,NA,NA,
33.49156188964844,-118.57846069335938,False,-99.0,SCC_B98,2065    ,NA,OAA,USA,Los Angeles,Santa Catalina Island,Los Angeles,Pacific Ocean,Pacific Ocean,NA,
33.47718811035156,-118.59612274169922,False,-99.0,SCC_B98,2066    ,NA,OAA,USA,Los Angeles,Santa Catalina Island,Los Angeles,Pacific Ocean,Pacific Ocean,NA,
33.46194839477539,-118.65242767333984,False,-99.0,SCC_B98,2067    ,NA,OAA,USA,Los Angeles,Santa Catalina Island,Los Angeles,Pacific Ocean,Pacific Ocean,NA,
33.47465133666992,-118.563232421875,False,-99.0,SCC_B98,2068    ,NA,OAA,USA,Los Angeles,Santa Catalina Island,Los Angeles,Pacific Ocean,Pacific Ocean,NA,
33.47489929199219,-118.51315307617188,False,-99.0,SCC_B98,2069    ,NA,OAA,USA,Los Angeles,Santa Catalina Island,Los Angeles,Pacific Ocean,Pacific Ocean,NA,
33.4539909362793,-118.48053741455078,False,-99.0,SCC_B98,2070    ,NA,OAA,USA,Los Angeles,Santa Catalina Island,Los Angeles,Pacific Ocean,Pacific Ocean,NA,
33.41967010498047,-118.52767944335938,False,-99.0,SCC_B98,2071    ,NA,OAA,USA,Los Angeles,Santa Catalina Island,Los Angeles,Pacific Ocean,Pacific Ocean,NA,
33.40605926513672,-118.48869323730469,False,-99.0,SCC_B98,2072    ,NA,OAA,USA,Los Angeles,Santa Catalina Island,Los Angeles,Pacific Ocean,Pacific Ocean,NA,
33.419429779052734,-118.38179016113281,False,-99.0,SCC_B98,2073    ,NA,OAA,USA,Los Angeles,Santa Catalina Island,Los Angeles,Pacific Ocean,Pacific Ocean,NA,
33.367820739746094,-118.5276870727539,False,-99.0,SCC_B98,2074    ,NA,OAA,USA,Los Angeles,Santa Catalina Island,Los Angeles,Pacific Ocean,Pacific Ocean,NA,
33.373741149902344,-118.49761962890625,False,-99.0,SCC_B98,2075    ,NA,OAA,USA,Los Angeles,Santa Catalina Island,Los Angeles,Pacific Ocean,Pacific Ocean,NA,
33.40018844604492,-118.34616088867188,False,-99.0,SCC_B98,2076    ,NA,OAA,USA,Los Angeles,Santa Catalina Island,Los Angeles,Pacific Ocean,Pacific Ocean,NA,
33.395748138427734,-118.36377716064453,False,-99.0,SCC_B98,2077    ,NA,OAA,USA,Los Angeles,Santa Catalina Island,Los Angeles,Pacific Ocean,Pacific Ocean,NA,
33.35762023925781,-118.53614807128906,False,-99.0,SCC_B98,2078    ,NA,OAA,USA,Los Angeles,Santa Catalina Island,Los Angeles,Pacific Ocean,Pacific Ocean,NA,
33.382991790771484,-118.3555679321289,False,-99.0,SCC_B98,2079    ,NA,OAA,USA,Los Angeles,Santa Catalina Island,Los Angeles,Pacific Ocean,Pacific Ocean,NA,
33.3426513671875,-118.51873779296875,False,-99.0,SCC_B98,2081    ,NA,OAA,USA,Los Angeles,Santa Catalina Island,Los Angeles,Pacific Ocean,Pacific Ocean,NA,
33.36869812011719,-118.3310317993164,False,-99.0,SCC_B98,2082    ,NA,OAA,USA,Los Angeles,Santa Catalina Island,Los Angeles,Pacific Ocean,Pacific Ocean,NA,
33.33414077758789,-118.50138854980469,False,-99.0,SCC_B98,2083    ,NA,OAA,USA,Los Angeles,Santa Catalina Island,Los Angeles,Pacific Ocean,Pacific Ocean,NA,
33.345951080322266,-118.29840087890625,False,-99.0,SCC_B98,2084    ,NA,OAA,USA,Los Angeles,Santa Catalina Island,Los Angeles,Pacific Ocean,Pacific Ocean,NA,
33.306739807128906,-118.48179626464844,False,-99.0,SCC_B98,2085    ,NA,OAA,USA,Los Angeles,Santa Catalina Island,Los Angeles,Pacific Ocean,Pacific Ocean,NA,
33.3095588684082,-118.44634246826172,False,-99.0,SCC_B98,2086    ,NA,OAA,USA,Los Angeles,Santa Catalina Island,Los Angeles,Pacific Ocean,Pacific Ocean,NA,
33.3094596862793,-118.4289321899414,False,-99.0,SCC_B98,2087    ,NA,OAA,USA,Los Angeles,Santa Catalina Island,Los Angeles,Pacific Ocean,Pacific Ocean,NA,
33.30677032470703,-118.36839294433594,False,-99.0,SCC_B98,2088    ,NA,OAA,USA,Los Angeles,Santa Catalina Island,Los Angeles,Pacific Ocean,Pacific Ocean,NA,
33.29669952392578,-118.40823364257812,False,-99.0,SCC_B98,2089    ,NA,OAA,USA,Los Angeles,Santa Catalina Island,Los Angeles,Pacific Ocean,Pacific Ocean,NA,
33.32114028930664,-118.27294921875,False,-99.0,SCC_B98,2090    ,NA,OAA,USA,Los Angeles,Santa Catalina Island,Los Angeles,Pacific Ocean,Pacific Ocean,NA,
33.295291900634766,-118.35812377929688,False,-99.0,SCC_B98,2091    ,NA,OAA,USA,Los Angeles,Santa Catalina Island,Los Angeles,Pacific Ocean,Pacific Ocean,NA,
33.3060302734375,-118.26991271972656,False,-99.0,SCC_B98,2092    ,NA,OAA,USA,Los Angeles,Santa Catalina Island,Los Angeles,Pacific Ocean,Pacific Ocean,NA,
33.298221588134766,-118.28488159179688,False,-99.0,SCC_B98,2093    ,NA,OAA,USA,Los Angeles,Santa Catalina Island,Los Angeles,Pacific Ocean,Pacific Ocean,NA,
33.29465103149414,-118.24614715576172,False,-99.0,SCC_B98,2094    ,NA,OAA,USA,Los Angeles,Santa Catalina Island,Los Angeles,Pacific Ocean,Pacific Ocean,NA,
33.277198791503906,-118.30500793457031,False,-99.0,SCC_B98,2095    ,NA,OAA,USA,Los Angeles,Santa Catalina Island,Los Angeles,Pacific Ocean,Pacific Ocean,NA,
33.268741607666016,-118.26683807373047,False,-99.0,SCC_B98,2096    ,NA,OAA,USA,Los Angeles,Santa Catalina Island,Los Angeles,Pacific Ocean,Pacific Ocean,NA,
34.40726852416992,-120.31243133544922,False,-99.0,SCC_B98,2097    ,NA,OAA,USA,Central Coast,Pacific Ocean,Santa Barbara,Pacific Ocean,Pacific Ocean,NA,
34.394630432128906,-120.34075927734375,False,-99.0,SCC_B98,2098    ,NA,OAA,USA,Central Coast,Pacific Ocean,Santa Barbara,Pacific Ocean,Pacific Ocean,NA,
34.41579818725586,-120.21411895751953,False,-99.0,SCC_B98,2099    ,NA,OAA,USA,Central Coast,Pacific Ocean,Santa Barbara,Pacific Ocean,Pacific Ocean,NA,
34.41151809692383,-120.17616271972656,False,-99.0,SCC_B98,2100    ,NA,OAA,USA,Central Coast,Pacific Ocean,Santa Barbara,Pacific Ocean,Pacific Ocean,NA,
34.247440338134766,-119.70986938476562,False,-99.0,SCC_B98,2105    ,NA,OAA,USA,Central Coast,Pacific Ocean,Santa Barbara,Pacific Ocean,Pacific Ocean,NA,
34.20261001586914,-119.585693359375,False,-99.0,SCC_B98,2110    ,NA,OAA,USA,Central Coast,Pacific Ocean,Santa Barbara,Pacific Ocean,Pacific Ocean,NA,
34.16604995727539,-119.46913146972656,False,-99.0,SCC_B98,2111    ,NA,OAA,USA,Los Angeles,Pacific Ocean,Ventura,Pacific Ocean,Pacific Ocean,NA,
34.14004898071289,-119.39972686767578,False,-99.0,SCC_B98,2112    ,NA,OAA,USA,Los Angeles,Pacific Ocean,Ventura,Pacific Ocean,Pacific Ocean,NA,
34.05057907104492,-119.12242889404297,False,-99.0,SCC_B98,2113    ,NA,OAA,USA,Los Angeles,Pacific Ocean,Ventura,Pacific Ocean,Pacific Ocean,NA,
33.996490478515625,-118.97191619873047,False,-99.0,SCC_B98,2114    ,NA,OAA,USA,Los Angeles,Pacific Ocean,Ventura,Pacific Ocean,Pacific Ocean,NA,
33.9817008972168,-118.75737762451172,False,-99.0,SCC_B98,2115    ,NA,OAA,USA,Los Angeles,Santa Monica,Los Angeles,Santa Monica Bay,Santa Monica Bay,NA,
33.981300354003906,-118.7088394165039,False,-99.0,SCC_B98,2116    ,NA,OAA,USA,Los Angeles,Santa Monica,Los Angeles,Santa Monica Bay,Santa Monica Bay,NA,
33.942970275878906,-118.59294128417969,False,-99.0,SCC_B98,2117    ,NA,OAA,USA,Los Angeles,Santa Monica Bay,Los Angeles,Santa Monica Bay,Santa Monica Bay,NA,
33.83134078979492,-118.4437484741211,False,-99.0,SCC_B98,2118    ,NA,OAA,USA,Los Angeles,Santa Monica,Los Angeles,Santa Monica Bay,Santa Monica Bay,NA,
33.57892990112305,-117.91973114013672,False,-99.0,SCC_B98,2119    ,NA,OAA,USA,Santa Ana,Pacific Ocean,Orange,Pacific Ocean,Pacific Ocean,NA,
33.5418815612793,-117.83585357666016,False,-99.0,SCC_B98,2120    ,NA,OAA,USA,Santa Ana,Pacific Ocean,Orange,Pacific Ocean,Pacific Ocean,NA,
33.227298736572266,-117.51045989990234,False,-99.0,SCC_B98,2122    ,NA,OAA,USA,San Diego,Pacific Ocean,San Diego,Pacific Ocean,Pacific Ocean,NA,
34.24604034423828,-119.25923919677734,False,-99.0,SCC_B98,2128    ,NA,ESM,USA,Los Angeles,Buenaventura,Ventura,Ventura Harbor,Ventura Harbor,NA,Station in Ventura Harbor. Water turbid (brown).
34.17298126220703,-119.2274169921875,False,-99.0,SCC_B98,2129    ,NA,ESM,USA,Los Angeles,Oxnard,Ventura,Channel Islands Harbor,Channel Islands Harbor,NA,
34.171199798583984,-119.22350311279297,False,-99.0,SCC_B98,2130    ,NA,ESM,USA,Los Angeles,Oxnard,Ventura,Channel Islands Harbor,Channel Islands Harbor,NA,
34.16291046142578,-119.22435760498047,False,-99.0,SCC_B98,2131    ,NA,ESM,USA,Los Angeles,Oxnard,Ventura,Channel Islands Harbor,Channel Islands Harbor,NA,
34.15629959106445,-119.2273178100586,False,-99.0,SCC_B98,2132    ,NA,ESM,USA,Los Angeles,Oxnard,Ventura,Channel Islands Harbor,Channel Islands Harbor,NA,
33.715450286865234,-118.06217193603516,False,-99.0,SCC_B98,2134    ,NA,ESM,USA,Santa Ana,Santa Ana River,Orange,Huntington Harbor,Huntington Harbor,NA,
33.61891174316406,-117.92727661132812,False,-99.0,SCC_B98,2136    ,NA,ESM,USA,Santa Ana,Santa Ana River,Orange,Newport Bay,Newport Bay,NA,
33.61281967163086,-117.92436218261719,False,-99.0,SCC_B98,2137    ,NA,ESM,USA,Santa Ana,Santa Ana River,Orange,Newport Bay,Newport Bay,NA,
33.614078521728516,-117.91378021240234,False,-99.0,SCC_B98,2138    ,NA,ESM,USA,Santa Ana,Santa Ana River,Orange,Newport Bay,Newport Bay,NA,
33.61066818237305,-117.90235137939453,False,-99.0,SCC_B98,2141    ,NA,ESM,USA,Santa Ana,Santa Ana River,Orange,Newport Bay,Newport Bay,NA,
33.607208251953125,-117.91058349609375,False,-99.0,SCC_B98,2142    ,NA,ESM,USA,Santa Ana,Santa Ana River,Orange,Newport Bay,Newport Bay,NA,
33.60675811767578,-117.90572357177734,False,-99.0,SCC_B98,2143    ,NA,ESM,USA,Santa Ana,Santa Ana River,Orange,Newport Bay,Newport Bay,NA,
33.60742950439453,-117.90020751953125,False,-99.0,SCC_B98,2144    ,NA,ESM,USA,Santa Ana,Santa Ana River,Orange,Newport Bay,Newport Bay,NA,
33.603759765625,-117.88877868652344,False,-99.0,SCC_B98,2145    ,NA,ESM,USA,Santa Ana,Santa Ana River,Orange,Newport Bay,Newport Bay,NA,
33.602718353271484,-117.88758087158203,False,-99.0,SCC_B98,2146    ,NA,ESM,USA,Santa Ana,Santa Ana River,Orange,Newport Bay,Newport Bay,NA,
33.60055160522461,-117.89335632324219,False,-99.0,SCC_B98,2147    ,NA,ESM,USA,Santa Ana,Santa Ana River,Orange,Newport Bay,Newport Bay,NA,
33.59463119506836,-117.87957763671875,False,-99.0,SCC_B98,2148    ,NA,ESM,USA,Santa Ana,Santa Ana River,Orange,Newport Bay,Newport Bay,NA,
33.46303176879883,-117.70377349853516,False,-99.0,SCC_B98,2149    ,NA,ESM,USA,Santa Ana,Dana Point,Orange,Dana Point Harbor,Dana Point Harbor,NA,
33.46247863769531,-117.70233917236328,False,-99.0,SCC_B98,2150    ,NA,ESM,USA,Santa Ana,Dana Point,Orange,Dana Point Harbor,Dana Point Harbor,NA,
33.461830139160156,-117.6977310180664,False,-99.0,SCC_B98,2151    ,NA,ESM,USA,Santa Ana,Dana Point,Orange,Dana Point Harbor,Dana Point Harbor,NA,
33.759639739990234,-118.16271209716797,False,-99.0,SCC_B98,2152    ,NA,ESU,USA,Los Angeles,Pacific Ocean,Los Angeles,San Pedro Bay,Long Beach Harbor,NA,
33.75358963012695,-118.15789794921875,False,-99.0,SCC_B98,2153    ,NA,ESU,USA,Los Angeles,Pacific Ocean,Los Angeles,San Pedro Bay,Long Beach Harbor,NA,
33.74882888793945,-118.15595245361328,False,-99.0,SCC_B98,2154    ,NA,ESU,USA,Los Angeles,Pacific Ocean,Los Angeles,San Pedro Bay,Long Beach Harbor,NA,
33.74332809448242,-118.1678237915039,False,-99.0,SCC_B98,2155    ,NA,ESU,USA,Los Angeles,Pacific Ocean,Los Angeles,San Pedro Bay,Long Beach Harbor,NA,
33.73992156982422,-118.17121887207031,False,-99.0,SCC_B98,2156    ,NA,ESU,USA,Los Angeles,Pacific Ocean,Los Angeles,San Pedro Bay,Long Beach Harbor,NA,
33.74232864379883,-118.15300750732422,False,-99.0,SCC_B98,2157    ,NA,ESU,USA,Los Angeles,Pacific Ocean,Los Angeles,San Pedro Bay,Long Beach Harbor,NA,
33.728389739990234,-118.20858764648438,False,-99.0,SCC_B98,2158    ,NA,ESP,USA,Los Angeles,Dominguez Watershed,Los Angeles,San Pedro Bay,Long Beach Harbor,POLB,
33.722328186035156,-118.21024322509766,False,-99.0,SCC_B98,2159    ,NA,ESP,USA,Los Angeles,Dominguez Watershed,Los Angeles,San Pedro Bay,Long Beach Harbor,POLB,
33.72338104248047,-118.20449829101562,False,-99.0,SCC_B98,2160    ,NA,ESP,USA,Los Angeles,Dominguez Watershed,Los Angeles,San Pedro Bay,Long Beach Harbor,POLB,Station on L.B. breakwater. Moved ~120' inside.
33.72338104248047,-118.20143127441406,False,-99.0,SCC_B98,2161    ,NA,ESP,USA,Los Angeles,Dominguez Watershed,Los Angeles,San Pedro Bay,Long Beach Harbor,POLB,
33.71350860595703,-118.24162292480469,False,-99.0,SCC_B98,2162    ,NA,ESP,USA,Los Angeles,Dominguez Watershed,Los Angeles,San Pedro Bay,Los Angeles Harbor,POLA,
33.72780990600586,-118.16683959960938,False,-99.0,SCC_B98,2163    ,NA,ESU,USA,Los Angeles,Pacific Ocean,Los Angeles,San Pedro Bay,Long Beach Harbor,NA,
33.730220794677734,-118.08265686035156,False,-99.0,SCC_B98,2164    ,NA,ESS,USA,Santa Ana,Santa Ana River,Orange,Anaheim Bay,Anaheim Bay,NA,
33.735599517822266,-118.15763854980469,False,-99.0,SCC_B98,2167    ,NA,ESU,USA,Los Angeles,Pacific Ocean,Los Angeles,San Pedro Bay,Long Beach Harbor,NA,
33.711849212646484,-118.25079345703125,False,-99.0,SCC_B98,2168    ,NA,ESP,USA,Los Angeles,Dominguez Watershed,Los Angeles,San Pedro Bay,Los Angeles Harbor,POLA,Nominal station depth 28 m
33.768009185791016,-118.27816009521484,False,-99.0,SCC_B98,2169    ,NA,ESP,USA,Los Angeles,Dominguez Watershed,Los Angeles,San Pedro Bay,Los Angeles Harbor,POLA,
33.76411819458008,-118.25599670410156,False,-99.0,SCC_B98,2170    ,NA,ESP,USA,Los Angeles,Dominguez Watershed,Los Angeles,San Pedro Bay,Los Angeles Harbor,POLA,
33.7492790222168,-118.24260711669922,False,-99.0,SCC_B98,2172    ,NA,ESP,USA,Los Angeles,Dominguez Watershed,Los Angeles,San Pedro Bay,Long Beach Harbor,POLB,
33.74763107299805,-118.2376937866211,False,-99.0,SCC_B98,2173    ,NA,ESP,USA,Los Angeles,Dominguez Watershed,Los Angeles,San Pedro Bay,Long Beach Harbor,POLB,
33.734310150146484,-118.2666015625,False,-99.0,SCC_B98,2174    ,NA,ESP,USA,Los Angeles,Dominguez Watershed,Los Angeles,San Pedro Bay,Los Angeles Harbor,POLA,
33.74103927612305,-118.22654724121094,False,-99.0,SCC_B98,2175    ,NA,ESP,USA,Los Angeles,Dominguez Watershed,Los Angeles,San Pedro Bay,Long Beach Harbor,POLB,
33.73109817504883,-118.26127624511719,False,-99.0,SCC_B98,2176    ,NA,ESP,USA,Los Angeles,Dominguez Watershed,Los Angeles,San Pedro Bay,Los Angeles Harbor,POLA,
33.734588623046875,-118.24237823486328,False,-99.0,SCC_B98,2177    ,NA,ESP,USA,Los Angeles,Dominguez Watershed,Los Angeles,San Pedro Bay,Los Angeles Harbor,POLA,
33.72795867919922,-118.27063751220703,False,-99.0,SCC_B98,2178    ,NA,ESP,USA,Los Angeles,Dominguez Watershed,Los Angeles,San Pedro Bay,Los Angeles Harbor,POLA,
33.738929748535156,-118.21016693115234,False,-99.0,SCC_B98,2179    ,NA,ESP,USA,Los Angeles,Dominguez Watershed,Los Angeles,San Pedro Bay,Long Beach Harbor,POLB,
33.72386932373047,-118.26264953613281,False,-99.0,SCC_B98,2182    ,NA,ESP,USA,Los Angeles,Dominguez Watershed,Los Angeles,San Pedro Bay,Los Angeles Harbor,POLA,
33.721309661865234,-118.26908111572266,False,-99.0,SCC_B98,2184    ,NA,ESP,USA,Los Angeles,Dominguez Watershed,Los Angeles,San Pedro Bay,Los Angeles Harbor,POLA,
33.733028411865234,-118.19944763183594,False,-99.0,SCC_B98,2185    ,NA,ESP,USA,Los Angeles,Dominguez Watershed,Los Angeles,San Pedro Bay,Long Beach Harbor,POLB,
33.731258392333984,-118.19304656982422,False,-99.0,SCC_B98,2186    ,NA,ESP,USA,Los Angeles,Dominguez Watershed,Los Angeles,San Pedro Bay,Long Beach Harbor,POLB,
33.731231689453125,-118.18399047851562,False,-99.0,SCC_B98,2187    ,NA,ESP,USA,Los Angeles,Dominguez Watershed,Los Angeles,San Pedro Bay,Long Beach Harbor,POLB,
33.73398971557617,-118.08882141113281,False,-99.0,SCC_B98,2188    ,NA,ESS,USA,Santa Ana,Santa Ana River,Orange,Anaheim Bay,Anaheim Bay,NA,
33.952919006347656,-118.56028747558594,False,-99.0,SCC_B98,2189    ,NA,OAA,USA,Los Angeles,Santa Monica Bay,Los Angeles,Santa Monica Bay,Santa Monica Bay,NA,
33.94792175292969,-118.5287094116211,False,-99.0,SCC_B98,2190    ,NA,OAA,USA,Los Angeles,Santa Monica Bay,Los Angeles,Santa Monica Bay,Santa Monica Bay,NA,
33.93661117553711,-118.56095886230469,False,-99.0,SCC_B98,2191    ,NA,OAA,USA,Los Angeles,Santa Monica Bay,Los Angeles,Santa Monica Bay,Santa Monica Bay,NA,Nominal station depht 98 m
33.943721771240234,-118.51978302001953,False,-99.0,SCC_B98,2192    ,NA,OAA,USA,Los Angeles,Santa Monica Bay,Los Angeles,Santa Monica Bay,Santa Monica Bay,NA,Nominal depth 48 m
33.92055892944336,-118.52149963378906,False,-99.0,SCC_B98,2194    ,NA,OAA,USA,Los Angeles,Santa Monica Bay,Los Angeles,Santa Monica Bay,Santa Monica Bay,NA,Nominal station depth 57
33.91025924682617,-118.52452087402344,False,-99.0,SCC_B98,2195    ,NA,OAA,USA,Los Angeles,Santa Monica Bay,Los Angeles,Santa Monica Bay,Santa Monica Bay,NA,Nominal station depth 59 m
33.90285110473633,-118.5531997680664,False,-99.0,SCC_B98,2196    ,NA,OAA,USA,Los Angeles,Santa Monica Bay,Los Angeles,Santa Monica Bay,Santa Monica Bay,NA,Nominal station depth 76 m
33.90378189086914,-118.50081634521484,False,-99.0,SCC_B98,2197    ,NA,OAA,USA,Los Angeles,Santa Monica Bay,Los Angeles,Santa Monica Bay,Santa Monica Bay,NA,
33.887760162353516,-118.52436828613281,False,-99.0,SCC_B98,2198    ,NA,OAA,USA,Los Angeles,Santa Monica Bay,Los Angeles,Santa Monica Bay,Santa Monica Bay,NA,"Nominal station depth 59 m, rocky bottom, south en"
33.88227844238281,-118.5353775024414,False,-99.0,SCC_B98,2199    ,NA,OAA,USA,Los Angeles,Santa Monica Bay,Los Angeles,Santa Monica Bay,Santa Monica Bay,NA,
33.74789047241211,-118.42915344238281,False,-99.0,SCC_B98,2200    ,NA,OAA,USA,Los Angeles,Pacific Ocean,Los Angeles,Pacific Ocean,Pacific Ocean,NA,
33.72053909301758,-118.39261627197266,False,-99.0,SCC_B98,2201    ,NA,OAA,USA,Los Angeles,Pacific Ocean,Los Angeles,Pacific Ocean,Pacific Ocean,NA,
33.722068786621094,-118.37255859375,False,-99.0,SCC_B98,2202    ,NA,OAA,USA,Los Angeles,Pacific Ocean,Los Angeles,Pacific Ocean,Pacific Ocean,NA,
33.696800231933594,-118.33905792236328,False,-99.0,SCC_B98,2204    ,NA,OAA,USA,Los Angeles,Pacific Ocean,Los Angeles,Pacific Ocean,Pacific Ocean,NA,
33.6768684387207,-118.30577850341797,False,-99.0,SCC_B98,2205    ,NA,OAA,USA,Los Angeles,Pacific Ocean,Los Angeles,Pacific Ocean,Pacific Ocean,NA,
33.67509841918945,-118.29329681396484,False,-99.0,SCC_B98,2206    ,NA,OAA,USA,Los Angeles,Pacific Ocean,Los Angeles,Pacific Ocean,Pacific Ocean,NA,
33.61233139038086,-118.06562805175781,False,-99.0,SCC_B98,2207    ,NA,OAA,USA,Santa Ana,Pacific Ocean,Orange,Pacific Ocean,Pacific Ocean,NA,
33.60184860229492,-118.05647277832031,False,-99.0,SCC_B98,2208    ,NA,OAA,USA,Santa Ana,Pacific Ocean,Orange,Pacific Ocean,Pacific Ocean,NA,
33.59162139892578,-118.06272888183594,False,-99.0,SCC_B98,2209    ,NA,OAA,USA,Santa Ana,Pacific Ocean,Orange,Pacific Ocean,Pacific Ocean,NA,
33.58967971801758,-118.04061889648438,False,-99.0,SCC_B98,2210    ,NA,OAA,USA,Santa Ana,Pacific Ocean,Orange,Pacific Ocean,Pacific Ocean,NA,
33.5878791809082,-118.0096664428711,False,-99.0,SCC_B98,2211    ,NA,OAA,USA,Santa Ana,Pacific Ocean,Orange,Pacific Ocean,Pacific Ocean,NA,
33.589561462402344,-117.9889907836914,False,-99.0,SCC_B98,2212    ,NA,OAA,USA,Santa Ana,Pacific Ocean,Orange,Pacific Ocean,Pacific Ocean,NA,
33.57183837890625,-117.97731018066406,False,-99.0,SCC_B98,2213    ,NA,OAA,USA,Santa Ana,Pacific Ocean,Orange,Pacific Ocean,Pacific Ocean,NA,
32.68981170654297,-117.30101776123047,False,-99.0,SCC_B98,2214    ,NA,OAA,USA,San Diego,Pacific Ocean,San Diego,Pacific Ocean,Pacific Ocean,NA,    
32.68130874633789,-117.31001281738281,False,-99.0,SCC_B98,2215    ,NA,OAA,USA,San Diego,Pacific Ocean,San Diego,Pacific Ocean,Pacific Ocean,NA, 
32.67612838745117,-117.32215118408203,False,-99.0,SCC_B98,2216    ,NA,OAA,USA,San Diego,Pacific Ocean,San Diego,Pacific Ocean,Pacific Ocean,NA, 
32.66257095336914,-117.31067657470703,False,-99.0,SCC_B98,2217    ,NA,OAA,USA,San Diego,Pacific Ocean,San Diego,Pacific Ocean,Pacific Ocean,NA,   
32.66638946533203,-117.27977752685547,False,-99.0,SCC_B98,2218    ,NA,OAA,USA,San Diego,Pacific Ocean,San Diego,Pacific Ocean,Pacific Ocean,NA,           
32.65496063232422,-117.33149719238281,False,-99.0,SCC_B98,2219    ,NA,OAA,USA,San Diego,Pacific Ocean,San Diego,Pacific Ocean,Pacific Ocean,NA,                                                  
32.659671783447266,-117.27998352050781,False,-99.0,SCC_B98,2220    ,NA,OAA,USA,San Diego,Pacific Ocean,San Diego,Pacific Ocean,Pacific Ocean,NA,                                                  
32.727901458740234,-117.20500183105469,False,-99.0,SCC_B98,2221    ,NA,ESM,USA,San Diego,San Diego Bay,San Diego,San Diego Bay,SD Bay North,NA,           
32.71866989135742,-117.2257080078125,False,-99.0,SCC_B98,2222    ,NA,ESM,USA,San Diego,San Diego Bay,San Diego,San Diego Bay,SD Bay North,NA,             
32.71575927734375,-117.23092651367188,False,-99.0,SCC_B98,2223    ,NA,ESM,USA,San Diego,San Diego Bay,San Diego,San Diego Bay,SD Bay North,NA,             
32.712921142578125,-117.23367309570312,False,-99.0,SCC_B98,2224    ,NA,ESM,USA,San Diego,San Diego Bay,San Diego,San Diego Bay,SD Bay North,NA,     
32.71337890625,-117.23004150390625,False,-99.0,SCC_B98,2225    ,NA,ESM,USA,San Diego,San Diego Bay,San Diego,San Diego Bay,SD Bay North,NA,Sediment composition=silt w/shell hash.  
32.71138000488281,-117.23213195800781,False,-99.0,SCC_B98,2226    ,NA,ESM,USA,San Diego,San Diego Bay,San Diego,San Diego Bay,SD Bay North,NA,Sediment color=gray & brown.             
32.723758697509766,-117.20790100097656,False,-99.0,SCC_B98,2227    ,NA,ESM,USA,San Diego,San Diego Bay,San Diego,San Diego Bay,SD Bay North,NA,Sediment composition=silt w/shell hash.        
32.72412872314453,-117.1781997680664,False,-99.0,SCC_B98,2228    ,NA,ESM,USA,San Diego,San Diego Bay,San Diego,San Diego Bay,SD Bay North,NA,                    
32.70893859863281,-117.1760025024414,False,-99.0,SCC_B98,2229    ,NA,ESS,USA,San Diego,San Diego Bay,San Diego,San Diego Bay,SD Bay North,NA,Sediment composition=silt w/shell hash. 
32.70191955566406,-117.17870330810547,False,-99.0,SCC_B98,2230    ,Reference,ESP,USA,San Diego,Otay,San Diego,San Diego Bay,SD Bay North,NA,Station relocated 0.037 nm from nominal Eel grass 
32.69485092163086,-117.15653228759766,False,-99.0,SCC_B98,2231    ,NA,ESS,USA,San Diego,San Diego Bay,San Diego,San Diego Bay,SD Bay North,NA,"Sediment composition=fine sand, silt w/shell hash."
32.68572998046875,-117.15178680419922,False,-99.0,SCC_B98,2233    ,NA,ESS,USA,San Diego,San Diego Bay,San Diego,San Diego Bay,SD Bay South,NA,"Sediment composition=clay, silt w/shell hash. "
32.64080810546875,-117.13706970214844,False,-99.0,SCC_B98,2235    ,NA,ESS,USA,San Diego,San Diego Bay,San Diego,San Diego Bay,SD Bay South,NA,                 
32.62548065185547,-117.12802124023438,False,-99.0,SCC_B98,2238    ,NA,ESM,USA,San Diego,San Diego Bay,San Diego,San Diego Bay,SD Bay South,NA,                                            
32.68247985839844,-117.14508819580078,False,-99.0,SCC_B98,2239    ,NA,ESS,USA,San Diego,San Diego Bay,San Diego,San Diego Bay,SD Bay South,NA,Sediment composition=silt & clay w/shell hash.
32.66743087768555,-117.15428161621094,False,-99.0,SCC_B98,2240    ,NA,ESS,USA,San Diego,San Diego Bay,San Diego,San Diego Bay,SD Bay South,NA,Sediment composition=silt w/shell hash. 
32.670291900634766,-117.1366195678711,False,-99.0,SCC_B98,2241    ,NA,ESS,USA,San Diego,San Diego Bay,San Diego,San Diego Bay,SD Bay South,NA,                 
32.6649284362793,-117.14993286132812,False,-99.0,SCC_B98,2242    ,NA,ESS,USA,San Diego,San Diego Bay,San Diego,San Diego Bay,SD Bay South,NA,                   
32.664588928222656,-117.142822265625,False,-99.0,SCC_B98,2243    ,NA,ESS,USA,San Diego,San Diego Bay,San Diego,San Diego Bay,SD Bay South,NA,                   
32.65966033935547,-117.13188934326172,False,-99.0,SCC_B98,2244    ,NA,ESS,USA,San Diego,San Diego Bay,San Diego,San Diego Bay,SD Bay South,NA,
32.650909423828125,-117.14279174804688,False,-99.0,SCC_B98,2245    ,NA,ESS,USA,San Diego,San Diego Bay,San Diego,San Diego Bay,SD Bay South,NA,                  
32.64234924316406,-117.12493133544922,False,-99.0,SCC_B98,2247    ,NA,ESS,USA,San Diego,San Diego Bay,San Diego,San Diego Bay,SD Bay South,NA,           
32.62083053588867,-117.12799835205078,False,-99.0,SCC_B98,2249    ,NA,ESM,USA,San Diego,San Diego Bay,San Diego,San Diego Bay,SD Bay South,NA,                         
32.7022590637207,-117.16197967529297,False,-99.0,SCC_B98,2251    ,NA,ESP,USA,San Diego,San Diego Bay,San Diego,San Diego Bay,SD Bay North,NA,                                     
32.691768646240234,-117.1529769897461,False,-99.0,SCC_B98,2252    ,NA,ESS,USA,San Diego,San Diego Bay,San Diego,San Diego Bay,SD Bay North,NA,Sediment composition=mixed w/shell hash. Sediment 
32.688209533691406,-117.13786315917969,False,-99.0,SCC_B98,2253    ,NA,ESP,USA,San Diego,San Diego Bay,San Diego,San Diego Bay,SD Bay South,NA,4 grabs
32.676719665527344,-117.16326141357422,False,-99.0,SCC_B98,2254    ,NA,ESS,USA,San Diego,San Diego Bay,San Diego,San Diego Bay,SD Bay South,NA,stn relocated 0.04 nm
32.678009033203125,-117.1293716430664,False,-99.0,SCC_B98,2255    ,NA,ESP,USA,San Diego,San Diego Bay,San Diego,San Diego Bay,SD Bay South,NA,Sediment composition=silt w/shell hash.
32.676780700683594,-117.13577270507812,False,-99.0,SCC_B98,2256    ,NA,ESS,USA,San Diego,San Diego Bay,San Diego,San Diego Bay,SD Bay South,NA,            
32.67692947387695,-117.13414764404297,False,-99.0,SCC_B98,2257    ,NA,ESS,USA,San Diego,San Diego Bay,San Diego,San Diego Bay,SD Bay South,NA,            
32.67599868774414,-117.13214874267578,False,-99.0,SCC_B98,2258    ,NA,ESS,USA,San Diego,San Diego Bay,San Diego,San Diego Bay,SD Bay South,NA,Sediment composition=silt & clay w/shell hash.
32.67015075683594,-117.12477111816406,False,-99.0,SCC_B98,2259    ,NA,ESP,USA,San Diego,San Diego Bay,San Diego,San Diego Bay,SD Bay South,NA,    
32.66722869873047,-117.12998962402344,False,-99.0,SCC_B98,2260    ,NA,ESS,USA,San Diego,San Diego Bay,San Diego,San Diego Bay,SD Bay South,NA,  
32.65142822265625,-117.12293243408203,False,-99.0,SCC_B98,2262    ,NA,ESP,USA,San Diego,San Diego Bay,San Diego,San Diego Bay,SD Bay South,NA, 
32.71607971191406,-117.1761474609375,False,-99.0,SCC_B98,2263    ,NA,ESP,USA,San Diego,San Diego Bay,San Diego,San Diego Bay,SD Bay North,NA,        
32.68539810180664,-117.13292694091797,False,-99.0,SCC_B98,2264    ,NA,ESP,USA,San Diego,San Diego Bay,San Diego,San Diego Bay,Chollas Creek Channel,NA,3 grabs
32.68389892578125,-117.1402816772461,False,-99.0,SCC_B98,2265    ,NA,ESP,USA,San Diego,San Diego Bay,San Diego,San Diego Bay,SD Bay South,NA,Sediment composition=silt w/shell hash.
34.39820098876953,-119.82140350341797,False,-99.0,SCC_B98,2266    ,NA,OAA,USA,Central Coast,Pacific Ocean,Santa Barbara,Pacific Ocean,Pacific Ocean,NA,
34.40570068359375,-119.82540130615234,False,-99.0,SCC_B98,2267    ,NA,OAA,USA,Central Coast,Pacific Ocean,Santa Barbara,Pacific Ocean,Pacific Ocean,NA,
34.40010070800781,-119.81060028076172,False,-99.0,SCC_B98,2268    ,NA,OAA,USA,Central Coast,Pacific Ocean,Santa Barbara,Pacific Ocean,Pacific Ocean,NA,
34.397300720214844,-119.66690063476562,False,-99.0,SCC_B98,2269    ,NA,OAA,USA,Central Coast,Pacific Ocean,Santa Barbara,Pacific Ocean,Pacific Ocean,NA,
34.39830017089844,-119.6593017578125,False,-99.0,SCC_B98,2272    ,NA,OAA,USA,Central Coast,Pacific Ocean,Santa Barbara,Pacific Ocean,Pacific Ocean,NA,
34.13019943237305,-119.19850158691406,False,-99.0,SCC_B98,2273    ,NA,OAA,USA,Los Angeles,Pacific Ocean,Ventura,Pacific Ocean,Pacific Ocean,NA,
34.1239013671875,-119.19770050048828,False,-99.0,SCC_B98,2274    ,NA,OAA,USA,Los Angeles,Pacific Ocean,Ventura,Pacific Ocean,Pacific Ocean,NA,
34.130001068115234,-119.19400024414062,False,-99.0,SCC_B98,2275    ,NA,OAA,USA,Los Angeles,Pacific Ocean,Ventura,Pacific Ocean,Pacific Ocean,NA,
34.124000549316406,-119.18280029296875,False,-99.0,SCC_B98,2276    ,NA,OAA,USA,Los Angeles,Pacific Ocean,Ventura,Pacific Ocean,Pacific Ocean,NA,
33.508201599121094,-117.76509857177734,False,-99.0,SCC_B98,2277    ,NA,OAA,USA,Santa Ana,Pacific Ocean,Orange,Pacific Ocean,Pacific Ocean,NA,
33.50490188598633,-117.76349639892578,False,-99.0,SCC_B98,2278    ,NA,OAA,USA,Santa Ana,Pacific Ocean,Orange,Pacific Ocean,Pacific Ocean,NA,
33.51570129394531,-117.76609802246094,False,-99.0,SCC_B98,2279    ,NA,OAA,USA,Santa Ana,Pacific Ocean,Orange,Pacific Ocean,Pacific Ocean,NA,
33.5088996887207,-117.7688980102539,False,-99.0,SCC_B98,2280    ,NA,OAA,USA,Santa Ana,Pacific Ocean,Orange,Pacific Ocean,Pacific Ocean,NA,
33.432899475097656,-117.69850158691406,False,-99.0,SCC_B98,2281    ,NA,OAA,USA,Santa Ana,Pacific Ocean,Orange,Pacific Ocean,Pacific Ocean,NA,
33.43600082397461,-117.67890167236328,False,-99.0,SCC_B98,2282    ,NA,OAA,USA,Santa Ana,Pacific Ocean,Orange,Pacific Ocean,Pacific Ocean,NA,
33.43170166015625,-117.68949890136719,False,-99.0,SCC_B98,2283    ,NA,OAA,USA,Santa Ana,Pacific Ocean,Orange,Pacific Ocean,Pacific Ocean,NA,
33.433998107910156,-117.6969985961914,False,-99.0,SCC_B98,2284    ,NA,OAA,USA,Santa Ana,Pacific Ocean,Orange,Pacific Ocean,Pacific Ocean,NA,
33.159000396728516,-117.39820098876953,False,-99.0,SCC_B98,2285    ,NA,OAA,USA,San Diego,Pacific Ocean,San Diego,Pacific Ocean,Pacific Ocean,NA,
33.16659927368164,-117.38860321044922,False,-99.0,SCC_B98,2286    ,NA,OAA,USA,San Diego,Pacific Ocean,San Diego,Pacific Ocean,Pacific Ocean,NA,
33.1593017578125,-117.38919830322266,False,-99.0,SCC_B98,2287    ,NA,OAA,USA,San Diego,Pacific Ocean,San Diego,Pacific Ocean,Pacific Ocean,NA,
33.158599853515625,-117.38459777832031,False,-99.0,SCC_B98,2288    ,NA,OAA,USA,San Diego,Pacific Ocean,San Diego,Pacific Ocean,Pacific Ocean,NA,
33.10319900512695,-117.35810089111328,False,-99.0,SCC_B98,2289    ,NA,OAA,USA,San Diego,Pacific Ocean,San Diego,Pacific Ocean,Pacific Ocean,NA,
33.11600112915039,-117.35870361328125,False,-99.0,SCC_B98,2290    ,NA,OAA,USA,San Diego,Pacific Ocean,San Diego,Pacific Ocean,Pacific Ocean,NA,
33.099998474121094,-117.35289764404297,False,-99.0,SCC_B98,2291    ,NA,OAA,USA,San Diego,Pacific Ocean,San Diego,Pacific Ocean,Pacific Ocean,NA,
33.11909866333008,-117.35639953613281,False,-99.0,SCC_B98,2292    ,NA,OAA,USA,San Diego,Pacific Ocean,San Diego,Pacific Ocean,Pacific Ocean,NA,
32.99980163574219,-117.29239654541016,False,-99.0,SCC_B98,2293    ,NA,OAA,USA,San Diego,Pacific Ocean,San Diego,Pacific Ocean,Pacific Ocean,NA,
33.00339889526367,-117.30480194091797,False,-99.0,SCC_B98,2294    ,NA,OAA,USA,San Diego,Pacific Ocean,San Diego,Pacific Ocean,Pacific Ocean,NA,
32.9911003112793,-117.29910278320312,False,-99.0,SCC_B98,2295    ,NA,OAA,USA,San Diego,Pacific Ocean,San Diego,Pacific Ocean,Pacific Ocean,NA,
32.9989013671875,-117.2969970703125,False,-99.0,SCC_B98,2296    ,NA,OAA,USA,San Diego,Pacific Ocean,San Diego,Pacific Ocean,Pacific Ocean,NA,
33.722999572753906,-118.23529815673828,False,-99.0,SCC_B98,2297    ,NA,ESP,USA,Los Angeles,Dominguez Watershed,Los Angeles,San Pedro Bay,Los Angeles Harbor,POLA,
33.72909927368164,-118.23380279541016,False,-99.0,SCC_B98,2298    ,NA,ESP,USA,Los Angeles,Dominguez Watershed,Los Angeles,San Pedro Bay,Long Beach Harbor,POLB,
33.720298767089844,-118.23370361328125,False,-99.0,SCC_B98,2299    ,NA,ESP,USA,Los Angeles,Dominguez Watershed,Los Angeles,San Pedro Bay,Los Angeles Harbor,POLA,
33.71820068359375,-118.23919677734375,False,-99.0,SCC_B98,2300    ,NA,ESP,USA,Los Angeles,Dominguez Watershed,Los Angeles,San Pedro Bay,Los Angeles Harbor,POLA,"Harbor station, no swell  Nominal stn depth 13 m"
34.4010009765625,-119.83280181884766,False,-99.0,SCC_B98,2301    ,NA,OAA,USA,Central Coast,Pacific Ocean,Santa Barbara,Pacific Ocean,Pacific Ocean,NA,
33.5098991394043,-117.77649688720703,False,-99.0,SCC_B98,2302    ,NA,OAA,USA,Santa Ana,Pacific Ocean,Orange,Pacific Ocean,Pacific Ocean,NA,
33.51890182495117,-117.78209686279297,False,-99.0,SCC_B98,2303    ,NA,OAA,USA,Santa Ana,Pacific Ocean,Orange,Pacific Ocean,Pacific Ocean,NA,
33.521400451660156,-117.7697982788086,False,-99.0,SCC_B98,2304    ,NA,OAA,USA,Santa Ana,Pacific Ocean,Orange,Pacific Ocean,Pacific Ocean,NA,
33.97570037841797,-118.47119903564453,False,-99.0,SCC_B98,2305    ,NA,OAA,USA,Los Angeles,Santa Monica,Los Angeles,Santa Monica Bay,Santa Monica Bay,NA,Nominal depth 8 m
33.9359016418457,-118.4530029296875,False,-99.0,SCC_B98,2306    ,NA,OAA,USA,Los Angeles,Santa Monica,Los Angeles,Santa Monica Bay,Santa Monica Bay,NA,Nominal depth: 14 m
33.962501525878906,-118.4761962890625,False,-99.0,SCC_B98,2307    ,NA,OAA,USA,Los Angeles,Santa Monica,Los Angeles,Santa Monica Bay,Santa Monica Bay,NA,
34.08409881591797,-119.0907974243164,False,-99.0,SCC_B98,2308    ,NA,OAA,USA,Los Angeles,Pacific Ocean,Ventura,Pacific Ocean,Pacific Ocean,NA,
34.0906982421875,-119.07209777832031,False,-99.0,SCC_B98,2310    ,NA,OAA,USA,Los Angeles,Pacific Ocean,Ventura,Pacific Ocean,Pacific Ocean,NA,
33.75559997558594,-118.18509674072266,False,-99.0,SCC_B98,2311    ,NA,ESU,USA,Los Angeles,Pacific Ocean,Los Angeles,San Pedro Bay,Long Beach Harbor,NA,L.A. River station. Black sediments.
34.020599365234375,-118.66500091552734,False,-99.0,SCC_B98,2312    ,NA,OAA,USA,Los Angeles,Santa Monica,Los Angeles,Santa Monica Bay,Santa Monica Bay,NA,
34.027099609375,-118.68260192871094,False,-99.0,SCC_B98,2314    ,NA,OAA,USA,Los Angeles,Santa Monica,Los Angeles,Santa Monica Bay,Santa Monica Bay,NA,
32.769500732421875,-117.2697982788086,False,-99.0,SCC_B98,2315    ,NA,OAA,USA,San Diego,Pacific Ocean,San Diego,Pacific Ocean,Pacific Ocean,NA,     
32.7671012878418,-117.27649688720703,False,-99.0,SCC_B98,2317    ,NA,OAA,USA,San Diego,Pacific Ocean,San Diego,Pacific Ocean,Pacific Ocean,NA,     
33.72370147705078,-118.12699890136719,False,-99.0,SCC_B98,2318    ,NA,OAA,USA,Los Angeles,Pacific Ocean,Los Angeles,San Pedro Bay,San Pedro Bay,NA,
33.73720169067383,-118.14340209960938,False,-99.0,SCC_B98,2319    ,NA,ESU,USA,Los Angeles,Pacific Ocean,Los Angeles,San Pedro Bay,Long Beach Harbor,NA,
33.733001708984375,-118.12149810791016,False,-99.0,SCC_B98,2320    ,NA,OAA,USA,Los Angeles,Pacific Ocean,Los Angeles,San Pedro Bay,San Pedro Bay,NA,
33.72949981689453,-118.13400268554688,False,-99.0,SCC_B98,2321    ,NA,ESU,USA,Los Angeles,Pacific Ocean,Los Angeles,San Pedro Bay,Long Beach Harbor,NA,
33.187801361083984,-117.40709686279297,False,-99.0,SCC_B98,2322    ,NA,OAA,USA,San Diego,Pacific Ocean,San Diego,Pacific Ocean,Pacific Ocean,NA,
33.19179916381836,-117.39330291748047,False,-99.0,SCC_B98,2324    ,NA,OAA,USA,San Diego,Pacific Ocean,San Diego,Pacific Ocean,Pacific Ocean,NA,
33.62779998779297,-117.98719787597656,False,-99.0,SCC_B98,2325    ,NA,OAA,USA,Santa Ana,Pacific Ocean,Orange,Pacific Ocean,Pacific Ocean,NA,
33.62269973754883,-117.9561996459961,False,-99.0,SCC_B98,2326    ,NA,OAA,USA,Santa Ana,Pacific Ocean,Orange,Pacific Ocean,Pacific Ocean,NA,
34.22019958496094,-119.28890228271484,False,-99.0,SCC_B98,2328    ,NA,OAA,USA,Los Angeles,Pacific Ocean,Ventura,Pacific Ocean,Pacific Ocean,NA,
34.25,-119.27660369873047,False,-99.0,SCC_B98,2329    ,NA,OAA,USA,Los Angeles,Pacific Ocean,Ventura,Pacific Ocean,Pacific Ocean,NA,
34.23939895629883,-119.28070068359375,False,-99.0,SCC_B98,2330    ,NA,OAA,USA,Los Angeles,Pacific Ocean,Ventura,Pacific Ocean,Pacific Ocean,NA,
34.24580001831055,-119.28939819335938,False,-99.0,SCC_B98,2331    ,NA,OAA,USA,Los Angeles,Pacific Ocean,Ventura,Pacific Ocean,Pacific Ocean,NA,
33.21419906616211,-117.40969848632812,False,-99.0,SCC_B98,2333    ,NA,OAA,USA,San Diego,Pacific Ocean,San Diego,Pacific Ocean,Pacific Ocean,NA,
32.544700622558594,-117.15480041503906,False,-99.0,SCC_B98,2335    ,NA,OAA,USA,San Diego,Pacific Ocean,San Diego,Pacific Ocean,Pacific Ocean,NA,   
34.26969909667969,-119.34110260009766,False,-99.0,SCC_B98,2338    ,NA,OAA,USA,Los Angeles,Pacific Ocean,Ventura,Pacific Ocean,Pacific Ocean,NA,
34.26696014404297,-119.3122329711914,False,-99.0,SCC_B98,2339    ,NA,OAA,USA,Los Angeles,Pacific Ocean,Ventura,Pacific Ocean,Pacific Ocean,NA,
34.26499938964844,-119.3407974243164,False,-99.0,SCC_B98,2340    ,NA,OAA,USA,Los Angeles,Pacific Ocean,Ventura,Pacific Ocean,Pacific Ocean,NA,
34.088348388671875,-119.15133666992188,False,-99.0,SCC_B98,2341    ,NA,OAA,USA,Los Angeles,Pacific Ocean,Ventura,Pacific Ocean,Pacific Ocean,NA,
34.070068359375,-119.15965270996094,False,-99.0,SCC_B98,2342    ,NA,OAA,USA,Los Angeles,Pacific Ocean,Ventura,Pacific Ocean,Pacific Ocean,NA,
34.024417877197266,-118.85179901123047,False,-99.0,SCC_B98,2343    ,NA,OAA,USA,Los Angeles,Pacific Ocean,Los Angeles,Pacific Ocean,Pacific Ocean,NA,
34.01883316040039,-118.8563003540039,False,-99.0,SCC_B98,2344    ,NA,OAA,USA,Los Angeles,Pacific Ocean,Los Angeles,Pacific Ocean,Pacific Ocean,NA,
33.507415771484375,-117.76844787597656,False,-99.0,SCC_B98,2345    ,NA,OAA,USA,Santa Ana,Pacific Ocean,Orange,Pacific Ocean,Pacific Ocean,NA,
33.494049072265625,-117.77713012695312,False,-99.0,SCC_B98,2346    ,NA,OAA,USA,Santa Ana,Pacific Ocean,Orange,Pacific Ocean,Pacific Ocean,NA,
33.40483474731445,-117.6544189453125,False,-99.0,SCC_B98,2347    ,NA,OAA,USA,Santa Ana,Pacific Ocean,Orange,Pacific Ocean,Pacific Ocean,NA,
33.39535140991211,-117.66508483886719,False,-99.0,SCC_B98,2348    ,NA,OAA,USA,Santa Ana,Pacific Ocean,Orange,Pacific Ocean,Pacific Ocean,NA,
32.89459991455078,-117.26882934570312,False,-99.0,SCC_B98,2349    ,NA,OAA,USA,San Diego,Pacific Ocean,San Diego,Pacific Ocean,Pacific Ocean,NA,  
32.8886833190918,-117.27771759033203,False,-99.0,SCC_B98,2350    ,NA,OAA,USA,San Diego,Pacific Ocean,San Diego,Pacific Ocean,Pacific Ocean,NA,Wind direction inadvertently not recorded.
32.82149887084961,-117.32019805908203,False,-99.0,SCC_B98,2351    ,NA,OAA,USA,San Diego,Pacific Ocean,San Diego,Pacific Ocean,Pacific Ocean,NA,Sed composition=fine sand w/shell hash.Wind dir. n
32.54203414916992,-117.19023132324219,False,-99.0,SCC_B98,2352    ,NA,OAA,USA,San Diego,Pacific Ocean,San Diego,Pacific Ocean,Pacific Ocean,NA, 
32.551998138427734,-117.26366424560547,False,-99.0,SCC_B98,2353    ,NA,OAA,USA,San Diego,Pacific Ocean,San Diego,Pacific Ocean,Pacific Ocean,NA, 
34.45886993408203,-120.31282806396484,False,-99.0,SCC_B98,2354    ,NA,OAA,USA,Central Coast,Pacific Ocean,Santa Barbara,Pacific Ocean,Pacific Ocean,NA,
34.45159912109375,-120.33624267578125,False,-99.0,SCC_B98,2355    ,NA,OAA,USA,Central Coast,Pacific Ocean,Santa Barbara,Pacific Ocean,Pacific Ocean,NA,
34.447879791259766,-120.07344818115234,False,-99.0,SCC_B98,2356    ,NA,OAA,USA,Central Coast,Pacific Ocean,Santa Barbara,Pacific Ocean,Pacific Ocean,NA,
34.40631866455078,-119.94078826904297,False,-99.0,SCC_B98,2357    ,NA,OAA,USA,Central Coast,Pacific Ocean,Santa Barbara,Pacific Ocean,Pacific Ocean,NA,
34.39680862426758,-119.97250366210938,False,-99.0,SCC_B98,2358    ,NA,OAA,USA,Central Coast,Pacific Ocean,Santa Barbara,Pacific Ocean,Pacific Ocean,NA,
34.39839172363281,-119.86476135253906,False,-99.0,SCC_B98,2359    ,NA,OAA,USA,Central Coast,Pacific Ocean,Santa Barbara,Pacific Ocean,Pacific Ocean,NA,
34.39400100708008,-119.87538146972656,False,-99.0,SCC_B98,2360    ,NA,OAA,USA,Central Coast,Pacific Ocean,Santa Barbara,Pacific Ocean,Pacific Ocean,NA,
34.399681091308594,-119.57106018066406,False,-99.0,SCC_B98,2361    ,NA,OAA,USA,Central Coast,Pacific Ocean,Santa Barbara,Pacific Ocean,Pacific Ocean,NA,
34.368831634521484,-119.66828918457031,False,-99.0,SCC_B98,2362    ,NA,OAA,USA,Central Coast,Pacific Ocean,Santa Barbara,Pacific Ocean,Pacific Ocean,NA,
34.355281829833984,-119.62876892089844,False,-99.0,SCC_B98,2363    ,NA,OAA,USA,Central Coast,Pacific Ocean,Santa Barbara,Pacific Ocean,Pacific Ocean,NA,
34.34273910522461,-119.65682983398438,False,-99.0,SCC_B98,2364    ,NA,OAA,USA,Central Coast,Pacific Ocean,Santa Barbara,Pacific Ocean,Pacific Ocean,NA,
34.34408187866211,-119.56257629394531,False,-99.0,SCC_B98,2365    ,NA,OAA,USA,Central Coast,Pacific Ocean,Santa Barbara,Pacific Ocean,Pacific Ocean,NA,
34.33147048950195,-119.61058807373047,False,-99.0,SCC_B98,2366    ,NA,OAA,USA,Central Coast,Pacific Ocean,Santa Barbara,Pacific Ocean,Pacific Ocean,NA,
34.31740951538086,-119.53314971923828,False,-99.0,SCC_B98,2367    ,NA,OAA,USA,Central Coast,Pacific Ocean,Santa Barbara,Pacific Ocean,Pacific Ocean,NA,
34.30118942260742,-119.46309661865234,False,-99.0,SCC_B98,2368    ,NA,OAA,USA,Los Angeles,Pacific Ocean,Ventura,Pacific Ocean,Pacific Ocean,NA,
34.30413818359375,-119.42533111572266,False,-99.0,SCC_B98,2369    ,NA,OAA,USA,Los Angeles,Pacific Ocean,Ventura,Pacific Ocean,Pacific Ocean,NA,
34.298648834228516,-119.36229705810547,False,-99.0,SCC_B98,2370    ,NA,OAA,USA,Los Angeles,Pacific Ocean,Ventura,Pacific Ocean,Pacific Ocean,NA,
34.26483917236328,-119.50965881347656,False,-99.0,SCC_B98,2371    ,NA,OAA,USA,Central Coast,Pacific Ocean,Santa Barbara,Pacific Ocean,Pacific Ocean,NA,
34.239810943603516,-119.60212707519531,False,-99.0,SCC_B98,2372    ,NA,OAA,USA,Central Coast,Pacific Ocean,Santa Barbara,Pacific Ocean,Pacific Ocean,NA,
34.220550537109375,-119.38587951660156,False,-99.0,SCC_B98,2373    ,NA,OAA,USA,Los Angeles,Pacific Ocean,Ventura,Pacific Ocean,Pacific Ocean,NA,
34.188419342041016,-119.49137878417969,False,-99.0,SCC_B98,2374    ,NA,OAA,USA,Central Coast,Pacific Ocean,Santa Barbara,Pacific Ocean,Pacific Ocean,NA,
34.18758010864258,-119.35540008544922,False,-99.0,SCC_B98,2375    ,NA,OAA,USA,Los Angeles,Pacific Ocean,Ventura,Pacific Ocean,Pacific Ocean,NA,
34.17866897583008,-119.34686279296875,False,-99.0,SCC_B98,2376    ,NA,OAA,USA,Los Angeles,Pacific Ocean,Ventura,Pacific Ocean,Pacific Ocean,NA,
34.038421630859375,-118.93932342529297,False,-99.0,SCC_B98,2377    ,NA,OAA,USA,Los Angeles,Pacific Ocean,Los Angeles,Pacific Ocean,Pacific Ocean,NA,
34.03200912475586,-118.92228698730469,False,-99.0,SCC_B98,2378    ,NA,OAA,USA,Los Angeles,Pacific Ocean,Los Angeles,Pacific Ocean,Pacific Ocean,NA,
34.01900100708008,-118.83728790283203,False,-99.0,SCC_B98,2379    ,NA,OAA,USA,Los Angeles,Pacific Ocean,Los Angeles,Pacific Ocean,Pacific Ocean,NA,
34.01810073852539,-118.75942993164062,False,-99.0,SCC_B98,2380    ,NA,OAA,USA,Los Angeles,Santa Monica,Los Angeles,Santa Monica Bay,Santa Monica Bay,NA,
34.00294876098633,-118.76933288574219,False,-99.0,SCC_B98,2381    ,NA,OAA,USA,Los Angeles,Santa Monica,Los Angeles,Santa Monica Bay,Santa Monica Bay,NA,
34.02320861816406,-118.59281921386719,False,-99.0,SCC_B98,2382    ,NA,OAA,USA,Los Angeles,Santa Monica,Los Angeles,Santa Monica Bay,Santa Monica Bay,NA,Nominal coordinates incorrect.  Should be 34 01.39
34.01118087768555,-118.51294708251953,False,-99.0,SCC_B98,2383    ,NA,OAA,USA,Los Angeles,Santa Monica,Los Angeles,Santa Monica Bay,Santa Monica Bay,NA,
33.93014144897461,-118.50469207763672,False,-99.0,SCC_B98,2384    ,NA,OAA,USA,Los Angeles,Santa Monica,Los Angeles,Santa Monica Bay,Santa Monica Bay,NA,
33.90637969970703,-118.45706939697266,False,-99.0,SCC_B98,2385    ,NA,OAA,USA,Los Angeles,Santa Monica,Los Angeles,Santa Monica Bay,Santa Monica Bay,NA,
33.87812042236328,-118.42447662353516,False,-99.0,SCC_B98,2386    ,NA,OAA,USA,Los Angeles,Santa Monica,Los Angeles,Santa Monica Bay,Santa Monica Bay,NA,
33.84833908081055,-118.45221710205078,False,-99.0,SCC_B98,2387    ,NA,OAA,USA,Los Angeles,Santa Monica Bay,Los Angeles,Santa Monica Bay,Santa Monica Bay,NA,
33.74816131591797,-118.14888000488281,False,-99.0,SCC_B98,2388    ,NA,ESU,USA,Los Angeles,Pacific Ocean,Los Angeles,San Pedro Bay,Long Beach Harbor,NA,
33.70949935913086,-118.32192993164062,False,-99.0,SCC_B98,2389    ,NA,OAA,USA,Los Angeles,Pacific Ocean,Los Angeles,Pacific Ocean,Pacific Ocean,NA,
33.69334030151367,-118.26468658447266,False,-99.0,SCC_B98,2390    ,NA,OAA,USA,Los Angeles,Pacific Ocean,Los Angeles,Pacific Ocean,Pacific Ocean,NA,
33.70941162109375,-118.13774108886719,False,-99.0,SCC_B98,2391    ,NA,OAA,USA,Los Angeles,Pacific Ocean,Los Angeles,San Pedro Bay,San Pedro Bay,NA,
33.70507049560547,-118.1552734375,False,-99.0,SCC_B98,2392    ,NA,OAA,USA,Los Angeles,Pacific Ocean,Los Angeles,San Pedro Bay,San Pedro Bay,NA,
33.68281173706055,-118.08831024169922,False,-99.0,SCC_B98,2393    ,NA,OAA,USA,Santa Ana,Pacific Ocean,Orange,Pacific Ocean,Pacific Ocean,NA,
33.651031494140625,-118.24906921386719,False,-99.0,SCC_B98,2394    ,NA,OAA,USA,Los Angeles,Pacific Ocean,Los Angeles,Pacific Ocean,Pacific Ocean,NA,
33.6726188659668,-118.05403900146484,False,-99.0,SCC_B98,2395    ,NA,OAA,USA,Santa Ana,Pacific Ocean,Orange,Pacific Ocean,Pacific Ocean,NA,
33.64799880981445,-118.14949798583984,False,-99.0,SCC_B98,2396    ,NA,OAA,USA,Santa Ana,Pacific Ocean,Orange,Pacific Ocean,Pacific Ocean,NA,
33.65000915527344,-118.12609100341797,False,-99.0,SCC_B98,2397    ,NA,OAA,USA,Santa Ana,Pacific Ocean,Orange,Pacific Ocean,Pacific Ocean,NA,
33.61920166015625,-118.14306640625,False,-99.0,SCC_B98,2398    ,NA,OAA,USA,Santa Ana,Pacific Ocean,Orange,Pacific Ocean,Pacific Ocean,NA,
33.63478088378906,-117.99484252929688,False,-99.0,SCC_B98,2399    ,NA,OAA,USA,Santa Ana,Pacific Ocean,Orange,Pacific Ocean,Pacific Ocean,NA,
33.603458404541016,-118.09545135498047,False,-99.0,SCC_B98,2400    ,NA,OAA,USA,Santa Ana,Pacific Ocean,Orange,Pacific Ocean,Pacific Ocean,NA,
33.591400146484375,-117.957763671875,False,-99.0,SCC_B98,2401    ,NA,OAA,USA,Santa Ana,Pacific Ocean,Orange,Pacific Ocean,Pacific Ocean,NA,
33.557579040527344,-117.8297119140625,False,-99.0,SCC_B98,2402    ,NA,OAA,USA,Santa Ana,Pacific Ocean,Orange,Pacific Ocean,Pacific Ocean,NA,
33.51860046386719,-117.80297088623047,False,-99.0,SCC_B98,2403    ,NA,OAA,USA,Santa Ana,Pacific Ocean,Orange,Pacific Ocean,Pacific Ocean,NA,
33.42203140258789,-117.65541076660156,False,-99.0,SCC_B98,2404    ,NA,OAA,USA,Santa Ana,Pacific Ocean,Orange,Pacific Ocean,Pacific Ocean,NA,
33.29444885253906,-117.55956268310547,False,-99.0,SCC_B98,2405    ,NA,OAA,USA,San Diego,Pacific Ocean,San Diego,Pacific Ocean,Pacific Ocean,NA,
33.281639099121094,-117.47103118896484,False,-99.0,SCC_B98,2406    ,NA,OAA,USA,San Diego,Pacific Ocean,San Diego,Pacific Ocean,Pacific Ocean,NA,
33.26020050048828,-117.52352142333984,False,-99.0,SCC_B98,2407    ,NA,OAA,USA,San Diego,Pacific Ocean,San Diego,Pacific Ocean,Pacific Ocean,NA,
33.10512924194336,-117.36190795898438,False,-99.0,SCC_B98,2408    ,NA,OAA,USA,San Diego,Pacific Ocean,San Diego,Pacific Ocean,Pacific Ocean,NA,
33.000701904296875,-117.28334045410156,False,-99.0,SCC_B98,2409    ,NA,OAA,USA,San Diego,Pacific Ocean,San Diego,Pacific Ocean,Pacific Ocean,NA,
32.772090911865234,-117.3545913696289,False,-99.0,SCC_B98,2410    ,NA,OAA,USA,San Diego,Pacific Ocean,San Diego,Pacific Ocean,Pacific Ocean,NA,
32.75267028808594,-117.34297943115234,False,-99.0,SCC_B98,2411    ,NA,OAA,USA,San Diego,Pacific Ocean,San Diego,Pacific Ocean,Pacific Ocean,NA,
32.72145080566406,-117.29625701904297,False,-99.0,SCC_B98,2412    ,NA,OAA,USA,San Diego,Pacific Ocean,San Diego,Pacific Ocean,Pacific Ocean,NA,                          
32.69036102294922,-117.27828216552734,False,-99.0,SCC_B98,2413    ,NA,OAA,USA,San Diego,Pacific Ocean,San Diego,Pacific Ocean,Pacific Ocean,NA,                           
32.67683029174805,-117.18998718261719,False,-99.0,SCC_B98,2414    ,NA,OAA,USA,San Diego,Pacific Ocean,San Diego,Pacific Ocean,Pacific Ocean,NA,Sediment composition=fine sand w/shell hash.
32.65863037109375,-117.18213653564453,False,-99.0,SCC_B98,2415    ,NA,OAA,USA,San Diego,Pacific Ocean,San Diego,Pacific Ocean,Pacific Ocean,NA,     
32.66178894042969,-117.16374206542969,False,-99.0,SCC_B98,2416    ,NA,OAA,USA,San Diego,Pacific Ocean,San Diego,Pacific Ocean,Pacific Ocean,NA,Station abandoned <5 cm penetration
32.62495040893555,-117.21479034423828,False,-99.0,SCC_B98,2417    ,NA,OAA,USA,San Diego,Pacific Ocean,San Diego,Pacific Ocean,Pacific Ocean,NA,         
32.59519958496094,-117.31481170654297,False,-99.0,SCC_B98,2418    ,NA,OAA,USA,San Diego,Pacific Ocean,San Diego,Pacific Ocean,Pacific Ocean,NA,Sediment composition=silt with shell hash.
32.589378356933594,-117.26361083984375,False,-99.0,SCC_B98,2419    ,NA,OAA,USA,San Diego,Pacific Ocean,San Diego,Pacific Ocean,Pacific Ocean,NA,"Sediment composition=mixed sand,silt, shell hash &"
33.76646041870117,-118.24131774902344,False,-99.0,SCC_B98,2421    ,NA,ESP,USA,Los Angeles,Dominguez Watershed,Los Angeles,San Pedro Bay,Los Angeles Harbor,POLA,
32.78092956542969,-117.24960327148438,False,-99.0,SCC_B98,2423    ,NA,ESM,USA,San Diego,Penasquitos,San Diego,Mission Bay,Mission Bay,NA,Eelgrass (zostera marina) beds in this basin.Grabs
32.76668167114258,-117.24685668945312,False,-99.0,SCC_B98,2424    ,NA,ESM,USA,San Diego,Penasquitos,San Diego,Mission Bay,Mission Bay,NA,Sediment color=olive green & black. 
32.76715087890625,-117.23551177978516,False,-99.0,SCC_B98,2425    ,NA,ESS,USA,San Diego,Penasquitos,San Diego,Mission Bay,Mission Bay,NA,Eelgrass (zostera marina) beds in this basin.Grabs
33.73426055908203,-118.23149108886719,False,-99.0,SCC_B98,2426    ,NA,ESP,USA,Los Angeles,Dominguez Watershed,Los Angeles,San Pedro Bay,Long Beach Harbor,POLB,
33.7310791015625,-118.23526000976562,False,-99.0,SCC_B98,2427    ,NA,ESP,USA,Los Angeles,Dominguez Watershed,Los Angeles,San Pedro Bay,Long Beach Harbor,POLB,
33.7187614440918,-118.25914764404297,False,-99.0,SCC_B98,2428    ,NA,ESP,USA,Los Angeles,Dominguez Watershed,Los Angeles,San Pedro Bay,Los Angeles Harbor,POLA,Nominal station depth 23 m.  Nominal station on th
33.769161224365234,-118.22453308105469,False,-99.0,SCC_B98,2430    ,NA,ESP,USA,Los Angeles,Dominguez Watershed,Los Angeles,San Pedro Bay,Long Beach Harbor,POLB,
33.75334167480469,-118.22415161132812,False,-99.0,SCC_B98,2431    ,NA,ESP,USA,Los Angeles,Dominguez Watershed,Los Angeles,San Pedro Bay,Long Beach Harbor,POLB,
33.750850677490234,-118.23050689697266,False,-99.0,SCC_B98,2432    ,NA,ESP,USA,Los Angeles,Dominguez Watershed,Los Angeles,San Pedro Bay,Long Beach Harbor,POLB,
32.722389221191406,-117.20950317382812,False,-99.0,SCC_B98,2433    ,NA,ESS,USA,San Diego,San Diego Bay,San Diego,San Diego Bay,SD Bay North,NA,Sediment color=olive green & gray. 
32.72486877441406,-117.18359375,False,-99.0,SCC_B98,2434    ,NA,ESM,USA,San Diego,San Diego Bay,San Diego,San Diego Bay,SD Bay North,NA,Sediment composition=silt w/shell hash.
32.71158981323242,-117.22289276123047,False,-99.0,SCC_B98,2435    ,NA,ESS,USA,San Diego,San Diego Bay,San Diego,San Diego Bay,SD Bay North,NA,                             
32.71503829956055,-117.1830825805664,False,-99.0,SCC_B98,2436    ,NA,ESS,USA,San Diego,San Diego Bay,San Diego,San Diego Bay,SD Bay North,NA,Sediment composition=silt w/shell hash.
32.622291564941406,-117.1014404296875,False,-99.0,SCC_B98,2438    ,NA,ESM,USA,San Diego,San Diego Bay,San Diego,San Diego Bay,SD Bay South,NA,Sediment color=gray.             
32.72602844238281,-117.18946075439453,False,-99.0,SCC_B98,2439    ,NA,ESM,USA,San Diego,San Diego Bay,San Diego,San Diego Bay,SD Bay North,NA,                                           
32.718509674072266,-117.17484283447266,False,-99.0,SCC_B98,2440    ,NA,ESP,USA,San Diego,San Diego Bay,San Diego,San Diego Bay,SD Bay North,NA,                                         
32.69110870361328,-117.23802947998047,False,-99.0,SCC_B98,2441    ,NA,ESP,USA,San Diego,San Diego Bay,San Diego,San Diego Bay,SD Bay North,NA,None
32.68925857543945,-117.23706817626953,False,-99.0,SCC_B98,2442    ,NA,ESP,USA,San Diego,San Diego Bay,San Diego,San Diego Bay,SD Bay North,NA,None
33.98331069946289,-118.45054626464844,False,-99.0,SCC_B98,2443    ,NA,ESM,USA,Los Angeles,Santa Monica Bay,Los Angeles,Marina del Rey,Marina Del Rey,NA,
33.98125076293945,-118.44822692871094,False,-99.0,SCC_B98,2444    ,NA,ESM,USA,Los Angeles,Santa Monica Bay,Los Angeles,Marina del Rey,Marina Del Rey,NA,
33.978328704833984,-118.45551300048828,False,-99.0,SCC_B98,2445    ,NA,ESM,USA,Los Angeles,Santa Monica Bay,Los Angeles,Marina del Rey,Marina Del Rey,NA,
33.97734069824219,-118.4414291381836,False,-99.0,SCC_B98,2446    ,NA,ESM,USA,Los Angeles,Santa Monica Bay,Los Angeles,Marina del Rey,Marina Del Rey,NA,
33.97404098510742,-118.44718933105469,False,-99.0,SCC_B98,2447    ,NA,ESM,USA,Los Angeles,Santa Monica Bay,Los Angeles,Marina del Rey,Marina Del Rey,NA,
33.97031021118164,-118.44819641113281,False,-99.0,SCC_B98,2448    ,NA,ESM,USA,Los Angeles,Santa Monica Bay,Los Angeles,Marina del Rey,Marina Del Rey,NA,
33.96377182006836,-118.45720672607422,False,-99.0,SCC_B98,2449    ,NA,ESM,USA,Los Angeles,Santa Monica Bay,Los Angeles,Marina del Rey,Marina Del Rey,NA,
33.760040283203125,-118.19923400878906,False,-99.0,SCC_B98,2450    ,NA,ESU,USA,Los Angeles,Los Angeles River,Los Angeles,San Pedro Bay,Long Beach Harbor,NA,
33.75222396850586,-118.174072265625,False,-99.0,SCC_B98,2451    ,NA,ESU,USA,Los Angeles,Pacific Ocean,Los Angeles,San Pedro Bay,Long Beach Harbor,NA,
33.628028869628906,-117.97489166259766,False,-99.0,SCC_B98,2453    ,NA,OAA,USA,Santa Ana,Pacific Ocean,Orange,Pacific Ocean,Pacific Ocean,NA,
33.50985336303711,-117.7530746459961,False,-99.0,SCC_B98,2454    ,NA,ESR,USA,Santa Ana,San Juan,Orange,Aliso Creek,Aliso Creek,NA,
33.11005783081055,-117.3467788696289,False,-99.0,SCC_B98,2455    ,NA,OAA,USA,San Diego,Pacific Ocean,San Diego,Pacific Ocean,Pacific Ocean,NA,
33.010555267333984,-117.30249786376953,False,-99.0,SCC_B98,2456    ,NA,OAA,USA,San Diego,Pacific Ocean,San Diego,Pacific Ocean,Pacific Ocean,NA,
33.4410514831543,-117.69136810302734,False,-99.0,SCC_B98,2457    ,NA,OAA,USA,Santa Ana,Pacific Ocean,Orange,Pacific Ocean,Pacific Ocean,NA,
32.6131591796875,-117.35320281982422,False,-99.0,SCC_B98,2461    ,NA,OAA,USA,San Diego,Pacific Ocean,San Diego,Pacific Ocean,Pacific Ocean,NA,
32.60042953491211,-117.41313934326172,False,-99.0,SCC_B98,2462    ,NA,OAA,USA,San Diego,Pacific Ocean,San Diego,Pacific Ocean,Pacific Ocean,NA,
33.96516036987305,-119.85260009765625,False,-99.0,SCC_B98,2467    ,NA,OAA,USA,Central Coast,Channel Islands,Santa Barbara,Pacific Ocean,Pacific Ocean,NA,
34.01121139526367,-120.37220001220703,False,-99.0,SCC_B98,2469    ,NA,OAA,USA,Central Coast,Channel Islands,Santa Barbara,Pacific Ocean,Pacific Ocean,NA,
34.01213073730469,-119.89739990234375,False,-99.0,SCC_B98,2472    ,NA,OAA,USA,Central Coast,Channel Islands,Santa Barbara,Pacific Ocean,Pacific Ocean,NA,
34.047630310058594,-119.9115982055664,False,-99.0,SCC_B98,2475    ,NA,OAA,USA,Central Coast,Channel Islands,Santa Barbara,Pacific Ocean,Pacific Ocean,NA,wind W/NW
34.051021575927734,-120.33529663085938,False,-99.0,SCC_B98,2476    ,NA,OAA,USA,Central Coast,Channel Islands,Santa Barbara,Pacific Ocean,Pacific Ocean,NA,sea state estimated
34.06882095336914,-119.7698974609375,False,-99.0,SCC_B98,2479    ,NA,OAA,USA,Central Coast,Channel Islands,Santa Barbara,Pacific Ocean,Pacific Ocean,NA,wind light and variable
34.15007019042969,-120.35449981689453,False,-99.0,SCC_B98,2480    ,NA,OAA,USA,Central Coast,Channel Islands,Santa Barbara,Pacific Ocean,Pacific Ocean,NA,
33.89345932006836,-120.02880096435547,False,-99.0,SCC_B98,2482    ,NA,OAA,USA,Central Coast,Channel Islands,Santa Barbara,Pacific Ocean,Pacific Ocean,NA,
34.08061981201172,-120.1270980834961,False,-99.0,SCC_B98,2483    ,NA,OAA,USA,Central Coast,Channel Islands,Santa Barbara,Pacific Ocean,Pacific Ocean,NA,wind W/NW
33.84226989746094,-120.03630065917969,False,-99.0,SCC_B98,2485    ,NA,OAA,USA,Central Coast,Channel Islands,Santa Barbara,Pacific Ocean,Pacific Ocean,NA,wind W/NW
34.014408111572266,-120.43730163574219,False,-99.0,SCC_B98,2487    ,NA,OAA,USA,Central Coast,Channel Islands,Santa Barbara,Pacific Ocean,Pacific Ocean,NA,
33.94369125366211,-120.2406005859375,False,-99.0,SCC_B98,2489    ,NA,OAA,USA,Central Coast,Channel Islands,Santa Barbara,Pacific Ocean,Pacific Ocean,NA,
34.04547882080078,-120.49009704589844,False,-99.0,SCC_B98,2490    ,NA,OAA,USA,Central Coast,Channel Islands,Santa Barbara,Pacific Ocean,Pacific Ocean,NA,
34.011451721191406,-120.47460174560547,False,-99.0,SCC_B98,2491    ,NA,OAA,USA,Central Coast,Channel Islands,Santa Barbara,Pacific Ocean,Pacific Ocean,NA,
33.912811279296875,-119.94760131835938,False,-99.0,SCC_B98,2492    ,NA,OAA,USA,Central Coast,Channel Islands,Santa Barbara,Pacific Ocean,Pacific Ocean,NA,
34.07862854003906,-119.88790130615234,False,-99.0,SCC_B98,2493    ,NA,OAA,USA,Central Coast,Channel Islands,Santa Barbara,Pacific Ocean,Pacific Ocean,NA,
33.79164123535156,-120.03700256347656,False,-99.0,SCC_B98,2494    ,NA,OAA,USA,Central Coast,Channel Islands,Santa Barbara,Pacific Ocean,Pacific Ocean,NA,
33.783599853515625,-119.95719909667969,False,-99.0,SCC_B98,2497    ,NA,OAA,USA,Central Coast,Channel Islands,Santa Barbara,Pacific Ocean,Pacific Ocean,NA,
34.11149978637695,-119.7781982421875,False,-99.0,SCC_B98,2499    ,NA,OAA,USA,Central Coast,Channel Islands,Santa Barbara,Pacific Ocean,Pacific Ocean,NA,
34.17348098754883,-120.40249633789062,False,-99.0,SCC_B98,2502    ,NA,OAA,USA,Central Coast,Channel Islands,Santa Barbara,Pacific Ocean,Pacific Ocean,NA,
33.509700775146484,-119.07599639892578,False,-99.0,SCC_B98,2511    ,NA,OAA,USA,Central Coast,Channel Islands,Santa Barbara,Pacific Ocean,Pacific Ocean,NA,
33.47611999511719,-119.00060272216797,False,-99.0,SCC_B98,2512    ,NA,OAA,USA,Central Coast,Channel Islands,Santa Barbara,Pacific Ocean,Pacific Ocean,NA,
33.99102020263672,-119.38780212402344,False,-99.0,SCC_B98,2513    ,NA,OAA,USA,Los Angeles,Channel Islands,Ventura,Pacific Ocean,Pacific Ocean,NA,
34.032928466796875,-119.50920104980469,False,-99.0,SCC_B98,2514    ,NA,OAA,USA,Central Coast,Channel Islands,Santa Barbara,Pacific Ocean,Pacific Ocean,NA,wind light and variable
34.08436965942383,-119.6675033569336,False,-99.0,SCC_B98,2515    ,NA,OAA,USA,Central Coast,Channel Islands,Santa Barbara,Pacific Ocean,Pacific Ocean,NA,wind light and variable
34.06660842895508,-119.58889770507812,False,-99.0,SCC_B98,2516    ,NA,OAA,USA,Central Coast,Channel Islands,Santa Barbara,Pacific Ocean,Pacific Ocean,NA,wind light and variable
34.096710205078125,-119.73709869384766,False,-99.0,SCC_B98,2518    ,NA,OAA,USA,Central Coast,Channel Islands,Santa Barbara,Pacific Ocean,Pacific Ocean,NA,wind light and variable
33.969268798828125,-119.631103515625,False,-99.0,SCC_B98,2519    ,NA,OAA,USA,Central Coast,Channel Islands,Santa Barbara,Pacific Ocean,Pacific Ocean,NA,wind light and variable
34.031009674072266,-119.42289733886719,False,-99.0,SCC_B98,2520    ,NA,OAA,USA,Los Angeles,Channel Islands,Ventura,Pacific Ocean,Pacific Ocean,NA,
33.943458557128906,-119.7822036743164,False,-99.0,SCC_B98,2521    ,NA,OAA,USA,Central Coast,Channel Islands,Santa Barbara,Pacific Ocean,Pacific Ocean,NA,
34.05870056152344,-119.49669647216797,False,-99.0,SCC_B98,2522    ,NA,OAA,USA,Central Coast,Channel Islands,Santa Barbara,Pacific Ocean,Pacific Ocean,NA,
33.472599029541016,-119.09420013427734,False,-99.0,SCC_B98,2523    ,NA,OAA,USA,Central Coast,Channel Islands,Santa Barbara,Pacific Ocean,Pacific Ocean,NA,
34.05453872680664,-119.3324966430664,False,-99.0,SCC_B98,2525    ,NA,OAA,USA,Los Angeles,Channel Islands,Ventura,Pacific Ocean,Pacific Ocean,NA,
34.10401916503906,-119.73429870605469,False,-99.0,SCC_B98,2526    ,NA,OAA,USA,Central Coast,Channel Islands,Santa Barbara,Pacific Ocean,Pacific Ocean,NA,
34.07176971435547,-119.41919708251953,False,-99.0,SCC_B98,2528    ,NA,OAA,USA,Los Angeles,Channel Islands,Ventura,Pacific Ocean,Pacific Ocean,NA,
34.087520599365234,-119.50360107421875,False,-99.0,SCC_B98,2531    ,NA,OAA,USA,Central Coast,Channel Islands,Santa Barbara,Pacific Ocean,Pacific Ocean,NA,
34.08549118041992,-119.54779815673828,False,-99.0,SCC_B98,2534    ,NA,OAA,USA,Central Coast,Channel Islands,Santa Barbara,Pacific Ocean,Pacific Ocean,NA,
34.101661682128906,-119.65840148925781,False,-99.0,SCC_B98,2537    ,NA,OAA,USA,Central Coast,Channel Islands,Santa Barbara,Pacific Ocean,Pacific Ocean,NA,
34.100521087646484,-119.72830200195312,False,-99.0,SCC_B98,2538    ,NA,OAA,USA,Central Coast,Channel Islands,Santa Barbara,Pacific Ocean,Pacific Ocean,NA,
33.961299896240234,-119.71209716796875,False,-99.0,SCC_B98,2540    ,NA,OAA,USA,Central Coast,Channel Islands,Santa Barbara,Pacific Ocean,Pacific Ocean,NA,wind light and variable
33.462249755859375,-119.02989959716797,False,-99.0,SCC_B98,2542    ,NA,OAA,USA,Central Coast,Channel Islands,Santa Barbara,Pacific Ocean,Pacific Ocean,NA,
34.003421783447266,-119.42870330810547,False,-99.0,SCC_B98,2543    ,NA,OAA,USA,Los Angeles,Channel Islands,Ventura,Pacific Ocean,Pacific Ocean,NA,
34.01921081542969,-119.36470031738281,False,-99.0,SCC_B98,2545    ,NA,OAA,USA,Los Angeles,Channel Islands,Ventura,Pacific Ocean,Pacific Ocean,NA,
34.01055145263672,-119.40489959716797,False,-99.0,SCC_B98,2546    ,NA,OAA,USA,Los Angeles,Channel Islands,Ventura,Pacific Ocean,Pacific Ocean,NA,
34.054290771484375,-119.57350158691406,False,-99.0,SCC_B98,2547    ,NA,OAA,USA,Central Coast,Channel Islands,Santa Barbara,Pacific Ocean,Pacific Ocean,NA,wind light and variable
33.987030029296875,-119.5886001586914,False,-99.0,SCC_B98,2549    ,NA,OAA,USA,Central Coast,Channel Islands,Santa Barbara,Pacific Ocean,Pacific Ocean,NA,wind light and variable
33.99972915649414,-119.5385971069336,False,-99.0,SCC_B98,2551    ,NA,OAA,USA,Central Coast,Channel Islands,Santa Barbara,Pacific Ocean,Pacific Ocean,NA,
33.578250885009766,-118.01445007324219,False,-99.0,SCC_B98,2554    ,NA,OAA,USA,Santa Ana,Pacific Ocean,Orange,Pacific Ocean,Pacific Ocean,NA,
33.577239990234375,-118.00395965576172,False,-99.0,SCC_B98,2555    ,NA,OAA,USA,Santa Ana,Pacific Ocean,Orange,Pacific Ocean,Pacific Ocean,NA,
32.201690673828125,-116.94400787353516,False,-99.0,SCC_B98,2555m   ,NA,OAA,Mexico,NA,Pacific Ocean,Mexico,Pacific Ocean,Pacific Ocean,NA,
32.69065856933594,-117.30589294433594,False,-99.0,SCC_B98,2556    ,NA,OAA,USA,San Diego,Pacific Ocean,San Diego,Pacific Ocean,Pacific Ocean,NA,
32.19561004638672,-116.92671203613281,False,-99.0,SCC_B98,2556m   ,NA,OAA,Mexico,NA,Pacific Ocean,Mexico,Pacific Ocean,Pacific Ocean,NA,
33.749168395996094,-118.1140365600586,False,-99.0,SCC_B98,2558    ,NA,ESM,USA,Los Angeles,San Gabriel River,Los Angeles,Alamitos Bay,Alamitos Bay,NA,
32.332950592041016,-117.11903381347656,False,-99.0,SCC_B98,2558m   ,NA,OAA,Mexico,NA,Pacific Ocean,Mexico,Pacific Ocean,Pacific Ocean,NA,
33.7369499206543,-118.15117645263672,False,-99.0,SCC_B98,2559    ,NA,ESU,USA,Los Angeles,Pacific Ocean,Los Angeles,San Pedro Bay,Long Beach Harbor,NA,
32.164588928222656,-116.95816040039062,False,-99.0,SCC_B98,2559m   ,NA,OAA,Mexico,NA,Pacific Ocean,Mexico,Pacific Ocean,Pacific Ocean,NA,
32.30453872680664,-117.10865020751953,False,-99.0,SCC_B98,2560m   ,NA,OAA,Mexico,NA,Pacific Ocean,Mexico,Pacific Ocean,Pacific Ocean,NA,
32.236820220947266,-117.00628662109375,False,-99.0,SCC_B98,2561m   ,NA,OAA,Mexico,NA,Pacific Ocean,Mexico,Pacific Ocean,Pacific Ocean,NA,
31.784040451049805,-116.8086166381836,False,-99.0,SCC_B98,2563m   ,NA,OAA,Mexico,NA,Pacific Ocean,Mexico,Pacific Ocean,Pacific Ocean,NA,
31.766820907592773,-116.72041320800781,False,-99.0,SCC_B98,2565m   ,NA,OAA,Mexico,NA,Pacific Ocean,Mexico,Pacific Ocean,Pacific Ocean,NA,
32.52859115600586,-117.14389038085938,False,-99.0,SCC_B98,2567m   ,NA,OAA,Mexico,NA,Pacific Ocean,Mexico,Pacific Ocean,Pacific Ocean,NA,
32.46025085449219,-117.2635726928711,False,-99.0,SCC_B98,2568m   ,NA,OAA,Mexico,NA,Pacific Ocean,Mexico,Pacific Ocean,Pacific Ocean,NA,
32.17924880981445,-116.93132019042969,False,-99.0,SCC_B98,2569m   ,NA,OAA,Mexico,NA,Pacific Ocean,Mexico,Pacific Ocean,Pacific Ocean,NA,
32.38444900512695,-117.12503051757812,False,-99.0,SCC_B98,2570m   ,NA,OAA,Mexico,NA,Pacific Ocean,Mexico,Pacific Ocean,Pacific Ocean,NA,
31.976680755615234,-116.86907958984375,False,-99.0,SCC_B98,2572m   ,NA,OAA,Mexico,NA,Pacific Ocean,Mexico,Pacific Ocean,Pacific Ocean,NA,
32.241981506347656,-116.9710693359375,False,-99.0,SCC_B98,2574m   ,NA,OAA,Mexico,NA,Pacific Ocean,Mexico,Pacific Ocean,Pacific Ocean,NA,
32.2965202331543,-117.20549774169922,False,-99.0,SCC_B98,2575m   ,NA,OAA,Mexico,NA,Pacific Ocean,Mexico,Pacific Ocean,Pacific Ocean,NA,
32.39979934692383,-117.17774200439453,False,-99.0,SCC_B98,2576m   ,NA,OAA,Mexico,NA,Pacific Ocean,Mexico,Pacific Ocean,Pacific Ocean,NA,
31.860139846801758,-116.78060150146484,False,-99.0,SCC_B98,2577m   ,NA,OAA,Mexico,NA,Pacific Ocean,Mexico,Pacific Ocean,Pacific Ocean,NA,
32.064361572265625,-116.90203094482422,False,-99.0,SCC_B98,2578m   ,NA,OAA,Mexico,NA,Pacific Ocean,Mexico,Pacific Ocean,Pacific Ocean,NA,
31.787260055541992,-116.72612762451172,False,-99.0,SCC_B98,2579m   ,NA,OAA,Mexico,NA,Pacific Ocean,Mexico,Pacific Ocean,Pacific Ocean,NA,
34.24681854248047,-119.26441955566406,False,-99.0,SCC_B98,2580    ,NA,ESM,USA,Los Angeles,Buenaventura,Ventura,Ventura Harbor,Ventura Harbor,NA,
31.818979263305664,-116.70744323730469,False,-99.0,SCC_B98,2582m   ,NA,OAA,Mexico,NA,Pacific Ocean,Mexico,Pacific Ocean,Pacific Ocean,NA,
32.52986145019531,-117.27456665039062,False,-99.0,SCC_B98,2583m   ,NA,OAA,USA,San Diego,Pacific Ocean,San Diego,Pacific Ocean,Pacific Ocean,NA,
32.45825958251953,-117.29994201660156,False,-99.0,SCC_B98,2584m   ,NA,OAA,Mexico,NA,Pacific Ocean,Mexico,Pacific Ocean,Pacific Ocean,NA,
32.23067092895508,-117.0881576538086,False,-99.0,SCC_B98,2585m   ,NA,OAA,Mexico,NA,Pacific Ocean,Mexico,Pacific Ocean,Pacific Ocean,NA,
32.45146179199219,-117.19766235351562,False,-99.0,SCC_B98,2587m   ,NA,OAA,Mexico,NA,Pacific Ocean,Mexico,Pacific Ocean,Pacific Ocean,NA,
32.24549102783203,-117.10820007324219,False,-99.0,SCC_B98,2588m   ,NA,OAA,Mexico,NA,Pacific Ocean,Mexico,Pacific Ocean,Pacific Ocean,NA,
32.219390869140625,-117.02945709228516,False,-99.0,SCC_B98,2589m   ,NA,OAA,Mexico,NA,Pacific Ocean,Mexico,Pacific Ocean,Pacific Ocean,NA,
31.970319747924805,-116.83048248291016,False,-99.0,SCC_B98,2590m   ,NA,OAA,Mexico,NA,Pacific Ocean,Mexico,Pacific Ocean,Pacific Ocean,NA,
33.765411376953125,-118.12677764892578,False,-99.0,SCC_B98,2591    ,NA,ESM,USA,Los Angeles,San Gabriel River,Los Angeles,Alamitos Bay,Alamitos Bay,NA,
32.146339416503906,-116.93714141845703,False,-99.0,SCC_B98,2591m   ,NA,OAA,Mexico,NA,Pacific Ocean,Mexico,Pacific Ocean,Pacific Ocean,NA,
32.4818000793457,-117.15145874023438,False,-99.0,SCC_B98,2592m   ,NA,OAA,Mexico,NA,Pacific Ocean,Mexico,Pacific Ocean,Pacific Ocean,NA,
33.7558708190918,-118.12986755371094,False,-99.0,SCC_B98,2593    ,NA,ESM,USA,Los Angeles,San Gabriel River,Los Angeles,Alamitos Bay,Alamitos Bay,NA,
32.35097122192383,-117.10543823242188,False,-99.0,SCC_B98,2593m   ,NA,OAA,Mexico,NA,Pacific Ocean,Mexico,Pacific Ocean,Pacific Ocean,NA,
31.822399139404297,-116.74188995361328,False,-99.0,SCC_B98,2594m   ,NA,OAA,Mexico,NA,Pacific Ocean,Mexico,Pacific Ocean,Pacific Ocean,NA,
32.103271484375,-117.0841064453125,False,-99.0,SCC_B98,2595m   ,NA,OAA,Mexico,NA,Pacific Ocean,Mexico,Pacific Ocean,Pacific Ocean,NA,
32.13692092895508,-116.93660736083984,False,-99.0,SCC_B98,2596m   ,NA,OAA,Mexico,NA,Pacific Ocean,Mexico,Pacific Ocean,Pacific Ocean,NA,
31.94799041748047,-116.78813171386719,False,-99.0,SCC_B98,2597m   ,NA,OAA,Mexico,NA,Pacific Ocean,Mexico,Pacific Ocean,Pacific Ocean,NA,
31.813310623168945,-116.82891845703125,False,-99.0,SCC_B98,2598m   ,NA,OAA,Mexico,NA,Pacific Ocean,Mexico,Pacific Ocean,Pacific Ocean,NA,
31.75201988220215,-116.66500091552734,False,-99.0,SCC_B98,2599m   ,NA,OAA,Mexico,NA,Pacific Ocean,Mexico,Pacific Ocean,Pacific Ocean,NA,
32.22322082519531,-116.95638275146484,False,-99.0,SCC_B98,2601m   ,NA,OAA,Mexico,NA,Pacific Ocean,Mexico,Pacific Ocean,Pacific Ocean,NA,
32.352020263671875,-117.18089294433594,False,-99.0,SCC_B98,2602m   ,NA,OAA,Mexico,NA,Pacific Ocean,Mexico,Pacific Ocean,Pacific Ocean,NA,
32.03057098388672,-116.9144515991211,False,-99.0,SCC_B98,2603m   ,NA,OAA,Mexico,NA,Pacific Ocean,Mexico,Pacific Ocean,Pacific Ocean,NA,
32.50638961791992,-117.21920776367188,False,-99.0,SCC_B98,2604m   ,NA,OAA,Mexico,NA,Pacific Ocean,Mexico,Pacific Ocean,Pacific Ocean,NA,
34.26649856567383,-119.37986755371094,False,-99.0,SCC_B98,2605    ,NA,OAA,USA,Los Angeles,Pacific Ocean,Ventura,Pacific Ocean,Pacific Ocean,NA,
34.21031951904297,-119.3204574584961,False,-99.0,SCC_B98,2606    ,NA,OAA,USA,Los Angeles,Pacific Ocean,Ventura,Pacific Ocean,Pacific Ocean,NA,
32.23468017578125,-117.17546081542969,False,-99.0,SCC_B98,2606m   ,NA,OAA,Mexico,NA,Pacific Ocean,Mexico,Pacific Ocean,Pacific Ocean,NA,
34.13011169433594,-119.2743911743164,False,-99.0,SCC_B98,2607    ,NA,OAA,USA,Los Angeles,Pacific Ocean,Ventura,Pacific Ocean,Pacific Ocean,NA,
31.829450607299805,-116.8225326538086,False,-99.0,SCC_B98,2607m   ,NA,OAA,Mexico,NA,Pacific Ocean,Mexico,Pacific Ocean,Pacific Ocean,NA,
34.24800109863281,-119.62550354003906,False,-99.0,SCC_B98,2608    ,NA,OAA,USA,Central Coast,Pacific Ocean,Santa Barbara,Pacific Ocean,Pacific Ocean,NA,
31.841880798339844,-116.6737289428711,False,-99.0,SCC_B98,2608m   ,NA,OAA,Mexico,NA,Pacific Ocean,Mexico,Pacific Ocean,Pacific Ocean,NA,
34.207550048828125,-119.62226104736328,False,-99.0,SCC_B98,2609    ,NA,OAA,USA,Central Coast,Pacific Ocean,Santa Barbara,Pacific Ocean,Pacific Ocean,NA,
31.791950225830078,-116.65975952148438,False,-99.0,SCC_B98,2609m   ,NA,OAA,Mexico,NA,Pacific Ocean,Mexico,Pacific Ocean,Pacific Ocean,NA,
33.58501052856445,-118.09464263916016,False,-99.0,SCC_B98,2610    ,NA,OAA,USA,Santa Ana,Pacific Ocean,Orange,Pacific Ocean,Pacific Ocean,NA,
31.78520965576172,-116.63951110839844,False,-99.0,SCC_B98,2610m   ,NA,OAA,Mexico,NA,Pacific Ocean,Mexico,Pacific Ocean,Pacific Ocean,NA,
32.218048095703125,-117.07028198242188,False,-99.0,SCC_B98,2611m   ,NA,OAA,Mexico,NA,Pacific Ocean,Mexico,Pacific Ocean,Pacific Ocean,NA,
33.761199951171875,-118.44132995605469,False,-99.0,SCC_B98,2612    ,NA,OAA,USA,Los Angeles,Pacific Ocean,Los Angeles,Pacific Ocean,Pacific Ocean,NA,
32.034889221191406,-116.90049743652344,False,-99.0,SCC_B98,2613m   ,NA,OAA,Mexico,NA,Pacific Ocean,Mexico,Pacific Ocean,Pacific Ocean,NA,
31.890230178833008,-116.79696655273438,False,-99.0,SCC_B98,2614m   ,NA,OAA,Mexico,NA,Pacific Ocean,Mexico,Pacific Ocean,Pacific Ocean,NA,
31.868209838867188,-116.76014709472656,False,-99.0,SCC_B98,2615m   ,NA,OAA,Mexico,NA,Pacific Ocean,Mexico,Pacific Ocean,Pacific Ocean,NA,
32.434669494628906,-117.28056335449219,False,-99.0,SCC_B98,2616m   ,NA,OAA,Mexico,NA,Pacific Ocean,Mexico,Pacific Ocean,Pacific Ocean,NA,
32.54869079589844,-117.33235931396484,False,-99.0,SCC_B98,2617m   ,NA,OAA,USA,San Diego,Pacific Ocean,San Diego,Pacific Ocean,Pacific Ocean,NA,
32.108089447021484,-116.93988800048828,False,-99.0,SCC_B98,2618m   ,NA,OAA,Mexico,NA,Pacific Ocean,Mexico,Pacific Ocean,Pacific Ocean,NA,
32.19301986694336,-116.96824645996094,False,-99.0,SCC_B98,2619m   ,NA,OAA,Mexico,NA,Pacific Ocean,Mexico,Pacific Ocean,Pacific Ocean,NA,
31.827640533447266,-116.65093994140625,False,-99.0,SCC_B98,2620m   ,NA,OAA,Mexico,NA,Pacific Ocean,Mexico,Pacific Ocean,Pacific Ocean,NA,
32.398250579833984,-117.27616882324219,False,-99.0,SCC_B98,2621m   ,NA,OAA,Mexico,NA,Pacific Ocean,Mexico,Pacific Ocean,Pacific Ocean,NA,
32.20655822753906,-116.9528579711914,False,-99.0,SCC_B98,2622m   ,NA,OAA,Mexico,NA,Pacific Ocean,Mexico,Pacific Ocean,Pacific Ocean,NA,
32.27608108520508,-117.04173278808594,False,-99.0,SCC_B98,2623m   ,NA,OAA,Mexico,NA,Pacific Ocean,Mexico,Pacific Ocean,Pacific Ocean,NA,
32.32228088378906,-117.06845092773438,False,-99.0,SCC_B98,2624m   ,NA,OAA,Mexico,NA,Pacific Ocean,Mexico,Pacific Ocean,Pacific Ocean,NA,
31.952800750732422,-116.84030151367188,False,-99.0,SCC_B98,2625m   ,NA,OAA,Mexico,NA,Pacific Ocean,Mexico,Pacific Ocean,Pacific Ocean,NA,
32.25318145751953,-117.14842224121094,False,-99.0,SCC_B98,2628m   ,NA,OAA,Mexico,NA,Pacific Ocean,Mexico,Pacific Ocean,Pacific Ocean,NA,
32.412681579589844,-117.21987915039062,False,-99.0,SCC_B98,2630m   ,NA,OAA,Mexico,NA,Pacific Ocean,Mexico,Pacific Ocean,Pacific Ocean,NA,
31.853389739990234,-116.8450698852539,False,-99.0,SCC_B98,2631m   ,NA,OAA,Mexico,NA,Pacific Ocean,Mexico,Pacific Ocean,Pacific Ocean,NA,
32.100929260253906,-116.92819213867188,False,-99.0,SCC_B98,2633m   ,NA,OAA,Mexico,NA,Pacific Ocean,Mexico,Pacific Ocean,Pacific Ocean,NA,
31.895530700683594,-116.7518081665039,False,-99.0,SCC_B98,2634m   ,NA,OAA,Mexico,NA,Pacific Ocean,Mexico,Pacific Ocean,Pacific Ocean,NA,
31.816699981689453,-116.7771987915039,False,-99.0,SCC_B98,2636m   ,NA,OAA,Mexico,NA,Pacific Ocean,Mexico,Pacific Ocean,Pacific Ocean,NA,
32.35811996459961,-117.27104187011719,False,-99.0,SCC_B98,2637m   ,NA,OAA,Mexico,NA,Pacific Ocean,Mexico,Pacific Ocean,Pacific Ocean,NA,
31.93769073486328,-116.79060363769531,False,-99.0,SCC_B98,2638m   ,NA,OAA,Mexico,NA,Pacific Ocean,Mexico,Pacific Ocean,Pacific Ocean,NA,
31.91967010498047,-116.77230072021484,False,-99.0,SCC_B98,2639m   ,NA,OAA,Mexico,NA,Pacific Ocean,Mexico,Pacific Ocean,Pacific Ocean,NA,
31.878549575805664,-116.84893798828125,False,-99.0,SCC_B98,2640m   ,NA,OAA,Mexico,NA,Pacific Ocean,Mexico,Pacific Ocean,Pacific Ocean,NA,no chem/yes benthos
32.08818054199219,-116.90023040771484,False,-99.0,SCC_B98,2641m   ,NA,OAA,Mexico,NA,Pacific Ocean,Mexico,Pacific Ocean,Pacific Ocean,NA,
32.34177017211914,-117.2302017211914,False,-99.0,SCC_B98,2643m   ,NA,OAA,Mexico,NA,Pacific Ocean,Mexico,Pacific Ocean,Pacific Ocean,NA,
32.01314926147461,-116.89753723144531,False,-99.0,SCC_B98,2644m   ,NA,OAA,Mexico,NA,Pacific Ocean,Mexico,Pacific Ocean,Pacific Ocean,NA,
31.80108070373535,-116.69542694091797,False,-99.0,SCC_B98,2645m   ,NA,OAA,Mexico,NA,Pacific Ocean,Mexico,Pacific Ocean,Pacific Ocean,NA,
0.0,0.0,False,-99.0,SCC_B98,CARP,Reference Fish,CNG,NA,NA,NA,NA,NA,NA,NA,
32.685768127441406,-117.13539123535156,False,-99.0,SD_CHOLPAL,C01,Chollas Creek,ESP,USA,San Diego,San Diego Bay,San Diego,San Diego Bay,Chollas Creek Channel,NA,
32.68540954589844,-117.13522338867188,False,-99.0,SD_CHOLPAL,C02,Chollas Creek,ESP,USA,San Diego,San Diego Bay,San Diego,San Diego Bay,Chollas Creek Channel,NA,
32.685001373291016,-117.1349105834961,False,-99.0,SD_CHOLPAL,C03,Chollas Creek,ESP,USA,San Diego,San Diego Bay,San Diego,San Diego Bay,Chollas Creek Channel,NA,
32.686439514160156,-117.13494110107422,False,-99.0,SD_CHOLPAL,C04,Chollas Creek,ESP,USA,San Diego,San Diego Bay,San Diego,San Diego Bay,Chollas Creek Channel,NA,
32.68592834472656,-117.13459777832031,False,-99.0,SD_CHOLPAL,C05,Chollas Creek,ESP,USA,San Diego,San Diego Bay,San Diego,San Diego Bay,Chollas Creek Channel,NA,
32.68552017211914,-117.13410186767578,False,-99.0,SD_CHOLPAL,C06,Chollas Creek,ESP,USA,San Diego,San Diego Bay,San Diego,San Diego Bay,Chollas Creek Channel,NA,
32.68721008300781,-117.1343765258789,False,-99.0,SD_CHOLPAL,C07,Chollas Creek,ESP,USA,San Diego,San Diego Bay,San Diego,San Diego Bay,Chollas Creek Channel,NA,
32.68690872192383,-117.13411712646484,False,-99.0,SD_CHOLPAL,C08,Chollas Creek,ESP,USA,San Diego,San Diego Bay,San Diego,San Diego Bay,Chollas Creek Channel,NA,
32.686370849609375,-117.13359832763672,False,-99.0,SD_CHOLPAL,C09,Chollas Creek,ESP,USA,San Diego,San Diego Bay,San Diego,San Diego Bay,Chollas Creek Channel,NA,
32.6859016418457,-117.1331787109375,False,-99.0,SD_CHOLPAL,C10,Chollas Creek,ESP,USA,San Diego,San Diego Bay,San Diego,San Diego Bay,Chollas Creek Channel,NA,
32.687320709228516,-117.13361358642578,False,-99.0,SD_CHOLPAL,C11,Chollas Creek,ESP,USA,San Diego,San Diego Bay,San Diego,San Diego Bay,Chollas Creek Channel,NA,
32.68756103515625,-117.13226318359375,False,-99.0,SD_CHOLPAL,C12,Chollas Creek,ESP,USA,San Diego,San Diego Bay,San Diego,San Diego Bay,Chollas Creek Channel,NA,
32.68769073486328,-117.13088989257812,False,-99.0,SD_CHOLPAL,C13,Chollas Creek,ESP,USA,San Diego,San Diego Bay,San Diego,San Diego Bay,Chollas Creek Channel,NA,
32.68756866455078,-117.12979888916016,False,-99.0,SD_CHOLPAL,C14,Chollas Creek,ESP,USA,San Diego,San Diego Bay,San Diego,San Diego Bay,Chollas Creek Channel,NA,
0.0,0.0,False,-99.0,SD_CHOLPAL,Centrifuge,Bioassay Negative Control,CNG,NA,NA,NA,NA,NA,NA,NA,
32.694549560546875,-117.15660858154297,False,-99.0,SD_CHOLPAL,CP2231,Reference Station,ESS,USA,San Diego,San Diego Bay,San Diego,San Diego Bay,SD Bay North,NA,
32.625370025634766,-117.12869262695312,False,-99.0,SD_CHOLPAL,CP2238,Reference Station,ESM,USA,San Diego,San Diego Bay,San Diego,San Diego Bay,SD Bay South,NA,
32.66400146484375,-117.14283752441406,False,-99.0,SD_CHOLPAL,CP2243,Reference Station,ESS,USA,San Diego,San Diego Bay,San Diego,San Diego Bay,SD Bay South,NA,
32.722259521484375,-117.20903015136719,False,-99.0,SD_CHOLPAL,CP2433,Reference Station,ESS,USA,San Diego,San Diego Bay,San Diego,San Diego Bay,SD Bay North,NA,
32.71846008300781,-117.17476654052734,False,-99.0,SD_CHOLPAL,CP2440,Reference Station,ESP,USA,San Diego,San Diego Bay,San Diego,San Diego Bay,SD Bay North,NA,
32.691280364990234,-117.2379379272461,False,-99.0,SD_CHOLPAL,CP2441,Reference Station,ESP,USA,San Diego,San Diego Bay,San Diego,San Diego Bay,SD Bay North,NA,
0.0,0.0,False,-99.0,SD_CHOLPAL,Home Sediment,Bioassay Sediment Control,CNG,NA,NA,NA,NA,NA,NA,NA,
32.6715087890625,-117.1240463256836,False,-99.0,SD_CHOLPAL,P01,Paleta Creek,ESP,USA,San Diego,San Diego Bay,San Diego,San Diego Bay,Paleta Creek Channel,NA,
32.67079162597656,-117.12358856201172,False,-99.0,SD_CHOLPAL,P02,Paleta Creek,ESP,USA,San Diego,San Diego Bay,San Diego,San Diego Bay,Paleta Creek Channel,NA,
32.67245101928711,-117.12230682373047,False,-99.0,SD_CHOLPAL,P03,Paleta Creek,ESP,USA,San Diego,San Diego Bay,San Diego,San Diego Bay,Paleta Creek Channel,NA,
32.671630859375,-117.12178802490234,False,-99.0,SD_CHOLPAL,P04,Paleta Creek,ESP,USA,San Diego,San Diego Bay,San Diego,San Diego Bay,Paleta Creek Channel,NA,
32.67094039916992,-117.1212387084961,False,-99.0,SD_CHOLPAL,P05,Paleta Creek,ESP,USA,San Diego,San Diego Bay,San Diego,San Diego Bay,Paleta Creek Channel,NA,
32.673160552978516,-117.12085723876953,False,-99.0,SD_CHOLPAL,P06,Paleta Creek,ESP,USA,San Diego,San Diego Bay,San Diego,San Diego Bay,Paleta Creek Channel,NA,
32.67238998413086,-117.12030792236328,False,-99.0,SD_CHOLPAL,P07,Paleta Creek,ESP,USA,San Diego,San Diego Bay,San Diego,San Diego Bay,Paleta Creek Channel,NA,
32.671661376953125,-117.11962127685547,False,-99.0,SD_CHOLPAL,P08,Paleta Creek,ESP,USA,San Diego,San Diego Bay,San Diego,San Diego Bay,Paleta Creek Channel,NA,
32.672183990478516,-117.11868286132812,False,-99.0,SD_CHOLPAL,P09,Paleta Creek,ESP,USA,San Diego,San Diego Bay,San Diego,San Diego Bay,Paleta Creek Channel,NA,
32.67197036743164,-117.11843872070312,False,-99.0,SD_CHOLPAL,P10,Paleta Creek,ESP,USA,San Diego,San Diego Bay,San Diego,San Diego Bay,Paleta Creek Channel,NA,
32.67267990112305,-117.11821746826172,False,-99.0,SD_CHOLPAL,P11,Paleta Creek,ESP,USA,San Diego,San Diego Bay,San Diego,San Diego Bay,Paleta Creek Channel,NA,
32.672401428222656,-117.11769104003906,False,-99.0,SD_CHOLPAL,P12,Paleta Creek,ESP,USA,San Diego,San Diego Bay,San Diego,San Diego Bay,Paleta Creek Channel,NA,
32.673091888427734,-117.11726379394531,False,-99.0,SD_CHOLPAL,P13,Paleta Creek,ESP,USA,San Diego,San Diego Bay,San Diego,San Diego Bay,Paleta Creek Channel,NA,
32.6727294921875,-117.11707305908203,False,-99.0,SD_CHOLPAL,P14,Paleta Creek,ESP,USA,San Diego,San Diego Bay,San Diego,San Diego Bay,Paleta Creek Channel,NA,
32.6734504699707,-117.1166763305664,False,-99.0,SD_CHOLPAL,P15,Paleta Creek,ESP,USA,San Diego,San Diego Bay,San Diego,San Diego Bay,Paleta Creek Channel,NA,
32.672969818115234,-117.1164321899414,False,-99.0,SD_CHOLPAL,P16,Paleta Creek,ESP,USA,San Diego,San Diego Bay,San Diego,San Diego Bay,Paleta Creek Channel,NA,
32.67367172241211,-117.11601257324219,False,-99.0,SD_CHOLPAL,P17,Paleta Creek,ESP,USA,San Diego,San Diego Bay,San Diego,San Diego Bay,Paleta Creek Channel,NA,
0.0,0.0,False,-99.0,SD_CHOLPAL,Ref Tox,Bioassay Negative Control,CNG,NA,NA,NA,NA,NA,NA,NA,
0.0,0.0,False,-99.0,SD_CHOLPAL,Seawater Contro,Bioassay Negative Control,CNG,NA,NA,NA,NA,NA,NA,NA,
0.0,0.0,False,-99.0,SD_CHOLPAL,TubeBlank,Bioassay Negative Control,CNG,NA,NA,NA,NA,NA,NA,NA,
32.708900451660156,-117.17601776123047,False,-99.0,SD_SWBRAN,2229,Reference,ESS,USA,San Diego,San Diego Bay,San Diego,San Diego Bay,SD Bay North,NA,
32.625267028808594,-117.12857055664062,False,-99.0,SD_SWBRAN,2238,Reference,ESM,USA,San Diego,San Diego Bay,San Diego,San Diego Bay,SD Bay South,NA,
-99.0,-99.0,False,-99.0,SD_SWBRAN,2240,Reference,ESU,USA,San Diego,San Diego Bay,San Diego,San Diego Bay,SD Bay North,NA,
32.664451599121094,-117.14266967773438,False,-99.0,SD_SWBRAN,2243,Reference,ESS,USA,San Diego,San Diego Bay,San Diego,San Diego Bay,SD Bay South,NA,
32.72249984741211,-117.20899963378906,False,-99.0,SD_SWBRAN,2433,Reference,ESS,USA,San Diego,San Diego Bay,San Diego,San Diego Bay,SD Bay North,NA,
32.71160125732422,-117.22288513183594,False,-99.0,SD_SWBRAN,2435,Reference,ESS,USA,San Diego,San Diego Bay,San Diego,San Diego Bay,SD Bay North,NA,
32.69108200073242,-117.23796844482422,False,-99.0,SD_SWBRAN,2441,Reference,ESP,USA,San Diego,San Diego Bay,San Diego,San Diego Bay,SD Bay North,NA,
-99.0,-99.0,False,-99.0,SD_SWBRAN,90053,Reference,ESU,USA,San Diego,San Diego Bay,San Diego,San Diego Bay,SD Bay North,NA,
-99.0,-99.0,False,-99.0,SD_SWBRAN,93195,Reference,ESU,USA,San Diego,San Diego Bay,San Diego,San Diego Bay,SD Bay North,NA,
32.71613311767578,-117.17362976074219,False,-99.0,SD_SWBRAN,BST01,B Street,ESP,USA,San Diego,San Diego Bay,San Diego,San Diego Bay,SD Bay North,NA,
32.71608352661133,-117.17518615722656,False,-99.0,SD_SWBRAN,BST02,B Street,ESP,USA,San Diego,San Diego Bay,San Diego,San Diego Bay,SD Bay North,NA,
32.716068267822266,-117.17668151855469,False,-99.0,SD_SWBRAN,BST03,B Street,ESP,USA,San Diego,San Diego Bay,San Diego,San Diego Bay,SD Bay North,NA,
32.71649932861328,-117.17361450195312,False,-99.0,SD_SWBRAN,BST04,B Street,ESP,USA,San Diego,San Diego Bay,San Diego,San Diego Bay,SD Bay North,NA,
32.71641540527344,-117.17523193359375,False,-99.0,SD_SWBRAN,BST05,B Street,ESP,USA,San Diego,San Diego Bay,San Diego,San Diego Bay,SD Bay North,NA,
32.71638488769531,-117.17669677734375,False,-99.0,SD_SWBRAN,BST06,B Street,ESP,USA,San Diego,San Diego Bay,San Diego,San Diego Bay,SD Bay North,NA,
32.716800689697266,-117.17365264892578,False,-99.0,SD_SWBRAN,BST07,B Street,ESP,USA,San Diego,San Diego Bay,San Diego,San Diego Bay,SD Bay North,NA,
32.71675109863281,-117.17521667480469,False,-99.0,SD_SWBRAN,BST08,B Street,ESP,USA,San Diego,San Diego Bay,San Diego,San Diego Bay,SD Bay North,NA,
32.71671676635742,-117.17668151855469,False,-99.0,SD_SWBRAN,BST09,B Street,ESP,USA,San Diego,San Diego Bay,San Diego,San Diego Bay,SD Bay North,NA,
32.71591567993164,-117.17753601074219,False,-99.0,SD_SWBRAN,BST10,B Street,ESP,USA,San Diego,San Diego Bay,San Diego,San Diego Bay,SD Bay North,NA,
32.71513366699219,-117.17748260498047,False,-99.0,SD_SWBRAN,BST11,B Street,ESP,USA,San Diego,San Diego Bay,San Diego,San Diego Bay,SD Bay North,NA,
32.71516799926758,-117.17668151855469,False,-99.0,SD_SWBRAN,BST12,B Street,ESP,USA,San Diego,San Diego Bay,San Diego,San Diego Bay,SD Bay North,NA,
0.0,0.0,False,-99.0,SD_SWBRAN,CONTROL,Bioassay Negative Control,CNG,NA,NA,NA,NA,NA,NA,NA,
32.725650787353516,-117.1745834350586,False,-99.0,SD_SWBRAN,DAC01,Downtown Anchorage,ESM,USA,San Diego,San Diego Bay,San Diego,San Diego Bay,SD Bay North,NA,
32.726165771484375,-117.17498016357422,False,-99.0,SD_SWBRAN,DAC02,Downtown Anchorage,ESM,USA,San Diego,San Diego Bay,San Diego,San Diego Bay,SD Bay North,NA,
32.72666549682617,-117.17578125,False,-99.0,SD_SWBRAN,DAC03,Downtown Anchorage,ESM,USA,San Diego,San Diego Bay,San Diego,San Diego Bay,SD Bay North,NA,
32.72703170776367,-117.17665100097656,False,-99.0,SD_SWBRAN,DAC04,Downtown Anchorage,ESM,USA,San Diego,San Diego Bay,San Diego,San Diego Bay,SD Bay North,NA,
32.72726821899414,-117.17756652832031,False,-99.0,SD_SWBRAN,DAC05,Downtown Anchorage,ESM,USA,San Diego,San Diego Bay,San Diego,San Diego Bay,SD Bay North,NA,
32.725650787353516,-117.17579650878906,False,-99.0,SD_SWBRAN,DAC06,Downtown Anchorage,ESM,USA,San Diego,San Diego Bay,San Diego,San Diego Bay,SD Bay North,NA,
32.72610092163086,-117.17642974853516,False,-99.0,SD_SWBRAN,DAC07,Downtown Anchorage,ESM,USA,San Diego,San Diego Bay,San Diego,San Diego Bay,SD Bay North,NA,
32.726348876953125,-117.1771469116211,False,-99.0,SD_SWBRAN,DAC08,Downtown Anchorage,ESM,USA,San Diego,San Diego Bay,San Diego,San Diego Bay,SD Bay North,NA,
32.72566604614258,-117.17718505859375,False,-99.0,SD_SWBRAN,DAC09,Downtown Anchorage,ESM,USA,San Diego,San Diego Bay,San Diego,San Diego Bay,SD Bay North,NA,
0.0,0.0,False,-99.0,SD_SWBRAN,HOME,Bioassay Sediment Control,CNG,NA,NA,NA,NA,NA,NA,NA,
32.70198440551758,-117.15824890136719,False,-99.0,SD_SWBRAN,SWZ01,Switzer Creek,ESP,USA,San Diego,San Diego Bay,San Diego,San Diego Bay,SD Bay North,NA,
32.70173263549805,-117.15861511230469,False,-99.0,SD_SWBRAN,SWZ02,Switzer Creek,ESP,USA,San Diego,San Diego Bay,San Diego,San Diego Bay,SD Bay North,NA,
32.7016487121582,-117.15937042236328,False,-99.0,SD_SWBRAN,SWZ03,Switzer Creek,ESP,USA,San Diego,San Diego Bay,San Diego,San Diego Bay,SD Bay North,NA,
32.7021484375,-117.15853118896484,False,-99.0,SD_SWBRAN,SWZ04,Switzer Creek,ESP,USA,San Diego,San Diego Bay,San Diego,San Diego Bay,SD Bay North,NA,
32.701881408691406,-117.15879821777344,False,-99.0,SD_SWBRAN,SWZ05,Switzer Creek,ESP,USA,San Diego,San Diego Bay,San Diego,San Diego Bay,SD Bay North,NA,
32.7019157409668,-117.15928649902344,False,-99.0,SD_SWBRAN,SWZ06,Switzer Creek,ESP,USA,San Diego,San Diego Bay,San Diego,San Diego Bay,SD Bay North,NA,
-99.0,-99.0,False,-99.0,SD_SWBRAN,TO,NA,ESU,USA,San Diego,San Diego Bay,San Diego,San Diego Bay,SD Bay North,NA,
0.0,0.0,False,-99.0,SFO,Home,Bioassay Sediment Control,CNG,NA,NA,NA,NA,NA,NA,NA,
0.0,0.0,False,-99.0,SFO,LAB SW CONTROL,Bioassay Seawater Control,CNG,NA,NA,NA,NA,NA,NA,NA,
0.0,0.0,False,-99.0,SFO,LabControl,Bioassay Negative Control,CNG,NA,NA,NA,NA,NA,NA,NA,
37.72855758666992,-122.30980682373047,True,-99.0,SFO,PEBBA1,Potential East Bay Borrow Area,ESC,USA,San Francisco Bay,San Francisco Bay,Alameda,SFB Central Bay,Central Bay South,NA,
37.70349884033203,-122.29072570800781,True,-99.0,SFO,PEBBA2,Potential East Bay Borrow Area,ESC,USA,San Francisco Bay,San Francisco Bay,Alameda,SFB Central Bay,Central Bay South,NA,
37.711917877197266,-122.27185821533203,True,-99.0,SFO,PEBBA3,Potential East Bay Borrow Area,ESS,USA,San Francisco Bay,San Francisco Bay,Alameda,SFB Central Bay,Central Bay South,NA,
37.74372100830078,-122.31483459472656,True,-99.0,SFO,PEBBA4,Potential East Bay Borrow Area,ESC,USA,San Francisco Bay,San Francisco Bay,Alameda,SFB Central Bay,Central Bay South,NA,
37.74072265625,-122.29924774169922,True,-99.0,SFO,PEBBA5,Potential East Bay Borrow Area,ESS,USA,San Francisco Bay,San Francisco Bay,Alameda,SFB Central Bay,Central Bay South,NA,
37.743499755859375,-122.27644348144531,True,-99.0,SFO,PEBBA6,Potential East Bay Borrow Area,ESC,USA,San Francisco Bay,San Francisco Bay,Alameda,SFB Central Bay,Central Bay South,NA,
37.633888244628906,-122.37425231933594,True,-99.0,SFO,PPEA1,Proposed Platform Expansion Area,ESS,USA,San Francisco Bay,San Francisco Bay,San Mateo,SFB Central Bay,SF Airport Nearshore,NA,
37.64583206176758,-122.3558578491211,True,-99.0,SFO,PPEA10,Proposed Platform Expansion Area,ESC,USA,San Francisco Bay,San Francisco Bay,San Francisco,SFB Central Bay,Central Bay South,NA,
37.62052917480469,-122.3580551147461,True,-99.0,SFO,PPEA11,Proposed Platform Expansion Area,ESS,USA,San Francisco Bay,San Francisco Bay,San Francisco,SFB Central Bay,Central Bay South,NA,
37.63022232055664,-122.35072326660156,True,-99.0,SFO,PPEA12,Proposed Platform Expansion Area,ESS,USA,San Francisco Bay,San Francisco Bay,San Francisco,SFB Central Bay,Central Bay South,NA,
37.623138427734375,-122.3492202758789,True,-99.0,SFO,PPEA13,Proposed Platform Expansion Area,ESS,USA,San Francisco Bay,San Francisco Bay,San Francisco,SFB Central Bay,Central Bay South,NA,
37.619140625,-122.33930969238281,True,-99.0,SFO,PPEA14,Proposed Platform Expansion Area,ESS,USA,San Francisco Bay,San Francisco Bay,San Francisco,SFB Central Bay,Central Bay South,NA,
37.61430740356445,-122.33194732666016,True,-99.0,SFO,PPEA15,Proposed Platform Expansion Area,ESS,USA,San Francisco Bay,San Francisco Bay,San Mateo,SFB South Bay,South Bay,NA,
37.610748291015625,-122.32272338867188,True,-99.0,SFO,PPEA16,Proposed Platform Expansion Area,ESS,USA,San Francisco Bay,San Francisco Bay,San Mateo,SFB South Bay,South Bay,NA,
37.66008377075195,-122.35197448730469,True,-99.0,SFO,PPEA17,Proposed Platform Expansion Area,ESC,USA,San Francisco Bay,San Francisco Bay,San Francisco,SFB Central Bay,Central Bay South,NA,
37.63947296142578,-122.34716796875,True,-99.0,SFO,PPEA18,Proposed Platform Expansion Area,ESC,USA,San Francisco Bay,San Francisco Bay,San Francisco,SFB Central Bay,Central Bay South,NA,
37.61002731323242,-122.35372161865234,True,-99.0,SFO,PPEA19,Proposed Platform Expansion Area,ESS,USA,San Francisco Bay,San Francisco Bay,San Mateo,SFB Central Bay,SF Airport Nearshore,NA,
37.63066864013672,-122.37269592285156,True,-99.0,SFO,PPEA2,Proposed Platform Expansion Area,ESS,USA,San Francisco Bay,San Francisco Bay,San Mateo,SFB Central Bay,SF Airport Nearshore,NA,
37.610389709472656,-122.3673095703125,True,-99.0,SFO,PPEA20,Proposed Platform Expansion Area,EIG,USA,San Francisco Bay,San Francisco Bay,San Mateo,SFB Central Bay,SF Airport Nearshore,NA,
37.634029388427734,-122.37833404541016,True,-99.0,SFO,PPEA3,Proposed Platform Expansion Area,ESS,USA,San Francisco Bay,San Francisco Bay,San Mateo,SFB Central Bay,SF Airport Nearshore,NA,
37.64377975463867,-122.37288665771484,True,-99.0,SFO,PPEA4,Proposed Platform Expansion Area,ESS,USA,San Francisco Bay,San Francisco Bay,San Francisco,SFB Central Bay,Central Bay South,NA,
37.653751373291016,-122.3635025024414,True,-99.0,SFO,PPEA5,Proposed Platform Expansion Area,ESC,USA,San Francisco Bay,San Francisco Bay,San Francisco,SFB Central Bay,Central Bay South,NA,
37.62930679321289,-122.36552429199219,True,-99.0,SFO,PPEA6,Proposed Platform Expansion Area,ESS,USA,San Francisco Bay,San Francisco Bay,San Mateo,SFB Central Bay,SF Airport Nearshore,NA,
37.63077926635742,-122.3626937866211,True,-99.0,SFO,PPEA7,Proposed Platform Expansion Area,ESS,USA,San Francisco Bay,San Francisco Bay,San Mateo,SFB Central Bay,SF Airport Nearshore,NA,
37.63322067260742,-122.36344146728516,True,-99.0,SFO,PPEA8,Proposed Platform Expansion Area,ESS,USA,San Francisco Bay,San Francisco Bay,San Mateo,SFB Central Bay,SF Airport Nearshore,NA,
37.63994216918945,-122.3613052368164,True,-99.0,SFO,PPEA9,Proposed Platform Expansion Area,ESS,USA,San Francisco Bay,San Francisco Bay,San Francisco,SFB Central Bay,Central Bay South,NA,
37.65205764770508,-122.33513641357422,True,-99.0,SFO,PRB21,Potential Rehandling Basin,ESC,USA,San Francisco Bay,San Francisco Bay,San Francisco,SFB Central Bay,Central Bay South,NA,
37.65719223022461,-122.33055877685547,True,-99.0,SFO,PRB22,Potential Rehandling Basin,ESC,USA,San Francisco Bay,San Francisco Bay,San Francisco,SFB Central Bay,Central Bay South,NA,
37.403831481933594,-123.24925231933594,False,-99.0,SFO,REF-SF-DODS,Ocean Reference Site West of SFB,OAA,USA,San Francisco Bay,Pacific Ocean,NA,Pacific Ocean,Pacific Ocean,NA,
37.58074951171875,-122.14966583251953,False,-99.0,SFO,REF-SSFB-N1,Reference Sample,ESS,USA,San Francisco Bay,San Francisco Bay,Alameda,SFB South Bay,Union City,NA,
38.099998474121094,-122.41889190673828,False,-99.0,SFO,REF-Tubbs-1,Tubbs Island,ESS,USA,San Francisco Bay,San Francisco Bay,Sonoma,SFB San Pablo Bay,Tubbs Island,NA,
37.75,-122.64138793945312,False,-99.0,SFO,SG-01,Potential San Francisco Bar Borrow Area,OAA,USA,San Francisco Bay,Pacific Ocean,NA,Pacific Ocean,Pacific Ocean Outside GGBridge,NA,
37.780029296875,-122.62386322021484,False,-99.0,SFO,SG-02,Potential San Francisco Bar Borrow Area,OAA,USA,San Francisco Bay,Pacific Ocean,NA,Pacific Ocean,Pacific Ocean Outside GGBridge,NA,
37.77113723754883,-122.60633087158203,False,-99.0,SFO,SG-03,Potential San Francisco Bar Borrow Area,OAA,USA,San Francisco Bay,Pacific Ocean,NA,Pacific Ocean,Pacific Ocean Outside GGBridge,NA,
37.77164077758789,-122.58892059326172,False,-99.0,SFO,SG-04,Potential San Francisco Bar Borrow Area,OAA,USA,San Francisco Bay,Pacific Ocean,NA,Pacific Ocean,Pacific Ocean Outside GGBridge,NA,
37.78080749511719,-122.5736083984375,False,-99.0,SFO,SG-05,Potential San Francisco Bar Borrow Area,OAA,USA,San Francisco Bay,Pacific Ocean,NA,Pacific Ocean,Pacific Ocean Outside GGBridge,NA,
37.79844284057617,-122.55902862548828,False,-99.0,SFO,SG-06,Potential San Francisco Bar Borrow Area,OAA,USA,San Francisco Bay,Pacific Ocean,NA,Pacific Ocean,Pacific Ocean Outside GGBridge,NA,
0.0,0.0,False,-99.0,SFO,SiteControl,Site Water Control,CNG,NA,NA,NA,NA,NA,NA,NA,
0.0,0.0,False,-99.0,SFO,Site-W-Control,Site Water Control,CNG,NA,NA,NA,NA,NA,NA,NA,
37.74808883666992,-122.39129638671875,False,0.0,SFPUC_ISLA,1C,Islais Creek,EIG,USA,San Francisco Bay,San Francisco Bay,San Francisco,SFB Central Bay,Islais Creek,NA,
37.74851989746094,-122.3912124633789,False,0.0,SFPUC_ISLA,1N,Islais Creek,EIG,USA,San Francisco Bay,San Francisco Bay,San Francisco,SFB Central Bay,Islais Creek,NA,
37.74774932861328,-122.39148712158203,False,0.0,SFPUC_ISLA,1S,Islais Creek,EIG,USA,San Francisco Bay,San Francisco Bay,San Francisco,SFB Central Bay,Islais Creek,NA,
37.747520446777344,-122.38963317871094,False,0.0,SFPUC_ISLA,2C,Islais Creek,EIG,USA,San Francisco Bay,San Francisco Bay,San Francisco,SFB Central Bay,Islais Creek,NA,
37.74766159057617,-122.38929748535156,False,0.0,SFPUC_ISLA,2N,Islais Creek,EIG,USA,San Francisco Bay,San Francisco Bay,San Francisco,SFB Central Bay,Islais Creek,NA,
37.747291564941406,-122.38993835449219,False,0.0,SFPUC_ISLA,2S,Islais Creek,EIG,USA,San Francisco Bay,San Francisco Bay,San Francisco,SFB Central Bay,Islais Creek,NA,
37.7475700378418,-122.38701629638672,False,0.0,SFPUC_ISLA,3C,Islais Creek,EIG,USA,San Francisco Bay,San Francisco Bay,San Francisco,SFB Central Bay,Islais Creek,NA,
37.74773025512695,-122.38706970214844,False,0.0,SFPUC_ISLA,3N,Islais Creek,EIG,USA,San Francisco Bay,San Francisco Bay,San Francisco,SFB Central Bay,Islais Creek,NA,
37.74728012084961,-122.38715362548828,False,0.0,SFPUC_ISLA,3S,Islais Creek,EIG,USA,San Francisco Bay,San Francisco Bay,San Francisco,SFB Central Bay,Islais Creek,NA,
37.74768829345703,-122.38377380371094,False,0.0,SFPUC_ISLA,4C,Islais Creek,EIG,USA,San Francisco Bay,San Francisco Bay,San Francisco,SFB Central Bay,Islais Creek,NA,
37.748138427734375,-122.38369750976562,False,0.0,SFPUC_ISLA,4N,Islais Creek,EIG,USA,San Francisco Bay,San Francisco Bay,San Francisco,SFB Central Bay,Islais Creek,NA,
37.747291564941406,-122.38345336914062,False,0.0,SFPUC_ISLA,4S,Islais Creek,EIG,USA,San Francisco Bay,San Francisco Bay,San Francisco,SFB Central Bay,Islais Creek,NA,
37.74750900268555,-122.38124084472656,False,0.0,SFPUC_ISLA,5C,Islais Creek,EIG,USA,San Francisco Bay,San Francisco Bay,San Francisco,SFB Central Bay,Islais Creek,NA,
37.74795913696289,-122.38124084472656,False,0.0,SFPUC_ISLA,5N,Islais Creek,EIG,USA,San Francisco Bay,San Francisco Bay,San Francisco,SFB Central Bay,Islais Creek,NA,
37.747169494628906,-122.38124084472656,False,0.0,SFPUC_ISLA,5S,Islais Creek,EIG,USA,San Francisco Bay,San Francisco Bay,San Francisco,SFB Central Bay,Islais Creek,NA,
37.7476692199707,-122.37480163574219,False,0.0,SFPUC_ISLA,6C,Islais Creek,EIG,USA,San Francisco Bay,San Francisco Bay,San Francisco,SFB Central Bay,Islais Creek,NA,
37.74850845336914,-122.37454986572266,False,0.0,SFPUC_ISLA,6N,Islais Creek,EIG,USA,San Francisco Bay,San Francisco Bay,San Francisco,SFB Central Bay,Islais Creek,NA,
37.74721908569336,-122.37439727783203,False,0.0,SFPUC_ISLA,6S,Islais Creek,EIG,USA,San Francisco Bay,San Francisco Bay,San Francisco,SFB Central Bay,Islais Creek,NA,
0.0,0.0,False,0.0,SFPUC_ISLA,Control,Negative control sample,CNG,NA,NA,NA,NA,NA,NA,NA,
38.100128173828125,-122.30455780029297,False,0.0,SFPUC_ISLA,ISLAND#1,ISLAND#1,ESS,USA,San Francisco Bay,San Francisco Bay,Solano,SFB San Pablo Bay,San Pablo Bay,NA,
38.132991790771484,-122.8759994506836,False,0.0,SFPUC_ISLA,MARCONI COVE,MARCONI COVE,ESU,USA,San Francisco Bay,Marin Coastal,Marin,Tomales Bay,Tomales Bay,NA,
37.571800231933594,-122.14855194091797,False,0.0,SFPUC_ISLA,NORTH SITE,NORTH SITE,ESS,USA,San Francisco Bay,San Francisco Bay,Alameda,SFB South Bay,Union City,NA,
37.90357971191406,-122.45945739746094,False,0.0,SFPUC_ISLA,PARADISE,PARADISE,ESM,USA,San Francisco Bay,San Francisco Bay,Marin,SFB Central Bay,Paradise Cove,NA,
37.5348014831543,-122.12145233154297,False,0.0,SFPUC_ISLA,SOUTH SITE,SOUTH SITE,EIS,USA,San Francisco Bay,San Francisco Bay,Alameda,SFB South Bay,Nat Wildlife Refuge,NA,
38.11526107788086,-122.41943359375,False,0.0,SFPUC_ISLA,TUBBS ISLAND,Tubbs Island,ESS,USA,San Francisco Bay,San Francisco Bay,Sonoma,SFB San Pablo Bay,Tubbs Island,NA,
37.7706298828125,-122.3968505859375,False,0.0,SFPUC_MISS,1N,Mission Creek,EIG,USA,San Francisco Bay,San Francisco Bay,San Francisco,SFB Central Bay,Mission Creek,NA,
37.77077865600586,-122.39714050292969,False,0.0,SFPUC_MISS,1S,Mission Creek,EIG,USA,San Francisco Bay,San Francisco Bay,San Francisco,SFB Central Bay,Mission Creek,NA,
37.771541595458984,-122.39627075195312,False,0.0,SFPUC_MISS,2N,Mission Creek,EIG,USA,San Francisco Bay,San Francisco Bay,San Francisco,SFB Central Bay,Mission Creek,NA,
37.77130889892578,-122.39604187011719,False,0.0,SFPUC_MISS,2S,Mission Creek,EIG,USA,San Francisco Bay,San Francisco Bay,San Francisco,SFB Central Bay,Mission Creek,NA,
37.773258209228516,-122.39412689208984,False,0.0,SFPUC_MISS,3N,Mission Creek,EIG,USA,San Francisco Bay,San Francisco Bay,San Francisco,SFB Central Bay,Mission Creek,NA,
37.77299880981445,-122.39386749267578,False,0.0,SFPUC_MISS,3S,Mission Creek,EIG,USA,San Francisco Bay,San Francisco Bay,San Francisco,SFB Central Bay,Mission Creek,NA,
37.77507019042969,-122.39192199707031,False,0.0,SFPUC_MISS,4N,Mission Creek,EIG,USA,San Francisco Bay,San Francisco Bay,San Francisco,SFB Central Bay,Mission Creek,NA,
37.77484130859375,-122.39163970947266,False,0.0,SFPUC_MISS,4S,Mission Creek,EIG,USA,San Francisco Bay,San Francisco Bay,San Francisco,SFB Central Bay,Mission Creek,NA,
37.776790618896484,-122.3895034790039,False,0.0,SFPUC_MISS,5N,Mission Creek,EIG,USA,San Francisco Bay,San Francisco Bay,San Francisco,SFB Central Bay,Mission Creek,NA,
37.776519775390625,-122.38916778564453,False,0.0,SFPUC_MISS,5S,Mission Creek,EIG,USA,San Francisco Bay,San Francisco Bay,San Francisco,SFB Central Bay,Mission Creek,NA,
37.77732849121094,-122.38375091552734,False,0.0,SFPUC_MISS,6C,Mission Creek,EIG,USA,San Francisco Bay,San Francisco Bay,San Francisco,SFB Central Bay,Mission Creek,NA,
37.778221130371094,-122.38455200195312,False,0.0,SFPUC_MISS,6N,Mission Creek,EIG,USA,San Francisco Bay,San Francisco Bay,San Francisco,SFB Central Bay,Mission Creek,NA,
37.7764892578125,-122.38406372070312,False,0.0,SFPUC_MISS,6S,Mission Creek,EIG,USA,San Francisco Bay,San Francisco Bay,San Francisco,SFB Central Bay,Mission Creek,NA,
0.0,0.0,False,0.0,SFPUC_MISS,Control,Negative control sample,CNG,NA,NA,NA,NA,NA,NA,NA,
38.100128173828125,-122.30455780029297,False,0.0,SFPUC_MISS,ISLAND#1,ISLAND#1,ESS,USA,San Francisco Bay,San Francisco Bay,Solano,SFB San Pablo Bay,San Pablo Bay,NA,
38.132991790771484,-122.8759994506836,False,0.0,SFPUC_MISS,MARCONI COVE,MARCONI COVE,ESU,USA,San Francisco Bay,Marin Coastal,Marin,Tomales Bay,Tomales Bay,NA,
37.571800231933594,-122.14855194091797,False,0.0,SFPUC_MISS,NORTH SITE,NORTH SITE,ESS,USA,San Francisco Bay,San Francisco Bay,Alameda,SFB South Bay,Union City,NA,
37.90357971191406,-122.45945739746094,False,0.0,SFPUC_MISS,PARADISE,PARADISE,ESM,USA,San Francisco Bay,San Francisco Bay,Marin,SFB Central Bay,Paradise Cove,NA,
37.5348014831543,-122.12145233154297,False,0.0,SFPUC_MISS,SOUTH SITE,SOUTH SITE,EIS,USA,San Francisco Bay,San Francisco Bay,Alameda,SFB South Bay,Nat Wildlife Refuge,NA,
38.11526107788086,-122.41943359375,False,0.0,SFPUC_MISS,TUBBS ISLAND,Tubbs Island,ESS,USA,San Francisco Bay,San Francisco Bay,Sonoma,SFB San Pablo Bay,Tubbs Island,NA,
37.724334716796875,-122.38526916503906,False,0.0,SFPUC_YOSE,1N,"42 m N of S bank, 32 m S of fence in N bank, 90 m ",ESU,USA,San Francisco Bay,San Francisco Bay,San Francisco,SFB Central Bay,Yosemite Creek,NA,Converted from UTM
37.724159240722656,-122.38539123535156,False,0.0,SFPUC_YOSE,1S,"34 m W of end structure, 25 m N of grey warehouse,",ESU,USA,San Francisco Bay,San Francisco Bay,San Francisco,SFB Central Bay,Yosemite Creek,NA,Converted from UTM
37.72377014160156,-122.38375091552734,False,0.0,SFPUC_YOSE,2N,"33 m S of N bank, 44 m N of S bank, 162 m E of war",ESU,USA,San Francisco Bay,San Francisco Bay,San Francisco,SFB Central Bay,Yosemite Creek,NA,Converted from UTM
37.7234992980957,-122.38397216796875,False,0.0,SFPUC_YOSE,2S,"62 m S of N bank, 15 m N of S bank, 161 m W of war",ESU,USA,San Francisco Bay,San Francisco Bay,San Francisco,SFB Central Bay,Yosemite Creek,NA,Converted from UTM
37.72285079956055,-122.38255310058594,False,0.0,SFPUC_YOSE,3N,"21 m from Griffith St. CSO, 46 m N of S bank, 346 ",ESU,USA,San Francisco Bay,San Francisco Bay,San Francisco,SFB Central Bay,Yosemite Creek,NA,Converted from UTM
37.72257995605469,-122.38288116455078,False,0.0,SFPUC_YOSE,3S,"Just E of Griffith St. CSO, 21 m from cement block",ESU,USA,San Francisco Bay,San Francisco Bay,San Francisco,SFB Central Bay,Yosemite Creek,NA,Converted from UTM
37.72243881225586,-122.3821029663086,False,0.0,SFPUC_YOSE,4C,U.S. Navy Target Site,ESU,USA,San Francisco Bay,San Francisco Bay,San Francisco,SFB Central Bay,Yosemite Creek,NA,Converted from UTM
37.722652435302734,-122.38208770751953,False,0.0,SFPUC_YOSE,4N,21 m from N bank,ESU,USA,San Francisco Bay,San Francisco Bay,San Francisco,SFB Central Bay,Yosemite Creek,NA,Converted from UTM
37.72216796875,-122.38214111328125,False,0.0,SFPUC_YOSE,4S,21 m from S bank,ESU,USA,San Francisco Bay,San Francisco Bay,San Francisco,SFB Central Bay,Yosemite Creek,NA,Converted from UTM
37.72222900390625,-122.38150024414062,False,0.0,SFPUC_YOSE,5A,Unknown,ESU,USA,San Francisco Bay,San Francisco Bay,San Francisco,SFB Central Bay,Yosemite Creek,NA,Converted from UTM
37.72126770019531,-122.38140106201172,False,0.0,SFPUC_YOSE,5C,"39 m to E shore, 130 m to rubble on N shore",ESU,USA,San Francisco Bay,San Francisco Bay,San Francisco,SFB Central Bay,Yosemite Creek,NA,Converted from UTM
37.72193145751953,-122.38096618652344,False,0.0,SFPUC_YOSE,5N,"45 m to N bank, 216 m to old Fitch St. CSO, U.S. N",ESU,USA,San Francisco Bay,San Francisco Bay,San Francisco,SFB Central Bay,Yosemite Creek,NA,Converted from UTM
37.720703125,-122.38163757324219,False,0.0,SFPUC_YOSE,5S,"197 m from N shore, 70 m from Fitch St. CSO",ESU,USA,San Francisco Bay,San Francisco Bay,San Francisco,SFB Central Bay,Yosemite Creek,NA,Converted from UTM
0.0,0.0,False,0.0,SFPUC_YOSE,Control,Negative Control,CNG,NA,NA,NA,NA,NA,NA,NA,
38.100128173828125,-122.30455780029297,False,0.0,SFPUC_YOSE,ISLAND#1,Reference Site,ESS,USA,San Francisco Bay,San Francisco Bay,Solano,SFB San Pablo Bay,San Pablo Bay,NA,Converted from UTM
38.132991790771484,-122.8759994506836,False,0.0,SFPUC_YOSE,MARCONI COVE,Reference Site,ESU,USA,San Francisco Bay,Marin Coastal,Marin,Tomales Bay,Tomales Bay,NA,Converted from UTM
37.571800231933594,-122.14855194091797,False,0.0,SFPUC_YOSE,NORTH SITE,Reference Site,ESS,USA,San Francisco Bay,San Francisco Bay,Alameda,SFB South Bay,Union City,NA,Converted from UTM
37.90357971191406,-122.45945739746094,False,0.0,SFPUC_YOSE,PARADISE,Reference Site,ESM,USA,San Francisco Bay,San Francisco Bay,Marin,SFB Central Bay,Paradise Cove,NA,Converted from UTM
37.5348014831543,-122.12145233154297,False,0.0,SFPUC_YOSE,SOUTH SITE,Reference Site,EIS,USA,San Francisco Bay,San Francisco Bay,Alameda,SFB South Bay,Nat Wildlife Refuge,NA,Converted from UTM
38.11526107788086,-122.41943359375,False,0.0,SFPUC_YOSE,TUBBS ISLAND,Tubbs Island,ESS,USA,San Francisco Bay,San Francisco Bay,Sonoma,SFB San Pablo Bay,Tubbs Island,NA,Converted from UTM
38.03891372680664,-122.11876678466797,False,-99.0,SUIS_BULLHD,BHC-1,Bulls Head Channel,ESC,USA,San Francisco Bay,San Francisco Bay,Contra Costa,SFB Carquinez Strait,Carquinez,NA,
38.04092025756836,-122.11598205566406,False,-99.0,SUIS_BULLHD,BHC-2,Bulls Head Channel,ESC,USA,San Francisco Bay,San Francisco Bay,Contra Costa,SFB Carquinez Strait,Carquinez,NA,
38.04025650024414,-122.11560821533203,False,-99.0,SUIS_BULLHD,BHC-3,Bulls Head Channel,ESC,USA,San Francisco Bay,San Francisco Bay,Contra Costa,SFB Carquinez Strait,Carquinez,NA,
38.04182052612305,-122.11311340332031,False,-99.0,SUIS_BULLHD,BHC-4,Bulls Head Channel,ESC,USA,San Francisco Bay,San Francisco Bay,Contra Costa,SFB Suisun Bay,Suisun Bay,NA,
38.04293441772461,-122.11078643798828,False,-99.0,SUIS_BULLHD,BHC-5,Bulls Head Channel,ESC,USA,San Francisco Bay,San Francisco Bay,Contra Costa,SFB Suisun Bay,Suisun Bay,NA,
38.04399108886719,-122.10834503173828,False,-99.0,SUIS_BULLHD,BHC-6,Bulls Head Channel,ESC,USA,San Francisco Bay,San Francisco Bay,Contra Costa,SFB Suisun Bay,Suisun Bay,NA,
38.04715347290039,-122.10247039794922,False,-99.0,SUIS_BULLHD,BHC-7,Bulls Head Channel,ESC,USA,San Francisco Bay,San Francisco Bay,Contra Costa,SFB Suisun Bay,Suisun Bay,NA,
38.046592712402344,-122.10195922851562,False,-99.0,SUIS_BULLHD,BHC-8,Bulls Head Channel,ESC,USA,San Francisco Bay,San Francisco Bay,Contra Costa,SFB Suisun Bay,Suisun Bay,NA,
38.04819107055664,-122.09906768798828,False,-99.0,SUIS_BULLHD,BHC-9,Bulls Head Channel,ESC,USA,San Francisco Bay,San Francisco Bay,Contra Costa,SFB Suisun Bay,Suisun Bay,NA,
38.04182052612305,-122.11311340332031,True,-99.0,SUIS_BULLHD,BHC-A-L,"Clay, silt from BHC-1, BHC-2, BHC-3, BHC-4, BHC-5,",ESC,USA,San Francisco Bay,San Francisco Bay,Contra Costa,SFB Suisun Bay,Suisun Bay,NA,
38.04293441772461,-122.11078643798828,True,-99.0,SUIS_BULLHD,BHC-A-U,"Sand from BHC-2, BHC-4, BHC-5, BHC-6",ESC,USA,San Francisco Bay,San Francisco Bay,Contra Costa,SFB Suisun Bay,Suisun Bay,NA,
38.04819107055664,-122.09906768798828,True,-99.0,SUIS_BULLHD,BHC-B,"Clay, silt from BHC-7, BHC-8, BHC-9 and TB-10, TB-",ESC,USA,San Francisco Bay,San Francisco Bay,Contra Costa,SFB Suisun Bay,Suisun Bay,NA,
0.0,0.0,False,-99.0,SUIS_BULLHD,C-EO,Bioassay Negative Control,CNG,NA,NA,NA,NA,NA,NA,NA,
48.39716720581055,-122.66666412353516,False,-99.0,SUIS_BULLHD,C-WB,"Whidbey Island, WA Control",CNG,USA,NA,Puget Sound,Island,Puget Sound,Puget Sound,NA,
37.8211669921875,-122.43133544921875,True,-99.0,SUIS_BULLHD,R-AM,Alcatraz Reference Site,ESC,USA,San Francisco Bay,San Francisco Bay,San Francisco,SFB Central Bay,Alcatraz,NA,
37.741668701171875,-122.27266693115234,True,-99.0,SUIS_BULLHD,R-BF,Bay Farm Reference,ESC,USA,San Francisco Bay,San Francisco Bay,San Francisco,SFB Central Bay,Central Bay South,NA,
38.04792404174805,-122.1019058227539,False,-99.0,SUIS_BULLHD,TB-10,Turning Basin,ESC,USA,San Francisco Bay,San Francisco Bay,Contra Costa,SFB Suisun Bay,Suisun Bay,NA,
38.049102783203125,-122.10165405273438,False,-99.0,SUIS_BULLHD,TB-11,Turning Basin,ESC,USA,San Francisco Bay,San Francisco Bay,Contra Costa,SFB Suisun Bay,Suisun Bay,NA,
38.04936981201172,-122.09931182861328,False,-99.0,SUIS_BULLHD,TB-12,Turning Basin,ESC,USA,San Francisco Bay,San Francisco Bay,Contra Costa,SFB Suisun Bay,Suisun Bay,NA,
38.049774169921875,-122.09770202636719,False,-99.0,SUIS_BULLHD,TB-13,Turning Basin,ESC,USA,San Francisco Bay,San Francisco Bay,Contra Costa,SFB Suisun Bay,Suisun Bay,NA,
38.05012130737305,-122.0999526977539,False,-99.0,SUIS_BULLHD,TB-14,Turning Basin,ESC,USA,San Francisco Bay,San Francisco Bay,Contra Costa,SFB Suisun Bay,Suisun Bay,NA,
38.05098342895508,-122.10052490234375,False,-99.0,SUIS_BULLHD,TB-15,Turning Basin,ESC,USA,San Francisco Bay,San Francisco Bay,Contra Costa,SFB Suisun Bay,Suisun Bay,NA,
38.05184555053711,-122.09817504882812,False,-99.0,SUIS_BULLHD,TB-16,Turning Basin,ESC,USA,San Francisco Bay,San Francisco Bay,Contra Costa,SFB Suisun Bay,Suisun Bay,NA,
38.05244445800781,-122.09635162353516,False,-99.0,SUIS_BULLHD,TB-17,Turning Basin,ESC,USA,San Francisco Bay,San Francisco Bay,Contra Costa,SFB Suisun Bay,Suisun Bay,NA,
38.05088806152344,-122.09764862060547,False,-99.0,SUIS_BULLHD,TB-18,Turning Basin,ESC,USA,San Francisco Bay,San Francisco Bay,Contra Costa,SFB Suisun Bay,Suisun Bay,NA,
38.05137634277344,-122.09608459472656,False,-99.0,SUIS_BULLHD,TB-19,Turning Basin,ESC,USA,San Francisco Bay,San Francisco Bay,Contra Costa,SFB Suisun Bay,Suisun Bay,NA,
38.051876068115234,-122.0942611694336,False,-99.0,SUIS_BULLHD,TB-20,Turning Basin,ESC,USA,San Francisco Bay,San Francisco Bay,Contra Costa,SFB Suisun Bay,Suisun Bay,NA,
38.050392150878906,-122.09574890136719,False,-99.0,SUIS_BULLHD,TB-21,Turning Basin,ESC,USA,San Francisco Bay,San Francisco Bay,Contra Costa,SFB Suisun Bay,Suisun Bay,NA,
38.050811767578125,-122.09413146972656,False,-99.0,SUIS_BULLHD,TB-22,Turning Basin,ESC,USA,San Francisco Bay,San Francisco Bay,Contra Costa,SFB Suisun Bay,Suisun Bay,NA,
38.05143356323242,-122.09243774414062,False,-99.0,SUIS_BULLHD,TB-23,Turning Basin,ESC,USA,San Francisco Bay,San Francisco Bay,Contra Costa,SFB Suisun Bay,Suisun Bay,NA,
38.05109786987305,-122.08982849121094,False,-99.0,SUIS_BULLHD,TB-24,Turning Basin,ESC,USA,San Francisco Bay,San Francisco Bay,Contra Costa,SFB Suisun Bay,Suisun Bay,NA,
38.04835891723633,-122.1033935546875,False,-99.0,SUIS_BULLHD,TB-25,Turning Basin,ESC,USA,San Francisco Bay,San Francisco Bay,Contra Costa,SFB Suisun Bay,Suisun Bay,NA,
38.05021286010742,-122.1023178100586,False,-99.0,SUIS_BULLHD,TB-26,Turning Basin,ESC,USA,San Francisco Bay,San Francisco Bay,Contra Costa,SFB Suisun Bay,Suisun Bay,NA,
38.05303955078125,-122.09396362304688,False,-99.0,SUIS_BULLHD,TB-27,Turning Basin,ESC,USA,San Francisco Bay,San Francisco Bay,Contra Costa,SFB Suisun Bay,Suisun Bay,NA,
38.05225372314453,-122.09130859375,False,-99.0,SUIS_BULLHD,TB-28,Turning Basin,ESC,USA,San Francisco Bay,San Francisco Bay,Contra Costa,SFB Suisun Bay,Suisun Bay,NA,
38.049774169921875,-122.09770202636719,True,-99.0,SUIS_BULLHD,TB-C,"Brown sand from BHC-9, TB-11, TB-13, TB-14, TB-18,",ESC,USA,San Francisco Bay,San Francisco Bay,Contra Costa,SFB Suisun Bay,Suisun Bay,NA,
38.04792404174805,-122.1019058227539,True,-99.0,SUIS_BULLHD,TB-D-L,Fine grey sand from TB-10,ESC,USA,San Francisco Bay,San Francisco Bay,Contra Costa,SFB Suisun Bay,Suisun Bay,NA,
38.05184555053711,-122.09817504882812,True,-99.0,SUIS_BULLHD,TB-D-U,"Fine grey sand from TB-15, TB-16, TB-17",ESC,USA,San Francisco Bay,San Francisco Bay,Contra Costa,SFB Suisun Bay,Suisun Bay,NA,
38.05137634277344,-122.09608459472656,True,-99.0,SUIS_BULLHD,TB-E-L,"Clay, silt from TB-16, TB-17, TB-18, TB-19, TB-20,",ESC,USA,San Francisco Bay,San Francisco Bay,Contra Costa,SFB Suisun Bay,Suisun Bay,NA,
38.050392150878906,-122.09574890136719,True,-99.0,SUIS_BULLHD,TB-E-U,"Grey sand from TB-21, TB-22",ESC,USA,San Francisco Bay,San Francisco Bay,Contra Costa,SFB Suisun Bay,Suisun Bay,NA,
0.0,0.0,True,-99.0,SUIS_LAUNCH,Control,Bioassay Negative Control,CNG,NA,NA,NA,NA,NA,NA,NA,
-99.0,-99.0,True,-99.0,SUIS_LAUNCH,Reference,Pierce Island Reference - UPLAND,UPL,USA,San Francisco Bay,San Francisco Bay,Contra Costa,SFB Suisun Bay,Suisun Bay,NA,
38.233070373535156,-122.0374984741211,True,-99.0,SUIS_LAUNCH,SC·I,Suisun City Ramp,EIR,USA,San Francisco Bay,San Francisco Bay,Solano,Suisun Bay Sloughs,Suisun Montezuma Slough,NA,
0.0,0.0,False,-99.0,UNOCAL_96,Control,San Francisco Bay Control,CNG,USA,San Francisco Bay,San Francisco Bay,San Francisco,NA,NA,NA,
-99.0,-99.0,False,-99.0,UNOCAL_96,Reference,Carquinez Disposal Site Reference,ESU,USA,San Francisco Bay,San Francisco Bay,Contra Costa,SFB Carquinez Strait,Carquinez,NA,
38.0565299987793,-122.2623291015625,True,-99.0,UNOCAL_96,Site 1/3,Unocal,ESP,USA,San Francisco Bay,San Francisco Bay,Solano,SFB Carquinez Strait,Carquinez,NA,
38.057899475097656,-122.25887298583984,True,-99.0,UNOCAL_96,Site 2A,Unocal,ESC,USA,San Francisco Bay,San Francisco Bay,Solano,SFB Carquinez Strait,Carquinez,NA,
38.05786895751953,-122.25778198242188,True,-99.0,UNOCAL_96,Site 2B,Unocal,ESC,USA,San Francisco Bay,San Francisco Bay,Solano,SFB Carquinez Strait,Carquinez,NA,
38.055999755859375,-122.26180267333984,True,-99.0,UNOCAL_96,Site 4/5,Unocal,ESP,USA,San Francisco Bay,San Francisco Bay,Solano,SFB Carquinez Strait,Carquinez,NA,
0.0,0.0,False,-99.0,UNOCAL_96,SWControl,Bioassay Seawater Control,CNG,NA,NA,NA,NA,NA,NA,NA,
37.666893005371094,-122.39129638671875,False,-99.0,URS,AS-1,Oyster Point,ESG,USA,San Francisco Bay,San Francisco Bay,San Mateo,SFB Central Bay,San Francisco South Nearshore,NA,
37.66758346557617,-122.39025115966797,False,-99.0,URS,AS-10,Oyster Point,ESG,USA,San Francisco Bay,San Francisco Bay,San Mateo,SFB Central Bay,San Francisco South Nearshore,NA,
37.66693878173828,-122.38988494873047,False,-99.0,URS,AS-11,Oyster Point,ESG,USA,San Francisco Bay,San Francisco Bay,San Mateo,SFB Central Bay,San Francisco South Nearshore,NA,
37.66660690307617,-122.38980102539062,False,-99.0,URS,AS-12,Oyster Point,ESG,USA,San Francisco Bay,San Francisco Bay,San Mateo,SFB Central Bay,San Francisco South Nearshore,NA,
37.666446685791016,-122.391357421875,False,-99.0,URS,AS-2,Oyster Point,EIG,USA,San Francisco Bay,San Francisco Bay,San Mateo,SFB Central Bay,San Francisco South Nearshore,NA,
37.66615676879883,-122.39131927490234,False,-99.0,URS,AS-3,Oyster Point,EIG,USA,San Francisco Bay,San Francisco Bay,San Mateo,SFB Central Bay,San Francisco South Nearshore,NA,
37.66651153564453,-122.3907699584961,False,-99.0,URS,AS-4,Oyster Point,EIG,USA,San Francisco Bay,San Francisco Bay,San Mateo,SFB Central Bay,San Francisco South Nearshore,NA,
37.66627883911133,-122.39083862304688,False,-99.0,URS,AS-5,Oyster Point,EIG,USA,San Francisco Bay,San Francisco Bay,San Mateo,SFB Central Bay,San Francisco South Nearshore,NA,
37.66736602783203,-122.39051818847656,False,-99.0,URS,AS-6,Oyster Point,ESG,USA,San Francisco Bay,San Francisco Bay,San Mateo,SFB Central Bay,San Francisco South Nearshore,NA,
37.667179107666016,-122.39025115966797,False,-99.0,URS,AS-7,Oyster Point,ESG,USA,San Francisco Bay,San Francisco Bay,San Mateo,SFB Central Bay,San Francisco South Nearshore,NA,
37.66633987426758,-122.39051055908203,False,-99.0,URS,AS-8,Oyster Point,EIG,USA,San Francisco Bay,San Francisco Bay,San Mateo,SFB Central Bay,San Francisco South Nearshore,NA,
37.66668701171875,-122.39048767089844,False,-99.0,URS,AS-9,Oyster Point,EIG,USA,San Francisco Bay,San Francisco Bay,San Mateo,SFB Central Bay,San Francisco South Nearshore,NA,
0.0,0.0,False,-99.0,URS,Home,Bioassay Sediment Control,CNG,NA,NA,NA,NA,NA,NA,NA,
37.66507339477539,-122.3949203491211,False,-99.0,URS,LB-1,Oyster Point,EIG,USA,San Francisco Bay,San Francisco Bay,San Mateo,SFB Central Bay,San Francisco South Nearshore,NA,
37.665977478027344,-122.39238739013672,False,-99.0,URS,LB-10,Oyster Point,EIG,USA,San Francisco Bay,San Francisco Bay,San Mateo,SFB Central Bay,San Francisco South Nearshore,NA,
37.665870666503906,-122.39202880859375,False,-99.0,URS,LB-11,Oyster Point,EIG,USA,San Francisco Bay,San Francisco Bay,San Mateo,SFB Central Bay,San Francisco South Nearshore,NA,
37.666847229003906,-122.39229583740234,False,-99.0,URS,LB-12,Oyster Point,EIG,USA,San Francisco Bay,San Francisco Bay,San Mateo,SFB Central Bay,San Francisco South Nearshore,NA,
37.6665153503418,-122.39215087890625,False,-99.0,URS,LB-13,Oyster Point,EIG,USA,San Francisco Bay,San Francisco Bay,San Mateo,SFB Central Bay,San Francisco South Nearshore,NA,
37.66640853881836,-122.39200592041016,False,-99.0,URS,LB-14,Oyster Point,EIG,USA,San Francisco Bay,San Francisco Bay,San Mateo,SFB Central Bay,San Francisco South Nearshore,NA,
37.66659927368164,-122.3919677734375,False,-99.0,URS,LB-15,Oyster Point,EIG,USA,San Francisco Bay,San Francisco Bay,San Mateo,SFB Central Bay,San Francisco South Nearshore,NA,
37.66453552246094,-122.394775390625,False,-99.0,URS,LB-2,Oyster Point,EIG,USA,San Francisco Bay,San Francisco Bay,San Mateo,SFB Central Bay,San Francisco South Nearshore,NA,
37.6650390625,-122.3945541381836,False,-99.0,URS,LB-3,Oyster Point,EIG,USA,San Francisco Bay,San Francisco Bay,San Mateo,SFB Central Bay,San Francisco South Nearshore,NA,
37.66539001464844,-122.3943099975586,False,-99.0,URS,LB-4,Oyster Point,EIG,USA,San Francisco Bay,San Francisco Bay,San Mateo,SFB Central Bay,San Francisco South Nearshore,NA,
37.66508865356445,-122.3939208984375,False,-99.0,URS,LB-5,Oyster Point,EIG,USA,San Francisco Bay,San Francisco Bay,San Mateo,SFB Central Bay,San Francisco South Nearshore,NA,
37.665367126464844,-122.3935317993164,False,-99.0,URS,LB-6,Oyster Point,EIG,USA,San Francisco Bay,San Francisco Bay,San Mateo,SFB Central Bay,San Francisco South Nearshore,NA,
37.665260314941406,-122.39348602294922,False,-99.0,URS,LB-7,Oyster Point,EIG,USA,San Francisco Bay,San Francisco Bay,San Mateo,SFB Central Bay,San Francisco South Nearshore,NA,
37.66542434692383,-122.39311218261719,False,-99.0,URS,LB-8,Oyster Point,EIG,USA,San Francisco Bay,San Francisco Bay,San Mateo,SFB Central Bay,San Francisco South Nearshore,NA,
37.66554260253906,-122.39266967773438,False,-99.0,URS,LB-9,Oyster Point,EIG,USA,San Francisco Bay,San Francisco Bay,San Mateo,SFB Central Bay,San Francisco South Nearshore,NA,
37.89921569824219,-122.4643325805664,False,-99.0,URS,PC-REF,Paradise Cove Ref Site,ESU,USA,San Francisco Bay,San Francisco Bay,Marin,SFB Central Bay,Paradise Cove,NA,
37.66782760620117,-122.39049530029297,False,-99.0,URS,SC-1,Oyster Point,ESG,USA,San Francisco Bay,San Francisco Bay,San Mateo,SFB Central Bay,San Francisco South Nearshore,NA,
37.66820526123047,-122.38548278808594,False,-99.0,URS,SC-10,Oyster Point,EIG,USA,San Francisco Bay,San Francisco Bay,San Mateo,SFB Central Bay,San Francisco South Nearshore,NA,
37.66746139526367,-122.38887023925781,False,-99.0,URS,SC-2,Oyster Point,ESG,USA,San Francisco Bay,San Francisco Bay,San Mateo,SFB Central Bay,San Francisco South Nearshore,NA,
37.66710662841797,-122.3886947631836,False,-99.0,URS,SC-3,Oyster Point,ESG,USA,San Francisco Bay,San Francisco Bay,San Mateo,SFB Central Bay,San Francisco South Nearshore,NA,
37.66779327392578,-122.38842010498047,False,-99.0,URS,SC-4,Oyster Point,EIG,USA,San Francisco Bay,San Francisco Bay,San Mateo,SFB Central Bay,San Francisco South Nearshore,NA,
37.66726303100586,-122.38835906982422,False,-99.0,URS,SC-5,Oyster Point,ESG,USA,San Francisco Bay,San Francisco Bay,San Mateo,SFB Central Bay,San Francisco South Nearshore,NA,
37.667083740234375,-122.38815307617188,False,-99.0,URS,SC-6,Oyster Point,ESG,USA,San Francisco Bay,San Francisco Bay,San Mateo,SFB Central Bay,San Francisco South Nearshore,NA,
37.66746139526367,-122.3873291015625,False,-99.0,URS,SC-7,Oyster Point,ESG,USA,San Francisco Bay,San Francisco Bay,San Mateo,SFB Central Bay,San Francisco South Nearshore,NA,
37.66807174682617,-122.3869857788086,False,-99.0,URS,SC-8,Oyster Point,ESG,USA,San Francisco Bay,San Francisco Bay,San Mateo,SFB Central Bay,San Francisco South Nearshore,NA,
37.6687126159668,-122.38591003417969,False,-99.0,URS,SC-9,Oyster Point,ESG,USA,San Francisco Bay,San Francisco Bay,San Mateo,SFB Central Bay,San Francisco South Nearshore,NA,
37.832698822021484,-122.47718048095703,True,-99.0,USCG_BAKER,1,USCG Baker East Facility,ESS,USA,San Francisco Bay,San Francisco Bay,San Francisco,SFB Central Bay,Central Bay North,NA,
0.0,0.0,False,-99.0,USCG_BAKER,Control,Bioassay Negative Control,CNG,NA,NA,NA,NA,NA,NA,NA,
-99.0,-99.0,False,-99.0,USCG_BAKER,Reference,Alcatraz Reference - Environs,ESU,USA,San Francisco Bay,San Francisco Bay,San Francisco,SFB Central Bay,Alcatraz,NA,
37.81147003173828,-122.36157989501953,True,-99.0,USCG_YERBA,A,USCG Yerba Buena Island,EIM,USA,San Francisco Bay,San Francisco Bay,San Francisco,SFB Central Bay,Yerba Buena Island,NA,
37.8120002746582,-122.3604507446289,True,-99.0,USCG_YERBA,B,USCG Yerba Buena Island,ESM,USA,San Francisco Bay,San Francisco Bay,San Francisco,SFB Central Bay,Yerba Buena Island,NA,
37.809818267822266,-122.3611831665039,True,-99.0,USCG_YERBA,C ,USCG Yerba Buena Island,EIM,USA,San Francisco Bay,San Francisco Bay,San Francisco,SFB Central Bay,Yerba Buena Island,NA,
0.0,0.0,False,-99.0,USCG_YERBA,Control,Bioassay Negative Control,CNG,NA,NA,NA,NA,NA,NA,NA,
-99.0,-99.0,False,-99.0,USCG_YERBA,Reference,Alcatraz Reference - Environs,ESU,USA,San Francisco Bay,San Francisco Bay,San Francisco,SFB Central Bay,Alcatraz,NA,
37.459598541259766,-122.0989990234375,False,-99.0,USGS_CLAM,PAPlant,1 km S of intertidal discharge point,EID,USA,San Francisco Bay,San Francisco Bay,San Mateo,SFB Southern Sloughs,Mayfield Slough,NA,Coordinates approximate from map.
34.07830047607422,-117.29940032958984,False,-99.0,USGS9098,GS3023,WARM C NR SAN BERNARDINO CA,FAA,USA,Santa Ana,Santa Ana River,San Bernadino,Santa Ana River,Warm Creek,NA,
33.96860122680664,-117.44750213623047,False,-99.0,USGS9098,GS3024,SANTA ANA R A MWD CROSSING CA,FAA,USA,Santa Ana,Santa Ana River,Riverside,Santa Ana River,Santa Ana River,NA,
33.73809814453125,-116.83309936523438,False,-99.0,USGS9098,GS3025,SAN JACINTO R NR SAN JACINTO,FAA,USA,Santa Ana,San Jacinto Valley,Riverside,San Jacinto River,San Jacinto River,NA,
33.66419982910156,-117.29309844970703,False,-99.0,USGS9098,GS3026,SAN JACINTO R NR ELSINORE CA,FAA,USA,Santa Ana,San Jacinto Valley,Riverside,San Jacinto River,San Jacinto River,NA,
33.88330078125,-117.64440155029297,False,-99.0,USGS9098,GS3027,"SANTA ANA RIVER BELOW PRADO DAM, CALIF.",FAA,USA,Santa Ana,Santa Ana River,Riverside,Santa Ana River,Santa Ana River,NA,
33.85639953613281,-117.78970336914062,False,-99.0,USGS9098,GS3028,SANTA ANA R A IMPERIAL HWY NR ANAHEIM,FAA,USA,Santa Ana,Santa Ana River,Orange,Santa Ana River,Santa Ana River,NA,
34.78219985961914,-120.52970123291016,False,-99.0,USGS9098,GS3034,SAN ANTONIO C NR CASMALIA CA,FAA,USA,Central Coast,San Antonio,Santa Barbara,San Antonio Creek,San Antonio Creek,NA,
33.485599517822266,-116.02079772949219,False,-99.0,USGS9098,GS3813,SALTON SEA BETWEEN N BASIN AND WHITEW,FAA,USA,Colorado River,Salton Sea,Riverside,Salton Sea,Salton Sea,NA,
33.4994010925293,-116.04309844970703,False,-99.0,USGS9098,GS3816,SALTON SEA IN WHITEWATER R DELTA CA,FAA,USA,Colorado River,Salton Sea,Riverside,Salton Sea,Salton Sea,NA,
33.94580078125,-117.55750274658203,False,-99.0,USGS9098,GS3865,SANTA ANA R A HAMNER RD NR NORCO CA,FAA,USA,Santa Ana,Santa Ana River,Riverside,Santa Ana River,Santa Ana River,NA,
33.94580078125,-117.61470031738281,False,-99.0,USGS9098,GS3866,MILL C A CHINO CORONA RD NR NORCO CA,FAA,USA,Santa Ana,Santa Ana River,San Bernadino,Santa Ana River,Mill Creek,NA,
33.97359848022461,-117.68810272216797,False,-99.0,USGS9098,GS3867,CHINO C BL CENTRAL AVE NR CHINO CA,FAA,USA,Santa Ana,Santa Ana River,San Bernadino,Santa Ana River,Chino Creek,NA,
34.145301818847656,-117.05690002441406,False,-99.0,USGS9098,GS3871,SANTA ANA R A UPPER PH NR RUNNING SPR,FAA,USA,Santa Ana,Santa Ana River,San Bernadino,Santa Ana River,Santa Ana River,NA,
34.16529846191406,-117.01470184326172,False,-99.0,USGS9098,GS3872,BEAR C A BEAR C CAMPGROUND NR ANGELUS,FAA,USA,Santa Ana,Santa Ana River,San Bernadino,Santa Ana River,Bear Creek,NA,
34.17060089111328,-116.83000183105469,False,-99.0,USGS9098,GS3873,SF SANTA ANA R NR SF CMPGRND NR ANGEL,FAA,USA,Santa Ana,Santa Ana River,San Bernadino,Santa Ana River,Santa Ana River,NA,
34.95750045776367,-120.63169860839844,False,-99.0,USGS9098,GS3885,GREEN CYN C A MAIN ST NR GUADALUPE CA,FAA,USA,Central Coast,Santa Maria,Santa Barbara,Santa Maria River,Green Canyon Creek,NA,
0.0,0.0,False,-99.0,VISTA,Control,Bioassay Negative Control,CNG,NA,NA,NA,NA,NA,NA,NA,
37.97271728515625,-122.49566650390625,True,-99.0,VISTA,MV,Marina Vista,EIM,USA,San Francisco Bay,San Francisco Bay,Marin,San Rafael Creek,San Rafael Creek,NA,
-99.0,-99.0,False,-99.0,VISTA,Reference,Alcatraz Reference - Environs,ESU,USA,San Francisco Bay,San Francisco Bay,San Francisco,SFB Central Bay,Alcatraz,NA,
38.03887176513672,-121.83412170410156,False,-99.0,WEMAP00,1-2,NA,ESC,USA,San Francisco Bay,San Francisco Bay,Contra Costa,Sacramento San Joaquin Confluence,Sacramento San Joaquin Confluence,NA,
38.146419525146484,-122.52787780761719,False,-99.0,WEMAP00,14-1,NA,ESR,USA,San Francisco Bay,San Francisco Bay,Sonoma,Petaluma River,Petaluma River,NA,
37.91938018798828,-122.44992065429688,False,-99.0,WEMAP00,16-1,NA,ESC,USA,San Francisco Bay,San Francisco Bay,Contra Costa,SFB Central Bay,Central Bay North,NA,
37.952308654785156,-122.42291259765625,False,-99.0,WEMAP00,17-1,NA,ESS,USA,San Francisco Bay,San Francisco Bay,Contra Costa,SFB Central Bay,Point San Pablo,NA,
37.90726852416992,-122.39385986328125,False,-99.0,WEMAP00,18-1,NA,ESC,USA,San Francisco Bay,San Francisco Bay,Contra Costa,SFB Central Bay,Point Richmond,POR,
37.91365051269531,-122.36463928222656,False,-99.0,WEMAP00,19-2,NA,ESP,USA,San Francisco Bay,San Francisco Bay,Contra Costa,SFB Central Bay,Richmond Santa Fe & Harbor Channel,POR,
37.90842819213867,-122.36126708984375,False,-99.0,WEMAP00,19-3,NA,ESP,USA,San Francisco Bay,San Francisco Bay,Contra Costa,SFB Central Bay,Richmond Santa Fe & Harbor Channel,POR,
37.85430908203125,-122.33817291259766,False,-99.0,WEMAP00,20-5,NA,ESS,USA,San Francisco Bay,San Francisco Bay,San Francisco,SFB Central Bay,Central Bay North,NA,
37.813289642333984,-122.34175109863281,False,-99.0,WEMAP00,20-6,NA,ESP,USA,San Francisco Bay,San Francisco Bay,Alameda,SFB Central Bay,Oakland Harbor,POAK,
38.06262969970703,-121.8605728149414,False,-99.0,WEMAP00,2-2,NA,ESC,USA,San Francisco Bay,San Francisco Bay,Contra Costa,Sacramento San Joaquin Confluence,Sacramento San Joaquin Confluence,NA,
37.848140716552734,-122.4674072265625,False,-99.0,WEMAP00,22-1,NA,ESC,USA,San Francisco Bay,San Francisco Bay,NA,SFB Central Bay,Central Bay North,NA,
37.83879089355469,-122.45015716552734,False,-99.0,WEMAP00,22-3,NA,ESC,USA,San Francisco Bay,San Francisco Bay,San Francisco,SFB Central Bay,Central Bay North,NA,
37.810768127441406,-122.38639831542969,False,-99.0,WEMAP00,22-6,NA,ESC,USA,San Francisco Bay,San Francisco Bay,San Francisco,SFB Central Bay,San Francisco North Nearshore,NA,
37.80979919433594,-122.43466186523438,False,-99.0,WEMAP00,24-2,NA,ESM,USA,San Francisco Bay,San Francisco Bay,San Francisco,SFB Central Bay,San Francisco North Fort Mason,NA,
37.806129455566406,-122.40180969238281,False,-99.0,WEMAP00,25-1,NA,EIP,USA,San Francisco Bay,San Francisco Bay,San Francisco,SFB Central Bay,San Francisco North Nearshore,PSF,
37.800071716308594,-122.39610290527344,False,-99.0,WEMAP00,25-3,NA,EIP,USA,San Francisco Bay,San Francisco Bay,San Francisco,SFB Central Bay,San Francisco North Nearshore,PSF,
37.78805923461914,-122.38684844970703,False,-99.0,WEMAP00,26-1,NA,EIP,USA,San Francisco Bay,San Francisco Bay,San Francisco,SFB Central Bay,Central Bay Nearshore,PSF,
37.768280029296875,-122.38172149658203,False,-99.0,WEMAP00,26-2,NA,ESP,USA,San Francisco Bay,San Francisco Bay,San Francisco,SFB Central Bay,Central Bay Nearshore,NA,
37.79745101928711,-122.36685180664062,False,-99.0,WEMAP00,28-1,NA,ESC,USA,San Francisco Bay,San Francisco Bay,Alameda,SFB Central Bay,Central Bay South,NA,
37.76552963256836,-122.3626937866211,False,-99.0,WEMAP00,28-4,NA,ESC,USA,San Francisco Bay,San Francisco Bay,Alameda,SFB Central Bay,Central Bay South,NA,
37.737300872802734,-122.34322357177734,False,-99.0,WEMAP00,28-5,NA,ESC,USA,San Francisco Bay,San Francisco Bay,San Francisco,SFB Central Bay,Central Bay South,NA,
37.776878356933594,-122.29910278320312,False,-99.0,WEMAP00,29-2,NA,ESP,USA,San Francisco Bay,San Francisco Bay,Alameda,SFB Central Bay,Alameda Seaplane,NA,
37.796409606933594,-122.33930206298828,False,-99.0,WEMAP00,30-1,NA,ESP,USA,San Francisco Bay,San Francisco Bay,Alameda,SFB Central Bay,Oakland Harbor,POAK,
37.73630142211914,-122.29039001464844,False,-99.0,WEMAP00,30-3,NA,ESS,USA,San Francisco Bay,San Francisco Bay,San Francisco,SFB Central Bay,Central Bay South,NA,
38.072078704833984,-121.97158813476562,False,-99.0,WEMAP00,3-1,NA,ESC,USA,San Francisco Bay,San Francisco Bay,Contra Costa,SFB Suisun Bay,Suisun Bay,NA,
37.81412887573242,-122.32334899902344,False,-99.0,WEMAP00,31-2,NA,ESP,USA,San Francisco Bay,San Francisco Bay,Alameda,SFB Central Bay,Oakland Harbor,POAK,
37.787269592285156,-122.25235748291016,False,-99.0,WEMAP00,32-2,NA,ESP,USA,San Francisco Bay,San Francisco Bay,Alameda,SFB Central Bay,Oakland Harbor,POAK,
37.778751373291016,-122.24359130859375,False,-99.0,WEMAP00,32-3,NA,ESP,USA,San Francisco Bay,San Francisco Bay,Alameda,SFB Central Bay,Oakland Harbor,POAK,
38.06378173828125,-121.92437744140625,False,-99.0,WEMAP00,3-3,NA,ESS,USA,San Francisco Bay,San Francisco Bay,Contra Costa,SFB Suisun Bay,Honker Bay,NA,
37.7187385559082,-122.37682342529297,False,-99.0,WEMAP00,33-5,NA,ESP,USA,San Francisco Bay,San Francisco Bay,San Francisco,SFB Central Bay,San Francisco South Nearshore,NA,
37.68912124633789,-122.35265350341797,False,-99.0,WEMAP00,35-2,NA,ESC,USA,San Francisco Bay,San Francisco Bay,Alameda,SFB Central Bay,Central Bay South,NA,
37.68844985961914,-122.30963897705078,False,-99.0,WEMAP00,35-3,NA,ESC,USA,San Francisco Bay,San Francisco Bay,Alameda,SFB Central Bay,Central Bay South,NA,
37.51197814941406,-122.21182250976562,False,-99.0,WEMAP00,40-3,NA,ESR,USA,San Francisco Bay,San Francisco Bay,San Mateo,Redwood City  Sloughs,Redwood City Bair Island Reserve Sloughs,NA,
37.4940299987793,-122.10140991210938,False,-99.0,WEMAP00,42-1,NA,ESC,USA,San Francisco Bay,San Francisco Bay,San Mateo,SFB Lower South Bay,Lower South Bay,NA,
37.47372817993164,-122.06752014160156,False,-99.0,WEMAP00,42-3,NA,ESC,USA,San Francisco Bay,San Francisco Bay,San Mateo,SFB Lower South Bay,Lower South Bay,NA,
37.46263885498047,-122.03411102294922,False,-99.0,WEMAP00,43-3,NA,ESH,USA,San Francisco Bay,San Francisco Bay,Santa Clara,SFB Southern Sloughs,Southern Sloughs,NA,
37.96725845336914,-122.50533294677734,False,-99.0,WEMAP00,46-1,NA,EIR,USA,San Francisco Bay,San Francisco Bay,Marin,San Rafael Creek,San Rafael Creek,NA,
37.95286178588867,-122.38291931152344,False,-99.0,WEMAP00,46-4,NA,EIS,USA,San Francisco Bay,San Francisco Bay,Contra Costa,SFB Central Bay,Point San Pablo,NA,
38.072410583496094,-122.10134887695312,False,-99.0,WEMAP00,5-1,NA,ESC,USA,San Francisco Bay,San Francisco Bay,Contra Costa,SFB Suisun Bay,Suisun Bay,NA,
38.097190856933594,-122.03089141845703,False,-99.0,WEMAP00,6-1,NA,ESC,USA,San Francisco Bay,San Francisco Bay,Solano,SFB Suisun Bay,Grizzly Bay,NA,
38.0554313659668,-122.07074737548828,False,-99.0,WEMAP00,6-4,NA,ESC,USA,San Francisco Bay,San Francisco Bay,Contra Costa,SFB Suisun Bay,Suisun Bay,NA,
38.15940856933594,-122.04741668701172,False,-99.0,WEMAP00,7-1,NA,ESR,USA,San Francisco Bay,San Francisco Bay,Solano,Suisun Bay Sloughs,Suisun Montezuma Slough,NA,
38.13779067993164,-122.08213806152344,False,-99.0,WEMAP00,7-4,NA,ESR,USA,San Francisco Bay,San Francisco Bay,Solano,Suisun Bay Sloughs,Suisun Montezuma Slough,NA,
38.04100036621094,-122.09101104736328,False,-99.0,WEMAP00,7-6,NA,EID,USA,San Francisco Bay,San Francisco Bay,Contra Costa,SFB Suisun Bay,Pacheco Creek,NA,
38.07038879394531,-122.2398681640625,False,-99.0,WEMAP00,8-1,NA,ESR,USA,San Francisco Bay,San Francisco Bay,Solano,SFB Carquinez Strait,Napa River,NA,
37.492820739746094,-122.0864486694336,False,-99.0,WEMAP00,BA21,"Below Dumbarton Bridge, off Mowry Slough ",ESC,USA,San Francisco Bay,San Francisco Bay,NA,SFB South Bay,Dumbarton Bridge,NA,
37.74625015258789,-122.32241821289062,False,-99.0,WEMAP00,BB70,Off San Francisco channel South of Bay Bridge ,ESC,USA,San Francisco Bay,San Francisco Bay,Alameda,SFB Central Bay,Central Bay South,NA,
38.04774856567383,-122.42262268066406,False,-99.0,WEMAP00,BD22,Fixed station in San Pablo Bay ,ESS,USA,San Francisco Bay,San Francisco Bay,NA,SFB San Pablo Bay,San Pablo Bay,NA,
38.11552047729492,-122.04048156738281,False,-99.0,WEMAP00,BF21,Grizzly Bay - Southwest of Dolphin ,ESS,USA,San Francisco Bay,San Francisco Bay,Solano,SFB Suisun Bay,Grizzly Bay,NA,
0.0,0.0,False,-99.0,WEMAP00,CA00-0000,Bioassay Negative Control,CNG,NA,NA,NA,NA,NA,NA,NA,
37.71543884277344,-122.36781311035156,False,-99.0,WEMAP00,CA00-0001,Hunters Point,ESP,USA,San Francisco Bay,San Francisco Bay,San Francisco,SFB Central Bay,San Francisco South Nearshore,NA,
37.796478271484375,-122.32284545898438,False,-99.0,WEMAP00,CA00-0002,Oakland Harbor Outer,ESP,USA,San Francisco Bay,San Francisco Bay,Alameda,SFB Central Bay,Oakland Harbor,POAK,
37.80168151855469,-122.34532165527344,False,-99.0,WEMAP00,CA00-0003,Oakland Harbor Outer,ESP,USA,San Francisco Bay,San Francisco Bay,Alameda,SFB Central Bay,Oakland Harbor,POAK,
37.7526741027832,-122.21803283691406,False,-99.0,WEMAP00,CA00-0004,San Leandro Bay,ESG,USA,San Francisco Bay,San Francisco Bay,San Francisco,SFB Central Bay,San Leandro Bay,NA,
37.65712356567383,-122.35584259033203,False,-99.0,WEMAP00,CA00-0005,strata-34pt,ESC,USA,San Francisco Bay,San Francisco Bay,San Francisco,SFB Central Bay,Central Bay South,NA,
37.61961364746094,-122.33132934570312,False,-99.0,WEMAP00,CA00-0006,strata-34pt,ESC,USA,San Francisco Bay,San Francisco Bay,San Mateo,SFB South Bay,South Bay,NA,
37.68818283081055,-122.24238586425781,False,-99.0,WEMAP00,CA00-0007,strata-36pt,ESS,USA,San Francisco Bay,San Francisco Bay,Alameda,SFB Central Bay,Central Bay South,NA,
37.67102813720703,-122.25743865966797,False,-99.0,WEMAP00,CA00-0008,strata-36pt,ESC,USA,San Francisco Bay,San Francisco Bay,Alameda,SFB Central Bay,Central Bay South,NA,
37.657901763916016,-122.19391632080078,False,-99.0,WEMAP00,CA00-0009,ALAMEDA OUTER; equivalent to NOAA 9 and 36-3,ESS,USA,San Francisco Bay,San Francisco Bay,NA,SFB South Bay,South Bay,NA,
37.58381652832031,-122.24165344238281,False,-99.0,WEMAP00,CA00-0010,strata-38pt,ESC,USA,San Francisco Bay,San Francisco Bay,Alameda,SFB South Bay,San Mateo Bridge,NA,
37.522010803222656,-122.14155578613281,False,-99.0,WEMAP00,CA00-0011,strata-38pt,ESC,USA,San Francisco Bay,San Francisco Bay,San Mateo,SFB South Bay,South Bay,NA,
37.59416961669922,-122.17295837402344,False,-99.0,WEMAP00,CA00-0012,SAN MATEO BRIDGE: equivalent to NOAA 12 and 39-1,ESS,USA,San Francisco Bay,San Francisco Bay,NA,SFB South Bay,San Mateo Bridge,NA,
37.5265998840332,-122.19877624511719,False,-99.0,WEMAP00,CA00-0013,strata-40pt,ESR,USA,San Francisco Bay,San Francisco Bay,San Mateo,Redwood City  Sloughs,Redwood City Bair Island Reserve Sloughs,NA,
37.462520599365234,-122.0261001586914,False,-99.0,WEMAP00,CA00-0014,strata-44pt,EIH,USA,San Francisco Bay,San Francisco Bay,Santa Clara,SFB Southern Sloughs,Southern Sloughs,NA,
37.45201110839844,-122.02086639404297,False,-99.0,WEMAP00,CA00-0015,ALVISO SLOUGH: Equlvalent to NOAA 44-2 and 15,EIH,USA,San Francisco Bay,San Francisco Bay,Santa Clara,SFB Southern Sloughs,Alviso Slough,NA,
37.864891052246094,-122.4935073852539,False,-99.0,WEMAP00,CA00-0016,strata-47pt,EIM,USA,San Francisco Bay,San Francisco Bay,Marin,SFB Central Bay,Richardson Bay,NA,
37.86799240112305,-122.3175277709961,False,-99.0,WEMAP00,CA00-0017,strata-47pt,EIM,USA,San Francisco Bay,San Francisco Bay,Alameda,SFB Central Bay,Berkeley Marina,NA,
38.13500213623047,-122.04109954833984,False,-99.0,WEMAP00,CA00-0018,strata-4pt,EIS,USA,San Francisco Bay,San Francisco Bay,Solano,SFB Suisun Bay,Grizzly Bay,NA,
38.09153747558594,-122.05425262451172,False,-99.0,WEMAP00,CA00-0019,strata-5pt,ESS,USA,San Francisco Bay,San Francisco Bay,Contra Costa,SFB Suisun Bay,Suisun Bay,NA,
38.052818298339844,-121.98606872558594,False,-99.0,WEMAP00,CA00-0020,strata-5pt,ESC,USA,San Francisco Bay,San Francisco Bay,Contra Costa,SFB Suisun Bay,Suisun Bay,NA,
38.05277633666992,-122.17161560058594,False,-99.0,WEMAP00,CA00-0021,Carquinez,ESS,USA,San Francisco Bay,San Francisco Bay,Contra Costa,SFB Carquinez Strait,Carquinez,NA,
38.10637664794922,-122.26969909667969,False,-99.0,WEMAP00,CA00-0022,strata-9pt,ESR,USA,San Francisco Bay,San Francisco Bay,Solano,Napa River,Napa River,NA,
38.13416290283203,-122.38898468017578,False,-99.0,WEMAP00,CA00-0023,strata46cpt,ESS,USA,San Francisco Bay,San Francisco Bay,Sonoma,SFB San Pablo Bay,San Pablo Bay,NA,
38.14025115966797,-122.2822036743164,False,-99.0,WEMAP00,CA00-0024,strata-10pt,ESR,USA,San Francisco Bay,San Francisco Bay,Solano,Napa River,Napa River,NA,
38.12632369995117,-122.28370666503906,False,-99.0,WEMAP00,CA00-0025,strata-10pt,ESR,USA,San Francisco Bay,San Francisco Bay,Solano,Napa River,Napa River,NA,
38.08634567260742,-122.39605712890625,False,-99.0,WEMAP00,CA00-0026,strata-11pt,ESS,USA,San Francisco Bay,San Francisco Bay,NA,SFB San Pablo Bay,San Pablo Bay,NA,
38.094512939453125,-122.35221099853516,False,-99.0,WEMAP00,CA00-0027,strata-11pt,ESS,USA,San Francisco Bay,San Francisco Bay,NA,SFB San Pablo Bay,San Pablo Bay,NA,
38.005210876464844,-122.44483184814453,False,-99.0,WEMAP00,CA00-0028,"SAN PABLO BAY SOUTH, equivalent  NOAA 28 and 11-6",ESC,USA,San Francisco Bay,San Francisco Bay,NA,SFB San Pablo Bay,San Pablo Bay,NA,
38.04155349731445,-122.36050415039062,False,-99.0,WEMAP00,CA00-0029,strata-12pt,ESC,USA,San Francisco Bay,San Francisco Bay,Contra Costa,SFB San Pablo Bay,San Pablo Bay,NA,
38.02687072753906,-122.33373260498047,False,-99.0,WEMAP00,CA00-0030,strata-13pt,ESS,USA,San Francisco Bay,San Francisco Bay,Contra Costa,SFB San Pablo Bay,San Pablo Bay,NA,
37.96239471435547,-122.46772003173828,False,-99.0,WEMAP00,CA00-0031,San Rafael,ESS,USA,San Francisco Bay,San Francisco Bay,Marin,San Rafael Bay,San Rafael Bay,NA,
37.90475082397461,-122.46582794189453,False,-99.0,WEMAP00,CA00-0032,strata-15pt,ESC,USA,San Francisco Bay,San Francisco Bay,Marin,SFB Central Bay,Central Bay North,NA,
37.934104919433594,-122.41868591308594,False,-99.0,WEMAP00,CA00-0033,strata-17pt,ESS,USA,San Francisco Bay,San Francisco Bay,Marin,SFB Central Bay,Central Bay North,NA,
37.87873840332031,-122.38701629638672,False,-99.0,WEMAP00,CA00-0034,strata-20pt,ESS,USA,San Francisco Bay,San Francisco Bay,San Francisco,SFB Central Bay,Central Bay North,NA,
37.833370208740234,-122.35783386230469,False,-99.0,WEMAP00,CA00-0035,strata-21pt,ESC,USA,San Francisco Bay,San Francisco Bay,San Francisco,SFB Central Bay,Central Bay North,NA,
37.810325622558594,-122.34712219238281,False,-99.0,WEMAP00,CA00-0036,Oakland Harbor Outer,ESP,USA,San Francisco Bay,San Francisco Bay,Alameda,SFB Central Bay,Oakland Harbor,NA,
37.87637710571289,-122.47796630859375,False,-99.0,WEMAP00,CA00-0037,strata-23pt,ESG,USA,San Francisco Bay,San Francisco Bay,Marin,SFB Central Bay,Richardson Bay,NA,
38.2054443359375,-122.5731430053711,False,-99.0,WEMAP00,CA00-0038,NA,EIR,USA,San Francisco Bay,San Francisco Bay,Sonoma,Petaluma River,Petaluma River,NA,
38.16789627075195,-122.53429412841797,False,-99.0,WEMAP00,CA00-0039,NA,EIR,USA,San Francisco Bay,San Francisco Bay,Sonoma,Petaluma River,Petaluma River,NA,
38.17863082885742,-122.30337524414062,False,-99.0,WEMAP00,CA00-0040,NA,ESR,USA,San Francisco Bay,San Francisco Bay,Napa,Napa River,Napa River,NA,
38.118534088134766,-122.50968933105469,False,-99.0,WEMAP00,CA00-0041,NA,EIR,USA,San Francisco Bay,San Francisco Bay,Sonoma,Petaluma River,Petaluma River,NA,
38.14628601074219,-122.31358337402344,False,-99.0,WEMAP00,CA00-0042,NA,EIR,USA,San Francisco Bay,San Francisco Bay,Solano,Napa Sonoma Marsh,Napa Sonoma Marsh,NA,
38.09333038330078,-122.25892639160156,False,-99.0,WEMAP00,CA00-0043,NA,ESR,USA,San Francisco Bay,San Francisco Bay,Solano,Napa River,Napa River,NA,
37.964752197265625,-122.4737777709961,False,-99.0,WEMAP00,CA00-0044,NA,ESS,USA,San Francisco Bay,San Francisco Bay,Marin,San Rafael Bay,San Rafael Bay,NA,
37.76771926879883,-122.22852325439453,False,-99.0,WEMAP00,CA00-0045,NA,ESP,USA,San Francisco Bay,San Francisco Bay,Alameda,SFB Central Bay,Oakland Harbor,POAK,
37.50529861450195,-122.17707061767578,False,-99.0,WEMAP00,CA00-0046,NA,EIR,USA,San Francisco Bay,San Francisco Bay,San Mateo,Redwood City  Sloughs,Redwood City Bair Island Reserve Sloughs,NA,
38.03861618041992,-122.47173309326172,False,-99.0,WEMAP00,CA00-0047,NA,ESS,USA,San Francisco Bay,San Francisco Bay,Marin,SFB San Pablo Bay,San Pablo Bay,NA,
38.02762222290039,-122.489990234375,False,-99.0,WEMAP00,CA00-0048,NA,EIS,USA,San Francisco Bay,San Francisco Bay,Marin,SFB San Pablo Bay,San Pablo Bay,NA,
37.674705505371094,-122.36883544921875,False,-99.0,WEMAP00,CA00-0049,NA,ESC,USA,San Francisco Bay,San Francisco Bay,NA,SFB Central Bay,Central Bay South,NA,
37.684417724609375,-122.20935821533203,False,-99.0,WEMAP00,CA00-0050,NA,ESS,USA,San Francisco Bay,San Francisco Bay,NA,SFB South Bay,South Bay,NA,
0.0,0.0,False,-99.0,WEMAP99,CA99-0000,Bioassay Negative Control,CNG,NA,NA,NA,NA,NA,NA,NA,
41.1613883972168,-124.11582946777344,False,-99.0,WEMAP99,CA99-0001,Big Lagoon,FAA,USA,North Coast,Eureka Plain,Humboldt,Big Lagoon,Big Lagoon,NA,
40.845279693603516,-124.10221862792969,False,-99.0,WEMAP99,CA99-0002,Arcata Bay,ESU,USA,North Coast,Eureka Plain,Humboldt,Arcata Bay,Arcata Bay,NA,
40.82416534423828,-124.14138793945312,False,-99.0,WEMAP99,CA99-0003,Arcata Bay,ESU,USA,North Coast,Eureka Plain,Humboldt,Arcata Bay,Arcata Bay,NA,
40.719722747802734,-124.23750305175781,False,-99.0,WEMAP99,CA99-0004,Humboldt Bay,ESU,USA,North Coast,Eureka Plain,Humboldt,Humboldt Bay,Humboldt Bay,NA,
40.70277786254883,-124.258056640625,False,-99.0,WEMAP99,CA99-0005,Humboldt Bay,ESU,USA,North Coast,Eureka Plain,Humboldt,Humboldt Bay,Humboldt Bay,NA,
38.28166580200195,-123.0361099243164,False,-99.0,WEMAP99,CA99-0006,Bodega Bay,OAA,USA,San Francisco Bay,Bodega Bay,Marin,Bodega Bay,Bodega Bay,NA,
38.263057708740234,-123.01194763183594,False,-99.0,WEMAP99,CA99-0007,Bodega Bay,OAA,USA,San Francisco Bay,Bodega Bay,Marin,Bodega Bay,Bodega Bay,NA,
38.24972152709961,-122.97694396972656,False,-99.0,WEMAP99,CA99-0008,Bodega Bay,OAA,USA,San Francisco Bay,Bodega Bay,Marin,Bodega Bay,Bodega Bay,NA,
38.10388946533203,-122.84833526611328,False,-99.0,WEMAP99,CA99-0009,Tomales Bay,ESU,USA,San Francisco Bay,Marin Coastal,Marin,Tomales Bay,Tomales Bay,NA,
38.01499938964844,-122.91666412353516,False,-99.0,WEMAP99,CA99-0010,Drakes Bay,OAA,USA,San Francisco Bay,Pacific Ocean,Marin,Drakes Bay,Drakes Bay,NA,
38.002220153808594,-122.90583038330078,False,-99.0,WEMAP99,CA99-0011,Drakes Bay,OAA,USA,San Francisco Bay,Pacific Ocean,Marin,Drakes Bay,Drakes Bay,NA,
38.0099983215332,-122.87083435058594,False,-99.0,WEMAP99,CA99-0012,Drakes Bay,OAA,USA,San Francisco Bay,Pacific Ocean,Marin,Drakes Bay,Drakes Bay,NA,
38.0099983215332,-122.86222076416016,False,-99.0,WEMAP99,CA99-0013,Drakes Bay,OAA,USA,San Francisco Bay,Pacific Ocean,Marin,Drakes Bay,Drakes Bay,NA,
36.961387634277344,-122.01944732666016,False,-99.0,WEMAP99,CA99-0014,Santa Cruz Harbor,ESM,USA,Central Coast,Big Basin,Santa Cruz,Monterey Bay,Santa Cruz Harbor,NA,
36.863609313964844,-121.80194091796875,False,-99.0,WEMAP99,CA99-0015,Pajaro River,ESR,USA,Central Coast,Pajaro River,Santa Cruz,Pajaro River,Pajaro River,NA,
36.63277816772461,-121.84610748291016,False,-99.0,WEMAP99,CA99-0016,Monterey Harbor,OAA,USA,Central Coast,Monterey Bay,Monterey,Monterey Bay,Monterey Bay,NA,
36.628055572509766,-121.85472106933594,False,-99.0,WEMAP99,CA99-0017,Monterey Harbor,OAA,USA,Central Coast,Monterey Bay,Monterey,Monterey Bay,Monterey Bay,NA,
36.54083251953125,-121.9447250366211,False,-99.0,WEMAP99,CA99-0018,Carmel Bay,OAA,USA,Central Coast,Monterey Bay,Monterey,Monterey Bay,Carmel Bay,NA,
35.34694290161133,-120.85138702392578,False,-99.0,WEMAP99,CA99-0020,Morro Bay,ESU,USA,Central Coast,Morro Bay,San Luis Obispo,Morro Bay,Morro Bay,NA,
35.321388244628906,-120.86027526855469,False,-99.0,WEMAP99,CA99-0021,Morro Bay,ESU,USA,Central Coast,Morro Bay,San Luis Obispo,Morro Bay,Morro Bay,NA,
35.170833587646484,-120.73777770996094,False,-99.0,WEMAP99,CA99-0022,San Luis Obispo Bay,OAA,USA,Central Coast,Estero Bay,San Luis Obispo,San Luis Obispo Bay,San Luis Harbor,NA,
35.173057556152344,-120.725830078125,False,-99.0,WEMAP99,CA99-0023,San Luis Obispo Bay,OAA,USA,Central Coast,Estero Bay,San Luis Obispo,San Luis Obispo Bay,San Luis Harbor,NA,
34.692222595214844,-120.59527587890625,False,-99.0,WEMAP99,CA99-0025,Santa Ynez River,ESR,USA,Central Coast,Santa Ynez,Santa Barbara,Santa Ynez River,Santa Ynez River,NA,
34.407222747802734,-119.69249725341797,False,-99.0,WEMAP99,CA99-0026,Santa Barbara Harbor,ESM,USA,Central Coast,Santa Barbara Coastal,Santa Barbara,Santa Barbara Harbor,Santa Barbara Harbor,NA,
34.18027877807617,-119.2300033569336,False,-99.0,WEMAP99,CA99-0028,Channel Islands Harbor,ESM,USA,Los Angeles,Oxnard,Ventura,Channel Islands Harbor,Channel Islands Harbor,NA,
34.16666793823242,-119.22721862792969,False,-99.0,WEMAP99,CA99-0029,Channel Islands Harbor,ESM,USA,Los Angeles,Oxnard,Ventura,Channel Islands Harbor,Channel Islands Harbor,NA,
34.09695053100586,-119.0794448852539,False,-99.0,WEMAP99,CA99-0030,Mugu Lagoon,EIH,USA,Los Angeles,Calleguas,Ventura,Mugu Lagoon,Mugu Lagoon,NA,
33.84361267089844,-118.3949966430664,False,-99.0,WEMAP99,CA99-0031,King Harbor,ESM,USA,Los Angeles,Santa Monica Bay,Los Angeles,King Harbor,King Harbor,NA,
33.793331146240234,-118.2300033569336,False,-99.0,WEMAP99,CA99-0032,Dominguez Channel,ESU,USA,Los Angeles,Dominguez Watershed,Los Angeles,Dominguez Channel,Dominguez Channel,NA,
33.74277877807617,-118.25360870361328,False,-99.0,WEMAP99,CA99-0033,Los Angeles Harbor,ESP,USA,Los Angeles,Dominguez Watershed,Los Angeles,San Pedro Bay,Los Angeles Harbor,POLA,
33.75444412231445,-118.15472412109375,False,-99.0,WEMAP99,CA99-0034,Long Beach Harbor,ESU,USA,Los Angeles,Pacific Ocean,Los Angeles,San Pedro Bay,Long Beach Harbor,NA,
33.741390228271484,-118.1772232055664,False,-99.0,WEMAP99,CA99-0035,Long Beach Harbor,ESU,USA,Los Angeles,Pacific Ocean,Los Angeles,San Pedro Bay,Long Beach Harbor,NA,
33.726112365722656,-118.25527954101562,False,-99.0,WEMAP99,CA99-0036,Los Angeles Harbor,ESP,USA,Los Angeles,Dominguez Watershed,Los Angeles,San Pedro Bay,Los Angeles Harbor,POLA,
33.74333190917969,-118.13999938964844,False,-99.0,WEMAP99,CA99-0037,Long Beach Harbor,ESU,USA,Los Angeles,Pacific Ocean,Los Angeles,San Pedro Bay,Long Beach Harbor,NA,
33.7238883972168,-118.2138900756836,False,-99.0,WEMAP99,CA99-0038,Los Angeles Harbor,ESP,USA,Los Angeles,Dominguez Watershed,Los Angeles,San Pedro Bay,Long Beach Harbor,POLB,
33.719444274902344,-118.23249816894531,False,-99.0,WEMAP99,CA99-0039,Los Angeles Harbor,ESP,USA,Los Angeles,Dominguez Watershed,Los Angeles,San Pedro Bay,Los Angeles Harbor,POLA,
33.461387634277344,-117.70166778564453,False,-99.0,WEMAP99,CA99-0040,Dana Point Harbor,ESM,USA,Santa Ana,Dana Point,Orange,Dana Point Harbor,Dana Point Harbor,NA,
33.233612060546875,-117.41139221191406,False,-99.0,WEMAP99,CA99-0041,Santa Margarita River,ESR,USA,San Diego,Santa Margarita,San Diego,Santa Margarita River,Santa Margarita River,NA,
33.14472198486328,-117.34166717529297,False,-99.0,WEMAP99,CA99-0042,Agua Hedionda Creek,ESR,USA,San Diego,San Luis River,San Diego,Agua Hedionda Estuary,Agua Hedionda Creek,NA,
33.1430549621582,-117.3388900756836,False,-99.0,WEMAP99,CA99-0043,Agua Hedionda Creek,ESR,USA,San Diego,San Luis River,San Diego,Agua Hedionda Estuary,Agua Hedionda Creek,NA,
32.771915435791016,-117.20972442626953,False,-99.0,WEMAP99,CA99-0044,Mission Bay,ESS,USA,San Diego,Penasquitos,San Diego,Mission Bay,Mission Bay,NA,
32.754817962646484,-117.25055694580078,False,-99.0,WEMAP99,CA99-0045,San Diego Bay,ESR,USA,San Diego,San Diego Bay,San Diego,San Diego River,San Diego River,NA,Position falls within San Diego River; locs change
32.75849914550781,-117.21888732910156,False,-99.0,WEMAP99,CA99-0046,San Diego Bay,ESR,USA,San Diego,San Diego Bay,San Diego,San Diego River,San Diego River,NA,Position falls within San Diego River; locs change
32.72669982910156,-117.2147216796875,False,-99.0,WEMAP99,CA99-0047,San Diego Bay,ESM,USA,San Diego,San Diego Bay,San Diego,San Diego Bay,SD Bay North,NA,
32.726383209228516,-117.179443359375,False,-99.0,WEMAP99,CA99-0048,San Diego Bay,ESM,USA,San Diego,San Diego Bay,San Diego,San Diego Bay,SD Bay North,NA,
32.650550842285156,-117.12889099121094,False,-99.0,WEMAP99,CA99-0049,San Diego Bay,ESS,USA,San Diego,San Diego Bay,San Diego,San Diego Bay,SD Bay South,NA,
32.63861846923828,-117.13805389404297,False,-99.0,WEMAP99,CA99-0050,San Diego Bay,ESS,USA,San Diego,San Diego Bay,San Diego,San Diego Bay,SD Bay South,NA,
41.94527816772461,-124.20166778564453,False,-99.0,WEMAP99,CA99-0051,Smith River (CA),ESR,USA,North Coast,Smith River,Del Norte,Smith River,Smith River,NA,
41.94305419921875,-124.20500183105469,False,-99.0,WEMAP99,CA99-0052,Smith River (CA),ESR,USA,North Coast,Smith River,Del Norte,Smith River,Smith River,NA,
41.94361114501953,-124.19833374023438,False,-99.0,WEMAP99,CA99-0053,Smith River (CA),ESR,USA,North Coast,Smith River,Del Norte,Smith River,Smith River,NA,
41.940834045410156,-124.19694519042969,False,-99.0,WEMAP99,CA99-0054,Smith River (CA),ESR,USA,North Coast,Smith River,Del Norte,Smith River,Smith River,NA,
41.9375,-124.1963882446289,False,-99.0,WEMAP99,CA99-0055,Smith River (CA),ESR,USA,North Coast,Smith River,Del Norte,Smith River,Smith River,NA,
41.60555648803711,-124.09805297851562,False,-99.0,WEMAP99,CA99-0056,Wilson Creek,ESR,USA,North Coast,Wilson Creek,Del Norte,Wilson Creek,Wilson Creek,NA,
41.60416793823242,-124.10166931152344,False,-99.0,WEMAP99,CA99-0057,Wilson Creek,ESR,USA,North Coast,Wilson Creek,Del Norte,Wilson Creek,Wilson Creek,NA,
41.5452766418457,-124.07749938964844,False,-99.0,WEMAP99,CA99-0059,Klamath River,ESR,USA,North Coast,Klamath River,Del Norte,Klamath River,Klamath River,NA,
41.54472351074219,-124.07888793945312,False,-99.0,WEMAP99,CA99-0060,Klamath River,ESR,USA,North Coast,Klamath River,Del Norte,Klamath River,Klamath River,NA,
41.02750015258789,-124.11138916015625,False,-99.0,WEMAP99,CA99-0061,Little River,ESR,USA,North Coast,Eureka Plain,Humboldt,Little River,Little River,NA,
41.026668548583984,-124.10916900634766,False,-99.0,WEMAP99,CA99-0062,Little River,ESR,USA,North Coast,Eureka Plain,Humboldt,Little River,Little River,NA,
40.637779235839844,-124.31361389160156,False,-99.0,WEMAP99,CA99-0063,Eel River,ESR,USA,North Coast,Eel River,Mendocino,Eel River,Eel River,NA,
40.63833236694336,-124.30972290039062,False,-99.0,WEMAP99,CA99-0064,Eel River,ESR,USA,North Coast,Eel River,Mendocino,Eel River,Eel River,NA,
40.474998474121094,-124.38833618164062,False,-99.0,WEMAP99,CA99-0065,Bear River,ESR,USA,North Coast,Bear River,Mendocino,Bear River,Bear River,NA,
39.41722106933594,-123.81165313720703,False,-99.0,WEMAP99,CA99-0067,Hare Creek,ESR,USA,North Coast,Hare Creek,Mendocino,Hare Creek,Hare Creek,NA,
39.41777801513672,-123.8095703125,False,-99.0,WEMAP99,CA99-0068,Hare Creek,ESR,USA,North Coast,Hare Creek,Mendocino,Hare Creek,Hare Creek,NA,
39.36111068725586,-123.81526947021484,False,-99.0,WEMAP99,CA99-0069,Caspar Creek,ESR,USA,North Coast,Caspar Creek,Mendocino,Caspar Creek,Caspar Creek,NA,
39.30277633666992,-123.79666900634766,False,-99.0,WEMAP99,CA99-0070,Big River,ESR,USA,North Coast,Big River,Mendocino,Big River,Big River,NA,
39.227500915527344,-123.7763900756836,False,-99.0,WEMAP99,CA99-0071,Albion River,ESR,USA,North Coast,Albion River,Mendocino,Albion River,Albion River,NA,
39.22639083862305,-123.77777862548828,False,-99.0,WEMAP99,CA99-0073,Albion River,ESR,USA,North Coast,Albion River,Mendocino,Albion River,Albion River,NA,
39.102500915527344,-123.7066650390625,False,-99.0,WEMAP99,CA99-0074,Elk Creek,ESR,USA,North Coast,Elk Creek,Mendocino,Elk Creek,Elk Creek,NA,
38.953887939453125,-123.7300033569336,False,-99.0,WEMAP99,CA99-0076,Garcia River,ESR,USA,North Coast,Garcia River,Mendocino,Garcia River,Garcia River,NA,
38.450557708740234,-123.1272201538086,False,-99.0,WEMAP99,CA99-0077,Russian River,FAA,USA,San Francisco Bay,Russian River,Sonoma,Russian River,Russian River,NA,
38.44916534423828,-123.12527465820312,False,-99.0,WEMAP99,CA99-0078,Russian River,FAA,USA,San Francisco Bay,Russian River,Sonoma,Russian River,Russian River,NA,
38.29666519165039,-123.0088882446289,False,-99.0,WEMAP99,CA99-0079,Estero Americano,ESR,USA,San Francisco Bay,Salmon Creek,Sonoma,Estero Americano,Estero Americano,NA,
38.27111053466797,-122.97721862792969,False,-99.0,WEMAP99,CA99-0080,Estero San Antonio,ESR,USA,San Francisco Bay,Stemple Creek,Marin,Estero San Antonio,Estero San Antonio,NA,
