Date,UpperMeasure,LowerMeasure,StudyID,StationID,SampleID,SampleMethod,SampleType,Composite,SedComp,SedColor,DataCode,DepthCode,Comments
1994-10-19 00:00:00,0.0,117.0,ACOE_LAHarb,LA Harbor S1,Area 1,CORE,RESULT,Y,NR,NR,STB,Subsurface,
1994-10-19 00:00:00,0.0,117.0,ACOE_LAHarb,LA Harbor S1,Area 2,CORE,RESULT,Y,NR,NR,STB,Subsurface,
1994-10-19 00:00:00,0.0,117.0,ACOE_LAHarb,LA Harbor S1,Area 3,CORE,RESULT,Y,NR,NR,SB,Subsurface,
1994-10-19 00:00:00,0.0,117.0,ACOE_LAHarb,LA Harbor S1,Area 4,CORE,RESULT,Y,NR,NR,SB,Subsurface,
1994-10-19 00:00:00,0.0,117.0,ACOE_LAHarb,LA Harbor S1,Area 5,CORE,RESULT,Y,NR,NR,STB,Subsurface,
1994-10-19 00:00:00,0.0,117.0,ACOE_LAHarb,LA Harbor S1,Area 6,CORE,RESULT,Y,NR,NR,SB,Subsurface,
1994-10-19 00:00:00,0.0,117.0,ACOE_LAHarb,LA Harbor S1,"Composite 1,2,5",CORE,RESULT,Y,NR,NR,S,Subsurface,
1994-10-19 00:00:00,0.0,117.0,ACOE_LAHarb,LA Harbor S1,"Composite 3,4,6",CORE,RESULT,Y,NR,NR,S,Subsurface,
1994-10-12 00:00:00,0.0,199.0,ACOE_LAHarb,LA River Est S2,Area 10,CORE,RESULT,Y,NR,NR,SB,Subsurface,
1994-10-12 00:00:00,0.0,199.0,ACOE_LAHarb,LA River Est S2,Area 10A,CORE,RESULT,Y,NR,NR,S,Subsurface,
1994-10-12 00:00:00,0.0,199.0,ACOE_LAHarb,LA River Est S2,Area 10B,CORE,RESULT,Y,NR,NR,S,Subsurface,
1994-10-12 00:00:00,0.0,199.0,ACOE_LAHarb,LA River Est S2,Area 11,CORE,RESULT,Y,NR,NR,STB,Subsurface,
1994-10-12 00:00:00,0.0,199.0,ACOE_LAHarb,LA River Est S2,Area 11A,CORE,RESULT,Y,NR,NR,S,Subsurface,
1994-10-12 00:00:00,0.0,199.0,ACOE_LAHarb,LA River Est S2,Area 11B,CORE,RESULT,Y,NR,NR,S,Subsurface,
1994-10-12 00:00:00,0.0,199.0,ACOE_LAHarb,LA River Est S2,"Composite 10,11",CORE,RESULT,Y,NR,NR,S,Subsurface,
1994-10-12 00:00:00,0.0,10.0,ACOE_LAHarb,LA-2 Reference,Reference,SPIPE,REF,N,NR,NR,STB,Surface,
1994-10-12 00:00:00,0.0,10.0,ACOE_LAHarb,Newport Control,Control-NB_amphipod,GRAB,CNEG,N,NR,NR,B,CNEG,
1994-10-12 00:00:00,0.0,10.0,ACOE_LAHarb,Tomales Control,Control-TB,GRAB,CNEG,N,NR,NR,SB,CNEG,
1995-02-13 00:00:00,0.0,335.0,ACOE_LARiv95,A,A-B,CORE,RESULT,Y,NR,NR,S,Subsurface,
1995-02-13 00:00:00,61.0,305.0,ACOE_LARiv95,B,B-B,CORE,RESULT,Y,NR,NR,S,Subsurface,
1995-02-13 00:00:00,0.0,61.0,ACOE_LARiv95,B,B-T,CORE,RESULT,Y,NR,NR,S,Subsurface,
1995-02-13 00:00:00,214.0,305.0,ACOE_LARiv95,C,C-B,CORE,RESULT,Y,NR,NR,S,Subsurface,
1995-02-13 00:00:00,0.0,214.0,ACOE_LARiv95,C,C-T,CORE,RESULT,Y,NR,NR,S,Subsurface,
1995-02-13 00:00:00,153.0,305.0,ACOE_LARiv95,D,D-B,CORE,RESULT,Y,NR,NR,S,Subsurface,
1995-02-13 00:00:00,0.0,153.0,ACOE_LARiv95,D,D-T,CORE,RESULT,Y,NR,NR,S,Subsurface,
1995-02-13 00:00:00,0.0,183.0,ACOE_LARiv95,E,E-T,CORE,RESULT,Y,NR,NR,S,Subsurface,
1995-02-13 00:00:00,0.0,213.0,ACOE_LARiv95,F,F,CORE,RESULT,Y,NR,NR,S,Subsurface,
1995-02-13 00:00:00,0.0,122.0,ACOE_LARiv95,G,G,CORE,RESULT,Y,NR,NR,S,Subsurface,
1995-02-13 00:00:00,0.0,76.0,ACOE_LARiv95,H,H,CORE,RESULT,Y,NR,NR,S,Subsurface,
1995-02-13 00:00:00,0.0,76.0,ACOE_LARiv95,I,I,CORE,RESULT,Y,NR,NR,S,Subsurface,
1995-02-13 00:00:00,0.0,15.0,ACOE_LARiv95,Pitt-P,P,GRAB,RESULT,Y,NR,NR,S,Surface,
1995-02-13 00:00:00,0.0,15.0,ACOE_LARiv95,Pitt-Q,Q,GRAB,RESULT,Y,NR,NR,S,Surface,
1995-02-13 00:00:00,0.0,15.0,ACOE_LARiv95,Pitt-R,R,GRAB,RESULT,Y,NR,NR,S,Surface,
1995-02-13 00:00:00,0.0,15.0,ACOE_LARiv95,Pitt-S,S,GRAB,RESULT,Y,NR,NR,S,Surface,
1995-02-23 00:00:00,0.0,15.0,ACOE_LARiv95,Pitt-W,W,GRAB,RESULT,Y,NR,NR,S,Surface,
1995-02-13 00:00:00,0.0,15.0,ACOE_LARiv95,Pitt-X,X,GRAB,RESULT,Y,NR,NR,S,Surface,
1995-02-13 00:00:00,0.0,15.0,ACOE_LARiv95,Pitt-Y,Y,GRAB,RESULT,Y,NR,NR,S,Surface,
1995-02-13 00:00:00,0.0,15.0,ACOE_LARiv95,Pitt-Z,Z,GRAB,RESULT,Y,NR,NR,S,Surface,
1998-07-16 00:00:00,202.0,436.0,ACOE_LARiv98,Area 1,1-BOT-COMP,CORE,RESULT,Y,Fine Sand with Silt with Shell Hash,Black,STB,Subsurface,
1998-07-16 00:00:00,0.0,202.0,ACOE_LARiv98,Area 1,1-TOP-COMP,CORE,RESULT,Y,Fine Sand with Silt with Shell Hash,Black,STB,Subsurface,
1998-07-15 00:00:00,89.0,352.0,ACOE_LARiv98,Area 2,2-BOT-COMP,CORE,RESULT,Y,Fine Sand with Silt,Black,STB,Subsurface,
1998-07-15 00:00:00,0.0,89.0,ACOE_LARiv98,Area 2,2-TOP-COMP,CORE,RESULT,Y,Fine Sand with Silt,Black,STB,Subsurface,
1998-07-14 00:00:00,0.0,198.0,ACOE_LARiv98,Area 3,3-COMP,CORE,RESULT,Y,NR,NR,STB,Subsurface,
1998-07-27 00:00:00,0.0,10.0,ACOE_LARiv98,Beaver Creek,Control-BC,GRAB,CNEG,N,NR,NR,B,CNEG,
1998-07-15 00:00:00,-99.0,-99.0,ACOE_LARiv98,Bodega Bay,Bodega Bay Sea Water,SWDRAW,CNEG,N,NR,NR,B,CNEG,
1998-07-13 00:00:00,0.0,10.0,ACOE_LARiv98,LA-2 Reference,Reference,SPIPE,REF,N,NR,NR,STB,Surface,
1998-07-15 00:00:00,0.0,10.0,ACOE_LARiv98,Tomales Control,Control-TB,GRAB,CNEG,N,NR,NR,B,CNEG,
1997-12-13 00:00:00,0.0,77.0,ACOE_MDR98a,Area 3,AREA 3,VIBRA,RESULT,Y,NR,NR,STB,Subsurface,
1997-12-13 00:00:00,0.0,150.0,ACOE_MDR98a,Area 4,AREA 4,VIBRA,RESULT,Y,Shell Hash,NR,STB,Subsurface,
1997-12-12 00:00:00,137.0,289.0,ACOE_MDR98a,Area 5/6,AREA 5,VIBRA,RESULT,Y,Fine Sand,Black,STB,Subsurface,
1997-12-12 00:00:00,46.0,198.0,ACOE_MDR98a,Area 5/6,AREA 5-BOT-22,VIBRA,RESULT,Y,NR,NR,S,Subsurface,
1997-12-12 00:00:00,79.0,232.0,ACOE_MDR98a,Area 5/6,AREA 5-BOT-23,VIBRA,RESULT,Y,NR,NR,S,Subsurface,
1997-12-12 00:00:00,198.0,351.0,ACOE_MDR98a,Area 5/6,AREA 5-BOT-24,VIBRA,RESULT,Y,NR,NR,S,Subsurface,
1997-12-12 00:00:00,67.0,220.0,ACOE_MDR98a,Area 5/6,AREA 5-BOT-25,VIBRA,RESULT,Y,NR,NR,S,Subsurface,
1997-12-12 00:00:00,299.0,451.0,ACOE_MDR98a,Area 5/6,AREA 5-BOT-26,VIBRA,RESULT,Y,NR,NR,S,Subsurface,
1997-12-12 00:00:00,70.0,223.0,ACOE_MDR98a,Area 5/6,AREA 5-BOT-27,VIBRA,RESULT,Y,NR,NR,S,Subsurface,
1997-12-12 00:00:00,0.0,137.0,ACOE_MDR98a,Area 5/6,AREA 6,VIBRA,RESULT,Y,Fine Sand,Black,STB,Subsurface,
1997-12-12 00:00:00,0.0,46.0,ACOE_MDR98a,Area 5/6,AREA 6_TOP-22,VIBRA,RESULT,Y,NR,NR,S,Subsurface,
1997-12-12 00:00:00,0.0,79.0,ACOE_MDR98a,Area 5/6,AREA 6-TOP-23,VIBRA,RESULT,Y,NR,NR,S,Subsurface,
1997-12-12 00:00:00,0.0,198.0,ACOE_MDR98a,Area 5/6,AREA 6-TOP-24,VIBRA,RESULT,Y,NR,NR,S,Subsurface,
1997-12-12 00:00:00,0.0,67.0,ACOE_MDR98a,Area 5/6,AREA 6-TOP-25,VIBRA,RESULT,Y,NR,NR,S,Subsurface,
1997-12-12 00:00:00,0.0,299.0,ACOE_MDR98a,Area 5/6,AREA 6-TOP-26,VIBRA,RESULT,Y,NR,NR,S,Subsurface,
1997-12-12 00:00:00,0.0,70.0,ACOE_MDR98a,Area 5/6,AREA 6-TOP-27,VIBRA,RESULT,Y,NR,NR,S,Subsurface,
1997-12-11 00:00:00,0.0,276.0,ACOE_MDR98a,Area 9,AREA 9,VIBRA,RESULT,Y,NR,NR,STB,Subsurface,
1997-12-11 00:00:00,0.0,276.0,ACOE_MDR98a,Area 9,AREA 9-BOT-28,VIBRA,RESULT,Y,NR,NR,S,Subsurface,
1997-12-11 00:00:00,0.0,276.0,ACOE_MDR98a,Area 9,AREA 9-BOT-29,VIBRA,RESULT,Y,NR,NR,S,Subsurface,
1997-12-11 00:00:00,0.0,276.0,ACOE_MDR98a,Area 9,AREA 9-BOT-30,VIBRA,RESULT,Y,NR,NR,S,Subsurface,
1997-12-11 00:00:00,0.0,276.0,ACOE_MDR98a,Area 9,AREA 9-TOP-28,VIBRA,RESULT,Y,NR,NR,S,Subsurface,
1997-12-11 00:00:00,0.0,276.0,ACOE_MDR98a,Area 9,AREA 9-TOP-29,VIBRA,RESULT,Y,NR,NR,S,Subsurface,
1997-12-11 00:00:00,0.0,276.0,ACOE_MDR98a,Area 9,AREA 9-TOP-30,VIBRA,RESULT,Y,NR,NR,S,Subsurface,
1997-12-11 00:00:00,-99.0,-99.0,ACOE_MDR98a,Bodega Bay,BODEGA BAY SEA WATER,SWDRAW,CNEG,N,NR,NR,B,CNEG,
1997-12-11 00:00:00,0.0,10.0,ACOE_MDR98a,Elkhorn Slough,ELKHORN CONTROL,GRAB,CNEG,N,NR,NR,B,CNEG,
1997-12-11 00:00:00,0.0,10.0,ACOE_MDR98a,LA-2 Reference,LA-REFERENCE,SPIPE,REF,N,NR,NR,STB,Surface,
1997-12-11 00:00:00,0.0,10.0,ACOE_MDR98a,SAN PABLO BAY,SAN PABLO CONTROL,GRAB,CNEG,N,NR,NR,B,CNEG,
1997-12-11 00:00:00,0.0,10.0,ACOE_MDR98a,Tomales Control,TOMALES CONTROL,GRAB,CNEG,N,NR,NR,B,CNEG,
1998-03-01 00:00:00,0.0,67.0,ACOE_MDR98b,Station 1,1 A/B,CORE,RESULT,Y,NR,NR,S,Subsurface,
1998-03-01 00:00:00,0.0,122.0,ACOE_MDR98b,Station 2,2A,CORE,RESULT,Y,NR,NR,S,Subsurface,
1998-03-02 00:00:00,0.0,46.0,ACOE_MDR98b,Station 3,3A,CORE,RESULT,Y,Shell Hash,NR,S,Subsurface,
1998-03-02 00:00:00,0.0,122.0,ACOE_MDR98b,Station 4,4A,CORE,RESULT,Y,Shell Hash,NR,S,Subsurface,
1998-03-02 00:00:00,0.0,128.0,ACOE_MDR98b,Station 5,5A,CORE,RESULT,Y,Shell Hash,NR,S,Subsurface,
1998-03-02 00:00:00,0.0,61.0,ACOE_MDR98b,Station 6,6A,CORE,RESULT,Y,Shell Hash,NR,S,Subsurface,
1999-02-02 00:00:00,22.0,28.0,ACOE_MDR99,Area 1,1-BOT-COMP,VIBRA,RESULT,Y,NR,NR,S,Subsurface,
1999-02-02 00:00:00,0.0,16.0,ACOE_MDR99,Area 1,1-TOP-COMP,VIBRA,RESULT,Y,Sand,Dark gray,S,Surface,
1999-02-02 00:00:00,22.0,26.0,ACOE_MDR99,Area 2,4-BOT,VIBRA,RESULT,Y,"Silts, clays, sand",Dark gray,S,Subsurface,
1999-02-02 00:00:00,0.0,22.0,ACOE_MDR99,Area 2,4-TOP,VIBRA,RESULT,Y,"Silts, clays, sand",Dark gray,S,Surface,
1999-02-02 00:00:00,22.0,30.0,ACOE_MDR99,Area 2,5-BOT,VIBRA,RESULT,Y,Silty Sand,Dark gray,S,Subsurface,
1999-02-02 00:00:00,0.0,22.0,ACOE_MDR99,Area 2,5-TOP,VIBRA,RESULT,Y,Silty Sand,Dark gray,S,Surface,
1999-02-02 00:00:00,22.0,29.0,ACOE_MDR99,Area 2,6-BOT,VIBRA,RESULT,Y,"Silts, clays, sand",Olive Green,S,Subsurface,
1999-02-02 00:00:00,0.0,22.0,ACOE_MDR99,Area 2,6-TOP,VIBRA,RESULT,Y,"Silts, clays, sand",Olive Green,S,Surface,
1999-02-02 00:00:00,0.0,22.0,ACOE_MDR99,Area 2,7-TOP,VIBRA,RESULT,Y,Silty Sand,Dark gray,S,Surface,
1999-02-03 00:00:00,22.0,28.0,ACOE_MDR99,Area 3,3-BOT-COMP,VIBRA,RESULT,Y,NR,NR,S,Subsurface,
1999-02-03 00:00:00,0.0,20.0,ACOE_MDR99,Area 3,3-TOP-COMP,VIBRA,RESULT,Y,Silty Sand,Dark gray,S,Surface,
1999-02-03 00:00:00,22.0,30.0,ACOE_MDR99,Area 4,10-BOT,VIBRA,RESULT,Y,NR,NR,S,Subsurface,
1999-02-03 00:00:00,0.0,22.0,ACOE_MDR99,Area 4,10-TOP,VIBRA,RESULT,Y,NR,NR,S,Surface,
1999-02-03 00:00:00,22.0,23.0,ACOE_MDR99,Area 4,11-BOT,VIBRA,RESULT,Y,NR,NR,S,Subsurface,
1999-02-03 00:00:00,0.0,22.0,ACOE_MDR99,Area 4,11-TOP,VIBRA,RESULT,Y,NR,NR,S,Surface,
1999-02-03 00:00:00,22.0,28.0,ACOE_MDR99,Area 4,12-BOT,VIBRA,RESULT,Y,NR,NR,S,Subsurface,
1999-02-03 00:00:00,0.0,22.0,ACOE_MDR99,Area 4,12-TOP,VIBRA,RESULT,Y,NR,NR,S,Surface,
1999-02-03 00:00:00,22.0,28.0,ACOE_MDR99,Area 4,14-BOT,VIBRA,RESULT,Y,NR,NR,S,Subsurface,
1999-02-03 00:00:00,0.0,22.0,ACOE_MDR99,Area 4,14-TOP,VIBRA,RESULT,Y,NR,NR,S,Surface,
1999-02-03 00:00:00,22.0,26.0,ACOE_MDR99,Area 4,15-BOT,VIBRA,RESULT,Y,NR,NR,S,Subsurface,
1999-02-03 00:00:00,0.0,22.0,ACOE_MDR99,Area 4,15-TOP,VIBRA,RESULT,Y,NR,NR,S,Surface,
1999-02-03 00:00:00,22.0,27.0,ACOE_MDR99,Area 4,16-BOT,VIBRA,RESULT,Y,NR,NR,S,Subsurface,
1999-02-03 00:00:00,0.0,22.0,ACOE_MDR99,Area 4,16-TOP,VIBRA,RESULT,Y,NR,NR,S,Surface,
1999-02-03 00:00:00,22.0,24.0,ACOE_MDR99,Area 4,17-BOT,VIBRA,RESULT,Y,NR,NR,S,Subsurface,
1999-02-03 00:00:00,0.0,22.0,ACOE_MDR99,Area 4,17-TOP,VIBRA,RESULT,Y,NR,NR,S,Surface,
1999-02-03 00:00:00,22.0,27.0,ACOE_MDR99,Area 4,9-BOT,VIBRA,RESULT,Y,NR,NR,S,Subsurface,
1999-02-03 00:00:00,0.0,22.0,ACOE_MDR99,Area 4,9-TOP,VIBRA,RESULT,Y,NR,NR,S,Surface,
1999-02-03 00:00:00,0.0,-99.0,ACOE_MDR99,DockweilerBeach,Dockweiler Ref,SPIPE,REF,Y,NR,NR,S,Surface,
1999-02-03 00:00:00,0.0,10.0,ACOE_MDR99,LA-2 Reference,LA2-Ref,SPIPE,REF,N,NR,NR,S,Surface,
1999-02-03 00:00:00,0.0,-99.0,ACOE_MDR99,Redondo Beach,Redondo Ref,SPIPE,REF,N,NR,NR,S,Surface,
1993-05-02 00:00:00,0.0,61.0,ACOE_Port,CSL-1,CSL-1-1,VIBRA,RESULT,N,NR,NR,S,Subsurface,
1993-05-02 00:00:00,61.0,274.0,ACOE_Port,CSL-1,CSL-1-2,VIBRA,RESULT,N,NR,NR,S,Subsurface,
1993-05-02 00:00:00,274.0,366.0,ACOE_Port,CSL-1,CSL-1-3,VIBRA,RESULT,N,NR,NR,S,Subsurface,
1993-05-02 00:00:00,0.0,122.0,ACOE_Port,CSL-2,CSL-2-1,VIBRA,RESULT,N,NR,NR,S,Subsurface,
1993-05-02 00:00:00,122.0,305.0,ACOE_Port,CSL-2,CSL-2-2,VIBRA,RESULT,N,NR,NR,S,Subsurface,
1993-05-02 00:00:00,305.0,366.0,ACOE_Port,CSL-2,CSL-2-3,VIBRA,RESULT,N,NR,NR,S,Subsurface,
1993-05-02 00:00:00,0.0,91.0,ACOE_Port,CSL-3,CSL-3-1,VIBRA,RESULT,N,NR,NR,S,Subsurface,
1993-05-02 00:00:00,91.0,122.0,ACOE_Port,CSL-3,CSL-3-2,VIBRA,RESULT,N,NR,NR,S,Subsurface,
1993-05-02 00:00:00,122.0,236.0,ACOE_Port,CSL-3,CSL-3-3,VIBRA,RESULT,N,NR,NR,S,Subsurface,
1993-05-02 00:00:00,0.0,198.0,ACOE_Port,CSL-4,CSL-4-1,VIBRA,RESULT,N,NR,NR,S,Subsurface,
1993-05-02 00:00:00,198.0,244.0,ACOE_Port,CSL-4,CSL-4-2,VIBRA,RESULT,N,NR,NR,S,Subsurface,
1993-05-02 00:00:00,244.0,366.0,ACOE_Port,CSL-4,CSL-4-3,VIBRA,RESULT,N,NR,NR,S,Subsurface,
1993-05-05 00:00:00,0.0,122.0,ACOE_Port,CSL-5,CSL-5-1,VIBRA,RESULT,N,NR,NR,S,Subsurface,
1993-05-05 00:00:00,122.0,244.0,ACOE_Port,CSL-5,CSL-5-2,VIBRA,RESULT,N,NR,NR,S,Subsurface,
1993-05-05 00:00:00,244.0,366.0,ACOE_Port,CSL-5,CSL-5-3,VIBRA,RESULT,N,NR,NR,S,Subsurface,
1993-05-02 00:00:00,0.0,91.0,ACOE_Port,CSL-6,CSL-6-1,VIBRA,RESULT,N,NR,NR,S,Subsurface,
1993-05-02 00:00:00,91.0,244.0,ACOE_Port,CSL-6,CSL-6-2,VIBRA,RESULT,N,NR,NR,S,Subsurface,
1993-05-02 00:00:00,244.0,366.0,ACOE_Port,CSL-6,CSL-6-3,VIBRA,RESULT,N,NR,NR,S,Subsurface,
1993-05-07 00:00:00,0.0,61.0,ACOE_Port,DDA-1,DDA-1-1,VIBRA,RESULT,N,NR,NR,S,Subsurface,
1993-05-06 00:00:00,0.0,61.0,ACOE_Port,DDA-2,DDA-2-1,VIBRA,RESULT,N,NR,NR,S,Subsurface,
1993-05-07 00:00:00,0.0,61.0,ACOE_Port,DDA-3,DDA-3-1,VIBRA,RESULT,N,NR,NR,S,Subsurface,
1993-05-03 00:00:00,0.0,122.0,ACOE_Port,FCM-1,FCM-1-1,VIBRA,RESULT,N,NR,NR,S,Subsurface,
1993-05-03 00:00:00,122.0,168.0,ACOE_Port,FCM-1,FCM-1-2,VIBRA,RESULT,N,NR,NR,S,Subsurface,
1993-05-03 00:00:00,168.0,213.0,ACOE_Port,FCM-1,FCM-1-3,VIBRA,RESULT,N,NR,NR,S,Subsurface,
1993-05-03 00:00:00,0.0,122.0,ACOE_Port,FCM-2,FCM-2-1,VIBRA,RESULT,N,NR,NR,S,Subsurface,
1993-05-03 00:00:00,122.0,168.0,ACOE_Port,FCM-2,FCM-2-2,VIBRA,RESULT,N,NR,NR,S,Subsurface,
1993-05-03 00:00:00,168.0,213.0,ACOE_Port,FCM-2,FCM-2-3,VIBRA,RESULT,N,NR,NR,S,Subsurface,
1993-05-03 00:00:00,0.0,122.0,ACOE_Port,FCM-3,FCM-3-1,VIBRA,RESULT,N,NR,NR,S,Subsurface,
1993-05-03 00:00:00,122.0,168.0,ACOE_Port,FCM-3,FCM-3-2,VIBRA,RESULT,N,NR,NR,S,Subsurface,
1993-05-03 00:00:00,168.0,213.0,ACOE_Port,FCM-3,FCM-3-3,VIBRA,RESULT,N,NR,NR,S,Subsurface,
1993-05-01 00:00:00,0.0,122.0,ACOE_Port,FTS-1,FTS-1-1,VIBRA,RESULT,N,NR,NR,S,Subsurface,
1993-05-01 00:00:00,122.0,244.0,ACOE_Port,FTS-1,FTS-1-2,VIBRA,RESULT,N,NR,NR,S,Subsurface,
1993-05-01 00:00:00,244.0,366.0,ACOE_Port,FTS-1,FTS-1-3,VIBRA,RESULT,N,NR,NR,S,Subsurface,
1993-05-01 00:00:00,366.0,457.0,ACOE_Port,FTS-1,FTS-1-4,VIBRA,RESULT,N,NR,NR,S,Subsurface,
1993-05-01 00:00:00,0.0,91.0,ACOE_Port,FTS-2,FTS-2-1,VIBRA,RESULT,N,NR,NR,S,Subsurface,
1993-05-01 00:00:00,91.0,244.0,ACOE_Port,FTS-2,FTS-2-2,VIBRA,RESULT,N,NR,NR,S,Subsurface,
1993-05-01 00:00:00,244.0,366.0,ACOE_Port,FTS-2,FTS-2-3,VIBRA,RESULT,N,NR,NR,S,Subsurface,
1993-05-01 00:00:00,366.0,457.0,ACOE_Port,FTS-2,FTS-2-4,VIBRA,RESULT,N,NR,NR,S,Subsurface,
1993-04-30 00:00:00,0.0,122.0,ACOE_Port,FTS-3,FTS-3-1,VIBRA,RESULT,N,NR,NR,S,Subsurface,
1993-04-30 00:00:00,0.0,122.0,ACOE_Port,FTS-4,FTS-4-1,VIBRA,RESULT,N,NR,NR,S,Subsurface,
1993-04-30 00:00:00,122.0,269.0,ACOE_Port,FTS-4,FTS-4-2,VIBRA,RESULT,N,NR,NR,S,Subsurface,
1993-04-30 00:00:00,269.0,351.0,ACOE_Port,FTS-4,FTS-4-3,VIBRA,RESULT,N,NR,NR,S,Subsurface,
1993-04-30 00:00:00,0.0,122.0,ACOE_Port,FTS-5,FTS-5-1,VIBRA,RESULT,N,NR,NR,S,Subsurface,
1993-04-30 00:00:00,122.0,213.0,ACOE_Port,FTS-5,FTS-5-2,VIBRA,RESULT,N,NR,NR,S,Subsurface,
1993-04-30 00:00:00,213.0,335.29998779296875,ACOE_Port,FTS-5,FTS-5-3,VIBRA,RESULT,N,NR,NR,S,Subsurface,
1993-04-30 00:00:00,335.0,457.0,ACOE_Port,FTS-5,FTS-5-4,VIBRA,RESULT,N,NR,NR,S,Subsurface,
1993-05-06 00:00:00,0.0,122.0,ACOE_Port,HNP-1,HNP-1-1,VIBRA,RESULT,N,NR,NR,S,Subsurface,
1993-05-06 00:00:00,122.0,244.0,ACOE_Port,HNP-1,HNP-1-2,VIBRA,RESULT,N,NR,NR,S,Subsurface,
1993-05-06 00:00:00,244.0,366.0,ACOE_Port,HNP-1,HNP-1-3,VIBRA,RESULT,N,NR,NR,S,Subsurface,
1993-05-06 00:00:00,0.0,122.0,ACOE_Port,HNP-2,HNP-2-1,VIBRA,RESULT,N,NR,NR,S,Subsurface,
1993-05-06 00:00:00,122.0,198.0,ACOE_Port,HNP-2,HNP-2-2,VIBRA,RESULT,N,NR,NR,S,Subsurface,
1993-05-06 00:00:00,198.0,366.0,ACOE_Port,HNP-2,HNP-2-3,VIBRA,RESULT,N,NR,NR,S,Subsurface,
1993-04-30 00:00:00,0.0,61.0,ACOE_Port,NWB-1,NWB-1-1,VIBRA,RESULT,N,NR,NR,S,Subsurface,
1993-04-30 00:00:00,0.0,61.0,ACOE_Port,NWB-2,NWB-2-1,VIBRA,RESULT,N,NR,NR,S,Subsurface,
1993-05-01 00:00:00,0.0,61.0,ACOE_Port,NWB-3,NWB-3-1,VIBRA,RESULT,N,NR,NR,S,Subsurface,
1993-05-07 00:00:00,0.0,122.0,ACOE_Port,SMS-1,SMS-1-1,VIBRA,RESULT,N,NR,NR,S,Subsurface,
1993-05-07 00:00:00,122.0,168.0,ACOE_Port,SMS-1,SMS-1-2,VIBRA,RESULT,N,NR,NR,S,Subsurface,
1993-05-07 00:00:00,168.0,366.0,ACOE_Port,SMS-1,SMS-1-3,VIBRA,RESULT,N,NR,NR,S,Subsurface,
1993-05-07 00:00:00,0.0,122.0,ACOE_Port,SMS-2,SMS-2-1,VIBRA,RESULT,N,NR,NR,S,Subsurface,
1993-05-07 00:00:00,122.0,244.0,ACOE_Port,SMS-2,SMS-2-2,VIBRA,RESULT,N,NR,NR,S,Subsurface,
1993-05-07 00:00:00,244.0,366.0,ACOE_Port,SMS-2,SMS-2-3,VIBRA,RESULT,N,NR,NR,S,Subsurface,
1993-05-07 00:00:00,0.0,122.0,ACOE_Port,SMS-3,SMS-3-1,VIBRA,RESULT,N,NR,NR,S,Subsurface,
1993-05-07 00:00:00,122.0,183.0,ACOE_Port,SMS-3,SMS-3-2,VIBRA,RESULT,N,NR,NR,S,Subsurface,
1993-05-07 00:00:00,183.0,244.0,ACOE_Port,SMS-3,SMS-3-3,VIBRA,RESULT,N,NR,NR,S,Subsurface,
2002-11-13 00:00:00,0.0,15.0,ANAS_SEAPL,BERC1,BAH-034-UCB,CORE,RESULT,N,NR,NR,S,Surface,
2002-11-13 00:00:00,15.0,61.0,ANAS_SEAPL,BERC1,BAH-035-UCB,CORE,RESULT,N,NR,NR,S,Subsurface,
2002-11-13 00:00:00,61.0,152.0,ANAS_SEAPL,BERC1,BAH-036-UCB,CORE,RESULT,N,NR,NR,S,Subsurface,
2002-11-14 00:00:00,0.0,15.0,ANAS_SEAPL,BERC10,BAH-066-UCB,CORE,RESULT,N,NR,NR,S,Surface,
2002-11-14 00:00:00,15.0,61.0,ANAS_SEAPL,BERC10,BAH-067-UCB,CORE,RESULT,N,NR,NR,S,Subsurface,
2002-11-14 00:00:00,61.0,152.0,ANAS_SEAPL,BERC10,BAH-068-UCB,CORE,RESULT,N,NR,NR,S,Subsurface,
2002-11-14 00:00:00,152.0,229.0,ANAS_SEAPL,BERC10,BAH-069-UCB,CORE,RESULT,N,NR,NR,S,Subsurface,
2002-11-14 00:00:00,0.0,15.0,ANAS_SEAPL,BERC11,BAH-071-UCB,CORE,RESULT,N,NR,NR,S,Surface,
2002-11-14 00:00:00,15.0,61.0,ANAS_SEAPL,BERC11,BAH-072-UCB,CORE,RESULT,N,NR,NR,S,Subsurface,
2002-11-14 00:00:00,61.0,152.0,ANAS_SEAPL,BERC11,BAH-073-UCB,CORE,RESULT,N,NR,NR,S,Subsurface,
2002-11-14 00:00:00,152.0,231.0,ANAS_SEAPL,BERC11,BAH-074-UCB,CORE,RESULT,N,NR,NR,S,Subsurface,
2002-11-13 00:00:00,0.0,15.0,ANAS_SEAPL,BERC12,BAH-038-UCB,CORE,RESULT,N,NR,NR,S,Surface,
2002-11-13 00:00:00,15.0,61.0,ANAS_SEAPL,BERC12,BAH-039-UCB,CORE,RESULT,N,NR,NR,S,Subsurface,
2002-11-13 00:00:00,61.0,152.0,ANAS_SEAPL,BERC12,BAH-040-UCB,CORE,RESULT,N,NR,NR,S,Subsurface,
2002-11-13 00:00:00,0.0,15.0,ANAS_SEAPL,BERC13,BAH-030-UCB,CORE,RESULT,N,NR,NR,S,Surface,
2002-11-13 00:00:00,15.0,61.0,ANAS_SEAPL,BERC13,BAH-031-UCB,CORE,RESULT,N,NR,NR,S,Subsurface,
2002-11-13 00:00:00,61.0,152.0,ANAS_SEAPL,BERC13,BAH-032-UCB,CORE,RESULT,N,NR,NR,S,Subsurface,
2002-11-13 00:00:00,0.0,15.0,ANAS_SEAPL,BERC14,BAH-042-UCB,CORE,RESULT,N,NR,NR,S,Surface,
2002-11-13 00:00:00,15.0,61.0,ANAS_SEAPL,BERC14,BAH-043-UCB,CORE,RESULT,N,NR,NR,S,Subsurface,
2002-11-13 00:00:00,61.0,152.0,ANAS_SEAPL,BERC14,BAH-044-UCB,CORE,RESULT,N,NR,NR,S,Subsurface,
2002-11-13 00:00:00,0.0,15.0,ANAS_SEAPL,BERC15,BAH-046-UCB,CORE,RESULT,N,NR,NR,S,Surface,
2002-11-13 00:00:00,15.0,61.0,ANAS_SEAPL,BERC15,BAH-047-UCB,CORE,RESULT,N,NR,NR,S,Subsurface,
2002-11-13 00:00:00,0.0,15.0,ANAS_SEAPL,BERC16,BAH-049-UCB,CORE,RESULT,N,NR,NR,S,Surface,
2002-11-13 00:00:00,15.0,61.0,ANAS_SEAPL,BERC16,BAH-050-UCB,CORE,RESULT,N,NR,NR,S,Subsurface,
2002-11-13 00:00:00,61.0,152.0,ANAS_SEAPL,BERC16,BAH-051-UCB,CORE,RESULT,N,NR,NR,S,Subsurface,
2002-11-14 00:00:00,0.0,15.0,ANAS_SEAPL,BERC17,BAH-076-UCB,CORE,RESULT,N,NR,NR,S,Surface,
2002-11-14 00:00:00,15.0,61.0,ANAS_SEAPL,BERC17,BAH-077-UCB,CORE,RESULT,N,NR,NR,S,Subsurface,
2002-11-14 00:00:00,61.0,152.0,ANAS_SEAPL,BERC17,BAH-078-UCB,CORE,RESULT,N,NR,NR,S,Subsurface,
2002-11-14 00:00:00,0.0,15.0,ANAS_SEAPL,BERC18,BAH-080-UCB,CORE,RESULT,N,NR,NR,S,Surface,
2002-11-14 00:00:00,15.0,61.0,ANAS_SEAPL,BERC18,BAH-081-UCB,CORE,RESULT,N,NR,NR,S,Subsurface,
2002-11-14 00:00:00,61.0,152.0,ANAS_SEAPL,BERC18,BAH-082-UCB,CORE,RESULT,N,NR,NR,S,Subsurface,
2002-11-14 00:00:00,0.0,15.0,ANAS_SEAPL,BERC18 DUP,BAH-084-UCB,CORE,RESULT,N,NR,NR,S,Surface,
2002-11-14 00:00:00,15.0,61.0,ANAS_SEAPL,BERC18 DUP,BAH-085-UCB,CORE,RESULT,N,NR,NR,S,Subsurface,
2002-11-14 00:00:00,61.0,152.0,ANAS_SEAPL,BERC18 DUP,BAH-086-UCB,CORE,RESULT,N,NR,NR,S,Subsurface,
2002-11-13 00:00:00,0.0,15.0,ANAS_SEAPL,BERC19,BAH-057-UCB,CORE,RESULT,N,NR,NR,S,Surface,
2002-11-13 00:00:00,15.0,61.0,ANAS_SEAPL,BERC19,BAH-058-UCB,CORE,RESULT,N,NR,NR,S,Subsurface,
2002-11-13 00:00:00,61.0,152.0,ANAS_SEAPL,BERC19,BAH-059-UCB,CORE,RESULT,N,NR,NR,S,Subsurface,
2002-11-12 00:00:00,0.0,15.0,ANAS_SEAPL,BERC2,BAH-026-UCB,CORE,RESULT,N,NR,NR,S,Surface,
2002-11-12 00:00:00,15.0,61.0,ANAS_SEAPL,BERC2,BAH-027-UCB,CORE,RESULT,N,NR,NR,S,Subsurface,
2002-11-12 00:00:00,61.0,152.0,ANAS_SEAPL,BERC2,BAH-028-UCB,CORE,RESULT,N,NR,NR,S,Subsurface,
2002-11-13 00:00:00,0.0,15.0,ANAS_SEAPL,BERC20,BAH-053-UCB,CORE,RESULT,N,NR,NR,S,Surface,
2002-11-13 00:00:00,15.0,61.0,ANAS_SEAPL,BERC20,BAH-054-UCB,CORE,RESULT,N,NR,NR,S,Subsurface,
2002-11-13 00:00:00,61.0,152.0,ANAS_SEAPL,BERC20,BAH-055-UCB,CORE,RESULT,N,NR,NR,S,Subsurface,
2002-11-12 00:00:00,0.0,15.0,ANAS_SEAPL,BERC3,BAH-022-UCB,CORE,RESULT,N,NR,NR,S,Surface,
2002-11-12 00:00:00,15.0,61.0,ANAS_SEAPL,BERC3,BAH-023-UCB,CORE,RESULT,N,NR,NR,S,Subsurface,
2002-11-12 00:00:00,61.0,152.0,ANAS_SEAPL,BERC3,BAH-024-UCB,CORE,RESULT,N,NR,NR,S,Subsurface,
2002-11-12 00:00:00,0.0,15.0,ANAS_SEAPL,BERC4,BAH-014-UCB,CORE,RESULT,N,NR,NR,S,Surface,
2002-11-12 00:00:00,15.0,61.0,ANAS_SEAPL,BERC4,BAH-015-UCB,CORE,RESULT,N,NR,NR,S,Subsurface,
2002-11-12 00:00:00,61.0,152.0,ANAS_SEAPL,BERC4,BAH-016-UCB,CORE,RESULT,N,NR,NR,S,Subsurface,
2002-11-12 00:00:00,0.0,15.0,ANAS_SEAPL,BERC5,BAH-018-UCB,CORE,RESULT,N,NR,NR,S,Surface,
2002-11-12 00:00:00,15.0,61.0,ANAS_SEAPL,BERC5,BAH-019-UCB,CORE,RESULT,N,NR,NR,S,Subsurface,
2002-11-12 00:00:00,61.0,152.0,ANAS_SEAPL,BERC5,BAH-020-UCB,CORE,RESULT,N,NR,NR,S,Subsurface,
2002-11-12 00:00:00,0.0,15.0,ANAS_SEAPL,BERC6,BAH-006-UCB,CORE,RESULT,N,NR,NR,S,Surface,
2002-11-12 00:00:00,15.0,61.0,ANAS_SEAPL,BERC6,BAH-007-UCB,CORE,RESULT,N,NR,NR,S,Subsurface,
2002-11-12 00:00:00,61.0,152.0,ANAS_SEAPL,BERC6,BAH-008-UCB,CORE,RESULT,N,NR,NR,S,Subsurface,
2002-11-12 00:00:00,0.0,15.0,ANAS_SEAPL,BERC7,BAH-002-UCB,CORE,RESULT,N,NR,NR,S,Surface,
2002-11-12 00:00:00,15.0,61.0,ANAS_SEAPL,BERC7,BAH-003-UCB,CORE,RESULT,N,NR,NR,S,Subsurface,
2002-11-12 00:00:00,61.0,152.0,ANAS_SEAPL,BERC7,BAH-004-UCB,CORE,RESULT,N,NR,NR,S,Subsurface,
2002-11-12 00:00:00,0.0,15.0,ANAS_SEAPL,BERC8,BAH-010-UCB,CORE,RESULT,N,NR,NR,S,Surface,
2002-11-12 00:00:00,15.0,61.0,ANAS_SEAPL,BERC8,BAH-011-UCB,CORE,RESULT,N,NR,NR,S,Subsurface,
2002-11-12 00:00:00,61.0,152.0,ANAS_SEAPL,BERC8,BAH-012-UCB,CORE,RESULT,N,NR,NR,S,Subsurface,
2002-11-14 00:00:00,0.0,15.0,ANAS_SEAPL,BERC9,BAH-061-UCB,CORE,RESULT,N,NR,NR,S,Surface,
2002-11-14 00:00:00,15.0,61.0,ANAS_SEAPL,BERC9,BAH-062-UCB,CORE,RESULT,N,NR,NR,S,Subsurface,
2002-11-14 00:00:00,61.0,152.0,ANAS_SEAPL,BERC9,BAH-063-UCB,CORE,RESULT,N,NR,NR,S,Subsurface,
2002-11-14 00:00:00,152.0,305.0,ANAS_SEAPL,BERC9,BAH-064-UCB,CORE,RESULT,N,NR,NR,S,Subsurface,
2001-06-16 00:00:00,-99.0,-99.0,ANAS_SEAPL,BF-FF,AAC-042,TRAWL,RESULT,Y,NR,NR,T,NA,
2001-06-16 00:00:00,-99.0,-99.0,ANAS_SEAPL,BF-FF,AAC-045,TRAWL,RESULT,Y,NR,NR,T,NA,
2001-06-16 00:00:00,-99.0,-99.0,ANAS_SEAPL,BF-FF,AAC-046,TRAWL,RESULT,Y,NR,NR,T,NA,
2001-06-16 00:00:00,-99.0,-99.0,ANAS_SEAPL,BF-FF,AAC-049,TRAWL,RESULT,Y,NR,NR,T,NA,
2001-06-16 00:00:00,-99.0,-99.0,ANAS_SEAPL,BF-FF,AAC-059,TRAWL,RESULT,Y,NR,NR,T,NA,
2001-06-17 00:00:00,-99.0,-99.0,ANAS_SEAPL,BF-FF,AAC-060,TRAWL,RESULT,Y,NR,NR,T,NA,
2001-06-17 00:00:00,-99.0,-99.0,ANAS_SEAPL,BF-FF,AAC-061,TRAWL,RESULT,Y,NR,NR,T,NA,
2001-06-17 00:00:00,-99.0,-99.0,ANAS_SEAPL,BF-FF,AAC-062,TRAWL,RESULT,Y,NR,NR,T,NA,
2001-06-17 00:00:00,-99.0,-99.0,ANAS_SEAPL,BF-FF,AAC-063,TRAWL,RESULT,Y,NR,NR,T,NA,
2001-06-17 00:00:00,-99.0,-99.0,ANAS_SEAPL,BF-FF,AAC-064,TRAWL,RESULT,Y,NR,NR,T,NA,
2001-06-16 00:00:00,-99.0,-99.0,ANAS_SEAPL,BF-FF,AAC-155,TRAWL,RESULT,Y,NR,NR,T,NA,
2001-06-16 00:00:00,-99.0,-99.0,ANAS_SEAPL,BF-FF,AAC-157,TRAWL,RESULT,Y,NR,NR,T,NA,
2001-06-16 00:00:00,-99.0,-99.0,ANAS_SEAPL,BF-FF,AAC-159,TRAWL,RESULT,Y,NR,NR,T,NA,
2001-06-16 00:00:00,-99.0,-99.0,ANAS_SEAPL,BF-FF,AAC-160,TRAWL,RESULT,Y,NR,NR,T,NA,
2001-06-16 00:00:00,-99.0,-99.0,ANAS_SEAPL,BF-FF,AAC-162,TRAWL,RESULT,Y,NR,NR,T,NA,
1994-03-08 00:00:00,0.0,-99.0,ANAS_SEAPL,Control,Control94,UNK,CNEG,N,NR,NR,B,CNEG,Negative control for 1994 bioassay data (from 02 RI)
1998-10-28 00:00:00,0.0,-99.0,ANAS_SEAPL,Control,Control98,UNK,CNEG,N,NR,NR,B,CNEG,Negative control for 1998 bioassay data (from 02 RI)
2001-06-18 00:00:00,-99.0,-99.0,ANAS_SEAPL,PC-FF,AAC-075,TRAWL,RESULT,Y,NR,NR,T,NA,
2001-06-18 00:00:00,-99.0,-99.0,ANAS_SEAPL,PC-FF,AAC-076,TRAWL,RESULT,Y,NR,NR,T,NA,
2001-06-18 00:00:00,-99.0,-99.0,ANAS_SEAPL,PC-FF,AAC-077,TRAWL,RESULT,Y,NR,NR,T,NA,
2001-06-18 00:00:00,-99.0,-99.0,ANAS_SEAPL,PC-FF,AAC-079,TRAWL,RESULT,Y,NR,NR,T,NA,
2001-06-18 00:00:00,-99.0,-99.0,ANAS_SEAPL,PC-FF,AAC-081,TRAWL,RESULT,Y,NR,NR,T,NA,
2001-06-18 00:00:00,-99.0,-99.0,ANAS_SEAPL,PC-FF,AAC-082,TRAWL,RESULT,Y,NR,NR,T,NA,
2001-06-18 00:00:00,-99.0,-99.0,ANAS_SEAPL,PC-FF,AAC-083,TRAWL,RESULT,Y,NR,NR,T,NA,
2001-06-18 00:00:00,-99.0,-99.0,ANAS_SEAPL,PC-FF,AAC-084,TRAWL,RESULT,Y,NR,NR,T,NA,
2001-06-18 00:00:00,-99.0,-99.0,ANAS_SEAPL,PC-FF,AAC-085,TRAWL,RESULT,Y,NR,NR,T,NA,
2001-06-18 00:00:00,-99.0,-99.0,ANAS_SEAPL,PC-FF,AAC-086,TRAWL,RESULT,Y,NR,NR,T,NA,
1998-10-29 00:00:00,0.0,6.0,ANAS_SEAPL,RL-4,124-RL4-011,GRAB,REF,N,NR,NR,SB,Surface,
1998-10-29 00:00:00,0.0,6.0,ANAS_SEAPL,RL-5,124-RL5-011,GRAB,REF,N,NR,NR,SB,Surface,
1994-03-08 00:00:00,0.0,9.0,ANAS_SEAPL,S1,PRC94SVL0086,GRAB,RESULT,N,NR,NR,SB,Surface,
1994-03-31 00:00:00,0.0,9.0,ANAS_SEAPL,S2,PRC94SVL1050,GRAB,RESULT,N,NR,NR,SB,Surface,
1994-03-31 00:00:00,0.0,9.0,ANAS_SEAPL,S3,PRC94SVL1051,GRAB,RESULT,N,NR,NR,SB,Surface,
1994-03-08 00:00:00,0.0,9.0,ANAS_SEAPL,S4,PRC94SVL0096,GRAB,RESULT,N,NR,NR,SB,Surface,
1994-03-31 00:00:00,0.0,9.0,ANAS_SEAPL,S5,PRC94SVL1057,GRAB,RESULT,N,NR,NR,SB,Surface,
1994-03-08 00:00:00,0.0,9.0,ANAS_SEAPL,S6,PRC94SVL0102,GRAB,RESULT,N,NR,NR,S,Surface,
1994-03-31 00:00:00,0.0,9.0,ANAS_SEAPL,S7,PRC94SVL1060,GRAB,RESULT,N,NR,NR,SB,Surface,
1998-10-27 00:00:00,0.0,6.0,ANAS_SEAPL,SP-1,124-SP1-011,GRAB,RESULT,N,NR,NR,SB,Surface,
1998-10-28 00:00:00,0.0,6.0,ANAS_SEAPL,SP-10,124-SP10-011,GRAB,RESULT,N,NR,NR,SB,Surface,
1998-10-27 00:00:00,0.0,6.0,ANAS_SEAPL,SP-2,124-SP2-011,GRAB,RESULT,N,NR,NR,SB,Surface,
1998-10-27 00:00:00,0.0,6.0,ANAS_SEAPL,SP-3,124-SP3-011,GRAB,RESULT,N,NR,NR,SB,Surface,
1998-10-27 00:00:00,0.0,6.0,ANAS_SEAPL,SP-4,124-SP4-011,GRAB,RESULT,N,NR,NR,SB,Surface,
1998-10-27 00:00:00,0.0,6.0,ANAS_SEAPL,SP-5,124-SP5-011,GRAB,RESULT,N,NR,NR,SB,Surface,
1998-10-28 00:00:00,0.0,6.0,ANAS_SEAPL,SP-6,124-SP6-011,GRAB,RESULT,N,NR,NR,SB,Surface,
1998-10-28 00:00:00,0.0,6.0,ANAS_SEAPL,SP-7,124-SP7-011,GRAB,RESULT,N,NR,NR,SB,Surface,
1998-10-28 00:00:00,0.0,6.0,ANAS_SEAPL,SP-8,124-SP8-011,GRAB,RESULT,N,NR,NR,SB,Surface,
1998-10-28 00:00:00,0.0,6.0,ANAS_SEAPL,SP-9,124-SP9-011,GRAB,RESULT,N,NR,NR,SB,Surface,
2001-06-14 00:00:00,-99.0,-99.0,ANAS_SEAPL,SPL-A-FF,AAC-004,TRAWL,RESULT,Y,NR,NR,T,NA,
2001-06-16 00:00:00,-99.0,-99.0,ANAS_SEAPL,SPL-A-FF,AAC-031,TRAWL,RESULT,Y,NR,NR,T,NA,
2001-06-16 00:00:00,-99.0,-99.0,ANAS_SEAPL,SPL-A-FF,AAC-033,TRAWL,RESULT,Y,NR,NR,T,NA,
2001-06-16 00:00:00,-99.0,-99.0,ANAS_SEAPL,SPL-A-FF,AAC-034,TRAWL,RESULT,Y,NR,NR,T,NA,
2001-06-16 00:00:00,-99.0,-99.0,ANAS_SEAPL,SPL-A-FF,AAC-035,TRAWL,RESULT,Y,NR,NR,T,NA,
2001-06-16 00:00:00,-99.0,-99.0,ANAS_SEAPL,SPL-A-FF,AAC-036,TRAWL,RESULT,Y,NR,NR,T,NA,
2001-06-16 00:00:00,-99.0,-99.0,ANAS_SEAPL,SPL-A-FF,AAC-037,TRAWL,RESULT,Y,NR,NR,T,NA,
2001-06-16 00:00:00,-99.0,-99.0,ANAS_SEAPL,SPL-A-FF,AAC-038,TRAWL,RESULT,Y,NR,NR,T,NA,
2001-06-14 00:00:00,-99.0,-99.0,ANAS_SEAPL,SPL-A-FF,AAC-055,TRAWL,RESULT,Y,NR,NR,T,NA,
2001-06-14 00:00:00,-99.0,-99.0,ANAS_SEAPL,SPL-A-FF,AAC-056-A,TRAWL,RESULT,Y,NR,NR,T,NA,
2001-06-14 00:00:00,-99.0,-99.0,ANAS_SEAPL,SPL-A-FF,AAC-056-B,TRAWL,RESULT,Y,NR,NR,T,NA,
2001-06-14 00:00:00,-99.0,-99.0,ANAS_SEAPL,SPL-A-FF,AAC-057,TRAWL,RESULT,Y,NR,NR,T,NA,
2001-06-14 00:00:00,-99.0,-99.0,ANAS_SEAPL,SPL-A-FF,AAC-087,TRAWL,RESULT,Y,NR,NR,T,NA,
2001-06-14 00:00:00,-99.0,-99.0,ANAS_SEAPL,SPL-A-FF,AAC-088,TRAWL,RESULT,Y,NR,NR,T,NA,
2001-06-14 00:00:00,-99.0,-99.0,ANAS_SEAPL,SPL-A-OUTFALL,AAC-001,TRAWL,RESULT,Y,NR,NR,T,NA,
2001-06-14 00:00:00,-99.0,-99.0,ANAS_SEAPL,SPL-A-OUTFALL,AAC-002,TRAWL,RESULT,Y,NR,NR,T,NA,
2001-06-16 00:00:00,-99.0,-99.0,ANAS_SEAPL,SPL-A-OUTFALL,AAC-024,TRAWL,RESULT,Y,NR,NR,T,NA,
2001-06-16 00:00:00,-99.0,-99.0,ANAS_SEAPL,SPL-A-OUTFALL,AAC-025,TRAWL,RESULT,Y,NR,NR,T,NA,
2001-06-16 00:00:00,-99.0,-99.0,ANAS_SEAPL,SPL-A-OUTFALL,AAC-026,TRAWL,RESULT,Y,NR,NR,T,NA,
2001-06-16 00:00:00,-99.0,-99.0,ANAS_SEAPL,SPL-A-OUTFALL,AAC-027,TRAWL,RESULT,Y,NR,NR,T,NA,
2001-06-16 00:00:00,-99.0,-99.0,ANAS_SEAPL,SPL-A-OUTFALL,AAC-028,TRAWL,RESULT,Y,NR,NR,T,NA,
2001-06-16 00:00:00,-99.0,-99.0,ANAS_SEAPL,SPL-A-OUTFALL,AAC-029,TRAWL,RESULT,Y,NR,NR,T,NA,
2001-06-16 00:00:00,-99.0,-99.0,ANAS_SEAPL,SPL-A-OUTFALL,AAC-030,TRAWL,RESULT,Y,NR,NR,T,NA,
2001-06-16 00:00:00,-99.0,-99.0,ANAS_SEAPL,SPL-A-OUTFALL,AAC-040,TRAWL,RESULT,Y,NR,NR,T,NA,
2001-06-14 00:00:00,-99.0,-99.0,ANAS_SEAPL,SPL-A-OUTFALL,AAC-053,TRAWL,RESULT,Y,NR,NR,T,NA,
2001-06-17 00:00:00,-99.0,-99.0,ANAS_SEAPL,SPL-A-OUTFALL,AAC-065,TRAWL,RESULT,Y,NR,NR,T,NA,
2001-06-17 00:00:00,-99.0,-99.0,ANAS_SEAPL,SPL-A-OUTFALL,AAC-066,TRAWL,RESULT,Y,NR,NR,T,NA,
2001-06-17 00:00:00,-99.0,-99.0,ANAS_SEAPL,SPL-A-OUTFALL,AAC-067,TRAWL,RESULT,Y,NR,NR,T,NA,
2001-06-17 00:00:00,-99.0,-99.0,ANAS_SEAPL,SPL-A-OUTFALL,AAC-068,TRAWL,RESULT,Y,NR,NR,T,NA,
2001-06-17 00:00:00,-99.0,-99.0,ANAS_SEAPL,SPL-A-OUTFALL,AAC-069,TRAWL,RESULT,Y,NR,NR,T,NA,
2001-06-17 00:00:00,-99.0,-99.0,ANAS_SEAPL,SPL-A-OUTFALL,AAC-070,TRAWL,RESULT,Y,NR,NR,T,NA,
2001-06-17 00:00:00,-99.0,-99.0,ANAS_SEAPL,SPL-A-OUTFALL,AAC-071,TRAWL,RESULT,Y,NR,NR,T,NA,
2001-06-17 00:00:00,-99.0,-99.0,ANAS_SEAPL,SPL-A-OUTFALL,AAC-072,TRAWL,RESULT,Y,NR,NR,T,NA,
2001-06-17 00:00:00,-99.0,-99.0,ANAS_SEAPL,SPL-A-OUTFALL,AAC-073,TRAWL,RESULT,Y,NR,NR,T,NA,
2001-06-17 00:00:00,-99.0,-99.0,ANAS_SEAPL,SPL-A-OUTFALL,AAC-074,TRAWL,RESULT,Y,NR,NR,T,NA,
2001-06-14 00:00:00,-99.0,-99.0,ANAS_SEAPL,SPL-B-FF,AAC-006,TRAWL,RESULT,Y,NR,NR,T,NA,
2001-06-14 00:00:00,-99.0,-99.0,ANAS_SEAPL,SPL-B-FF,AAC-007,TRAWL,RESULT,Y,NR,NR,T,NA,
2001-06-14 00:00:00,-99.0,-99.0,ANAS_SEAPL,SPL-B-FF,AAC-090,TRAWL,RESULT,Y,NR,NR,T,NA,
2001-06-14 00:00:00,-99.0,-99.0,ANAS_SEAPL,SPL-B-FF,AAC-092,TRAWL,RESULT,Y,NR,NR,T,NA,
2001-06-14 00:00:00,-99.0,-99.0,ANAS_SEAPL,SPL-B-FF,AAC-093,TRAWL,RESULT,Y,NR,NR,T,NA,
2001-06-14 00:00:00,-99.0,-99.0,ANAS_SEAPL,SPL-B-FF,AAC-094,TRAWL,RESULT,Y,NR,NR,T,NA,
2001-06-14 00:00:00,-99.0,-99.0,ANAS_SEAPL,SPL-B-FF,AAC-095,TRAWL,RESULT,Y,NR,NR,T,NA,
2001-06-14 00:00:00,-99.0,-99.0,ANAS_SEAPL,SPL-B-FF,AAC-096,TRAWL,RESULT,Y,NR,NR,T,NA,
2001-06-14 00:00:00,-99.0,-99.0,ANAS_SEAPL,SPL-B-FF,AAC-097,TRAWL,RESULT,Y,NR,NR,T,NA,
2001-06-14 00:00:00,-99.0,-99.0,ANAS_SEAPL,SPL-B-FF,AAC-099,TRAWL,RESULT,Y,NR,NR,T,NA,
2001-06-14 00:00:00,-99.0,-99.0,ANAS_SEAPL,SPL-B-FF,AAC-100,TRAWL,RESULT,Y,NR,NR,T,NA,
2001-06-14 00:00:00,-99.0,-99.0,ANAS_SEAPL,SPL-B-FF,AAC-101,TRAWL,RESULT,Y,NR,NR,T,NA,
2001-06-14 00:00:00,-99.0,-99.0,ANAS_SEAPL,SPL-B-FF,AAC-105,TRAWL,RESULT,Y,NR,NR,T,NA,
2001-06-14 00:00:00,-99.0,-99.0,ANAS_SEAPL,SPL-B-FF,AAC-106-A,TRAWL,RESULT,Y,NR,NR,T,NA,
2001-06-14 00:00:00,-99.0,-99.0,ANAS_SEAPL,SPL-B-FF,AAC-106-B,TRAWL,RESULT,Y,NR,NR,T,NA,
2001-06-14 00:00:00,-99.0,-99.0,ANAS_SEAPL,SPL-B-FF,AAC-107,TRAWL,RESULT,Y,NR,NR,T,NA,
2001-06-15 00:00:00,-99.0,-99.0,ANAS_SEAPL,SPL-C-FF,AAC-019,TRAP,RESULT,Y,NR,NR,T,NA,
2001-06-15 00:00:00,-99.0,-99.0,ANAS_SEAPL,SPL-C-FF,AAC-020,TRAWL,RESULT,Y,NR,NR,T,NA,
2001-06-15 00:00:00,-99.0,-99.0,ANAS_SEAPL,SPL-C-FF,AAC-021,TRAWL,RESULT,Y,NR,NR,T,NA,
2001-06-15 00:00:00,-99.0,-99.0,ANAS_SEAPL,SPL-C-FF,AAC-022,TRAWL,RESULT,Y,NR,NR,T,NA,
2001-06-15 00:00:00,-99.0,-99.0,ANAS_SEAPL,SPL-C-FF,AAC-023,TRAWL,RESULT,Y,NR,NR,T,NA,
2001-06-15 00:00:00,-99.0,-99.0,ANAS_SEAPL,SPL-C-FF,AAC-146-A,TRAP,RESULT,Y,NR,NR,T,NA,
2001-06-15 00:00:00,-99.0,-99.0,ANAS_SEAPL,SPL-C-FF,AAC-146-B,TRAP,RESULT,Y,NR,NR,T,NA,
2001-06-15 00:00:00,-99.0,-99.0,ANAS_SEAPL,SPL-C-FF,AAC-150-A,TRAWL,RESULT,Y,NR,NR,T,NA,
2001-06-15 00:00:00,-99.0,-99.0,ANAS_SEAPL,SPL-C-FF,AAC-150-B,TRAWL,RESULT,Y,NR,NR,T,NA,
2001-06-15 00:00:00,-99.0,-99.0,ANAS_SEAPL,SPL-C-FF,AAC-151,TRAWL,RESULT,Y,NR,NR,T,NA,
2001-06-14 00:00:00,-99.0,-99.0,ANAS_SEAPL,SPL-D-FF,AAC-011-A,TRAWL,RESULT,Y,NR,NR,T,NA,
2001-06-14 00:00:00,-99.0,-99.0,ANAS_SEAPL,SPL-D-FF,AAC-011-B,TRAWL,RESULT,Y,NR,NR,T,NA,
2001-06-14 00:00:00,-99.0,-99.0,ANAS_SEAPL,SPL-D-FF,AAC-108-A,TRAWL,RESULT,Y,NR,NR,T,NA,
2001-06-14 00:00:00,-99.0,-99.0,ANAS_SEAPL,SPL-D-FF,AAC-108-B,TRAWL,RESULT,Y,NR,NR,T,NA,
2001-06-14 00:00:00,-99.0,-99.0,ANAS_SEAPL,SPL-D-FF,AAC-110,TRAWL,RESULT,Y,NR,NR,T,NA,
2001-06-14 00:00:00,-99.0,-99.0,ANAS_SEAPL,SPL-D-FF,AAC-111,TRAWL,RESULT,Y,NR,NR,T,NA,
2001-06-14 00:00:00,-99.0,-99.0,ANAS_SEAPL,SPL-D-FF,AAC-112,TRAWL,RESULT,Y,NR,NR,T,NA,
2001-06-14 00:00:00,-99.0,-99.0,ANAS_SEAPL,SPL-D-FF,AAC-113,TRAWL,RESULT,Y,NR,NR,T,NA,
2001-06-14 00:00:00,-99.0,-99.0,ANAS_SEAPL,SPL-D-FF,AAC-115,TRAWL,RESULT,Y,NR,NR,T,NA,
2001-06-14 00:00:00,-99.0,-99.0,ANAS_SEAPL,SPL-D-FF,AAC-116,TRAWL,RESULT,Y,NR,NR,T,NA,
2001-06-14 00:00:00,-99.0,-99.0,ANAS_SEAPL,SPL-D-FF,AAC-117,TRAWL,RESULT,Y,NR,NR,T,NA,
2001-06-15 00:00:00,-99.0,-99.0,ANAS_SEAPL,SPL-E-FF,AAC-012,TRAWL,RESULT,Y,NR,NR,T,NA,
2001-06-15 00:00:00,-99.0,-99.0,ANAS_SEAPL,SPL-E-FF,AAC-013,TRAWL,RESULT,Y,NR,NR,T,NA,
2001-06-15 00:00:00,-99.0,-99.0,ANAS_SEAPL,SPL-E-FF,AAC-014,TRAWL,RESULT,Y,NR,NR,T,NA,
2001-06-15 00:00:00,-99.0,-99.0,ANAS_SEAPL,SPL-E-FF,AAC-118,TRAWL,RESULT,Y,NR,NR,T,NA,
2001-06-15 00:00:00,-99.0,-99.0,ANAS_SEAPL,SPL-E-FF,AAC-121-A,TRAWL,RESULT,Y,NR,NR,T,NA,
2001-06-15 00:00:00,-99.0,-99.0,ANAS_SEAPL,SPL-E-FF,AAC-121-B,TRAWL,RESULT,Y,NR,NR,T,NA,
2001-06-15 00:00:00,-99.0,-99.0,ANAS_SEAPL,SPL-E-FF,AAC-122,TRAWL,RESULT,Y,NR,NR,T,NA,
2001-06-15 00:00:00,-99.0,-99.0,ANAS_SEAPL,SPL-E-FF,AAC-123,TRAWL,RESULT,Y,NR,NR,T,NA,
2001-06-15 00:00:00,-99.0,-99.0,ANAS_SEAPL,SPL-E-FF,AAC-124,TRAWL,RESULT,Y,NR,NR,T,NA,
2001-06-15 00:00:00,-99.0,-99.0,ANAS_SEAPL,SPL-E-FF,AAC-126-A,TRAWL,RESULT,Y,NR,NR,T,NA,
2001-06-15 00:00:00,-99.0,-99.0,ANAS_SEAPL,SPL-E-FF,AAC-126-B,TRAWL,RESULT,Y,NR,NR,T,NA,
2001-06-15 00:00:00,-99.0,-99.0,ANAS_SEAPL,SPL-E-FF,AAC-127,TRAWL,RESULT,Y,NR,NR,T,NA,
2001-06-15 00:00:00,-99.0,-99.0,ANAS_SEAPL,SPL-E-FF,AAC-128,TRAWL,RESULT,Y,NR,NR,T,NA,
2001-06-15 00:00:00,-99.0,-99.0,ANAS_SEAPL,SPL-E-FF,AAC-129,TRAWL,RESULT,Y,NR,NR,T,NA,
2001-06-15 00:00:00,-99.0,-99.0,ANAS_SEAPL,SPL-E-FF,AAC-130,TRAWL,RESULT,Y,NR,NR,T,NA,
2001-06-15 00:00:00,-99.0,-99.0,ANAS_SEAPL,SPL-E-FF,AAC-133,TRAWL,RESULT,Y,NR,NR,T,NA,
2001-06-15 00:00:00,-99.0,-99.0,ANAS_SEAPL,SPL-E-FF,AAC-163,TRAWL,RESULT,Y,NR,NR,T,NA,
2001-06-15 00:00:00,-99.0,-99.0,ANAS_SEAPL,SPL-E-FF,AAC-164,TRAWL,RESULT,Y,NR,NR,T,NA,
2001-06-15 00:00:00,-99.0,-99.0,ANAS_SEAPL,SPL-E-FF,AAC-165,TRAWL,RESULT,Y,NR,NR,T,NA,
2001-06-15 00:00:00,-99.0,-99.0,ANAS_SEAPL,SPL-F-FF,AAC-015,TRAWL,RESULT,Y,NR,NR,T,NA,
2001-06-15 00:00:00,-99.0,-99.0,ANAS_SEAPL,SPL-F-FF,AAC-016-A,TRAWL,RESULT,Y,NR,NR,T,NA,
2001-06-15 00:00:00,-99.0,-99.0,ANAS_SEAPL,SPL-F-FF,AAC-016-B,TRAWL,RESULT,Y,NR,NR,T,NA,
2001-06-15 00:00:00,-99.0,-99.0,ANAS_SEAPL,SPL-F-FF,AAC-018,TRAWL,RESULT,Y,NR,NR,T,NA,
2001-06-15 00:00:00,-99.0,-99.0,ANAS_SEAPL,SPL-F-FF,AAC-134,TRAWL,RESULT,Y,NR,NR,T,NA,
2001-06-15 00:00:00,-99.0,-99.0,ANAS_SEAPL,SPL-F-FF,AAC-135-A,TRAWL,RESULT,Y,NR,NR,T,NA,
2001-06-15 00:00:00,-99.0,-99.0,ANAS_SEAPL,SPL-F-FF,AAC-135-B,TRAWL,RESULT,Y,NR,NR,T,NA,
2001-06-15 00:00:00,-99.0,-99.0,ANAS_SEAPL,SPL-F-FF,AAC-138,TRAWL,RESULT,Y,NR,NR,T,NA,
2001-06-15 00:00:00,-99.0,-99.0,ANAS_SEAPL,SPL-F-FF,AAC-139,TRAWL,RESULT,Y,NR,NR,T,NA,
2001-06-15 00:00:00,-99.0,-99.0,ANAS_SEAPL,SPL-F-FF,AAC-140-A,TRAWL,RESULT,Y,NR,NR,T,NA,
2001-06-15 00:00:00,-99.0,-99.0,ANAS_SEAPL,SPL-F-FF,AAC-140-B,TRAWL,RESULT,Y,NR,NR,T,NA,
2001-06-15 00:00:00,-99.0,-99.0,ANAS_SEAPL,SPL-F-FF,AAC-141,TRAWL,RESULT,Y,NR,NR,T,NA,
2001-06-15 00:00:00,-99.0,-99.0,ANAS_SEAPL,SPL-F-FF,AAC-143,TRAWL,RESULT,Y,NR,NR,T,NA,
2001-06-15 00:00:00,-99.0,-99.0,ANAS_SEAPL,SPL-F-FF,AAC-145,TRAWL,RESULT,Y,NR,NR,T,NA,
2001-06-15 00:00:00,-99.0,-99.0,ANAS_SEAPL,SPL-F-FF,AAC-166,TRAWL,RESULT,Y,NR,NR,T,NA,
2001-06-15 00:00:00,-99.0,-99.0,ANAS_SEAPL,SPL-F-FF,AAC-167,TRAWL,RESULT,Y,NR,NR,T,NA,
2001-06-15 00:00:00,-99.0,-99.0,ANAS_SEAPL,SPL-F-FF,AAC-168,TRAWL,RESULT,Y,NR,NR,T,NA,
1998-10-14 00:00:00,0.0,304.79998779296875,ARQUES,1,1,PUSH,Result,Y,Soft clays and silts,Black,SB,Subsurface,Push Corer
1998-10-14 00:00:00,0.0,252.39999389648438,ARQUES,2,2,PUSH,Result,Y,Soft clays and silts,Black,SB,Subsurface,Push Corer
1998-10-14 00:00:00,0.0,-99.0,ARQUES,Control,Control,UNK,CNEG,N,NR,NR,B,CNEG,
1998-09-02 00:00:00,0.0,-99.0,ARQUES,Reference,Reference,PDREDGE,REF,N,NR,NR,B,Surface,
1992-01-01 00:00:00,-99.0,-99.0,BAL_III_93,Background,Background,UNK,REF,N,NR,NR,T,NA,Added by C.Severn
1992-05-01 00:00:00,0.0,-99.0,BAL_III_93,C-NE,C-NE,SHOVEL,CNEG,N,NR,NR,STB,CNEG,
1992-04-28 00:00:00,0.0,172.72000122070312,BAL_III_93,CS-1,CS-1,VIBRA,RESULT,Y,"Silts, clays, sand",Dark gray,STB,Subsurface,
1992-04-28 00:00:00,0.0,152.39999389648438,BAL_III_93,CS-1-A,CS-1-A,VIBRA,RESULT,N,Silty clay,Dark gray,S,Subsurface,
1992-04-28 00:00:00,0.0,152.39999389648438,BAL_III_93,CS-1-B,CS-1-B,VIBRA,RESULT,N,Sandy silt,Black/dark gray,S,Subsurface,
1992-04-28 00:00:00,0.0,213.36000061035156,BAL_III_93,CS-1-C,CS-1-C,VIBRA,RESULT,N,"Silts, clays, sand",Gray Brown,S,Subsurface,
1992-05-05 00:00:00,0.0,-99.0,BAL_III_93,C-SB,C-SB,MVV,CNEG,N,NR,NR,STB,CNEG,
1992-05-01 00:00:00,0.0,-99.0,BAL_III_93,C-WB,C-WB,ANCHOR,CNEG,N,NR,NR,SB,CNEG,
1992-04-30 00:00:00,0.0,85.34400177001953,BAL_III_93,P II C,P II C,VIBRA,RESULT,N,Silty clay,Dark gray,S,Subsurface,
1992-04-30 00:00:00,0.0,164.5919952392578,BAL_III_93,P III.5 R,P III.5 R,VIBRA,RESULT,N,Sandy silt,Green/gray,S,Subsurface,
1992-04-30 00:00:00,0.0,295.656005859375,BAL_III_93,P IV R,P IV R,VIBRA,RESULT,N,"Silts, clays, sand",Gray Brown,S,Subsurface,
1992-04-29 00:00:00,0.0,341.3760070800781,BAL_III_93,P IX C,P IX C,VIBRA,RESULT,N,Sand,Gray Brown,S,Subsurface,
1992-04-29 00:00:00,0.0,295.656005859375,BAL_III_93,P IX.5 L,P IX.5 L,VIBRA,RESULT,N,Sand,Gray Brown,S,Subsurface,
1992-04-30 00:00:00,0.0,240.79200744628906,BAL_III_93,P V L,P V L,VIBRA,RESULT,N,Silty clay,Black/dark gray,S,Subsurface,
1992-04-30 00:00:00,0.0,304.79998779296875,BAL_III_93,P V R,P V R,VIBRA,RESULT,N,"Silts, clays, sand",Gray Brown,S,Subsurface,
1992-04-30 00:00:00,0.0,271.2720031738281,BAL_III_93,P V.5 C,P V.5 C,VIBRA,RESULT,N,"Silts, clays, sand",Olive gray,S,Subsurface,
1992-04-30 00:00:00,0.0,271.2720031738281,BAL_III_93,P VI L,P VI L,VIBRA,RESULT,N,Silty clay,Black/dark gray,S,Subsurface,
1992-04-30 00:00:00,0.0,341.3760070800781,BAL_III_93,P VI R,P VI R,VIBRA,RESULT,N,Silty clay,Gray Brown,S,Subsurface,
1992-04-30 00:00:00,0.0,268.2239990234375,BAL_III_93,P VI.5 C,P VI.5 C,VIBRA,RESULT,N,Sandy silt,Gray Brown,S,Subsurface,
1992-04-30 00:00:00,0.0,268.2239990234375,BAL_III_93,P VII C,P VII C,VIBRA,RESULT,N,Sandy silt,Gray Brown,S,Subsurface,
1992-04-29 00:00:00,0.0,271.2720031738281,BAL_III_93,P VII.5 C,P VII.5 C,VIBRA,RESULT,N,Sandy silt,Gray Brown,S,Subsurface,
1992-04-29 00:00:00,0.0,265.1759948730469,BAL_III_93,P VIII L,P VIII L,VIBRA,RESULT,N,Silty clay,Dark gray,S,Subsurface,
1992-04-29 00:00:00,0.0,341.3760070800781,BAL_III_93,P VIII R,P VIII R,VIBRA,RESULT,N,Sand,Olive gray,S,Subsurface,
1992-04-29 00:00:00,0.0,304.79998779296875,BAL_III_93,P VIII.5 C,P VIII.5 C,VIBRA,RESULT,N,Silty Sand,Gray Brown,S,Subsurface,
1992-04-29 00:00:00,0.0,207.26400756835938,BAL_III_93,P X R,P X R,VIBRA,RESULT,N,Silty Sand,Gray Brown,S,Subsurface,
1992-04-29 00:00:00,0.0,274.32000732421875,BAL_III_93,P X.5 C,P X.5 C,VIBRA,RESULT,N,Sand,Gray Brown,S,Subsurface,
1992-04-29 00:00:00,0.0,124.96800231933594,BAL_III_93,P XI L,P XI L,VIBRA,RESULT,N,Sand,Dark gray,S,Subsurface,
1992-04-28 00:00:00,45.720001220703125,182.8800048828125,BAL_III_93,P XII R,P XII R,VIBRA,RESULT,N,Silty Sand,Dark gray,S,Subsurface,
1992-04-28 00:00:00,0.0,182.8800048828125,BAL_III_93,P XII RR,P XII RR,VIBRA,RESULT,N,Sand,Dark gray,S,Subsurface,
1992-04-28 00:00:00,0.0,106.68000030517578,BAL_III_93,P XII.5 C,P XII.5 C,VIBRA,RESULT,N,Silty clay,Olive gray,S,Subsurface,
1992-04-28 00:00:00,0.0,426.7200012207031,BAL_III_93,P XII.5 R,P XII.5 R,VIBRA,RESULT,N,Silty clay,Dark gray,S,Subsurface,
1992-04-28 00:00:00,0.0,106.68000030517578,BAL_III_93,P XIII L,P XIII L,VIBRA,RESULT,N,Silty clay,Black/dark gray,S,Subsurface,
1992-04-28 00:00:00,0.0,252.98399353027344,BAL_III_93,P XIII R,P XIII R,VIBRA,RESULT,N,Sandy silt,Dark gray,S,Subsurface,
1992-04-28 00:00:00,0.0,112.7760009765625,BAL_III_93,P XIV C,P XIV C,VIBRA,RESULT,N,Sandy silt,Black/dark gray,S,Subsurface,
1992-04-30 00:00:00,0.0,85.34400177001953,BAL_III_93,PS-1,PS-1,VIBRA,RESULT,N,Silty clay,Green/gray,STB,Subsurface,
1992-04-30 00:00:00,0.0,284.3800048828125,BAL_III_93,PS-2,PS-2,VIBRA,RESULT,Y,Silty clay,Gray Brown,STB,Subsurface,
1992-04-29 00:00:00,0.0,284.67999267578125,BAL_III_93,PS-3,PS-3,VIBRA,RESULT,Y,Sand,Gray Brown,STB,Subsurface,
1992-04-28 00:00:00,0.0,187.07000732421875,BAL_III_93,PS-4,PS-4,VIBRA,RESULT,Y,Sandy silt,Black/dark gray,STB,Subsurface,
1992-04-29 00:00:00,0.0,-99.0,BAL_III_93,R-BF,R-BF,PDREDGE,REF,Y,NR,NR,STB,Surface,
1992-04-28 00:00:00,0.0,-99.0,BAL_III_93,R-OS,R-OS,PDREDGE,REF,N,NR,NR,STB,Surface,
1992-05-01 00:00:00,0.0,268.2239990234375,BAL_III_93,WR II L,WR II L,VIBRA,RESULT,N,Clayey Sand,Dark gray,S,Subsurface,
1992-05-01 00:00:00,0.0,218.85000610351562,BAL_III_93,WR-1,WR-1,VIBRA,RESULT,Y,Clayey Sand,Dark gray,STB,Subsurface,
1992-05-01 00:00:00,0.0,240.79200744628906,BAL_III_93,WR-1-A,WR-1-A,VIBRA,RESULT,N,Clayey Sand,Dark gray,S,Subsurface,sand lenses
1992-05-01 00:00:00,0.0,304.79998779296875,BAL_III_93,WR-1-B,WR-1-B,VIBRA,RESULT,N,Clayey Sand,Dark gray,S,Subsurface,
1992-05-01 00:00:00,0.0,106.68000030517578,BAL_III_93,WR-1-C,WR-1-C,VIBRA,RESULT,N,Clayey Sand,Dark gray,S,Subsurface,
1992-05-01 00:00:00,0.0,149.3520050048828,BAL_III_93,WR-1-D,WR-1-D,VIBRA,RESULT,N,Sand,Gray Brown,S,Subsurface,
1992-05-01 00:00:00,0.0,292.6080017089844,BAL_III_93,WR-1-E,WR-1-E,VIBRA,RESULT,N,Clayey Sand,Dark gray,S,Subsurface,sand lenses
1992-05-01 00:00:00,0.0,279.3999938964844,BAL_III_93,WR-2,WR-2,VIBRA,RESULT,Y,Clayey Sand,Dark gray,STB,Subsurface,
1992-05-01 00:00:00,0.0,249.93600463867188,BAL_III_93,WR-A,WR-A,VIBRA,RESULT,N,Clayey Sand,Dark gray,S,Subsurface,
1992-05-01 00:00:00,0.0,320.0400085449219,BAL_III_93,WR-II.5 L,WR-II.5 L,VIBRA,RESULT,N,Clayey Sand,Olive gray,S,Subsurface,
1999-05-19 00:00:00,0.0,252.10000610351562,BAYBRIDGE,Access-N-1,Access-N-1,PNVIBRA,RESULT,N,Mud with Shell Hash,Gray,STB,Subsurface,
1999-05-26 00:00:00,0.0,266.70001220703125,BAYBRIDGE,Access-N-2,Access-N-2,PNVIBRA,RESULT,N,Mud,Dark gray,STB,Subsurface,
1999-05-26 00:00:00,0.0,281.8999938964844,BAYBRIDGE,Access-N-3,Access-N-3,PNVIBRA,RESULT,N,Mud with Shell Hash,Gray,STB,Subsurface,
1999-05-24 00:00:00,0.0,304.79998779296875,BAYBRIDGE,Access-N-4,Access-N-4,PNVIBRA,RESULT,N,Mud with Shell Hash,Gray,STB,Subsurface,
1999-06-01 00:00:00,0.0,121.9000015258789,BAYBRIDGE,Access-N-5,Access-N-5,PDREDGE,RESULT,N,Fine Sand,Gray,STB,Subsurface,
1999-05-24 00:00:00,0.0,30.5,BAYBRIDGE,Alcatraz Ref,Alcatraz,PDREDGE,REF,N,NR,NR,SB,Surface,
1900-01-01 00:00:00,0.0,-99.0,BAYBRIDGE,Control,Control,UNK,CNEG,N,NR,NR,STB,CNEG,
1999-05-27 00:00:00,0.0,30.5,BAYBRIDGE,Paradise Cove,Paradise-1,GRAB,REF,N,NR,NR,S,Surface,
1999-07-29 00:00:00,0.0,30.5,BAYBRIDGE,Paradise Cove,Paradise-2,PDREDGE,REF,N,NR,NR,SB,Surface,
1999-06-15 00:00:00,0.0,30.5,BAYBRIDGE,SF-DODS,SF-DODS,PDREDGE,REF,N,NR,NR,STB,Subsurface,
1999-05-19 00:00:00,0.0,327.70001220703125,BAYBRIDGE,SFOBB-N-1,SFOBB-N-1,PNVIBRA,RESULT,N,Mud,Gray,STB,Subsurface,
1999-05-19 00:00:00,0.0,375.8999938964844,BAYBRIDGE,SFOBB-N-2,SFOBB-N-2,PNVIBRA,RESULT,N,Mud with Shell Hash,Gray,STB,Subsurface,
1999-05-20 00:00:00,0.0,389.29998779296875,BAYBRIDGE,SFOBB-N-3,SFOBB-N-3,PNVIBRA,RESULT,N,Mud and Sand,Gray,STB,Subsurface,
1999-05-20 00:00:00,0.0,395.29998779296875,BAYBRIDGE,SFOBB-N-4,SFOBB-N-4,PNVIBRA,RESULT,N,Mud and Sand,Gray,STB,Subsurface,
1999-05-21 00:00:00,0.0,391.20001220703125,BAYBRIDGE,SFOBB-N-5,SFOBB-N-5,PNVIBRA,RESULT,N,Mud and Sand,Gray,STB,Subsurface,
1999-05-24 00:00:00,0.0,277.6000061035156,BAYBRIDGE,SFOBB-N-6,SFOBB-N-6,PDREDGE,RESULT,N,Fine Sand with Mud,Gray,STB,Subsurface,
1999-06-08 00:00:00,0.0,30.5,BAYBRIDGE,SFOBB-N-7,SFOBB-N-7,PDREDGE,RESULT,N,Fine Sand,NR,STB,Subsurface,
1999-05-27 00:00:00,0.0,30.5,BAYBRIDGE,Tubbs Island,Tubbs-1,GRAB,REF,N,NR,NR,S,Surface,
1999-07-29 00:00:00,0.0,30.5,BAYBRIDGE,Tubbs Island,Tubbs-2,PDREDGE,REF,N,NR,NR,SB,Surface,
2000-11-16 00:00:00,0.0,274.29998779296875,BENI_01,1,1,CORE,Result,Y,NR,Green,SB,Subsurface,Push Corer
2000-11-16 00:00:00,0.0,213.39999389648438,BENI_01,2,2,CORE,Result,Y,NR,Green,SB,Subsurface,Push Corer
2000-11-16 00:00:00,0.0,274.29998779296875,BENI_01,3,3,CORE,Result,Y,NR,Green,SB,Subsurface,Push Corer
2000-11-16 00:00:00,0.0,274.29998779296875,BENI_01,4,4,CORE,Result,Y,NR,Green,SB,Subsurface,Push Corer
2000-11-16 00:00:00,0.0,-99.0,BENI_01,Control,Control,UNK,CNEG,U,NR,NR,B,CNEG,
2000-11-16 00:00:00,0.0,-99.0,BENI_01,Reference,Reference,UNK,REF,U,NR,NR,SB,Surface,
1996-04-22 00:00:00,0.0,365.79998779296875,BENI_96,A,A,CORE,RESULT,Y,Silt/Clay,NR,SB,Subsurface,Push Corer
1996-04-22 00:00:00,0.0,300.20001220703125,BENI_96,B,B,CORE,RESULT,Y,Silt/Clay,NR,SB,Subsurface,Push Corer
1996-04-22 00:00:00,0.0,304.79998779296875,BENI_96,C,C,CORE,RESULT,Y,Silt/Clay,NR,SB,Subsurface,Push Corer
1996-04-22 00:00:00,0.0,-99.0,BENI_96,Control,Control,UNK,CNEG,U,NR,NR,B,CNEG,
1996-04-22 00:00:00,0.0,-99.0,BENI_96,Reference,Reference,PDREDGE,REF,U,NR,NR,SB,Surface,
1997-08-20 00:00:00,0.0,335.29998779296875,BENI_97,A,A,CORE,Result,Y,Silt/Clay,NR,SB,Subsurface,Push Corer
1997-08-20 00:00:00,0.0,274.29998779296875,BENI_97,B,B,CORE,Result,Y,Silt/Clay,NR,SB,Subsurface,Push Corer
1997-08-20 00:00:00,0.0,213.39999389648438,BENI_97,C,C,CORE,Result,Y,Silt/Clay,NR,SB,Subsurface,Push Corer
1997-08-20 00:00:00,0.0,-99.0,BENI_97,Control,Control,UNK,CNEG,U,NR,NR,B,CNEG,
1997-08-20 00:00:00,0.0,-99.0,BENI_97,Reference,Reference,PDREDGE,REF,U,NR,NR,SB,Surface,
1992-07-29 00:00:00,0.0,2.0,BPTCP,1,40001_Rep1,MVV,RESULT,N,NR,NR,SBI,Surface,RPD 2cm 
1992-07-29 00:00:00,0.0,2.0,BPTCP,10,40004_Rep1,MVV,RESULT,N,Mud and Sand,NR,SBI,Surface,fine mud and some sand 
1992-08-05 00:00:00,0.0,2.0,BPTCP,100,30034_Rep1,MVV,RESULT,N,Mud,Green,SB,Surface,green mud 
1993-08-18 00:00:00,0.0,2.0,BPTCP,1000,93231,MVV,RESULT,N,Mud,NR,SBI,Surface,CLUMPY FINE MUD ON TOP 
1993-08-18 00:00:00,0.0,2.0,BPTCP,1001,93232,MVV,RESULT,N,Mud,NR,SBI,Surface,CLUMPY MUD 
1993-08-19 00:00:00,0.0,2.0,BPTCP,1002,40031_Rep1,MVV,RESULT,N,Silt,NR,SBI,Surface,FINE SILTY SED 
1993-08-19 00:00:00,0.0,2.0,BPTCP,1003,40031_Rep2,MVV,FR,N,Silt,NR,SBI,Surface,FINE SILTY SEDIMENT 
1993-08-19 00:00:00,0.0,2.0,BPTCP,1004,40031_Rep3,MVV,FR,N,Soft mud,NR,SBI,Surface,SOFT SILTY MUD 
1993-08-19 00:00:00,0.0,2.0,BPTCP,1005,40031_Rep4,MVV,RESULT,N,Mud,NR,SB,Surface,FINE MUD 
1993-08-19 00:00:00,0.0,2.0,BPTCP,1006,40010_Rep1,MVV,RESULT,N,Silt,NR,SBI,Surface,SLIGHTLY SILTY 
1993-08-19 00:00:00,0.0,2.0,BPTCP,1007,40010_Rep2,MVV,FR,N,Mud,NR,SBI,Surface,GRITTY FINE MUD 
1993-08-19 00:00:00,0.0,2.0,BPTCP,1008,40010_Rep3,MVV,FR,N,Silt,NR,SBI,Surface,SILTY 
1992-08-05 00:00:00,0.0,2.0,BPTCP,101,30034_Rep2,MVV,FR,N,Mud,Green,SB,Surface,"green mud, fine "
1994-01-19 00:00:00,0.0,2.0,BPTCP,1013,93122_Rep1,MVV,RESULT,N,Mud,NR,SB,Surface,SMOOTH WITH LARGE CLUMPS 
1994-01-19 00:00:00,0.0,2.0,BPTCP,1014,93122_Rep2,MVV,FR,N,Mud,NR,SB,Surface,SMOOTH BUT FIRM 
1994-01-19 00:00:00,0.0,2.0,BPTCP,1015,93122_Rep3,MVV,FR,N,Mud and Sand,NR,SB,Surface,FINE MUD WITH SAND 
1994-01-19 00:00:00,0.0,2.0,BPTCP,1016,93125_Rep1,MVV,RESULT,N,NR,NR,SB,Surface,CLUMPY 
1994-01-19 00:00:00,0.0,2.0,BPTCP,1017,93125_Rep2,MVV,FR,N,NR,NR,SB,Surface,CLUMPY 
1994-01-19 00:00:00,0.0,2.0,BPTCP,1018,93125_Rep3,MVV,FR,N,Sand,NR,SB,Surface,SANDY THIN OXIC 
1994-01-19 00:00:00,0.0,2.0,BPTCP,1019,90057_Rep1,MVV,RESULT,N,Mud,NR,SB,Surface,THICK GOOEY MUD 
1992-08-05 00:00:00,0.0,2.0,BPTCP,102,30034_Rep3,MVV,FR,N,"Clay, Silt and Mud",Green,SB,Surface,"green mud, fine & silty "
1994-01-19 00:00:00,0.0,2.0,BPTCP,1020,90057_Rep2,MVV,FR,N,NR,NR,SB,Surface,CLUMPY 
1994-01-19 00:00:00,0.0,2.0,BPTCP,1021,90057_Rep3,MVV,FR,N,Mud,NR,SB,Surface,CLUMPY WITH CREAMY MUD 
1994-01-20 00:00:00,0.0,2.0,BPTCP,1022,90036_Rep1,MVV,RESULT,N,Sand,NR,SB,Surface,SANDY 
1994-01-20 00:00:00,0.0,2.0,BPTCP,1023,90036_Rep2,MVV,FR,N,Mud and Sand,NR,SB,Surface,"SANDY, GRITTY MUD "
1994-01-20 00:00:00,0.0,2.0,BPTCP,1024,90036_Rep3,MVV,FR,N,Mud and Sand,NR,SB,Surface,"SANDY, GRITTY MUD "
1994-01-18 00:00:00,0.0,2.0,BPTCP,1025,93132,MVV,RESULT,N,Soft mud,NR,SB,Surface,SOFT MUD 
1994-01-18 00:00:00,0.0,2.0,BPTCP,1026,93129,MVV,RESULT,N,Mud and Sand,NR,SB,Surface,"FINE WITH CLUMPS, SANDY "
1994-01-18 00:00:00,0.0,2.0,BPTCP,1027,93151,MVV,RESULT,N,Soft clays and silts,NR,SB,Surface,"CREAMY, SOFT, "
1994-01-18 00:00:00,0.0,2.0,BPTCP,1028,93127,MVV,RESULT,N,Mud and Sand,NR,SB,Surface,SANDY MUD 
1994-01-19 00:00:00,0.0,2.0,BPTCP,1029,93117,MVV,RESULT,N,Soft mud,NR,SB,Surface,SOFT CREAMY 
1992-08-19 00:00:00,0.0,2.0,BPTCP,103,40032_Rep1,MVV,RESULT,N,Soft clays and silts,Brown,SB,Surface,"soft dark brown mud,silty "
1994-01-18 00:00:00,0.0,2.0,BPTCP,1030,93139,MVV,RESULT,N,Mud,NR,SB,Surface,FINE GRITTY MUD 
1994-01-18 00:00:00,0.0,2.0,BPTCP,1031,93106,MVV,RESULT,N,Mud,NR,SB,Surface,"FINE, THIN OXIC LAYER "
1994-01-19 00:00:00,0.0,2.0,BPTCP,1032,93120,MVV,RESULT,N,Mud and Sand,NR,SB,Surface,SANDY MUD 
1994-01-18 00:00:00,0.0,2.0,BPTCP,1033,93128,MVV,RESULT,N,NR,NR,SB,Surface,VERY CLUMPY 
1994-01-19 00:00:00,0.0,2.0,BPTCP,1034,93121,MVV,RESULT,N,Mud and Sand,NR,SB,Surface,SANDY MUD 
1994-01-18 00:00:00,0.0,2.0,BPTCP,1035,93158_Rep1,MVV,RESULT,N,Mud,NR,SB,Surface,FINE MUD WITH CLUMPS 
1994-01-18 00:00:00,0.0,2.0,BPTCP,1036,93158_Rep2,MVV,FR,N,Mud and Sand,NR,SB,Surface,"CLUMPY, SLIGHTLY GRITTY "
1994-01-18 00:00:00,0.0,2.0,BPTCP,1037,93158_Rep3,MVV,FR,N,NR,NR,SB,Surface,CLUMPY 
1994-02-02 00:00:00,0.0,2.0,BPTCP,1038,40031_Rep1,MVV,RESULT,N,Soft mud,NR,SB,Surface,CREAMY 
1994-02-02 00:00:00,0.0,2.0,BPTCP,1039,40031_Rep2,MVV,FR,N,Soft mud,NR,SB,Surface,"FIRM, CREAMY "
1992-08-19 00:00:00,0.0,2.0,BPTCP,104,40032_Rep2,MVV,FR,N,Soft clays and silts,Brown,SB,Surface,dark brown silty soft 
1994-02-02 00:00:00,0.0,2.0,BPTCP,1040,40031_Rep3,MVV,FR,N,Soft mud,NR,SB,Surface,"FIRM, CREAMY "
1994-01-31 00:00:00,0.0,2.0,BPTCP,1041,40018_Rep1,MVV,RESULT,N,Soft mud,NR,SB,Surface,"FINE, CREAMY "
1994-01-31 00:00:00,0.0,2.0,BPTCP,1042,40018_Rep2,MVV,FR,N,Soft clays and silts,NR,SB,Surface,"CREAMY, OVER CLAY "
1994-01-31 00:00:00,0.0,2.0,BPTCP,1043,40018_Rep3,MVV,FR,N,Soft mud,Brown,SB,Surface,"CREAMY, LT. BROWN "
1994-02-02 00:00:00,0.0,2.0,BPTCP,1044,82030_Rep1,MVV,RESULT,N,Soft mud,NR,SB,Surface,"RICH,CREAMY "
1994-02-02 00:00:00,0.0,2.0,BPTCP,1045,82030_Rep2,MVV,FR,N,Soft mud,NR,SB,Surface,CREAMY 
1994-02-02 00:00:00,0.0,2.0,BPTCP,1046,82030_Rep3,MVV,FR,N,Soft mud,NR,SB,Surface,CREAMY 
1994-02-01 00:00:00,0.0,2.0,BPTCP,1047,40012_Rep1,MVV,RESULT,N,Mud and Sand,NR,SB,Surface,"FIRM,SMOOTH,SOME SAND "
1994-02-01 00:00:00,0.0,2.0,BPTCP,1048,40012_Rep2,MVV,FR,N,Mud,NR,SB,Surface,GRITTY MUD 
1994-02-01 00:00:00,0.0,2.0,BPTCP,1049,40012_Rep3,MVV,FR,N,Mud and Sand,NR,SB,Surface,SLIGHTLY SANDY 
1992-08-19 00:00:00,0.0,2.0,BPTCP,105,40032_Rep3,MVV,FR,N,"Clay, Silt and Mud",NR,SB,Surface,silty mud 
1994-02-01 00:00:00,0.0,2.0,BPTCP,1050,40006_Rep1,MVV,RESULT,N,Soft mud,NR,SB,Surface,VERY CREAMY 
1994-02-01 00:00:00,0.0,2.0,BPTCP,1051,40006_Rep2,MVV,FR,N,Soft mud,NR,SB,Surface,CREAMY 
1994-02-01 00:00:00,0.0,2.0,BPTCP,1052,40006_Rep3,MVV,FR,N,Soft mud,NR,SB,Surface,CREAMY 
1994-02-02 00:00:00,0.0,2.0,BPTCP,1053,40003_Rep1,MVV,RESULT,N,Sandy mud with shell or gravel,NR,SB,Surface,"SANDY MUD, SOME GRAVEL "
1994-02-02 00:00:00,0.0,2.0,BPTCP,1054,40003_Rep2,MVV,FR,N,Sandy mud with shell or gravel,NR,SB,Surface,"SANDY MUD, SHELL DEBRIS "
1994-02-02 00:00:00,0.0,2.0,BPTCP,1055,40003_Rep3,MVV,FR,N,Mud and Sand,NR,SB,Surface,SANDY MUD 
1994-02-01 00:00:00,0.0,2.0,BPTCP,1056,40013_Rep1,MVV,RESULT,N,Mud and Sand,NR,SB,Surface,SANDY MUD 
1994-02-01 00:00:00,0.0,2.0,BPTCP,1057,40013_Rep2,MVV,FR,N,Mud and Sand,NR,SB,Surface,SANDY MUD 
1994-02-01 00:00:00,0.0,2.0,BPTCP,1058,40013_Rep3,MVV,FR,N,Mud and Sand,NR,SB,Surface,"SANDY MUD, MORE GOOEY "
1994-01-31 00:00:00,0.0,2.0,BPTCP,1059,40017_Rep1,MVV,RESULT,N,Soft mud,Brown,SB,Surface,"CREAMY, BROWN "
1994-01-31 00:00:00,0.0,2.0,BPTCP,1060,40017_Rep2,MVV,FR,N,Soft clays and silts,NR,SB,Surface,CREAMY ON CLAY 
1994-01-31 00:00:00,0.0,2.0,BPTCP,1061,40017_Rep3,MVV,FR,N,Fine Silt with Shell,NR,SB,Surface,"SMOOTH, SOME SHELL DEBRIS "
1994-02-01 00:00:00,0.0,2.0,BPTCP,1062,40001_Rep1,MVV,RESULT,N,Mud and Sand,NR,SB,Surface,"FIRM, W/LITTLE GRIT "
1994-02-01 00:00:00,0.0,2.0,BPTCP,1063,40001_Rep2,MVV,FR,N,Mud,NR,SB,Surface,"FIRM, GOOD MUD "
1994-02-01 00:00:00,0.0,2.0,BPTCP,1064,40001_Rep3,MVV,FR,N,Mud,NR,SB,Surface,"FIRM, GOOD MUD "
1994-02-01 00:00:00,0.0,2.0,BPTCP,1065,44020_Rep1,MVV,RESULT,N,Soft mud,NR,SB,Surface,"CREAMY, THIN OXIC LAYER "
1994-02-01 00:00:00,0.0,2.0,BPTCP,1066,44020_Rep2,MVV,FR,N,Soft mud,NR,SB,Surface,CREAMY 
1994-02-01 00:00:00,0.0,2.0,BPTCP,1067,44020_Rep3,MVV,FR,N,Soft mud,NR,SB,Surface,CREAMY 
1994-02-15 00:00:00,0.0,2.0,BPTCP,1068,40010_Rep1,MVV,RESULT,N,Mud,NR,SB,Surface,SMOOTH 
1994-02-15 00:00:00,0.0,2.0,BPTCP,1069,40010_Rep2,MVV,FR,N,Soft mud,NR,SB,Surface,FINE CREAMY 
1994-02-15 00:00:00,0.0,2.0,BPTCP,1070,40010_Rep3,MVV,FR,N,Mud,NR,SB,Surface,SMOOTH 
1994-02-15 00:00:00,0.0,2.0,BPTCP,1071,40010_Rep1,MVV,RESULT,N,Soft mud,NR,SB,Surface,FINE CREAMY 
1994-02-15 00:00:00,0.0,2.0,BPTCP,1072,40010_Rep2,MVV,FR,N,Mud and Sand,NR,SB,Surface,FINE CREAMY W\SOME GRIT 
1994-02-15 00:00:00,0.0,2.0,BPTCP,1073,40010_Rep3,MVV,FR,N,Mud and Sand,NR,SB,Surface,FINE WITH SOME GRIT 
1994-02-15 00:00:00,0.0,2.0,BPTCP,1074,40010_Rep1,MVV,RESULT,N,Mud,NR,SB,Surface,FINE MUD 
1994-02-15 00:00:00,0.0,2.0,BPTCP,1075,40010_Rep2,MVV,FR,N,Soft mud,NR,SB,Surface,FINE CREAMY 
1994-02-15 00:00:00,0.0,2.0,BPTCP,1076,40010_Rep3,MVV,FR,N,Soft mud,NR,SB,Surface,"FINE, CREAMY "
1994-02-16 00:00:00,0.0,2.0,BPTCP,1077,44011_Rep1,MVV,RESULT,N,Mud,NR,SB,Surface,FINE SEDIMENT ON COMPACT 
1994-02-16 00:00:00,0.0,2.0,BPTCP,1078,44011_Rep2,MVV,FR,N,Mud,NR,SB,Surface,FINE ON THICK MUD 
1994-02-16 00:00:00,0.0,2.0,BPTCP,1079,44011_Rep3,MVV,FR,N,Clay and mud,NR,SB,Surface,FINE ON CLAY 
1994-02-15 00:00:00,0.0,2.0,BPTCP,1080,44014_Rep1,MVV,RESULT,N,Soft mud,NR,SB,Surface,CREAMY 
1994-02-15 00:00:00,0.0,2.0,BPTCP,1081,44014_Rep2,MVV,FR,N,Soft mud,NR,SB,Surface,CREAMY 
1994-02-15 00:00:00,0.0,2.0,BPTCP,1082,44014_Rep3,MVV,FR,N,Soft mud,NR,SB,Surface,CREAMY 
1994-02-15 00:00:00,0.0,2.0,BPTCP,1083,44024_Rep1,MVV,RESULT,N,Sand,NR,SB,Surface,"SANDY, GRITTY "
1994-02-15 00:00:00,0.0,2.0,BPTCP,1084,44024_Rep2,MVV,FR,N,Sand,NR,SB,Surface,SANDY 
1994-02-15 00:00:00,0.0,2.0,BPTCP,1085,44024_Rep3,MVV,FR,N,Sand,NR,SB,Surface,SANDY 
1994-02-16 00:00:00,0.0,2.0,BPTCP,1086,82001_Rep1,MVV,RESULT,N,Mud and Sand,NR,SB,Surface,GRITTY 
1994-02-16 00:00:00,0.0,2.0,BPTCP,1087,82001_Rep2,MVV,FR,N,Sand,NR,SB,Surface,SANDY 
1994-02-16 00:00:00,0.0,2.0,BPTCP,1088,82001_Rep3,MVV,FR,N,Mud,NR,SB,Surface,GRITTY MUD 
1994-02-16 00:00:00,0.0,2.0,BPTCP,1089,82002_Rep1,MVV,RESULT,N,Soft clays and silts,NR,SB,Surface,FINE WITH CLAY 
1994-02-16 00:00:00,0.0,2.0,BPTCP,1090,82002_Rep2,MVV,FR,N,Soft clays and silts,NR,SB,Surface,FINE WITH CLAY 
1994-02-16 00:00:00,0.0,2.0,BPTCP,1091,82002_Rep3,MVV,FR,N,Clay,NR,SB,Surface,CLAY 
1994-02-16 00:00:00,0.0,2.0,BPTCP,1092,82023_Rep1,MVV,RESULT,N,Mud,NR,SB,Surface,FINE MUD 
1994-02-16 00:00:00,0.0,2.0,BPTCP,1093,82023_Rep2,MVV,FR,N,Mud,NR,SB,Surface,FINE MUD 
1994-02-16 00:00:00,0.0,2.0,BPTCP,1094,82023_Rep3,MVV,FR,N,Mud,NR,SB,Surface,FINE MUD 
1994-02-16 00:00:00,0.0,2.0,BPTCP,1095,82040_Rep1,MVV,RESULT,N,Mud and Sand,NR,SB,Surface,SANDY MUD 
1994-02-16 00:00:00,0.0,2.0,BPTCP,1096,82040_Rep2,MVV,FR,N,Mud and Sand,NR,SB,Surface,FINE WITH GRIT 
1994-02-16 00:00:00,0.0,2.0,BPTCP,1097,82040_Rep3,MVV,FR,N,Fine Sand,NR,SB,Surface,"FINE, SANDY "
1994-03-02 00:00:00,0.0,2.0,BPTCP,1098,90013_Rep1,MVV,RESULT,N,Mud,NR,SB,Surface,FINE MUD 
1994-03-02 00:00:00,0.0,2.0,BPTCP,1099,90013_Rep2,MVV,FR,N,Mud,NR,SB,Surface,FINE MUD 
1992-07-29 00:00:00,0.0,2.0,BPTCP,11,40004_Rep2,MVV,FR,N,Mud and Sand,NR,SBI,Surface,"fine mud, sand "
1992-08-19 00:00:00,0.0,2.0,BPTCP,110,40019_Rep4,MVV,FR,N,Soft mud,Brown,I,Surface,soft dark brown/blk mud Infauna only
1994-03-02 00:00:00,0.0,2.0,BPTCP,1100,90013_Rep3,MVV,FR,N,Mud,NR,SB,Surface,FINE MUD 
1994-03-02 00:00:00,0.0,2.0,BPTCP,1101,93106_Rep1,MVV,RESULT,N,Mud with Shell Hash,NR,SB,Surface,FINE MUD WITH ZOSTERA 
1994-03-02 00:00:00,0.0,2.0,BPTCP,1102,93106_Rep2,MVV,FR,N,Mud with Shell Hash,NR,SB,Surface,FINE MUD WITH ZOSTERA 
1994-03-02 00:00:00,0.0,2.0,BPTCP,1103,93106_Rep3,MVV,FR,N,Mud with Shell Hash,NR,SB,Surface,FINE MUD WITH ZOSTERA 
1994-03-01 00:00:00,0.0,2.0,BPTCP,1104,90020_Rep1,MVV,RESULT,N,Mud,NR,SB,Surface,CREAMY MUD 
1994-03-01 00:00:00,0.0,2.0,BPTCP,1105,90020_Rep2,MVV,FR,N,Mud,NR,SB,Surface,SMOOTH MUD 
1994-03-01 00:00:00,0.0,2.0,BPTCP,1106,90020_Rep3,MVV,FR,N,Mud,NR,SB,Surface,FINE MUD 
1994-03-01 00:00:00,0.0,2.0,BPTCP,1107,90022_Rep1,MVV,RESULT,N,Soft mud,NR,SB,Surface,"SOFT, CREAMY MUD "
1994-03-01 00:00:00,0.0,2.0,BPTCP,1108,90022_Rep2,MVV,FR,N,Soft mud,NR,SB,Surface,"SOFT, CREAMY MUD "
1994-03-01 00:00:00,0.0,2.0,BPTCP,1109,90022_Rep3,MVV,FR,N,Soft mud,NR,SB,Surface,"SOFT, CREAMY MUD "
1992-09-01 00:00:00,0.0,2.0,BPTCP,111,40011_Rep4,MVV,FR,N,Mud,NR,I,Surface,muddy Infauna only
1994-03-02 00:00:00,0.0,2.0,BPTCP,1110,93181_Rep1,MVV,RESULT,N,Mud,NR,SB,Surface,FINE MUD 
1994-03-02 00:00:00,0.0,2.0,BPTCP,1111,93181_Rep2,MVV,FR,N,Mud,NR,SB,Surface,FINE MUD 
1994-03-02 00:00:00,0.0,2.0,BPTCP,1112,93181_Rep3,MVV,FR,N,Mud,NR,SB,Surface,FINE MUD 
1994-03-01 00:00:00,0.0,2.0,BPTCP,1113,90029_Rep1,MVV,RESULT,N,Sand,NR,SB,Surface,SANDY 
1994-03-01 00:00:00,0.0,2.0,BPTCP,1114,90029_Rep2,MVV,FR,N,Sand,NR,SB,Surface,SANDY 
1994-03-01 00:00:00,0.0,2.0,BPTCP,1115,90029_Rep3,MVV,FR,N,Mud and Sand,NR,SB,Surface,SANDY MUD 
1994-03-01 00:00:00,0.0,2.0,BPTCP,1116,90024_Rep1,MVV,RESULT,N,Mud and Sand,NR,SB,Surface,MUD WITH SOME SAND 
1994-03-01 00:00:00,0.0,2.0,BPTCP,1117,90024_Rep2,MVV,FR,N,Mud,NR,SB,Surface,FINE MUD 
1994-03-01 00:00:00,0.0,2.0,BPTCP,1118,90024_Rep3,MVV,FR,N,Mud,NR,SB,Surface,FINE MUD 
1994-03-02 00:00:00,0.0,2.0,BPTCP,1119,93178_Rep1,MVV,RESULT,N,Mud and Sand,NR,SB,Surface,SLIGHTLY SANDY 
1994-03-02 00:00:00,0.0,2.0,BPTCP,1120,93178_Rep2,MVV,FR,N,Mud with Shell Hash,NR,SB,Surface,FINE WITH MUSSEL CLUMPS 
1994-03-02 00:00:00,0.0,2.0,BPTCP,1121,93178_Rep3,MVV,FR,N,Mud and Sand,NR,SB,Surface,SANDY WITH FINE MUD 
1994-03-02 00:00:00,0.0,2.0,BPTCP,1122,93179_Rep1,MVV,RESULT,N,Mud with Shell Hash,NR,SB,Surface,FINE WITH MUSSEL CLUMPS 
1994-03-02 00:00:00,0.0,2.0,BPTCP,1123,93179_Rep2,MVV,FR,N,Mud with Shell Hash,NR,SB,Surface,FINE WITH MUSSEL CLUMPS 
1994-03-02 00:00:00,0.0,2.0,BPTCP,1124,93179_Rep3,MVV,FR,N,Mud with Shell Hash,NR,SB,Surface,FINE WITH MUSSEL CLUMPS 
1994-03-01 00:00:00,0.0,2.0,BPTCP,1125,93185,MVV,RESULT,N,Mud and Sand,NR,SB,Surface,FINE MUD ON TOP OF SAND 
1994-03-01 00:00:00,0.0,2.0,BPTCP,1126,93163,MVV,RESULT,N,Mud and Sand,NR,SB,Surface,SANDY WITH LITTLE MUD 
1994-03-01 00:00:00,0.0,2.0,BPTCP,1127,93161,MVV,RESULT,N,Mud and Sand,NR,SB,Surface,SANDY MUD 
1994-03-01 00:00:00,0.0,2.0,BPTCP,1128,93171,MVV,RESULT,N,Mud,NR,SB,Surface,FINE MUD 
1994-03-15 00:00:00,0.0,2.0,BPTCP,1129,90052_Rep1,MVV,RESULT,N,Soft mud,NR,SB,Surface,CREAMY 
1994-03-15 00:00:00,0.0,2.0,BPTCP,1130,90052_Rep2,MVV,FR,N,Soft mud,NR,SB,Surface,CREAMY 
1994-03-15 00:00:00,0.0,2.0,BPTCP,1131,90052_Rep3,MVV,FR,N,Soft mud,NR,SB,Surface,CREAMY 
1994-03-16 00:00:00,0.0,2.0,BPTCP,1132,93120_Rep1,MVV,RESULT,N,Mud and Sand,NR,SB,Surface,SANDY MUD 
1994-03-16 00:00:00,0.0,2.0,BPTCP,1133,93120_Rep2,MVV,FR,N,Mud and Sand,NR,SB,Surface,SANDY MUD 
1994-03-16 00:00:00,0.0,2.0,BPTCP,1134,93120_Rep3,MVV,FR,N,Mud and Sand,NR,SB,Surface,GRITTY 
1994-03-16 00:00:00,0.0,2.0,BPTCP,1135,93121_Rep1,MVV,RESULT,N,Sand,NR,SB,Surface,SANDY 
1994-03-16 00:00:00,0.0,2.0,BPTCP,1136,93121_Rep2,MVV,FR,N,Sand,NR,SB,Surface,SANDY 
1994-03-16 00:00:00,0.0,2.0,BPTCP,1137,93121_Rep3,MVV,FR,N,Sand,NR,SB,Surface,SANDY 
1994-03-15 00:00:00,0.0,2.0,BPTCP,1138,93131_Rep1,MVV,RESULT,N,Soft mud,NR,SB,Surface,CREAMY WITH CLUMPS 
1994-03-15 00:00:00,0.0,2.0,BPTCP,1139,93131_Rep2,MVV,FR,N,Soft mud,NR,SB,Surface,CREAMY 
1994-03-15 00:00:00,0.0,2.0,BPTCP,1140,93131_Rep3,MVV,FR,N,Soft mud,NR,SB,Surface,CREAMY WITH CLUMPS 
1994-03-15 00:00:00,0.0,2.0,BPTCP,1141,93160_Rep1,MVV,RESULT,N,Soft mud,NR,SB,Surface,CREAMY 
1994-03-15 00:00:00,0.0,2.0,BPTCP,1142,93160_Rep2,MVV,FR,N,Soft mud,NR,SB,Surface,CREAMY 
1994-03-15 00:00:00,0.0,2.0,BPTCP,1143,93160_Rep3,MVV,FR,N,Soft mud,NR,SB,Surface,CREAMY 
1994-03-15 00:00:00,0.0,2.0,BPTCP,1144,90030_Rep1,MVV,RESULT,N,Soft mud,NR,SB,Surface,CREAMY 
1994-03-15 00:00:00,0.0,2.0,BPTCP,1145,90030_Rep2,MVV,FR,N,Soft mud,NR,SB,Surface,CREAMY 
1994-03-15 00:00:00,0.0,2.0,BPTCP,1146,90030_Rep3,MVV,FR,N,Soft mud,NR,SB,Surface,CREAMY 
1994-03-15 00:00:00,0.0,2.0,BPTCP,1147,93159_Rep1,MVV,RESULT,N,Mud and Sand,NR,SB,Surface,CREAMY WITH GRIT 
1994-03-15 00:00:00,0.0,2.0,BPTCP,1148,93159_Rep2,MVV,FR,N,Mixed with Shell Hash,NR,SB,Surface,GRITTY WITH SHELL DEBRIS 
1994-03-15 00:00:00,0.0,2.0,BPTCP,1149,93159_Rep3,MVV,FR,N,Mud and Sand,NR,SB,Surface,SANDY FINE MUD 
1994-03-16 00:00:00,0.0,2.0,BPTCP,1150,93174_Rep1,MVV,RESULT,N,Soft mud,NR,SB,Surface,CREAMY 
1994-03-16 00:00:00,0.0,2.0,BPTCP,1151,93174_Rep2,MVV,FR,N,Soft mud,NR,SB,Surface,CREAMY 
1994-03-16 00:00:00,0.0,2.0,BPTCP,1152,93174_Rep3,MVV,FR,N,Soft mud,NR,SB,Surface,CREAMY 
1994-03-16 00:00:00,0.0,2.0,BPTCP,1153,93166_Rep1,MVV,RESULT,N,Soft mud,NR,SB,Surface,CREAMY WITH CLUMPS 
1994-03-16 00:00:00,0.0,2.0,BPTCP,1154,93166_Rep2,MVV,FR,N,Soft mud,NR,SB,Surface,CREAMY WITH CLUMPS 
1994-03-16 00:00:00,0.0,2.0,BPTCP,1155,93166_Rep3,MVV,FR,N,Soft mud,NR,SB,Surface,CREAMY WITH CLUMPS 
1994-03-15 00:00:00,0.0,2.0,BPTCP,1156,90043_Rep1,MVV,RESULT,N,Sand,NR,SB,Surface,SANDY 
1994-03-15 00:00:00,0.0,2.0,BPTCP,1157,90043_Rep2,MVV,FR,N,Sand,NR,SB,Surface,SANDY 
1994-03-15 00:00:00,0.0,2.0,BPTCP,1158,90043_Rep3,MVV,FR,N,Soft mud,NR,SB,Surface,CREAMY 
1994-03-29 00:00:00,0.0,2.0,BPTCP,1159,90037_Rep1,MVV,RESULT,N,Mud,NR,SB,Surface,CREAMY MUD 
1994-03-29 00:00:00,0.0,2.0,BPTCP,1160,90037_Rep2,MVV,FR,N,Mud,NR,SB,Surface,CREAMY MUD WITH CLUMPS 
1994-03-29 00:00:00,0.0,2.0,BPTCP,1161,90037_Rep3,MVV,FR,N,Mud and Sand,NR,SB,Surface,SAND ON MUD 
1994-03-29 00:00:00,0.0,2.0,BPTCP,1162,93148_Rep1,MVV,RESULT,N,Sand,NR,SB,Surface,SANDY 
1994-03-29 00:00:00,0.0,2.0,BPTCP,1163,93148_Rep2,MVV,FR,N,Sand,NR,SB,Surface,SANDY 
1994-03-29 00:00:00,0.0,2.0,BPTCP,1164,93148_Rep3,MVV,FR,N,Sand,NR,SB,Surface,SANDY 
1994-03-29 00:00:00,0.0,2.0,BPTCP,1165,93138_Rep1,MVV,RESULT,N,Mud and Sand,NR,SB,Surface,SLIGHTLY GRITTY 
1994-03-29 00:00:00,0.0,2.0,BPTCP,1166,93138_Rep2,MVV,FR,N,Mud and Sand,NR,SB,Surface,SLIGHTLY GRITTY 
1994-03-29 00:00:00,0.0,2.0,BPTCP,1167,93138_Rep3,MVV,FR,N,Mud and Sand,NR,SB,Surface,SLIGHTLY GRITTY 
1994-03-29 00:00:00,0.0,2.0,BPTCP,1168,93141_Rep1,MVV,RESULT,N,NR,NR,SB,Surface,"CLUMPY, THIN OXIC "
1994-03-29 00:00:00,0.0,2.0,BPTCP,1169,93141_Rep2,MVV,FR,N,Mud,NR,SB,Surface,SMOOTH MUD 
1994-03-29 00:00:00,0.0,2.0,BPTCP,1170,93141_Rep3,MVV,FR,N,Mud,NR,SB,Surface,CREAMY MUD 
1994-03-31 00:00:00,0.0,2.0,BPTCP,1171,80024_Rep1,MVV,RESULT,N,Mud and Sand,NR,SB,Surface,CREAMY WITH GRIT 
1994-03-31 00:00:00,0.0,2.0,BPTCP,1172,80024_Rep2,MVV,FR,N,Soft clays and silts,NR,SB,Surface,SOFT WITH GRIT 
1994-03-31 00:00:00,0.0,2.0,BPTCP,1173,80024_Rep3,MVV,FR,N,Mud and Sand,NR,SB,Surface,CREAMY WITH GRIT 
1994-03-30 00:00:00,0.0,2.0,BPTCP,1174,80028_Rep1,MVV,RESULT,N,Soft mud,NR,SB,Surface,CREAMY 
1994-03-30 00:00:00,0.0,2.0,BPTCP,1175,80028_Rep2,MVV,FR,N,Soft mud,NR,SB,Surface,CREAMY 
1994-03-30 00:00:00,0.0,2.0,BPTCP,1176,80028_Rep3,MVV,FR,N,Soft mud,NR,SB,Surface,CREAMY 
1994-03-30 00:00:00,0.0,2.0,BPTCP,1177,80027_Rep1,MVV,RESULT,N,Soft mud,NR,SB,Surface,CREAMY 
1994-03-30 00:00:00,0.0,2.0,BPTCP,1178,80027_Rep2,MVV,FR,N,Soft mud,NR,SB,Surface,CREAMY 
1994-03-30 00:00:00,0.0,2.0,BPTCP,1179,80027_Rep3,MVV,FR,N,Soft mud,NR,SB,Surface,CREAMY 
1994-03-30 00:00:00,0.0,2.0,BPTCP,1180,93107_Rep1,MVV,RESULT,N,Soft mud,Red,SB,Surface,"VERY SOFT, RED,THIN OXIC "
1994-03-30 00:00:00,0.0,2.0,BPTCP,1181,93107_Rep2,MVV,FR,N,Soft mud,NR,SB,Surface,VERY SOFT 
1994-03-30 00:00:00,0.0,2.0,BPTCP,1182,93107_Rep3,MVV,FR,N,Soft mud,NR,SB,Surface,VERY SOFT 
1994-03-29 00:00:00,0.0,2.0,BPTCP,1183,90018_Rep1,MVV,RESULT,N,Soft clays and silts,NR,SB,Surface,"SOFT,GRITTY W/ CLAY CLUMP "
1994-03-29 00:00:00,0.0,2.0,BPTCP,1184,90018_Rep2,MVV,FR,N,Sandy mud with shell or gravel,NR,SB,Surface,"SANDY MUD W/ GRAVEL,CLAY "
1994-03-29 00:00:00,0.0,2.0,BPTCP,1185,90018_Rep3,MVV,FR,N,Mud and Sand,NR,SB,Surface,SANDY MUD 
1994-03-29 00:00:00,0.0,2.0,BPTCP,1186,90104_Rep1,MVV,RESULT,N,Mud and Sand,NR,SB,Surface,"GRITTY,CLUMPY "
1994-03-29 00:00:00,0.0,2.0,BPTCP,1187,90104_Rep2,MVV,FR,N,Mud and Sand,NR,SB,Surface,"GRITTY,CLUMPY "
1994-03-29 00:00:00,0.0,2.0,BPTCP,1188,90104_Rep3,MVV,FR,N,Mud and Sand,NR,SB,Surface,"GRITTY, CLUMPY "
1994-04-13 00:00:00,0.0,2.0,BPTCP,1189,40031_Rep1,MVV,RESULT,N,Mud,NR,SB,Surface,GRITTY MUD 
1994-04-13 00:00:00,0.0,2.0,BPTCP,1190,40031_Rep2,MVV,FR,N,Mud,NR,SB,Surface,GRITTY MUD 
1994-04-13 00:00:00,0.0,2.0,BPTCP,1191,40031_Rep3,MVV,FR,N,Mud,NR,SB,Surface,GRITTY MUD 
1994-04-12 00:00:00,0.0,2.0,BPTCP,1192,40018_Rep1,MVV,RESULT,N,Soft mud,NR,SB,Surface,CREAMY 
1994-04-12 00:00:00,0.0,2.0,BPTCP,1193,40018_Rep2,MVV,FR,N,Soft mud,NR,SB,Surface,CREAMY 
1994-04-12 00:00:00,0.0,2.0,BPTCP,1194,40018_Rep3,MVV,FR,N,Soft mud,NR,SB,Surface,CREAMY 
1994-04-12 00:00:00,0.0,2.0,BPTCP,1195,82030_Rep1,MVV,RESULT,N,Mud and Sand,NR,SB,Surface,FINE WITH SAND 
1994-04-12 00:00:00,0.0,2.0,BPTCP,1196,82030_Rep2,MVV,FR,N,Mud and Sand,NR,SB,Surface,FINE WITH GRIT 
1994-04-12 00:00:00,0.0,2.0,BPTCP,1197,82030_Rep3,MVV,FR,N,Mud and Sand,NR,SB,Surface,FINE WITH GRIT 
1994-04-12 00:00:00,0.0,2.0,BPTCP,1198,44055_Rep1,MVV,RESULT,N,Soft clays and silts,NR,SB,Surface,"SOFT, CREAMY "
1994-04-12 00:00:00,0.0,2.0,BPTCP,1199,44055_Rep2,MVV,FR,N,Soft clays and silts,NR,SB,Surface,"SOFT, CREAMY "
1992-07-29 00:00:00,0.0,2.0,BPTCP,12,40004_Rep3,MVV,FR,N,Mud and Sand,NR,SBI,Surface,"fine mud, some sand "
1994-04-12 00:00:00,0.0,2.0,BPTCP,1200,44055_Rep3,MVV,FR,N,Soft mud,NR,SB,Surface,SOFT CREAMY 
1994-04-12 00:00:00,0.0,2.0,BPTCP,1201,82005_Rep1,MVV,RESULT,N,Soft mud,NR,SB,Surface,CREAMY 
1994-04-12 00:00:00,0.0,2.0,BPTCP,1202,82005_Rep2,MVV,FR,N,Soft mud,NR,SB,Surface,CREAMY 
1994-04-12 00:00:00,0.0,2.0,BPTCP,1203,82005_Rep3,MVV,FR,N,NR,NR,SB,Surface,CLUMPY 
1994-04-12 00:00:00,0.0,2.0,BPTCP,1204,82039_Rep1,MVV,RESULT,N,Mud,NR,SB,Surface,SMOOTH 
1994-04-12 00:00:00,0.0,2.0,BPTCP,1205,82039_Rep2,MVV,FR,N,Mud,NR,SB,Surface,SMOOTH 
1994-04-12 00:00:00,0.0,2.0,BPTCP,1206,82039_Rep3,MVV,FR,N,Mud,NR,SB,Surface,SMOOTH 
1994-04-13 00:00:00,0.0,2.0,BPTCP,1207,44023_Rep1,MVV,RESULT,N,Mud and Sand,NR,SB,Surface,"FIRM,SLIGHTLY GRITTY "
1994-04-13 00:00:00,0.0,2.0,BPTCP,1208,44023_Rep2,MVV,FR,N,Mud and Sand,NR,SB,Surface,"FIRM, SLIGHTLY GRITTY "
1994-04-13 00:00:00,0.0,2.0,BPTCP,1209,44023_Rep3,MVV,FR,N,Mud and Sand,NR,SB,Surface,"FIRM, SLIGHTLY GRITTY "
1994-04-13 00:00:00,0.0,2.0,BPTCP,1210,44027_Rep1,MVV,RESULT,N,Mud and Sand,NR,SB,Surface,CREAMY ON SAND 
1994-04-13 00:00:00,0.0,2.0,BPTCP,1211,44027_Rep2,MVV,FR,N,Mud and Sand,NR,SB,Surface,CREAMY ON SAND 
1994-04-13 00:00:00,0.0,2.0,BPTCP,1212,44027_Rep3,MVV,FR,N,Mud and Sand,NR,SB,Surface,CREAMY ON SAND 
1994-04-14 00:00:00,0.0,2.0,BPTCP,1213,44054_Rep1,MVV,RESULT,N,Mud,NR,SB,Surface,FINE MUD 
1994-04-14 00:00:00,0.0,2.0,BPTCP,1214,44054_Rep2,MVV,FR,N,Mud,NR,SB,Surface,FINE MUD 
1994-04-14 00:00:00,0.0,2.0,BPTCP,1215,44054_Rep3,MVV,FR,N,Mud,NR,SB,Surface,FINE MUD 
1994-04-14 00:00:00,0.0,2.0,BPTCP,1216,44053_Rep1,MVV,RESULT,N,Mud,NR,SB,Surface,FINE MUD 
1994-04-14 00:00:00,0.0,2.0,BPTCP,1217,44053_Rep2,MVV,FR,N,Mud,NR,SB,Surface,FINE MUD 
1994-04-14 00:00:00,0.0,2.0,BPTCP,1218,44053_Rep3,MVV,FR,N,Mud,NR,SB,Surface,FINE MUD 
1994-04-25 00:00:00,0.0,2.0,BPTCP,1219,20005_Rep1,MVV,RESULT,N,Soft mud,NR,SB,Surface,CREAMY 
1994-04-25 00:00:00,0.0,2.0,BPTCP,1220,20005_Rep2,MVV,FR,N,Soft mud,NR,SB,Surface,CREAMY 
1994-04-25 00:00:00,0.0,2.0,BPTCP,1221,20005_Rep3,MVV,FR,N,Mud with Shell Hash,NR,SB,Surface,CREAMY WITH MUSSEL CLUMPS 
1994-04-26 00:00:00,0.0,2.0,BPTCP,1222,20006_Rep1,MVV,RESULT,N,Soft mud,NR,SB,Surface,CREAMY 
1994-04-26 00:00:00,0.0,2.0,BPTCP,1223,20006_Rep2,MVV,FR,N,Soft mud,NR,SB,Surface,CREAMY 
1994-04-26 00:00:00,0.0,2.0,BPTCP,1224,20006_Rep3,MVV,FR,N,Soft mud,NR,SB,Surface,CREAMY 
1994-04-27 00:00:00,0.0,2.0,BPTCP,1225,20007_Rep1,MVV,RESULT,N,Soft clays and silts,NR,SB,Surface,CREAMY OVER COMPACT CLAY 
1994-04-27 00:00:00,0.0,2.0,BPTCP,1226,20007_Rep2,MVV,FR,N,Soft clays and silts,NR,SB,Surface,CREAMY OVER COMPACT CLAY 
1994-04-27 00:00:00,0.0,2.0,BPTCP,1227,20007_Rep3,MVV,FR,N,Soft clays and silts,NR,SB,Surface,CREAMY OVER COMPACT CLAY 
1994-04-25 00:00:00,0.0,2.0,BPTCP,1228,20008_Rep1,MVV,RESULT,N,Soft mud,NR,SB,Surface,SOFT MUD 
1994-04-25 00:00:00,0.0,2.0,BPTCP,1229,20008_Rep2,MVV,FR,N,Soft mud,NR,SB,Surface,"SOFT,CREAMY "
1994-04-25 00:00:00,0.0,2.0,BPTCP,1230,20008_Rep3,MVV,FR,N,NR,NR,SB,Surface,FIRM 
1994-04-26 00:00:00,0.0,2.0,BPTCP,1231,20009_Rep1,MVV,RESULT,N,Soft mud,NR,SB,Surface,CREAMY 
1994-04-26 00:00:00,0.0,2.0,BPTCP,1232,20009_Rep2,MVV,FR,N,Soft mud,NR,SB,Surface,CREAMY 
1994-04-26 00:00:00,0.0,2.0,BPTCP,1233,20009_Rep3,MVV,FR,N,Soft mud,NR,SB,Surface,CREAMY 
1992-07-30 00:00:00,0.0,2.0,BPTCP,13,40005_Rep1,MVV,RESULT,N,Shell Hash,NR,SBI,Surface,shell debris 
1992-09-04 00:00:00,0.0,2.0,BPTCP,130,30035_Rep1,MVV,RESULT,N,NR,NR,SB,Surface,
1994-05-18 00:00:00,0.0,2.0,BPTCP,1303,93163_Rep1,MVV,RESULT,N,Mud and Sand,NR,SB,Surface,FINE MUD WITH SAND 
1994-05-18 00:00:00,0.0,2.0,BPTCP,1304,93163_Rep2,MVV,FR,N,Mud and Sand,NR,SB,Surface,MUD WITH SAND 
1994-05-18 00:00:00,0.0,2.0,BPTCP,1305,93163_Rep3,MVV,FR,N,Mud and Sand,NR,SB,Surface,GRITTY 
1994-05-18 00:00:00,0.0,2.0,BPTCP,1306,93171_Rep1,MVV,RESULT,N,Mud,NR,SB,Surface,GOOEY MUD 
1994-05-18 00:00:00,0.0,2.0,BPTCP,1307,93171_Rep2,MVV,FR,N,Soft mud,NR,SB,Surface,"CREAMY,GOOEY "
1994-05-18 00:00:00,0.0,2.0,BPTCP,1308,93171_Rep3,MVV,FR,N,Mud and Sand,NR,SB,Surface,"SMOOTH,GRITTY,SOME CLUMPS "
1994-05-18 00:00:00,0.0,2.0,BPTCP,1309,93185_Rep1,MVV,RESULT,N,Mud and Sand,NR,SB,Surface,FINE MUD ON SAND 
1992-09-04 00:00:00,0.0,2.0,BPTCP,131,30035_Rep2,MVV,FR,N,NR,NR,SB,Surface,
1994-05-18 00:00:00,0.0,2.0,BPTCP,1310,93185_Rep2,MVV,FR,N,Mud and Sand,NR,SB,Surface,FINE MUD ON SAND 
1994-05-18 00:00:00,0.0,2.0,BPTCP,1311,93185_Rep3,MVV,FR,N,Sand,NR,SB,Surface,SANDY 
1994-05-18 00:00:00,0.0,2.0,BPTCP,1312,93161_Rep1,MVV,RESULT,N,Mud and Sand,NR,SB,Surface,FINE MUD WITH SAND 
1994-05-18 00:00:00,0.0,2.0,BPTCP,1313,93161_Rep2,MVV,FR,N,Mud and Sand,NR,SB,Surface,FINE SANDY MUD 
1994-05-18 00:00:00,0.0,2.0,BPTCP,1314,93161_Rep3,MVV,FR,N,Mud and Sand,NR,SB,Surface,FINE MUD WITH SAND 
1994-05-18 00:00:00,0.0,2.0,BPTCP,1318,90013,MVV,RESULT,N,Soft mud,NR,SB,Surface,SOFT 
1994-05-18 00:00:00,0.0,2.0,BPTCP,1319,93106,MVV,RESULT,N,Mud,NR,SB,Surface,FINE MUD 
1992-09-04 00:00:00,0.0,2.0,BPTCP,132,30035_Rep3,MVV,FR,N,NR,NR,SB,Surface,
1994-05-18 00:00:00,0.0,2.0,BPTCP,1320,90052,MVV,RESULT,N,Soft mud,NR,SB,Surface,"CREAMY,CLUMPY "
1994-05-16 00:00:00,0.0,2.0,BPTCP,1321,10040,MVV,RESULT,N,Sand with Clay,NR,SB,Surface,SAND AND CLAY 
1994-05-16 00:00:00,0.0,2.0,BPTCP,1322,10031,MVV,RESULT,N,Mud and Sand,NR,SB,Surface,SAND AND MUD 
1994-05-16 00:00:00,0.0,2.0,BPTCP,1323,30027,MVV,RESULT,N,Sand,NR,SB,Surface,SANDY 
1994-05-16 00:00:00,0.0,2.0,BPTCP,1324,30013,MVV,RESULT,N,Sand,NR,SB,Surface,SANDY 
1994-05-17 00:00:00,0.0,2.0,BPTCP,1325,30028,MVV,RESULT,N,Mud,NR,SB,Surface,FINE MUD 
1994-05-17 00:00:00,0.0,2.0,BPTCP,1326,30019,MVV,RESULT,N,Mud,NR,SB,Surface,FINE MUD 
1994-05-17 00:00:00,0.0,2.0,BPTCP,1327,31002,MVV,RESULT,N,Sand,NR,SB,Surface,SANDY 
1994-05-20 00:00:00,0.0,2.0,BPTCP,1328,30008,MVV,RESULT,N,Sand,NR,SB,Surface,SANDY 
1994-05-20 00:00:00,0.0,2.0,BPTCP,1329,30029,MVV,RESULT,N,Sand,NR,SB,Surface,SANDY 
1992-09-11 00:00:00,0.0,2.0,BPTCP,133,30036_Rep1,MVV,RESULT,N,NR,NR,SB,Surface,
1994-05-20 00:00:00,0.0,2.0,BPTCP,1330,30032,MVV,RESULT,N,Soft clays and silts,NR,SB,Surface,"SOFT, CLAY "
1994-05-19 00:00:00,0.0,2.0,BPTCP,1331,40010_Rep1,MVV,RESULT,N,Soft mud,NR,SB,Surface,CREAMY 
1994-05-19 00:00:00,0.0,2.0,BPTCP,1332,40010_Rep2,MVV,FR,N,Soft mud,NR,SB,Surface,CREAMY 
1994-05-19 00:00:00,0.0,2.0,BPTCP,1333,40010_Rep3,MVV,FR,N,Soft mud,NR,SB,Surface,CREAMY 
1994-05-19 00:00:00,0.0,2.0,BPTCP,1334,40018,MVV,RESULT,N,Soft mud,NR,SB,Surface,CREAMY 
1994-05-19 00:00:00,0.0,2.0,BPTCP,1335,82030,MVV,RESULT,N,Soft mud,NR,SB,Surface,CREAMY 
1992-09-11 00:00:00,0.0,2.0,BPTCP,134,30036_Rep2,MVV,FR,N,NR,NR,SB,Surface,
1992-09-11 00:00:00,0.0,2.0,BPTCP,135,30036_Rep3,MVV,FR,N,NR,NR,SB,Surface,
1994-06-14 00:00:00,0.0,2.0,BPTCP,1350,10006_Rep1,MVV,RESULT,N,Mud and Sand,NR,SB,Surface,FINE MUD WITH SAND 
1994-06-14 00:00:00,0.0,2.0,BPTCP,1351,10006_Rep2,MVV,FR,N,Mud and Sand,NR,SB,Surface,FINE MUD WITH SAND 
1994-06-14 00:00:00,0.0,2.0,BPTCP,1352,10006_Rep3,MVV,FR,N,Mud and Sand,NR,SB,Surface,FINE MUD WITH SAND 
1994-06-13 00:00:00,0.0,2.0,BPTCP,1353,10007_Rep1,MVV,RESULT,N,Mud and Sand,NR,SB,Surface,SANDY MUD 
1994-06-13 00:00:00,0.0,2.0,BPTCP,1354,10007_Rep2,MVV,FR,N,Mud and Sand,NR,SB,Surface,SANDY MUD 
1994-06-13 00:00:00,0.0,2.0,BPTCP,1355,10007_Rep3,MVV,FR,N,Mud and Sand,NR,SB,Surface,SANDY MUD 
1994-06-14 00:00:00,0.0,2.0,BPTCP,1356,10028_Rep1,MVV,RESULT,N,Sand with Clay,NR,SB,Surface,FINE MUD ON SANDY/CLAYISH 
1994-06-14 00:00:00,0.0,2.0,BPTCP,1357,10028_Rep2,MVV,FR,N,Sand with Clay,NR,SB,Surface,FINE MUD ON SANDY/CLAYISH 
1994-06-14 00:00:00,0.0,2.0,BPTCP,1358,10028_Rep3,MVV,FR,N,Sand with Clay,NR,SB,Surface,FINE MUD ON SANDY/CLAYISH 
1994-06-13 00:00:00,0.0,2.0,BPTCP,1359,10040_Rep1,MVV,RESULT,N,Mud and Sand,NR,SB,Surface,MUD AND FINE SAND 
1992-09-16 00:00:00,0.0,2.0,BPTCP,136,40010_Rep1,MVV,RESULT,N,NR,NR,SB,Surface,
1994-06-13 00:00:00,0.0,2.0,BPTCP,1360,10040_Rep2,MVV,FR,N,Mud and Sand,NR,SB,Surface,MUD AND FINE SAND 
1994-06-13 00:00:00,0.0,2.0,BPTCP,1361,10040_Rep3,MVV,FR,N,Mud and Sand,NR,SB,Surface,MUD AND FINE SAND 
1994-06-15 00:00:00,0.0,2.0,BPTCP,1362,30004_Rep1,MVV,RESULT,N,Mud,NR,SB,Surface,FINE MUD 
1994-06-15 00:00:00,0.0,2.0,BPTCP,1363,30004_Rep2,MVV,FR,N,Mud,NR,SB,Surface,FINE MUD 
1994-06-15 00:00:00,0.0,2.0,BPTCP,1364,30004_Rep3,MVV,FR,N,Mud,NR,SB,Surface,FINE MUD 
1994-06-15 00:00:00,0.0,2.0,BPTCP,1365,30007_Rep1,MVV,RESULT,N,Soft mud,NR,SB,Surface,CREAMY 
1994-06-15 00:00:00,0.0,2.0,BPTCP,1366,30007_Rep2,MVV,FR,N,Soft mud,NR,SB,Surface,"CREAMY, DARKER "
1994-06-15 00:00:00,0.0,2.0,BPTCP,1367,30007_Rep3,MVV,FR,N,Soft mud,NR,SB,Surface,CREAMY 
1994-06-16 00:00:00,0.0,2.0,BPTCP,1368,30023_Rep1,MVV,RESULT,N,Mud,NR,SB,Surface,MUD 
1994-06-16 00:00:00,0.0,2.0,BPTCP,1369,30023_Rep2,MVV,FR,N,Mud,NR,SB,Surface,MUD 
1992-09-16 00:00:00,0.0,2.0,BPTCP,137,40010_Rep2,MVV,FR,N,NR,NR,SB,Surface,
1994-06-16 00:00:00,0.0,2.0,BPTCP,1370,30023_Rep3,MVV,FR,N,Mud,NR,SB,Surface,MUD 
1994-06-15 00:00:00,0.0,2.0,BPTCP,1371,31001_Rep1,MVV,RESULT,N,Mud,NR,SB,Surface,FINE MUD WITH ROCKS 
1994-06-15 00:00:00,0.0,2.0,BPTCP,1372,31001_Rep2,MVV,FR,N,Soft mud,NR,SB,Surface,SOFT MUD 
1994-06-15 00:00:00,0.0,2.0,BPTCP,1373,31001_Rep3,MVV,FR,N,Soft clays and silts,NR,SB,Surface,"SOFT MUD, CLAYISH "
1994-06-15 00:00:00,0.0,2.0,BPTCP,1374,31002_Rep1,MVV,RESULT,N,Mud and Sand,NR,SB,Surface,SANDY MUD 
1994-06-15 00:00:00,0.0,2.0,BPTCP,1375,31002_Rep2,MVV,FR,N,Mud and Sand,NR,SB,Surface,SANDY MUD 
1994-06-15 00:00:00,0.0,2.0,BPTCP,1376,31002_Rep3,MVV,FR,N,Mud and Sand,NR,SB,Surface,SANDY MUD 
1994-06-16 00:00:00,0.0,2.0,BPTCP,1377,31003_Rep1,MVV,RESULT,N,Mud,NR,SB,Surface,FINE MUD 
1994-06-16 00:00:00,0.0,2.0,BPTCP,1378,31003_Rep2,MVV,FR,N,Mud,NR,SB,Surface,FINE MUD 
1994-06-16 00:00:00,0.0,2.0,BPTCP,1379,31003_Rep3,MVV,FR,N,Mud,NR,SB,Surface,FINE MUD 
1992-09-16 00:00:00,0.0,2.0,BPTCP,138,40010_Rep3,MVV,FR,N,NR,NR,SB,Surface,
1994-08-30 00:00:00,0.0,2.0,BPTCP,1380,95001,MVV,RESULT,N,Mud with Shell Hash,NR,SBI,Surface,FINE MUD W/ MUSSLE CLUMPS 
1994-08-30 00:00:00,0.0,2.0,BPTCP,1381,95002,MVV,RESULT,N,Mud,Brown,SBI,Surface,CREAMY BROWN MUD 
1994-08-30 00:00:00,0.0,2.0,BPTCP,1382,95003,MVV,RESULT,N,Mud,Red,SBI,Surface,RED FINE CREAMY MUD 
1994-08-31 00:00:00,0.0,2.0,BPTCP,1383,95004,MVV,RESULT,N,Soft mud,Brown,SBI,Surface,SOFT BROWN MUD 
1994-08-31 00:00:00,0.0,2.0,BPTCP,1384,95005,MVV,RESULT,N,Mud,Brown,SBI,Surface,FINE BROWN MUD 
1994-08-30 00:00:00,0.0,2.0,BPTCP,1385,95006,MVV,RESULT,N,Mud,Black,SBI,Surface,FINE BLACK MUD 
1994-08-30 00:00:00,0.0,2.0,BPTCP,1386,95007,MVV,RESULT,N,Clay and mud,NR,SBI,Surface,CLAY MUD 
1994-09-01 00:00:00,0.0,2.0,BPTCP,1387,85001,MVV,RESULT,N,Mud with Shell Hash,NR,SBI,Surface,FINE MUD W/ SHELL DEBRIS 
1994-09-01 00:00:00,0.0,2.0,BPTCP,1388,85002,MVV,RESULT,N,Mud,Brown,SBI,Surface,FINE BROWN MUD 
1994-08-31 00:00:00,0.0,2.0,BPTCP,1389,85003,MVV,RESULT,N,Mud and Sand,NR,SBI,Surface,FIRM GRITTY 
1994-09-01 00:00:00,0.0,2.0,BPTCP,1390,85004,MVV,RESULT,N,Mud,Brown,SBI,Surface,FINE BROWN MUD 
1994-08-31 00:00:00,0.0,2.0,BPTCP,1391,85005,MVV,RESULT,N,Mud,Brown,SBI,Surface,FINE BROWN MUD 
1994-09-01 00:00:00,0.0,2.0,BPTCP,1392,85006,MVV,RESULT,N,Mud,Brown,SBI,Surface,FINE BROWN MUD 
1994-08-31 00:00:00,0.0,2.0,BPTCP,1393,95008,MVV,RESULT,N,Mud,NR,SBI,Surface,GRITTY MUD 
1994-08-30 00:00:00,0.0,2.0,BPTCP,1394,95010,MVV,RESULT,N,Mud,Black,SBI,Surface,FINE BLACK MUD 
1994-08-30 00:00:00,0.0,2.0,BPTCP,1395,95011,MVV,RESULT,N,Soft mud,Black,SBI,Surface,SOFT BLACK 
1994-08-30 00:00:00,0.0,2.0,BPTCP,1396,95012,MVV,RESULT,N,Sand with Clay,NR,SBI,Surface,FINE MUD W/ SAND & CLAY 
1994-08-31 00:00:00,0.0,2.0,BPTCP,1397,95013,MVV,RESULT,N,Mud,Brown,SBI,Surface,FINE BROWN MUD 
1994-09-07 00:00:00,0.0,2.0,BPTCP,1398,20005_Rep1,MVV,RESULT,N,Soft mud,NR,SB,Surface,"CREAMY, STICKY "
1994-09-07 00:00:00,0.0,2.0,BPTCP,1399,20005_Rep2,MVV,FR,N,Soft mud,NR,SB,Surface,"CREAMY, YET FIRM "
1992-07-30 00:00:00,0.0,2.0,BPTCP,14,40005_Rep2,MVV,FR,N,Clay,NR,SBI,Surface,clay 
1994-09-07 00:00:00,0.0,2.0,BPTCP,1400,20005_Rep3,MVV,FR,N,Soft mud,NR,SB,Surface,CREAMY 
1994-09-08 00:00:00,0.0,2.0,BPTCP,1401,20006_Rep1,MVV,RESULT,N,Soft mud,NR,SB,Surface,"CREAMY, FIRM "
1994-09-08 00:00:00,0.0,2.0,BPTCP,1402,20006_Rep2,MVV,FR,N,Soft mud,NR,SB,Surface,"CREAMY, FIRM "
1994-09-08 00:00:00,0.0,2.0,BPTCP,1403,20006_Rep3,MVV,FR,N,Soft mud,NR,SB,Surface,"CREAMY, FIRM "
1994-09-07 00:00:00,0.0,2.0,BPTCP,1404,20007_Rep1,MVV,RESULT,N,Soft mud,NR,SB,Surface,"CREAMY, STICKY "
1994-09-07 00:00:00,0.0,2.0,BPTCP,1405,20007_Rep2,MVV,FR,N,Soft mud,NR,SB,Surface,"CREAMY, STICKY "
1994-09-07 00:00:00,0.0,2.0,BPTCP,1406,20007_Rep3,MVV,FR,N,Mud,NR,SB,Surface,FIRM MUD 
1994-09-06 00:00:00,0.0,2.0,BPTCP,1407,20009_Rep1,MVV,RESULT,N,Soft mud,NR,SB,Surface,CREAMY 
1994-09-06 00:00:00,0.0,2.0,BPTCP,1408,20009_Rep2,MVV,FR,N,Soft mud,NR,SB,Surface,"CREAMY, LITTLE FIRMER "
1994-09-06 00:00:00,0.0,2.0,BPTCP,1409,20009_Rep3,MVV,FR,N,Mud,NR,SB,Surface,SMOOTH 
1994-09-08 00:00:00,0.0,2.0,BPTCP,1410,20010,MVV,RESULT,N,Soft mud,NR,SBI,Surface,CREAMY 
1994-09-06 00:00:00,0.0,2.0,BPTCP,1411,20011,MVV,RESULT,N,Soft mud,NR,SB,Surface,"FLOCCULANT, CREAMY "
1994-09-22 00:00:00,0.0,2.0,BPTCP,1412,95026,MVV,RESULT,N,Soft mud,NR,SBI,Surface,SOFT MUD 
1994-09-22 00:00:00,0.0,2.0,BPTCP,1413,95014,MVV,RESULT,N,Soft mud,NR,SBI,Surface,"CREAMY, SMOOTH "
1994-09-22 00:00:00,0.0,2.0,BPTCP,1414,95015,MVV,RESULT,N,Mud and Sand,NR,SBI,Surface,GRITTY 
1994-09-20 00:00:00,0.0,2.0,BPTCP,1415,95016,MVV,RESULT,N,Soft mud,NR,SBI,Surface,CREAMY 
1994-09-20 00:00:00,0.0,2.0,BPTCP,1416,95017,MVV,RESULT,N,Soft mud,NR,SBI,Surface,CREAMY 
1994-09-22 00:00:00,0.0,2.0,BPTCP,1417,95018,MVV,RESULT,N,Clay,NR,SBI,Surface,CLAY 
1994-09-19 00:00:00,0.0,2.0,BPTCP,1418,85007,MVV,RESULT,N,Mud and Sand,NR,SBI,Surface,FINE MUD WITH SAND 
1994-09-20 00:00:00,0.0,2.0,BPTCP,1419,85008,MVV,RESULT,N,NR,NR,SBI,Surface,CLUMPY 
1994-09-20 00:00:00,0.0,2.0,BPTCP,1420,85009,MVV,RESULT,N,Mud and Sand,NR,SBI,Surface,GRITTY 
1994-09-19 00:00:00,0.0,2.0,BPTCP,1421,85010,MVV,RESULT,N,Soft mud,NR,SBI,Surface,CREAMY 
1994-09-20 00:00:00,0.0,2.0,BPTCP,1422,85011,MVV,RESULT,N,Soft mud,NR,SBI,Surface,SOFT 
1994-09-19 00:00:00,0.0,2.0,BPTCP,1423,85012,MVV,RESULT,N,Soft mud,NR,SBI,Surface,CREAMY 
1994-09-19 00:00:00,0.0,2.0,BPTCP,1424,85013,MVV,RESULT,N,Mud,NR,SBI,Surface,CLUMPS WITH CREAMY MUD 
1994-09-19 00:00:00,0.0,2.0,BPTCP,1425,85014,MVV,RESULT,N,Soft mud,NR,SBI,Surface,CREAMY 
1994-09-19 00:00:00,0.0,2.0,BPTCP,1426,85015,MVV,RESULT,N,Soft mud,NR,SBI,Surface,CREAMY 
1994-09-20 00:00:00,0.0,2.0,BPTCP,1427,85016,MVV,RESULT,N,Mud and Sand,NR,SBI,Surface,GRITTY 
1994-09-19 00:00:00,0.0,2.0,BPTCP,1428,85017,MVV,RESULT,N,Mud and Sand,NR,SBI,Surface,GRITTY 
1994-09-19 00:00:00,0.0,2.0,BPTCP,1429,85018,MVV,RESULT,N,Mud and Sand,NR,SBI,Surface,GRITTY 
1994-09-21 00:00:00,0.0,2.0,BPTCP,1430,95019,MVV,RESULT,N,Soft mud,NR,SBI,Surface,CREAMY 
1994-09-21 00:00:00,0.0,2.0,BPTCP,1431,95020,MVV,RESULT,N,Soft mud,NR,SBI,Surface,CREAMY 
1994-09-21 00:00:00,0.0,2.0,BPTCP,1432,95021,MVV,RESULT,N,Soft mud,NR,SBI,Surface,CREAMY 
1994-09-21 00:00:00,0.0,2.0,BPTCP,1433,95022,MVV,RESULT,N,Mud,NR,SBI,Surface,SMOOTH 
1994-09-21 00:00:00,0.0,2.0,BPTCP,1434,95023,MVV,RESULT,N,NR,NR,SBI,Surface,CLUMPY 
1994-09-22 00:00:00,0.0,2.0,BPTCP,1435,95024,MVV,RESULT,N,Soft mud,NR,SBI,Surface,CREAMY 
1994-09-21 00:00:00,0.0,2.0,BPTCP,1436,95025,MVV,RESULT,N,Mud and Sand,NR,SBI,Surface,GRITTY 
1995-02-14 00:00:00,-99.0,-99.0,BPTCP,1437,14003,TRANS,RESULT,Y,NR,NR,T,NA,
1995-02-14 00:00:00,0.0,2.0,BPTCP,1438,14003,MVV,RESULT,N,Mud,NR,S,Surface,MUDDY 
1995-02-15 00:00:00,-99.0,-99.0,BPTCP,1439,10018,TRANS,RESULT,Y,NR,NR,T,NA,
1995-02-15 00:00:00,0.0,2.0,BPTCP,1440,15002,MVV,RESULT,N,Mud,NR,S,Surface,MUDDY 
1995-02-15 00:00:00,-99.0,-99.0,BPTCP,1441,10019,TRANS,RESULT,Y,NR,NR,T,NA,
1995-02-15 00:00:00,0.0,2.0,BPTCP,1442,10019,MVV,RESULT,N,Mud,NR,S,Surface,MUDDY 
1995-02-15 00:00:00,-99.0,-99.0,BPTCP,1443,10020,TRANS,RESULT,Y,NR,NR,T,NA,
1995-02-15 00:00:00,0.0,2.0,BPTCP,1444,10020,MVV,RESULT,N,Mud,NR,S,Surface,MUDDY 
1995-02-15 00:00:00,0.0,2.0,BPTCP,1446,14004,MVV,RESULT,N,Mud,NR,S,Surface,MUDDY 
1995-02-15 00:00:00,-99.0,-99.0,BPTCP,1447,10022,TRANS,RESULT,Y,NR,NR,T,NA,
1995-02-15 00:00:00,0.0,2.0,BPTCP,1448,10022,MVV,RESULT,N,Mud,NR,S,Surface,MUDDY 
1995-02-15 00:00:00,-99.0,-99.0,BPTCP,1449,14001,TRANS,RESULT,Y,NR,NR,T,NA,
1992-09-15 00:00:00,0.0,2.0,BPTCP,145,80024_Rep4,MVV,FR,N,Mud,NR,I,Surface,mud Infauna only
1995-02-15 00:00:00,0.0,2.0,BPTCP,1450,14001,MVV,RESULT,N,Mud,NR,S,Surface,MUDDY 
1995-02-15 00:00:00,-99.0,-99.0,BPTCP,1451,14002,TRANS,RESULT,Y,NR,NR,T,NA,
1995-02-15 00:00:00,0.0,2.0,BPTCP,1452,14002,MVV,RESULT,N,Mud,NR,S,Surface,MUDDY 
1995-02-15 00:00:00,-99.0,-99.0,BPTCP,1453,14002,SWDRAW,RESULT,Y,NR,NR,T,NA,Field-collected tissue sample.
1995-02-15 00:00:00,-99.0,-99.0,BPTCP,1454,14002,SWDRAW,RESULT,Y,NR,NR,T,NA,Field-collected tissue sample.
1995-02-15 00:00:00,-99.0,-99.0,BPTCP,1455,14002,HAND,RESULT,Y,NR,NR,T,NA,Resident mussel sample.
1995-03-06 00:00:00,0.0,2.0,BPTCP,1461,20005_Rep1,MVV,RESULT,N,Soft mud,NR,SB,Surface,CREAMY 
1995-03-06 00:00:00,0.0,2.0,BPTCP,1462,20005_Rep2,MVV,FR,N,Soft mud,NR,SB,Surface,CREAMY 
1995-03-06 00:00:00,0.0,2.0,BPTCP,1463,20005_Rep3,MVV,FR,N,Soft mud,NR,SB,Surface,CREAMY 
1995-04-04 00:00:00,0.0,2.0,BPTCP,1464,20007_Rep1,MVV,RESULT,N,Mud,NR,SB,Surface,"FINE, CREAMY MUD "
1995-04-04 00:00:00,0.0,2.0,BPTCP,1465,20007_Rep2,MVV,FR,N,Soft clays and silts,NR,SB,Surface,"CREAMY TOP, CLAY UNDER "
1995-04-04 00:00:00,0.0,2.0,BPTCP,1466,20007_Rep3,MVV,FR,N,Soft clays and silts,NR,SB,Surface,"CREAMY TOP, CLAY UNDER "
1995-04-04 00:00:00,0.0,2.0,BPTCP,1467,20006_Rep1,MVV,RESULT,N,Soft clays and silts,NR,SB,Surface,"CREAMY TOP, CLAY UNDER "
1995-04-04 00:00:00,0.0,2.0,BPTCP,1468,20006_Rep2,MVV,FR,N,Soft clays and silts,NR,SB,Surface,"CREAMY TOP, CLAY UNDER "
1995-04-04 00:00:00,0.0,2.0,BPTCP,1469,20006_Rep3,MVV,FR,N,Soft clays and silts,NR,SB,Surface,"CREAMY TOP, CLAY UNDER "
1995-03-08 00:00:00,0.0,2.0,BPTCP,1470,20009,MVV,RESULT,N,Soft mud,NR,SB,Surface,SOFT MUD 
1995-03-07 00:00:00,0.0,2.0,BPTCP,1471,20012,MVV,RESULT,N,NR,NR,SB,Surface,"THIN OXIC, TAR-LIKE BELOW "
1995-03-06 00:00:00,0.0,2.0,BPTCP,1472,20013_Rep1,MVV,RESULT,N,Soft mud,NR,SB,Surface,CREAMY 
1995-03-06 00:00:00,0.0,2.0,BPTCP,1473,20013_Rep2,MVV,FR,N,Soft mud,NR,SB,Surface,CREAMY 
1995-03-06 00:00:00,0.0,2.0,BPTCP,1474,20013_Rep3,MVV,FR,N,Soft clays and silts,NR,SB,Surface,"CREAMY, CLAY DEEPER "
1995-03-07 00:00:00,0.0,2.0,BPTCP,1475,20014_Rep1,MVV,RESULT,N,Soft mud,NR,SB,Surface,"CREAMY TOP, STICKY BELOW "
1995-03-07 00:00:00,0.0,2.0,BPTCP,1476,20014_Rep2,MVV,FR,N,Soft mud,NR,SB,Surface,"CREAMY TOP, STICKY BELOW "
1995-03-07 00:00:00,0.0,2.0,BPTCP,1477,20014_Rep3,MVV,FR,N,Soft mud,NR,SB,Surface,"CREAMY TOP, STICKY BELOW "
1995-05-01 00:00:00,0.0,2.0,BPTCP,1478,21001,MVV,RESULT,N,Mud,Brown,SB,Surface,CREAMY BROWN MUD 
1995-05-01 00:00:00,0.0,2.0,BPTCP,1479,21002,MVV,RESULT,N,Mud,Green/brown,SB,Surface,"FINE BRN TOP, GREEN UNDER "
1995-05-01 00:00:00,0.0,2.0,BPTCP,1480,21003,MVV,RESULT,N,Sand,NR,SB,Surface,SANDY 
1995-05-01 00:00:00,0.0,2.0,BPTCP,1481,21004,MVV,RESULT,N,Mud,NR,SB,Surface,CREAMY MUD 
1995-05-01 00:00:00,0.0,2.0,BPTCP,1482,21005,MVV,RESULT,N,Sand,NR,SB,Surface,SANDY 
1995-05-01 00:00:00,0.0,2.0,BPTCP,1483,21006,MVV,RESULT,N,Mud,NR,SB,Surface,CREAMY MUD 
1995-05-02 00:00:00,0.0,2.0,BPTCP,1484,21007,MVV,RESULT,N,Clay and mud,Brown,SB,Surface,BROWN MUD WITH CLAY 
1995-05-02 00:00:00,0.0,2.0,BPTCP,1485,21008,MVV,RESULT,N,Sand,NR,SB,Surface,SANDY WITH CLAY UNDER 
1995-05-02 00:00:00,0.0,2.0,BPTCP,1486,20007,MVV,RESULT,N,Mud,NR,SB,Surface,"FINE BRN MUD, GREY UNDER "
1995-05-02 00:00:00,0.0,2.0,BPTCP,1487,21010,MVV,RESULT,N,Mud,Brown,SB,Surface,FINE BROWN MUD 
1995-05-01 00:00:00,0.0,2.0,BPTCP,1488,20005,MVV,RESULT,N,Mud,NR,SB,Surface,CREAMY MUD 
1995-05-01 00:00:00,0.0,2.0,BPTCP,1489,21012,MVV,RESULT,N,Mud,Black,SB,Surface,"FINE BRN TOP, BLACK UNDER "
1995-05-01 00:00:00,0.0,2.0,BPTCP,1490,21013,MVV,RESULT,N,Mud with Shell Hash,NR,SB,Surface,"BRN MUD, GRAVEL, SHELL "
1995-05-01 00:00:00,0.0,2.0,BPTCP,1491,21014,MVV,RESULT,N,Mud,Brown,SB,Surface,FINE BROWN MUD 
1995-05-01 00:00:00,0.0,2.0,BPTCP,1492,21015,MVV,RESULT,N,Mud,NR,SB,Surface,"FINE, CREAMY, WATERY MUD "
1995-05-01 00:00:00,0.0,2.0,BPTCP,1493,21016,MVV,RESULT,N,Mud,NR,SB,Surface,FINE BRN MUD-SEE COMMENTS 
1995-05-01 00:00:00,0.0,2.0,BPTCP,1494,21017,MVV,RESULT,N,Mud and Sand,NR,SB,Surface,SANDY WITH FINE MUD 
1995-05-01 00:00:00,0.0,2.0,BPTCP,1495,21018,MVV,RESULT,N,Soft mud,NR,SB,Surface,CREAMY WITH ANOXIC LAYER 
1995-05-01 00:00:00,0.0,2.0,BPTCP,1496,21019,MVV,RESULT,N,Mud,NR,SB,Surface,FINE MUD 
1995-05-01 00:00:00,0.0,2.0,BPTCP,1497,21020,MVV,RESULT,N,Mud,NR,SB,Surface,CREAMY MUD 
1995-04-17 00:00:00,0.0,2.0,BPTCP,1498,21021,MVV,RESULT,N,Soft mud,NR,SB,Surface,SOFT MUD W/ THIN OXIC LAY 
1995-04-17 00:00:00,0.0,2.0,BPTCP,1499,21022,MVV,RESULT,N,Soft mud,NR,SB,Surface,SOFT MUD 
1992-07-30 00:00:00,0.0,2.0,BPTCP,15,40005_Rep3,MVV,FR,N,Shell Hash,NR,SBI,Surface,shell debris 
1992-10-27 00:00:00,0.0,2.0,BPTCP,150,90001,MVV,RESULT,N,Mud,NR,SB,Surface,FINE MUD 
1995-04-17 00:00:00,0.0,2.0,BPTCP,1500,21023,MVV,RESULT,N,NR,NR,SB,Surface,NO APP. OXIC LAYER 
1995-04-17 00:00:00,0.0,2.0,BPTCP,1501,21024,MVV,RESULT,N,NR,NR,SB,Surface,THIN OXIC LAYER 
1995-04-17 00:00:00,0.0,2.0,BPTCP,1502,21025,MVV,RESULT,N,Soft mud,NR,SB,Surface,CREAMY 
1995-04-17 00:00:00,0.0,2.0,BPTCP,1503,21026,MVV,RESULT,N,Soft mud,NR,SB,Surface,SOFT CREAMY MUD 
1995-04-17 00:00:00,0.0,2.0,BPTCP,1504,21027,MVV,RESULT,N,NR,NR,SB,Surface,THIN OXIC LAYER 
1995-04-17 00:00:00,0.0,2.0,BPTCP,1505,21028,MVV,RESULT,N,Mud,NR,SB,Surface,SMOOTH 
1995-05-01 00:00:00,0.0,2.0,BPTCP,1506,21029,MVV,RESULT,N,Mud,Brown,SB,Surface,FINE BROWN MUD 
1995-05-02 00:00:00,0.0,2.0,BPTCP,1507,21030,MVV,RESULT,N,Mud,Black,SB,Surface,FINE BLACK MUD 
1995-05-01 00:00:00,0.0,2.0,BPTCP,1508,21031,MVV,RESULT,N,Mud,Brown,SB,Surface,FINE BROWN MUD 
1995-04-17 00:00:00,0.0,2.0,BPTCP,1509,21032,MVV,RESULT,N,Soft clays and silts,NR,SB,Surface,"SMOOTH, CLAY-LIKE BELOW "
1992-10-27 00:00:00,0.0,2.0,BPTCP,151,90002,MVV,RESULT,N,Mud,NR,SB,Surface,FINE MUD 
1995-04-17 00:00:00,0.0,2.0,BPTCP,1510,21033,MVV,RESULT,N,Mud and Sand,NR,SB,Surface,GRITY MUD 
1995-04-17 00:00:00,0.0,2.0,BPTCP,1511,21034,MVV,RESULT,N,Soft clays and silts,NR,SB,Surface,CREAMY AND SOFT 
1995-04-17 00:00:00,0.0,2.0,BPTCP,1512,21035,MVV,RESULT,N,Soft mud,NR,SB,Surface,SMOOTH CREAMY 
1995-04-17 00:00:00,0.0,2.0,BPTCP,1513,21036,MVV,RESULT,N,Soft mud,NR,SB,Surface,CREAMY 
1995-04-17 00:00:00,0.0,2.0,BPTCP,1514,21037,MVV,RESULT,N,Soft mud,NR,SB,Surface,CREAMY 
1995-04-17 00:00:00,0.0,2.0,BPTCP,1515,21038,MVV,RESULT,N,Soft mud,NR,SB,Surface,CREAMY 
1995-04-18 00:00:00,0.0,2.0,BPTCP,1516,21039,MVV,RESULT,N,Soft mud,NR,SB,Surface,CREAMY 
1995-04-18 00:00:00,0.0,2.0,BPTCP,1517,21040,MVV,RESULT,N,Mud and Sand,NR,SB,Surface,GRITTY 
1995-04-19 00:00:00,0.0,2.0,BPTCP,1518,21041,MVV,RESULT,N,Soft mud,NR,SB,Surface,CREAMY 
1995-04-18 00:00:00,0.0,2.0,BPTCP,1519,21042,MVV,RESULT,N,Soft mud,NR,SB,Surface,SOFT 
1992-10-28 00:00:00,0.0,2.0,BPTCP,152,90003,MVV,RESULT,N,Mud,NR,SB,Surface,MUD W/FLUFFY LAYER ON TOP 
1995-04-18 00:00:00,0.0,2.0,BPTCP,1520,21043,MVV,RESULT,N,Clay,NR,SB,Surface,CLAY BELOW OXIC LAYER 
1995-04-18 00:00:00,0.0,2.0,BPTCP,1521,20013,MVV,RESULT,N,Mud,NR,SB,Surface,GRITTY MUD 
1995-04-18 00:00:00,0.0,2.0,BPTCP,1522,20014,MVV,RESULT,N,Mud and Sand,NR,SB,Surface,GRITTY 
1995-04-19 00:00:00,0.0,2.0,BPTCP,1523,21046,MVV,RESULT,N,Soft clays and silts,NR,SB,Surface,SOFT W/CLAY BELOW 
1995-04-19 00:00:00,0.0,2.0,BPTCP,1524,21047,MVV,RESULT,N,NR,NR,SB,Surface,
1995-10-27 00:00:00,0.0,2.0,BPTCP,1529,21049,MVV,RESULT,N,Clay,NR,SB,Surface,CLAY 
1992-10-28 00:00:00,0.0,2.0,BPTCP,153,90004,MVV,RESULT,N,Mud,NR,SB,Surface,FINE 
1995-10-27 00:00:00,0.0,2.0,BPTCP,1530,21050,MVV,RESULT,N,Mud,NR,SB,Surface,"FINE, SOUPY MUD "
1995-10-28 00:00:00,0.0,2.0,BPTCP,1531,21051,MVV,RESULT,N,Mud,NR,SB,Surface,"HARD, CLUMPY MUD "
1995-10-28 00:00:00,0.0,2.0,BPTCP,1532,21052,MVV,RESULT,N,Mud,NR,SB,Surface,GRITTY MUD 
1995-10-27 00:00:00,0.0,2.0,BPTCP,1533,21053,MVV,RESULT,N,Soft mud,NR,SB,Surface,SMOOTH CREAMY 
1995-10-27 00:00:00,0.0,2.0,BPTCP,1534,21054,MVV,RESULT,N,Clay,NR,SB,Surface,THICK CLAY 
1995-10-27 00:00:00,0.0,2.0,BPTCP,1535,21055,MVV,RESULT,N,Mud,NR,SB,Surface,GRITTY MUD 
1995-10-27 00:00:00,0.0,2.0,BPTCP,1536,21056,MVV,RESULT,N,Mud and Sand,NR,SB,Surface,GRITTY 
1995-12-07 00:00:00,0.0,2.0,BPTCP,1537,21057,MVV,RESULT,N,Mixed with Shell Hash,Black,SB,Surface,BLACK W/ MUSSEL SHELLS 
1995-10-27 00:00:00,0.0,2.0,BPTCP,1538,21058,MVV,RESULT,N,Soft clays and silts,NR,SB,Surface,"FINE CREAMY BUD,CLAY @3CM "
1995-10-26 00:00:00,0.0,2.0,BPTCP,1539,21059,MVV,RESULT,N,Soft mud,NR,SB,Surface,CREAMY 
1993-01-26 00:00:00,0.0,2.0,BPTCP,154,90005,MVV,RESULT,N,Soft mud,NR,SB,Surface,SOFT MUD 
1995-10-26 00:00:00,0.0,2.0,BPTCP,1540,21060,MVV,RESULT,N,NR,NR,SB,Surface,
1995-10-26 00:00:00,0.0,2.0,BPTCP,1541,21061,MVV,RESULT,N,Soft mud,NR,SB,Surface,SMOOTH CREAMY 
1995-10-26 00:00:00,0.0,2.0,BPTCP,1542,21062,MVV,RESULT,N,Soft mud,NR,SB,Surface,SMOOTH CREAMY 
1995-10-26 00:00:00,0.0,2.0,BPTCP,1543,21063,MVV,RESULT,N,Silt,NR,SB,Surface,SILTY VERY SOFT 
1995-10-26 00:00:00,0.0,2.0,BPTCP,1544,21064,MVV,RESULT,N,Sandy Clay,NR,SB,Surface,"PEAT WITH SANY CLAY, "
1995-10-26 00:00:00,0.0,2.0,BPTCP,1545,21065,MVV,RESULT,N,Soft clays and silts,NR,SB,Surface,SOFT SLIGHTLY CLAY 
1995-10-26 00:00:00,0.0,2.0,BPTCP,1546,21066,MVV,RESULT,N,Mud,NR,SB,Surface,FINE GOOEY MUD 
1995-10-26 00:00:00,0.0,2.0,BPTCP,1547,21067,MVV,RESULT,N,Soft clays and silts,NR,SB,Surface,SOFT SLIGH CLAY 
1995-10-25 00:00:00,0.0,2.0,BPTCP,1548,21068,MVV,RESULT,N,Sandy mud with shell or gravel,Black,SB,Surface,BLACK SOUPY GRAVEL 
1995-10-26 00:00:00,0.0,2.0,BPTCP,1549,21069,MVV,RESULT,N,Soft mud,NR,SB,Surface,SOFT CREAMY MUD 
1992-10-13 00:00:00,0.0,2.0,BPTCP,155,90006,MVV,RESULT,N,NR,NR,SB,Surface,FIRM 
1995-12-07 00:00:00,0.0,2.0,BPTCP,1550,21070,MVV,RESULT,N,Mud,Brown,SB,Surface,FINE BROWN MUD 
1995-10-26 00:00:00,0.0,2.0,BPTCP,1551,20006,MVV,RESULT,N,Silt,NR,SB,Surface,SILTY 
1995-10-26 00:00:00,0.0,2.0,BPTCP,1552,20005,MVV,RESULT,N,Soft mud,NR,SB,Surface,"CLUMPY, CREAMY "
1995-12-07 00:00:00,0.0,2.0,BPTCP,1553,21071,MVV,RESULT,N,Mud,NR,SB,Surface,CREAMY MUD 
1995-12-05 00:00:00,0.0,2.0,BPTCP,1554,21072,MVV,RESULT,N,Mud,NR,SB,Surface,CREAMY MUD 
1995-12-06 00:00:00,0.0,2.0,BPTCP,1555,21073,MVV,RESULT,N,Mud,Brown,SB,Surface,FINE BROWN MUD 
1995-12-06 00:00:00,0.0,2.0,BPTCP,1556,21074,MVV,RESULT,N,Mud,Brown,SB,Surface,FINE BROWN MUD 
1995-12-06 00:00:00,0.0,2.0,BPTCP,1557,21075,MVV,RESULT,N,Mud,NR,SB,Surface,"CREAMY MUD, FLOC. LAYER "
1995-12-06 00:00:00,0.0,2.0,BPTCP,1558,21076,MVV,RESULT,N,Mud and Sand,NR,SB,Surface,"CREAMY MUD, S.B. GRIT "
1995-12-06 00:00:00,0.0,2.0,BPTCP,1559,21077,MVV,RESULT,N,Mud,Brown,SB,Surface,FINE BROWN MUD 
1992-11-10 00:00:00,0.0,2.0,BPTCP,156,90007,MVV,RESULT,N,Mud and Sand,NR,SB,Surface,FINE MUD WITH SAND 
1995-12-07 00:00:00,0.0,2.0,BPTCP,1561,21079,MVV,RESULT,N,Mud,NR,SB,Surface,"CREAMY MUD, SHALLOW OXIC "
1995-12-07 00:00:00,0.0,2.0,BPTCP,1562,21080,MVV,RESULT,N,Mud,NR,SB,Surface,"CREAMY MUD, SHALLOW OXIC "
1995-12-07 00:00:00,0.0,2.0,BPTCP,1563,21081,MVV,RESULT,N,Mud and Sand,Black,SB,Surface,BLACK S.B. GRITTY MUD 
1995-12-06 00:00:00,0.0,2.0,BPTCP,1564,21082,MVV,RESULT,N,Mud,NR,SB,Surface,CREAMY SMOOTH MUD 
1995-12-06 00:00:00,0.0,2.0,BPTCP,1565,21083,MVV,RESULT,N,Mud,NR,SB,Surface,FINE MUD 
1995-12-06 00:00:00,0.0,2.0,BPTCP,1566,21084,MVV,RESULT,N,Mud with Shell Hash,NR,SB,Surface,"FINE MUD, SHELL DEBRIS "
1995-12-05 00:00:00,0.0,2.0,BPTCP,1567,21085,MVV,RESULT,N,Mud,Brown,SB,Surface,FINE BROWN MUD 
1995-12-06 00:00:00,0.0,2.0,BPTCP,1568,21086,MVV,RESULT,N,Soft mud,NR,SB,Surface,SOFT CREAMY MUD 
1995-12-05 00:00:00,0.0,2.0,BPTCP,1569,21087,MVV,RESULT,N,Soft clays and silts,NR,SB,Surface,"SOFT MUD TOP, CLAY UNDER "
1992-11-10 00:00:00,0.0,2.0,BPTCP,157,90008,MVV,RESULT,N,Silt,NR,SB,Surface,SILTY FINE SEDIMENT 
1995-12-05 00:00:00,0.0,2.0,BPTCP,1570,21088,MVV,RESULT,N,Soft mud,NR,SB,Surface,"BRN TOP,CREAMY GRAY UNDER "
1995-12-05 00:00:00,0.0,2.0,BPTCP,1571,21089,MVV,RESULT,N,Clay and mud,NR,SB,Surface,MUD WITH CLAY 
1995-12-05 00:00:00,0.0,2.0,BPTCP,1572,21090,MVV,RESULT,N,Mud with Shell Hash,NR,SB,Surface,"SHELL DEBRIS, FINE MUD "
1995-12-05 00:00:00,0.0,2.0,BPTCP,1573,21091,MVV,RESULT,N,Clay and mud,NR,SB,Surface,MUD WITH CLAY 
1995-12-06 00:00:00,0.0,2.0,BPTCP,1574,20013,MVV,RESULT,N,Mud and Sand,NR,SB,Surface,"FINE MUD TOP, SANDY UNDER "
1995-12-06 00:00:00,0.0,2.0,BPTCP,1575,20014,MVV,RESULT,N,Mud and Sand,NR,SB,Surface,"FINE MUD TOP, SANDY UNDER "
1995-12-05 00:00:00,0.0,2.0,BPTCP,1576,20008,MVV,RESULT,N,Mud,NR,SB,Surface,CREAMY MUD 
1995-12-06 00:00:00,0.0,2.0,BPTCP,1577,21092,MVV,RESULT,N,Mud,NR,SB,Surface,FINE MUD 
1996-04-17 00:00:00,0.0,2.0,BPTCP,1578,14004,MVV,RESULT,N,Mud,NR,SBI,Surface,FINE MUD 
1996-04-17 00:00:00,0.0,2.0,BPTCP,1579,10023,MVV,RESULT,N,Mixed with Shell Hash,NR,SBI,Surface,GRITTY SHELL DEBRIS 
1992-11-10 00:00:00,0.0,2.0,BPTCP,158,90009,MVV,RESULT,N,Sandy Clay,NR,SB,Surface,"SANDY MUD, CLAY "
1996-04-18 00:00:00,0.0,2.0,BPTCP,1580,10016,MVV,RESULT,N,Clay and mud,NR,SBI,Surface,GOOIE 
1996-04-17 00:00:00,0.0,2.0,BPTCP,1581,10017,MVV,RESULT,N,Clay and mud,NR,SBI,Surface,GOOIE FINE 
1996-04-17 00:00:00,0.0,2.0,BPTCP,1582,10021,MVV,RESULT,N,Mud,NR,SBI,Surface,FINE 
1996-04-17 00:00:00,0.0,2.0,BPTCP,1583,10019,MVV,RESULT,N,NR,NR,SBI,Surface,
1996-04-17 00:00:00,0.0,2.0,BPTCP,1584,10018,MVV,RESULT,N,Mud,NR,SBI,Surface,FINE 
1996-04-17 00:00:00,0.0,2.0,BPTCP,1585,15001,MVV,RESULT,N,Clay,NR,SBI,Surface,CLAY 
1996-04-17 00:00:00,0.0,2.0,BPTCP,1586,14002,MVV,RESULT,N,Mud,NR,SBI,Surface,FINE 
1996-04-17 00:00:00,0.0,2.0,BPTCP,1587,14001,MVV,RESULT,N,Clay and mud,NR,SBI,Surface,GOOIE FINE 
1996-05-09 00:00:00,0.0,2.0,BPTCP,1588,30001,MVV,RESULT,N,Soft mud,NR,SB,Surface,GRITTY SOFT MUD 
1996-05-09 00:00:00,0.0,2.0,BPTCP,1589,35001,MVV,RESULT,N,Soft mud,NR,S,Surface,CREAMY 
1992-10-28 00:00:00,0.0,2.0,BPTCP,159,90010,MVV,RESULT,N,Mud,NR,SB,Surface,FINE 
1996-05-09 00:00:00,0.0,2.0,BPTCP,1590,35002,MVV,RESULT,N,Soft mud,NR,S,Surface,"CREAMY, SILTY "
1996-05-09 00:00:00,0.0,2.0,BPTCP,1591,35003,MVV,RESULT,N,Sand,NR,SBI,Surface,"SANDY, GRITTY "
1996-05-09 00:00:00,0.0,2.0,BPTCP,1592,35004,MVV,RESULT,N,Fine Sand,NR,SI,Surface,"FINE, SANDY "
1996-05-09 00:00:00,0.0,2.0,BPTCP,1593,35005,MVV,RESULT,N,Mud and Sand,NR,SI,Surface,SANDY MUD 
1996-05-09 00:00:00,0.0,2.0,BPTCP,1594,35006,MVV,RESULT,N,Fine Sand,NR,SI,Surface,"FINE, SANDY "
1996-05-09 00:00:00,0.0,2.0,BPTCP,1596,30002,MVV,RESULT,N,Sand,NR,SB,Surface,SANDY W/ DEPOSITIONAL LAY 
1996-05-09 00:00:00,0.0,2.0,BPTCP,1597,30007,MVV,RESULT,N,Soft mud,NR,SB,Surface,"SMOOTH, CREAMY "
1996-04-17 00:00:00,-99.0,-99.0,BPTCP,1598,14002,SWDRAW,RESULT,Y,NR,NR,T,NA,Field-collected tissue sample.
1996-04-17 00:00:00,-99.0,-99.0,BPTCP,1599,14002,SWDRAW,RESULT,Y,NR,NR,T,NA,Field-collected tissue sample.
1992-07-31 00:00:00,0.0,2.0,BPTCP,16,40006_Rep1,MVV,RESULT,N,Clay,NR,SBI,Surface,"fine grain,clay,thin oxic "
1992-10-28 00:00:00,0.0,2.0,BPTCP,160,90011,MVV,RESULT,N,Mud,NR,SB,Surface,FINE 
1996-04-17 00:00:00,-99.0,-99.0,BPTCP,1600,14002,HAND,RESULT,Y,NR,NR,T,NA,Resident mussel sample.
1996-04-18 00:00:00,-99.0,-99.0,BPTCP,1602,10016,UNK,RESULT,Y,NR,NR,T,NA,Field-collected tissue sample.
1996-04-17 00:00:00,-99.0,-99.0,BPTCP,1604,15001,UNK,RESULT,Y,NR,NR,T,NA,Field-collected tissue sample.
1996-04-17 00:00:00,-99.0,-99.0,BPTCP,1605,15001,HAND,RESULT,Y,NR,NR,T,NA,Resident mussel sample.
1996-04-17 00:00:00,-99.0,-99.0,BPTCP,1608,15001,UNK,RESULT,Y,NR,NR,T,NA,Field-collected tissue sample.
1993-01-27 00:00:00,0.0,2.0,BPTCP,161,90012,MVV,RESULT,N,Soft mud,NR,SB,Surface,SOFT MUD 
1996-04-17 00:00:00,-99.0,-99.0,BPTCP,1610,14001,SWDRAW,RESULT,Y,NR,NR,T,NA,Field-collected tissue sample.
1996-04-17 00:00:00,-99.0,-99.0,BPTCP,1611,14001,SWDRAW,RESULT,Y,NR,NR,T,NA,Field-collected tissue sample.
1996-04-17 00:00:00,-99.0,-99.0,BPTCP,1612,14001,HAND,RESULT,Y,NR,NR,T,NA,Resident mussel sample.
1996-06-10 00:00:00,0.0,2.0,BPTCP,1613,21062,MVV,RESULT,N,Soft mud,NR,SB,Surface,CREAMY 
1996-06-11 00:00:00,0.0,2.0,BPTCP,1614,21065,MVV,RESULT,N,Soft mud,NR,SB,Surface,CREAMY 
1996-06-11 00:00:00,0.0,2.0,BPTCP,1615,21054,MVV,RESULT,N,Soft mud,NR,SB,Surface,CREAMY 
1996-06-10 00:00:00,0.0,2.0,BPTCP,1616,21068,MVV,RESULT,N,Clay,NR,SB,Surface,THIN DEPOSITIONAL ON CLAY 
1996-06-10 00:00:00,0.0,2.0,BPTCP,1617,21061,MVV,RESULT,N,Sand,NR,SB,Surface,"SANDY, 1/2CM SOFT ON TOP "
1996-06-11 00:00:00,0.0,2.0,BPTCP,1618,21063,MVV,RESULT,N,Soft mud,NR,SB,Surface,VERY CREAMY 
1996-06-10 00:00:00,0.0,2.0,BPTCP,1619,21069,MVV,RESULT,N,Soft mud,NR,SB,Surface,"SMOOTH, CREAMY "
1992-10-28 00:00:00,0.0,2.0,BPTCP,162,90013,MVV,RESULT,N,Mud,Brown,SB,Surface,"BROWN,FLUFFY,FINE "
1996-06-10 00:00:00,0.0,2.0,BPTCP,1620,21088,MVV,RESULT,N,Soft mud,NR,SB,Surface,CREAMY 
1996-06-10 00:00:00,0.0,2.0,BPTCP,1621,21085,MVV,RESULT,N,Soft clays and silts,NR,SB,Surface,"CREAMY, CLAY "
1996-06-11 00:00:00,0.0,2.0,BPTCP,1622,20006,MVV,RESULT,N,Soft mud,NR,SB,Surface,"CREAMY, SMOOTH "
1996-06-20 00:00:00,0.0,2.0,BPTCP,1623,46001,MVV,RESULT,N,Mud,Brown,SB,Surface,FINE BROWN MUD 
1996-06-20 00:00:00,0.0,2.0,BPTCP,1624,46002,MVV,RESULT,N,Mud,Brown,SB,Surface,FINE BROWN MUD 
1996-06-20 00:00:00,0.0,2.0,BPTCP,1625,46003,MVV,RESULT,N,Mud,Brown,SB,Surface,FINE BROWN MUD 
1996-06-19 00:00:00,0.0,2.0,BPTCP,1626,44012,MVV,RESULT,N,Mud and Sand,NR,SB,Surface,SANDY MUD 
1996-06-19 00:00:00,0.0,2.0,BPTCP,1627,44013,MVV,RESULT,N,Mud and Sand,NR,SB,Surface,SANDY MUD 
1996-06-19 00:00:00,0.0,2.0,BPTCP,1628,44027,MVV,RESULT,N,Soft mud,NR,SB,Surface,SMOOTH CREAMY 
1996-06-19 00:00:00,0.0,2.0,BPTCP,1629,44054,MVV,RESULT,N,Mud and Sand,NR,SB,Surface,SANDY MUD 
1993-01-26 00:00:00,0.0,2.0,BPTCP,163,90014,MVV,RESULT,N,Mud and Sand,NR,SB,Surface,SANDY MUD 
1996-06-19 00:00:00,0.0,2.0,BPTCP,1630,44014,MVV,RESULT,N,Mud,Green,SBI,Surface,FINE DARK GREEN MUD 
1996-06-20 00:00:00,0.0,2.0,BPTCP,1631,44020,MVV,RESULT,N,Soft mud,Black,SBI,Surface,SOFT BLACK MUD 
1996-06-20 00:00:00,0.0,2.0,BPTCP,1632,40012,MVV,RESULT,N,Clay,Brown,SBI,Surface,BROWN TOP CLAY COVER 
1996-06-20 00:00:00,0.0,2.0,BPTCP,1633,85013,MVV,RESULT,N,Mud,Brown,SBI,Surface,FINE BROWN MUD 
1996-06-20 00:00:00,0.0,2.0,BPTCP,1634,85001,MVV,RESULT,N,Mud,NR,SBI,Surface,FINE MUD 
1993-01-27 00:00:00,0.0,2.0,BPTCP,164,90015,MVV,RESULT,N,Soft mud,NR,SB,Surface,SOFT MUD 
1996-07-17 00:00:00,0.0,30.0,BPTCP,1647,47001,GRAV,RESULT,N,Clay and mud,NR,SBI,Surface,CLAY/MUD 
1996-07-17 00:00:00,30.0,90.0,BPTCP,1648,47001,GRAV,RESULT,N,Clay and mud,NR,SB,Subsurface,CLAY/MUD 
1992-10-27 00:00:00,0.0,2.0,BPTCP,165,90016,MVV,RESULT,N,Mud and Sand,NR,SB,Surface,GRITTY 
1996-07-17 00:00:00,0.0,30.0,BPTCP,1650,47002,GRAV,RESULT,N,Clay and mud,NR,SBI,Surface,CLAY/MUD 
1996-07-17 00:00:00,30.0,90.0,BPTCP,1651,47002,GRAV,RESULT,N,Clay and mud,NR,SB,Subsurface,CLAY/MUD 
1996-07-17 00:00:00,0.0,30.0,BPTCP,1653,47003,GRAV,RESULT,N,Mud,NR,SBI,Surface,"SMOOTHE,TARRY "
1996-07-17 00:00:00,30.0,90.0,BPTCP,1654,47003,GRAV,RESULT,N,Mud,NR,SB,Subsurface,"SMOOTHE,TARRY "
1996-07-17 00:00:00,0.0,30.0,BPTCP,1656,47004,GRAV,RESULT,N,Mud and Sand,NR,SBI,Surface,SANDY MUD 
1996-07-17 00:00:00,30.0,90.0,BPTCP,1657,47004,GRAV,RESULT,N,Mud and Sand,NR,SB,Subsurface,SANDY MUD 
1996-07-17 00:00:00,0.0,30.0,BPTCP,1659,47005,GRAV,RESULT,N,Mud and Sand,NR,SBI,Surface,SANDY MUD 
1992-10-28 00:00:00,0.0,2.0,BPTCP,166,90017,MVV,RESULT,N,Mud and Sand,NR,SB,Surface,FINE MUD W/GRIT 
1996-07-17 00:00:00,30.0,90.0,BPTCP,1660,47005,GRAV,RESULT,N,Clay and mud,NR,SB,Subsurface,CLAY/MUD 
1996-07-17 00:00:00,90.0,150.0,BPTCP,1661,47005,GRAV,RESULT,N,Clay and mud,NR,SB,Subsurface,CLAY/MUD 
1996-07-18 00:00:00,0.0,30.0,BPTCP,1662,47007,GRAV,RESULT,N,Clay and mud,NR,SBI,Surface,CLAY/MUD 
1996-07-18 00:00:00,0.0,2.0,BPTCP,1663,47008,MVV,RESULT,N,Soft mud,NR,SBI,Surface,CREAMY 
1996-07-18 00:00:00,0.0,30.0,BPTCP,1664,47009,GRAV,RESULT,N,Soft mud,NR,SBI,Surface,CREAMY 
1996-07-18 00:00:00,0.0,2.0,BPTCP,1665,47010,MVV,RESULT,N,Soft mud,NR,SBI,Surface,CREAMY 
1993-01-26 00:00:00,0.0,2.0,BPTCP,167,90018,MVV,RESULT,N,Mud and Sand,NR,SB,Surface,LITTLE SANDY 
1996-12-03 00:00:00,0.0,2.0,BPTCP,1673,90007,MVV,RESULT,N,Soft mud,NR,SBI,Surface,"SMOOTH, CREAMY "
1996-12-03 00:00:00,0.0,2.0,BPTCP,1674,90008,MVV,RESULT,N,Mud,NR,SBI,Surface,FINE MUD 
1996-12-03 00:00:00,0.0,2.0,BPTCP,1675,90022,MVV,RESULT,N,Soft mud,NR,SBI,Surface,CREAMY 
1996-12-03 00:00:00,0.0,2.0,BPTCP,1676,90039,MVV,RESULT,N,Mud and Sand,NR,SBI,Surface,"GRIT,LEAF LITTER,ORGANICS "
1996-12-03 00:00:00,0.0,2.0,BPTCP,1677,93179,MVV,RESULT,N,Soft mud,NR,SBI,Surface,"SMOOTH, CREAMY "
1996-12-03 00:00:00,0.0,2.0,BPTCP,1678,90020,MVV,RESULT,N,Soft mud,NR,SBI,Surface,"CREAMY, SMOOTH "
1996-12-03 00:00:00,0.0,2.0,BPTCP,1679,93178,MVV,RESULT,N,NR,NR,SBI,Surface,CLUMPY 
1992-10-13 00:00:00,0.0,2.0,BPTCP,168,90019,MVV,RESULT,N,Mud,NR,SB,Surface,GRITTY MUD 
1996-12-03 00:00:00,0.0,2.0,BPTCP,1680,90013,MVV,RESULT,N,Soft mud,NR,SBI,Surface,CREAMY 
1996-12-04 00:00:00,0.0,2.0,BPTCP,1681,95006,MVV,RESULT,N,Soft mud,NR,SB,Surface,CREAMY W/ANOXIC LAYER 
1996-12-06 00:00:00,0.0,2.0,BPTCP,1682,10006,MVV,RESULT,N,Clay and mud,NR,SBI,Surface,GOOEY THIN OXIC LAYER 
1996-12-05 00:00:00,0.0,2.0,BPTCP,1683,10007,MVV,RESULT,N,Sand,NR,SBI,Surface,SANDY THIN OXIC LAYER 
1996-12-06 00:00:00,0.0,2.0,BPTCP,1684,10028,MVV,RESULT,N,Mud,NR,SBI,Surface,NICE MUD THIN OXIC 
1996-12-06 00:00:00,0.0,2.0,BPTCP,1685,10040,MVV,RESULT,N,NR,NR,SBI,Surface,DANDY HARD 
1997-02-05 00:00:00,0.0,2.0,BPTCP,1686,48001,MVV,RESULT,N,Soft mud,NR,SBI,Surface,CREAMY 
1997-02-05 00:00:00,0.0,2.0,BPTCP,1687,48002,MVV,RESULT,N,Soft clays and silts,NR,SBI,Surface,"SOFT, CREAMY "
1997-02-05 00:00:00,0.0,2.0,BPTCP,1688,48003,MVV,RESULT,N,Soft mud,NR,SBI,Surface,CREAMY 
1997-02-05 00:00:00,0.0,2.0,BPTCP,1689,48004,MVV,RESULT,N,Mud and Sand,NR,SBI,Surface,"FINE, SANDY UNDERNEATH "
1993-01-26 00:00:00,0.0,2.0,BPTCP,169,90020,MVV,RESULT,N,Soft mud,NR,SB,Surface,SOFT 
1997-02-05 00:00:00,0.0,2.0,BPTCP,1690,48005,MVV,RESULT,N,Mud and Sand,NR,SBI,Surface,GRITTY 
1997-02-04 00:00:00,0.0,2.0,BPTCP,1691,48006,MVV,RESULT,N,Soft mud,NR,SBI,Surface,"CREAMY, THIN OXIC "
1997-02-04 00:00:00,0.0,2.0,BPTCP,1692,48007,MVV,RESULT,N,NR,NR,SBI,Surface,"FLOCULENT, THIN OXIC "
1997-02-04 00:00:00,0.0,2.0,BPTCP,1693,48008,MVV,RESULT,N,Soft mud,NR,SBI,Surface,"CREAMY, THIN OXIC "
1997-02-04 00:00:00,0.0,2.0,BPTCP,1694,48009,MVV,RESULT,N,Soft clays and silts,NR,SBI,Surface,SMOOTH WITH CLAY 
1997-02-04 00:00:00,0.0,2.0,BPTCP,1695,40018,MVV,RESULT,N,Soft mud,NR,SBI,Surface,CREAMY 
1997-02-04 00:00:00,0.0,2.0,BPTCP,1696,40020,MVV,RESULT,N,Soft mud,NR,SBI,Surface,CREAMY 
1997-02-04 00:00:00,0.0,2.0,BPTCP,1697,48010,MVV,RESULT,N,Mud and Sand,NR,SBI,Surface,SMOOTH MUD ATOP GRITTY 
1997-02-04 00:00:00,0.0,2.0,BPTCP,1698,40015,MVV,RESULT,N,Mud and Sand,NR,SBI,Surface,FINE MUD AND SAND 
1997-02-04 00:00:00,0.0,2.0,BPTCP,1699,40009,MVV,RESULT,N,Clay,NR,SBI,Surface,CLAY 
1992-07-31 00:00:00,0.0,2.0,BPTCP,17,40006_Rep2,MVV,FR,N,Clay and mud,NR,SBI,Surface,"gooy,clayie "
1992-10-13 00:00:00,0.0,2.0,BPTCP,170,90021,MVV,RESULT,N,Clay and mud,NR,SB,Surface,"GOOEY, W/LARGE CLUMPS "
1997-02-05 00:00:00,0.0,2.0,BPTCP,1700,48011,MVV,RESULT,N,Mud and Sand,NR,SBI,Surface,GRITTY 
1997-02-04 00:00:00,0.0,2.0,BPTCP,1701,40023,MVV,RESULT,N,Clay,NR,SBI,Surface,CLAY LAYER 
1997-02-03 00:00:00,0.0,2.0,BPTCP,1702,48012,MVV,RESULT,N,Soft mud,NR,SBI,Surface,CREAMY 
1997-02-06 00:00:00,0.0,2.0,BPTCP,1703,48013,MVV,RESULT,N,Mud and Sand,NR,SBI,Surface,FINE MUD WITH SAND 
1997-02-06 00:00:00,0.0,2.0,BPTCP,1704,48014,MVV,RESULT,N,Mud and Sand,NR,SBI,Surface,FINE MUD WITH SAND 
1997-02-06 00:00:00,0.0,2.0,BPTCP,1705,48015,MVV,RESULT,N,Soft clays and silts,NR,SBI,Surface,SOFT ON CLAY 
1997-02-06 00:00:00,0.0,2.0,BPTCP,1706,48016,MVV,RESULT,N,Mud,NR,SBI,Surface,FINE MUD ON HARD PACKED 
1997-02-06 00:00:00,0.0,2.0,BPTCP,1707,48017,MVV,RESULT,N,Clay and mud,NR,SBI,Surface,FINE MUD ON CLAY 
1997-02-06 00:00:00,0.0,2.0,BPTCP,1708,48018,MVV,RESULT,N,Clay and mud,NR,SBI,Surface,FINE MUD WITH CLAY 
1992-11-10 00:00:00,0.0,2.0,BPTCP,171,90022,MVV,RESULT,N,Mud,NR,SB,Surface,FINE MUD 
1997-03-19 00:00:00,0.0,2.0,BPTCP,1714,50001,MVV,RESULT,N,Mud,Brown,SB,Surface,Fine brown mud 
1997-03-19 00:00:00,0.0,2.0,BPTCP,1715,50002,MVV,RESULT,N,Mud,Brown,SB,Surface,fine brown mud 
1997-03-19 00:00:00,0.0,2.0,BPTCP,1716,50003,MVV,RESULT,N,Soft mud,NR,SB,Surface,creamy 
1997-03-19 00:00:00,0.0,2.0,BPTCP,1717,50004,MVV,RESULT,N,Mud,Brown,SB,Surface,fine brown mud 
1997-03-19 00:00:00,0.0,2.0,BPTCP,1718,50005,MVV,RESULT,N,Mud,Brown,SB,Surface,fine brown mud 
1997-03-17 00:00:00,0.0,2.0,BPTCP,1719,50006,MVV,RESULT,N,NR,Brown,SB,Surface,brown on black 
1992-11-11 00:00:00,0.0,2.0,BPTCP,172,90023,MVV,RESULT,N,Clay,NR,SB,Surface,"CLUMPY, CLAY-LIKE "
1997-03-17 00:00:00,0.0,2.0,BPTCP,1720,50007,MVV,RESULT,N,Mud,Brown,SB,Surface,fine brown mud 
1997-03-17 00:00:00,0.0,2.0,BPTCP,1721,50008,MVV,RESULT,N,NR,Black,SB,Surface,black w/org. 
1997-03-17 00:00:00,0.0,2.0,BPTCP,1722,50009,MVV,RESULT,N,Sand,Brown,SB,Surface,brown sandy 
1997-03-17 00:00:00,0.0,2.0,BPTCP,1723,50010,MVV,RESULT,N,Mud,Black,SB,Surface,fine black mud 
1997-03-17 00:00:00,0.0,2.0,BPTCP,1724,50011,MVV,RESULT,N,Mud and Sand,NR,SB,Surface,fine on sandy 
1997-03-17 00:00:00,0.0,2.0,BPTCP,1725,50012,MVV,RESULT,N,Mud,NR,SB,Surface,fine gray mud 
1997-03-18 00:00:00,0.0,2.0,BPTCP,1726,50013,MVV,RESULT,N,Mud,Brown,SB,Surface,fine brown mud 
1997-03-18 00:00:00,0.0,2.0,BPTCP,1727,50014,MVV,RESULT,N,Mud,Brown,SB,Surface,fine brown mud 
1997-03-18 00:00:00,0.0,2.0,BPTCP,1728,50015,MVV,RESULT,N,NR,Brown,SB,Surface,brown w/org. 
1997-03-18 00:00:00,0.0,2.0,BPTCP,1729,50016,MVV,RESULT,N,Mud,Brown,SB,Surface,fine brown mud 
1992-11-11 00:00:00,0.0,2.0,BPTCP,173,90024,MVV,RESULT,N,Mud,NR,SB,Surface,FINE MUD 
1997-03-18 00:00:00,0.0,2.0,BPTCP,1730,50017,MVV,RESULT,N,Mud,NR,SB,Surface,brn mud w/rock 
1997-03-18 00:00:00,0.0,2.0,BPTCP,1731,50018,MVV,RESULT,N,Mud and Sand,NR,SB,Surface,gritty w/clump 
1997-04-01 00:00:00,0.0,2.0,BPTCP,1732,21030,MVV,RESULT,N,Soft mud,NR,SBI,Surface,"CREAMY, ANOXIC "
1997-04-01 00:00:00,0.0,2.0,BPTCP,1733,21301,MVV,RESULT,N,Soft mud,NR,SBI,Surface,CREAMY 
1997-04-01 00:00:00,0.0,2.0,BPTCP,1734,21302,MVV,RESULT,N,Soft mud,NR,SBI,Surface,CREAMY 
1997-04-01 00:00:00,0.0,2.0,BPTCP,1735,20011,MVV,RESULT,N,Soft mud,NR,SBI,Surface,"CREAMY, ANOXIC, ORGANICS "
1997-04-01 00:00:00,0.0,2.0,BPTCP,1736,21303,MVV,RESULT,N,Soft mud,NR,SBI,Surface,"CREAMY, ANOXIC "
1997-04-01 00:00:00,0.0,2.0,BPTCP,1737,21304,MVV,RESULT,N,Soft mud,NR,SBI,Surface,"CREAMY, ANOXIC "
1997-04-02 00:00:00,0.0,2.0,BPTCP,1738,21006,MVV,RESULT,N,Mud and Sand,NR,SBI,Surface,CREAMY AND GRITTY 
1997-04-02 00:00:00,0.0,2.0,BPTCP,1739,21305,MVV,RESULT,N,Mud and Sand,NR,SBI,Surface,CREAMY AND GRITTY 
1992-11-11 00:00:00,0.0,2.0,BPTCP,174,90025,MVV,RESULT,N,Mud,NR,SB,Surface,FINE 
1997-04-02 00:00:00,0.0,2.0,BPTCP,1740,21306,MVV,RESULT,N,Clay,NR,SBI,Surface,CLAY W/THIN DEP. LAYER 
1997-04-03 00:00:00,0.0,2.0,BPTCP,1741,20005,MVV,RESULT,N,Soft mud,NR,SBI,Surface,CREAMY 
1997-04-01 00:00:00,0.0,2.0,BPTCP,1742,21029,MVV,RESULT,N,Soft mud,NR,SB,Surface,CREAMY 
1997-04-01 00:00:00,0.0,2.0,BPTCP,1744,21074,MVV,RESULT,N,Soft clays and silts,NR,SB,Surface,CREAMY OVER CLAY 
1997-04-01 00:00:00,0.0,2.0,BPTCP,1745,21076,MVV,RESULT,N,Soft mud,NR,SB,Surface,CREAMY 
1997-04-02 00:00:00,0.0,2.0,BPTCP,1746,21307,MVV,RESULT,N,NR,NR,SB,Surface,
1997-04-01 00:00:00,0.0,2.0,BPTCP,1747,21308,MVV,RESULT,N,Soft mud,NR,SBI,Surface,CREAMY 
1997-04-16 00:00:00,0.0,2.0,BPTCP,1749,20013,MVV,RESULT,N,Mixed with Shell Hash,NR,SBI,Surface,"GRITTY, SHELLS "
1992-11-10 00:00:00,0.0,2.0,BPTCP,175,90026,MVV,RESULT,N,Mud and Sand,NR,SB,Surface,SANDY MUD 
1997-04-15 00:00:00,0.0,2.0,BPTCP,1750,20007,MVV,RESULT,N,Soft mud,NR,SBI,Surface,CREAMY 
1997-04-16 00:00:00,0.0,2.0,BPTCP,1751,21041,MVV,RESULT,N,Soft clays and silts,NR,SB,Surface,"CREAMY, SOFT "
1997-04-16 00:00:00,0.0,2.0,BPTCP,1752,21309,MVV,RESULT,N,NR,Black,SB,Surface,"THIN OXIC, BLACK W/LEAVES "
1997-04-15 00:00:00,0.0,2.0,BPTCP,1753,21023,MVV,RESULT,N,Mud,Black,SB,Surface,FINE BLACK WITH LEAVES 
1997-04-15 00:00:00,0.0,2.0,BPTCP,1754,21026,MVV,RESULT,N,Mud,NR,SB,Surface,FINE 
1997-04-17 00:00:00,0.0,2.0,BPTCP,1755,21310,MVV,RESULT,N,Mud with Shell Hash,Black,SBI,Surface,"BLACK MUD, SHELL DEBRIS "
1997-04-17 00:00:00,0.0,2.0,BPTCP,1756,21311,MVV,RESULT,N,Mud with Shell Hash,Black,SBI,Surface,"BLACK MUD, SHELL DEBRIS "
1997-04-17 00:00:00,0.0,2.0,BPTCP,1757,21312,MVV,RESULT,N,Clay,Brown,SBI,Surface,BROWN WITH CLAY 
1997-04-17 00:00:00,0.0,2.0,BPTCP,1758,21313,MVV,RESULT,N,Clay and mud,NR,SBI,Surface,MUD WITH CLAY 
1997-04-16 00:00:00,0.0,2.0,BPTCP,1759,21314,MVV,RESULT,N,Soft mud,NR,SBI,Surface,CREAMY 
1992-11-10 00:00:00,0.0,2.0,BPTCP,176,90027,MVV,RESULT,N,Soft mud,NR,SB,Surface,"SOFT FINE MUD,MILD SHEEN "
1997-04-16 00:00:00,0.0,2.0,BPTCP,1760,21315,MVV,RESULT,N,NR,NR,SB,Surface,"THIN OXIC, LEAF DEBRIS "
1997-04-15 00:00:00,0.0,2.0,BPTCP,1761,21056,MVV,RESULT,N,Mud,NR,SB,Surface,GRITTY MUD 
1997-05-08 00:00:00,0.0,2.0,BPTCP,1762,30007,MVV,RESULT,N,Mud,NR,SB,Surface,SMOOTH FINE 
1997-05-08 00:00:00,0.0,2.0,BPTCP,1763,36002,MVV,RESULT,N,Soft mud,NR,SB,Surface,CREAMY 
1997-05-08 00:00:00,0.0,2.0,BPTCP,1764,36003,MVV,RESULT,N,Mud and Sand,NR,SB,Surface,GRITTY 
1997-05-08 00:00:00,0.0,2.0,BPTCP,1765,36004,MVV,RESULT,N,Mud,NR,SB,Surface,FINE ON CLUMPY 
1997-05-08 00:00:00,0.0,2.0,BPTCP,1766,36005,MVV,RESULT,N,Mud and Sand,NR,SB,Surface,CREAMY ON GRITTY 
1997-05-08 00:00:00,0.0,2.0,BPTCP,1767,36006,MVV,RESULT,N,Mud,NR,SB,Surface,"CREAMY, BUBBLES IN MUD "
1997-05-08 00:00:00,0.0,2.0,BPTCP,1768,36007,MVV,RESULT,N,Mud,NR,SB,Surface,"SMOOTH, FLUFFY "
1997-05-13 00:00:00,0.0,2.0,BPTCP,1769,48009,MVV,RESULT,N,Mud and Sand,NR,B,Surface,FINES WITH SAND 
1992-11-10 00:00:00,0.0,2.0,BPTCP,177,90028,MVV,RESULT,N,Mud,NR,SB,Surface,FINE 
1997-05-13 00:00:00,0.0,2.0,BPTCP,1770,40018,MVV,RESULT,N,Mud,Brown,B,Surface,FINE BROWN MUD 
1997-05-13 00:00:00,0.0,2.0,BPTCP,1771,40020,MVV,RESULT,N,Soft mud,NR,B,Surface,CREAMY FINE 
1997-05-13 00:00:00,0.0,2.0,BPTCP,1772,48010,MVV,RESULT,N,Mud and Sand,NR,B,Surface,SANDY MUD 
1997-05-13 00:00:00,0.0,2.0,BPTCP,1773,40015,MVV,RESULT,N,Mud,NR,B,Surface,FINE 
1997-05-13 00:00:00,0.0,2.0,BPTCP,1774,40009,MVV,RESULT,N,Soft mud,NR,B,Surface,CREAMY 
1997-05-13 00:00:00,-99.0,-99.0,BPTCP,1774.2,40009,MVV,RESULT,Y,NR,NR,T,NA,
1997-05-13 00:00:00,-99.0,-99.0,BPTCP,1774.3,40009,MVV,RESULT,Y,NR,NR,T,NA,
1997-05-12 00:00:00,0.0,2.0,BPTCP,1775,48011,MVV,RESULT,N,Mud and Sand,NR,B,Surface,GRITTY 
1997-05-13 00:00:00,0.0,2.0,BPTCP,1776,40023,MVV,RESULT,N,Soft mud,NR,B,Surface,CREAMY 
1997-05-12 00:00:00,0.0,2.0,BPTCP,1777,48012,MVV,RESULT,N,Mud,Brown,B,Surface,"FINE, BROWN "
1997-05-13 00:00:00,0.0,2.0,BPTCP,1778,49001,MVV,RESULT,N,Mud and Sand,Brown,S,Surface,"FINE BROWN, SOME SAND "
1997-05-13 00:00:00,0.0,2.0,BPTCP,1779,49002,MVV,RESULT,N,Soft mud,NR,S,Surface,CREAMY 
1997-05-13 00:00:00,-99.0,-99.0,BPTCP,1779.2,49002,MVV,RESULT,Y,NR,NR,T,NA,
1997-05-13 00:00:00,-99.0,-99.0,BPTCP,1779.3,49002,MVV,RESULT,Y,NR,NR,T,NA,
1992-11-10 00:00:00,0.0,2.0,BPTCP,178,90029,MVV,RESULT,N,Mud,NR,SB,Surface,"FINE,FLAKEY "
1997-05-13 00:00:00,0.0,2.0,BPTCP,1780,49003,MVV,RESULT,N,Mud,NR,S,Surface,FINE GOOEY MUD 
1997-05-13 00:00:00,-99.0,-99.0,BPTCP,1780.2,49003,MVV,RESULT,Y,NR,NR,T,NA,
1997-05-13 00:00:00,-99.0,-99.0,BPTCP,1780.3,49003,MVV,RESULT,Y,NR,NR,T,NA,
1997-05-13 00:00:00,-99.0,-99.0,BPTCP,1781,40020.2,OTTER,RESULT,Y,NR,NR,T,NA,
1997-05-13 00:00:00,-99.0,-99.0,BPTCP,1782,49001,OTTER,RESULT,Y,NR,NR,T,NA,
1997-05-13 00:00:00,-99.0,-99.0,BPTCP,1783,49002,OTTER,RESULT,Y,NR,NR,T,NA,
1997-05-13 00:00:00,-99.0,-99.0,BPTCP,1784,49003,OTTER,RESULT,Y,NR,NR,T,NA,
1997-05-13 00:00:00,-99.0,-99.0,BPTCP,1785,49001,OTTER,RESULT,Y,NR,NR,T,NA,
1997-05-13 00:00:00,-99.0,-99.0,BPTCP,1786,49002,OTTER,RESULT,Y,NR,NR,T,NA,
1997-05-13 00:00:00,-99.0,-99.0,BPTCP,1787,49003,OTTER,RESULT,Y,NR,NR,T,NA,
1997-08-20 00:00:00,0.0,2.0,BPTCP,1788,85001,MVV,RESULT,N,Fine Silt with Shell,NR,SBI,Surface,FINE WITH SHELL DEBRIS 
1997-08-20 00:00:00,0.0,2.0,BPTCP,1789,86001,MVV,RESULT,N,Mud and Sand,NR,SB,Surface,SANDY MUD 
1993-01-26 00:00:00,0.0,2.0,BPTCP,179,90030,MVV,RESULT,N,Soft mud,NR,SB,Surface,SOFT MUD 
1997-08-20 00:00:00,0.0,2.0,BPTCP,1790,86002,MVV,RESULT,N,Clay,NR,SB,Surface,CLAY 
1997-08-20 00:00:00,0.0,2.0,BPTCP,1791,86003,MVV,RESULT,N,Soft clays and silts,NR,SB,Surface,SMOOTH WITH CLAY 
1997-08-20 00:00:00,0.0,2.0,BPTCP,1792,86004,MVV,RESULT,N,Mud and Sand,NR,SB,Surface,CREAMY WITH SAND 
1997-08-21 00:00:00,0.0,2.0,BPTCP,1793,49004,MVV,RESULT,N,Mud,NR,SBI,Surface,FINE SED WITH COAL CHUNKS 
1997-08-21 00:00:00,0.0,2.0,BPTCP,1794,49005,MVV,RESULT,N,Soft mud,NR,SBI,Surface,SMOOTH CREAMY 
1997-10-06 00:00:00,0.0,2.0,BPTCP,1795,21401,MVV,RESULT,N,Mud,NR,SB,Surface,FINE YELLOW / HARD @ 8CM 
1997-10-06 00:00:00,0.0,2.0,BPTCP,1796,21402,MVV,RESULT,N,Clay and mud,Red,SB,Surface,RED TOP/WHITE CLAY UNDER 
1997-10-06 00:00:00,0.0,2.0,BPTCP,1797,21403,MVV,RESULT,N,Mud,NR,SB,Surface,"FINE, ORGANIC DEBRIS "
1997-10-06 00:00:00,0.0,2.0,BPTCP,1798,21404,MVV,RESULT,N,Soft mud,NR,SB,Surface,CREAMY 
1997-12-03 00:00:00,0.0,2.0,BPTCP,1799,21401,MVV,RESULT,N,Mud,NR,BI,Surface,"FINE YELLOW, HARD LAY @8C "
1992-07-31 00:00:00,0.0,2.0,BPTCP,18,40006_Rep3,MVV,FR,N,Sand,NR,SBI,Surface,"sandy, pine needles "
1992-10-13 00:00:00,0.0,2.0,BPTCP,180,90031,MVV,RESULT,N,Mud,NR,SB,Surface,GOOEY MUD 
1997-12-03 00:00:00,0.0,2.0,BPTCP,1800,21402,MVV,RESULT,N,Mud,NR,BI,Surface,"FINE, MANY LAYERS OF STUF "
1997-12-03 00:00:00,0.0,2.0,BPTCP,1801,21404,MVV,RESULT,N,Soft mud,NR,BI,Surface,CREAMY 
1997-05-23 00:00:00,-99.0,-99.0,BPTCP,1805.2,01,MVV,RESULT,Y,NR,NR,T,NA,
1997-05-23 00:00:00,-99.0,-99.0,BPTCP,1805.3,01,MVV,RESULT,Y,NR,NR,T,NA,
1997-06-17 00:00:00,-99.0,-99.0,BPTCP,1806.2,01,MVV,RESULT,Y,NR,NR,T,NA,
1997-06-17 00:00:00,-99.0,-99.0,BPTCP,1806.3,01,MVV,RESULT,Y,NR,NR,T,NA,
1993-01-26 00:00:00,0.0,2.0,BPTCP,181,90032,MVV,RESULT,N,Soft mud,NR,SB,Surface,SOFT MUD 
1992-10-14 00:00:00,0.0,2.0,BPTCP,185,90036,MVV,RESULT,N,Mud,NR,SB,Surface,GRITTY MUD 
1993-01-26 00:00:00,0.0,2.0,BPTCP,186,90037,MVV,RESULT,N,Soft mud,NR,SB,Surface,SOFT MUD 
1992-10-13 00:00:00,0.0,2.0,BPTCP,187,90038,MVV,RESULT,N,NR,NR,SB,Surface,SOUPY 
1993-01-26 00:00:00,0.0,2.0,BPTCP,188,90039,MVV,RESULT,N,Soft mud,NR,SB,Surface,"SOFT MUD, LEAF LITTER "
1993-01-27 00:00:00,0.0,2.0,BPTCP,189,90040,MVV,RESULT,N,Sand,NR,SB,Surface,SANDY 
1992-09-01 00:00:00,0.0,2.0,BPTCP,19,40007_Rep1,MVV,RESULT,N,Mud,NR,SBI,Surface,regular mud 
1993-01-27 00:00:00,0.0,2.0,BPTCP,190,90041,MVV,RESULT,N,Sand,NR,SB,Surface,"SANDY,GRITTY "
1993-01-26 00:00:00,0.0,2.0,BPTCP,192,90043,MVV,RESULT,N,Sand,NR,SB,Surface,"A LITTLE SANDY,CLUMPY "
1992-10-28 00:00:00,0.0,2.0,BPTCP,197,90048,MVV,RESULT,N,NR,NR,SB,Surface,SLIMY 
1992-10-27 00:00:00,0.0,2.0,BPTCP,198,90049,MVV,RESULT,N,Mud and Sand,NR,SB,Surface,"GRITTY,ABYSSAL THREADS "
1992-11-11 00:00:00,0.0,2.0,BPTCP,199,90050,MVV,RESULT,N,Mud,NR,SB,Surface,FINE MUD 
1992-07-29 00:00:00,0.0,2.0,BPTCP,2,40001_Rep2,MVV,FR,N,Clay,NR,SBI,Surface,"clay, RPD 1cm "
1992-09-01 00:00:00,0.0,2.0,BPTCP,20,40007_Rep2,MVV,FR,N,Mud,NR,SBI,Surface,gooey mud 
1992-10-28 00:00:00,0.0,2.0,BPTCP,200,90051,MVV,RESULT,N,Mud,NR,SB,Surface,FINE 
1992-10-28 00:00:00,0.0,2.0,BPTCP,201,90052,MVV,RESULT,N,Mud,NR,SB,Surface,FINE 
1992-10-14 00:00:00,0.0,2.0,BPTCP,202,90053,MVV,RESULT,N,Mud,Brown,SB,Surface,BROWN RUNNY MUD 
1992-10-14 00:00:00,0.0,2.0,BPTCP,203,90054,MVV,RESULT,N,Silt,NR,SB,Surface,SILTY 
1992-11-11 00:00:00,0.0,2.0,BPTCP,204,90055,MVV,RESULT,N,Mud,NR,SB,Surface,FINE 
1992-10-27 00:00:00,0.0,2.0,BPTCP,205,90056,MVV,RESULT,N,Sand,NR,SB,Surface,SANDY 
1993-01-27 00:00:00,0.0,2.0,BPTCP,206,90057,MVV,RESULT,N,Soft mud,NR,SB,Surface,SOFT MUD WITH CHUNKS 
1993-01-27 00:00:00,0.0,2.0,BPTCP,207,90058,MVV,RESULT,N,Sand,NR,SB,Surface,"SANDY,GRITTY "
1992-09-01 00:00:00,0.0,2.0,BPTCP,21,40007_Rep3,MVV,FR,N,Mud,NR,SBI,Surface,gooey mud 
1992-10-27 00:00:00,0.0,2.0,BPTCP,212,90063,MVV,RESULT,N,Mud and Sand,NR,SB,Surface,"STICKY, SANDY "
1992-08-18 00:00:00,0.0,2.0,BPTCP,22,40008_Rep1,MVV,RESULT,N,Soft mud,Brown,SBI,Surface,soft dark brown mud 
1992-10-13 00:00:00,0.0,2.0,BPTCP,220,90071,MVV,RESULT,N,Sandy Clay,NR,SB,Surface,"SANDY MUD,CLAY UNDERLYING "
1992-08-18 00:00:00,0.0,2.0,BPTCP,23,40008_Rep2,MVV,FR,N,Mud,Brown,SBI,Surface,gray-brown mud 
1992-08-18 00:00:00,0.0,2.0,BPTCP,24,40008_Rep3,MVV,FR,N,Clay and mud,NR,SBI,Surface,"Gray-brn mud,some clay "
1992-08-18 00:00:00,0.0,2.0,BPTCP,25,40009_Rep1,MVV,RESULT,N,Sandy Clay,NR,SBI,Surface,"clayey-sand,dark brn sand "
1992-10-13 00:00:00,0.0,2.0,BPTCP,250,90101,MVV,RESULT,N,Mud and Sand,NR,SB,Surface,"GRITTY, A LITTLE SANDY "
1992-10-09 00:00:00,0.0,2.0,BPTCP,251,31001,MVV,RESULT,N,Clay and mud,NR,SB,Surface,FINE MUD AND CLAY 
1992-10-23 00:00:00,0.0,2.0,BPTCP,254,31002,MVV,RESULT,N,NR,NR,SB,Surface,
1992-11-11 00:00:00,0.0,2.0,BPTCP,256,90102,MVV,RESULT,N,Mud and Sand,NR,SB,Surface,LITTLE SANDY 
1992-11-11 00:00:00,0.0,2.0,BPTCP,257,90103,MVV,RESULT,N,Sand,NR,SB,Surface,SANDY 
1992-11-08 00:00:00,0.0,2.0,BPTCP,258,31003,MVV,RESULT,N,Mud,NR,SB,Surface,FINE MUD 
1992-08-18 00:00:00,0.0,2.0,BPTCP,26,40009_Rep2,MVV,FR,N,Clay and mud,Brown,SBI,Surface,dark brown clayey mud 
1992-08-18 00:00:00,0.0,2.0,BPTCP,27,40009_Rep3,MVV,FR,N,Clay and mud,Brown,SBI,Surface,dark brown clayey mud 
1993-01-26 00:00:00,0.0,2.0,BPTCP,275,90104,MVV,RESULT,N,Sand/Silt,NR,SB,Surface,"SOFT ON TOP,SANDY BELOW "
1992-08-18 00:00:00,0.0,2.0,BPTCP,28,40010_Rep1,MVV,RESULT,N,Soft mud,Brown,SBI,Surface,soft brown mud 
1992-10-01 00:00:00,-99.0,-99.0,BPTCP,280,30007,SEINE,RESULT,Y,NR,NR,T,NA,
1992-10-01 00:00:00,-99.0,-99.0,BPTCP,281,30006,SEINE,RESULT,Y,NR,NR,T,NA,
1992-10-01 00:00:00,-99.0,-99.0,BPTCP,282,30006,SEINE,RESULT,Y,NR,NR,T,NA,
1992-10-05 00:00:00,-99.0,-99.0,BPTCP,283,44016,SEINE,RESULT,Y,NR,NR,T,NA,
1992-10-05 00:00:00,-99.0,-99.0,BPTCP,284,44016,SEINE,RESULT,Y,NR,NR,T,NA,
1992-10-06 00:00:00,-99.0,-99.0,BPTCP,285,82017,SEINE,RESULT,Y,NR,NR,T,NA,
1992-10-06 00:00:00,-99.0,-99.0,BPTCP,286,90057,SEINE,RESULT,Y,NR,NR,T,NA,
1992-10-06 00:00:00,-99.0,-99.0,BPTCP,287,90057,SEINE,RESULT,Y,NR,NR,T,NA,
1992-08-18 00:00:00,0.0,2.0,BPTCP,29,40010_Rep2,MVV,FR,N,Soft mud,Brown,SBI,Surface,soft brown mud 
1992-07-29 00:00:00,0.0,2.0,BPTCP,3,40001_Rep3,MVV,FR,N,Soft mud,NR,SBI,Surface,"very soft sed, RPD 2cm "
1992-08-18 00:00:00,0.0,2.0,BPTCP,30,40010_Rep3,MVV,FR,N,Soft clays and silts,Brown,SBI,Surface,"soft brown mud, some clay "
1992-11-30 00:00:00,0.0,2.0,BPTCP,304,10004,MVV,RESULT,N,Clay and mud,NR,SB,Surface,"GREY, SOME CLAY "
1993-02-25 00:00:00,0.0,2.0,BPTCP,305,10005,MVV,RESULT,N,Sand,NR,SB,Surface,SANDY W/UPPER MUD LAYER 
1993-02-25 00:00:00,0.0,2.0,BPTCP,306,10006,MVV,RESULT,N,Clay and mud,NR,SB,Surface,"GOOEY, VERY FINE "
1993-02-25 00:00:00,0.0,2.0,BPTCP,307,10007,MVV,RESULT,N,Fine Silt with Shell,NR,SB,Surface,"VERY FINE GRAIN,SHELL DEB "
1992-09-01 00:00:00,0.0,2.0,BPTCP,31,40011_Rep1,MVV,RESULT,N,Mud,Brown,SBI,Surface,"muddy, brown "
1992-11-30 00:00:00,0.0,2.0,BPTCP,315,10015,MVV,RESULT,N,Silt and Mud,NR,SB,Surface,MEDIUM TEXTURE 
1992-11-30 00:00:00,0.0,2.0,BPTCP,316,10016,MVV,RESULT,N,Mud and Sand,NR,SB,Surface,"FINE,GRITY,STICKY "
1992-11-29 00:00:00,0.0,2.0,BPTCP,317,10017,MVV,RESULT,N,NR,NR,SB,Surface,FIRM 
1992-11-29 00:00:00,0.0,2.0,BPTCP,318,10018,MVV,RESULT,N,Mud,NR,SB,Surface,MUD 
1992-11-29 00:00:00,0.0,2.0,BPTCP,319,10019,MVV,RESULT,N,Mud,NR,SB,Surface,FINE MUD 
1992-09-01 00:00:00,0.0,2.0,BPTCP,32,40011_Rep2,MVV,FR,N,Mud,NR,SBI,Surface,muddy 
1992-11-29 00:00:00,0.0,2.0,BPTCP,320,10020,MVV,RESULT,N,Mud,NR,SB,Surface,FINE 
1992-11-29 00:00:00,0.0,2.0,BPTCP,321,10021,MVV,RESULT,N,Fine Sand,NR,SB,Surface,FINE SAND 
1992-11-29 00:00:00,0.0,2.0,BPTCP,322,14001,MVV,RESULT,N,Soft mud,NR,SB,Surface,SOFT 
1992-11-29 00:00:00,0.0,2.0,BPTCP,323,10023,MVV,RESULT,N,Sand,NR,SB,Surface,SANDY 
1992-11-29 00:00:00,0.0,2.0,BPTCP,324,10024,MVV,RESULT,N,Silt and Mud,NR,SB,Surface,MEDIUM FINE 
1992-11-29 00:00:00,0.0,2.0,BPTCP,325,10025,MVV,RESULT,N,Silt,NR,SB,Surface,"FINE,SILTY "
1993-02-25 00:00:00,0.0,2.0,BPTCP,328,10028,MVV,RESULT,N,Silt and Mud,NR,SB,Surface,MEDIUM FINE 
1993-02-25 00:00:00,0.0,2.0,BPTCP,329,10029,MVV,RESULT,N,Soft mud,NR,SB,Surface,"SOFT,LOW WATER CONTENT "
1992-09-01 00:00:00,0.0,2.0,BPTCP,33,40011_Rep3,MVV,FR,N,Mud,NR,SBI,Surface,muddy 
1993-02-25 00:00:00,0.0,2.0,BPTCP,330,10030,MVV,RESULT,N,NR,NR,SB,Surface,COW PIE FIBERS PRESENT 
1993-02-26 00:00:00,0.0,2.0,BPTCP,331,10031,MVV,RESULT,N,Sand,NR,SB,Surface,SANDY 
1993-02-26 00:00:00,0.0,2.0,BPTCP,332,10032,MVV,RESULT,N,Sand,NR,SB,Surface,SANDY 
1992-11-30 00:00:00,0.0,2.0,BPTCP,336,10036,MVV,RESULT,N,Fine Sand,NR,SB,Surface,"MEDIUM TEXTURE,FINE SAND "
1992-11-30 00:00:00,0.0,2.0,BPTCP,337,10037_ElkRef_Leg8,MVV,REF,N,NR,NR,SB,Surface,"MIXED GRADATION,TIGHT "
1992-11-30 00:00:00,0.0,2.0,BPTCP,338,14004,MVV,RESULT,N,Fine Sand,NR,SB,Surface,"FINE,SANDY "
1993-02-25 00:00:00,0.0,2.0,BPTCP,339,10039,MVV,RESULT,N,Sand,NR,SB,Surface,SANDY 
1992-08-18 00:00:00,0.0,2.0,BPTCP,34,40012_Rep1,MVV,RESULT,N,Soft mud,NR,SBI,Surface,"gray-brn soft mud,blk bot "
1993-02-26 00:00:00,0.0,2.0,BPTCP,340,10040,MVV,RESULT,N,Clay,NR,SB,Surface,CLAYEY 
1993-02-25 00:00:00,0.0,2.0,BPTCP,341,10041,MVV,RESULT,N,Mud,NR,SB,Surface,"MUDDY,1 CM OXIC LAYER "
1992-08-18 00:00:00,0.0,2.0,BPTCP,35,40012_Rep2,MVV,FR,N,Soft mud,NR,SBI,Surface,"med brn soft mud,blk bott "
1992-11-27 00:00:00,0.0,2.0,BPTCP,351,31002,MVV,RESULT,N,Clay and mud,NR,SB,Surface,CLAY-MUD 
1993-02-23 00:00:00,0.0,2.0,BPTCP,352,31002,MVV,RESULT,N,Mud and Sand,NR,SB,Surface,SANDY MUD 
1992-08-18 00:00:00,0.0,2.0,BPTCP,36,40012_Rep3,MVV,FR,N,Soft mud,Brown,SBI,Surface,"soft brown mud,dark below "
1992-09-02 00:00:00,0.0,2.0,BPTCP,37,40013_Rep1,MVV,RESULT,N,NR,NR,SBI,Surface,shallow gooey oxic layer 
1992-09-02 00:00:00,0.0,2.0,BPTCP,38,40013_Rep2,MVV,FR,N,NR,NR,SBI,Surface,gooey oxic layer 
1992-09-02 00:00:00,0.0,2.0,BPTCP,39,40013_Rep3,MVV,FR,N,NR,NR,SBI,Surface,gooey oxic layer 
1992-07-30 00:00:00,0.0,2.0,BPTCP,4,40002_Rep1,MVV,RESULT,N,Sand,NR,SBI,Surface,sandy 
1992-09-02 00:00:00,0.0,2.0,BPTCP,40,40014_Rep1,MVV,RESULT,N,Mud,NR,SBI,Surface,creamy mud 
1992-12-11 00:00:00,0.0,2.0,BPTCP,401,82001,MVV,RESULT,N,Mud,NR,SB,Surface,"MUDDY,ORGANIC MATERIAL "
1992-12-11 00:00:00,0.0,2.0,BPTCP,402,82002,MVV,RESULT,N,Soft mud,NR,SB,Surface,"VERY SOFT,4 CM OXIC LAYER "
1992-12-11 00:00:00,0.0,2.0,BPTCP,403,82003,MVV,RESULT,N,Mud and Sand,NR,SB,Surface,GRITTY 
1992-12-10 00:00:00,0.0,2.0,BPTCP,404,82004,MVV,RESULT,N,Mud and Sand,NR,SB,Surface,SANDY MUD 
1992-12-10 00:00:00,0.0,2.0,BPTCP,405,82005,MVV,RESULT,N,Mud,NR,SB,Surface,FINE 
1992-12-10 00:00:00,0.0,2.0,BPTCP,406,82006,MVV,RESULT,N,Mud,NR,SB,Surface,FINE 
1992-12-10 00:00:00,0.0,2.0,BPTCP,409,82009,MVV,RESULT,N,Mud,NR,SB,Surface,FINE 
1992-09-02 00:00:00,0.0,2.0,BPTCP,41,40014_Rep2,MVV,FR,N,NR,NR,SBI,Surface,little oxic layer 
1992-09-02 00:00:00,0.0,2.0,BPTCP,42,40014_Rep3,MVV,FR,N,NR,NR,SBI,Surface,little oxic layer 
1992-12-11 00:00:00,0.0,2.0,BPTCP,420,82020,MVV,RESULT,N,Mud and Sand,NR,SB,Surface,"GRITY,FINE "
1992-12-11 00:00:00,0.0,2.0,BPTCP,421,82021,MVV,RESULT,N,Sand,NR,SB,Surface,SANDY 
1992-12-11 00:00:00,0.0,2.0,BPTCP,422,82022,MVV,RESULT,N,Mud and Sand,NR,SB,Surface,"GRITTY,FINE,3 CM OXIC "
1992-12-11 00:00:00,0.0,2.0,BPTCP,423,82023,MVV,RESULT,N,NR,NR,SB,Surface,"CLUMPY,THICK OXIC LAYER "
1992-12-10 00:00:00,0.0,2.0,BPTCP,424,82024,MVV,RESULT,N,Mud and Sand,NR,SB,Surface,"SANDY MUD,HARD PACKED "
1992-08-19 00:00:00,0.0,2.0,BPTCP,43,40015_Rep1,MVV,RESULT,N,Soft mud,Brown,SBI,Surface,very soft dark brown mud 
1992-12-10 00:00:00,0.0,2.0,BPTCP,430,82030,MVV,RESULT,N,Mud and Sand,NR,SB,Surface,SOUPY WITH SANDY 
1992-12-10 00:00:00,0.0,2.0,BPTCP,439,82039,MVV,RESULT,N,NR,NR,SB,Surface,.LUMPY 
1992-08-19 00:00:00,0.0,2.0,BPTCP,44,40015_Rep2,MVV,FR,N,Soft mud,Brown,SBI,Surface,very soft med brown mud 
1992-12-11 00:00:00,0.0,2.0,BPTCP,440,82040,MVV,RESULT,N,Mud,NR,SB,Surface,MUDDY 
1992-08-19 00:00:00,0.0,2.0,BPTCP,45,40015_Rep3,MVV,FR,N,Soft mud,Brown,SBI,Surface,very soft med brown mud 
1992-12-08 00:00:00,0.0,2.0,BPTCP,451,31003,MVV,RESULT,N,Clay,NR,SB,Surface,"HARD PACK,THICK CLAY "
1992-08-18 00:00:00,0.0,2.0,BPTCP,46,40016_Rep1,MVV,RESULT,N,Clay and mud,Brown,SBI,Surface,"clay brown mud,1rep=gooie "
1992-08-18 00:00:00,0.0,2.0,BPTCP,47,40016_Rep2,MVV,FR,N,Sandy Clay,Brown,SBI,Surface,"clayey-sand,dark brown "
1992-08-18 00:00:00,0.0,2.0,BPTCP,48,40016_Rep3,MVV,FR,N,Soft mud,Brown,SBI,Surface,soft fine brown mud 
1992-09-02 00:00:00,0.0,2.0,BPTCP,49,40017_Rep1,MVV,RESULT,N,Mud,NR,SBI,Surface,sticky mud 
1992-07-30 00:00:00,0.0,2.0,BPTCP,5,40002_Rep2,MVV,FR,N,Mud and Sand,NR,SBI,Surface,sandy mud 
1992-09-02 00:00:00,0.0,2.0,BPTCP,50,40017_Rep2,MVV,FR,N,Mud,NR,SBI,Surface,sticky mud 
1992-12-21 00:00:00,0.0,2.0,BPTCP,501,30001,MVV,RESULT,N,Mud and Sand,NR,SB,Surface,"FINE,SOME SAND "
1992-12-21 00:00:00,0.0,2.0,BPTCP,502,30002,MVV,RESULT,N,Mud,NR,SB,Surface,"GRITTY,FINE MUD "
1993-02-10 00:00:00,0.0,2.0,BPTCP,503,30003,MVV,RESULT,N,Mud,Brown,SB,Surface,FINE BROWN MUD 
1992-12-21 00:00:00,0.0,2.0,BPTCP,504,30004,MVV,RESULT,N,NR,NR,SB,Surface,CALM 
1992-12-21 00:00:00,0.0,2.0,BPTCP,505,30005,MVV,RESULT,N,Mud,NR,SB,Surface,FINE MUD 
1992-12-21 00:00:00,0.0,2.0,BPTCP,506,30006,MVV,RESULT,N,Mud and Sand,NR,SB,Surface,GRITTY 
1992-12-21 00:00:00,0.0,2.0,BPTCP,507,30007,MVV,RESULT,N,Mud,NR,SB,Surface,FINE MUD 
1993-02-09 00:00:00,0.0,2.0,BPTCP,508,30008,MVV,RESULT,N,Sand,NR,SB,Surface,SANDY 
1993-02-10 00:00:00,0.0,2.0,BPTCP,509,30009,MVV,RESULT,N,Clay and mud,NR,SB,Surface,CLAY AND MUD 
1992-09-02 00:00:00,0.0,2.0,BPTCP,51,40017_Rep3,MVV,FR,N,Mud,NR,SBI,Surface,gooey mud 
1993-02-10 00:00:00,0.0,2.0,BPTCP,510,30010,MVV,RESULT,N,Soft mud,NR,SB,Surface,SOFT FINE MUD 
1992-12-21 00:00:00,0.0,2.0,BPTCP,511,30011,MVV,RESULT,N,Mud and Sand,NR,SB,Surface,"GOOEY,GRITTY "
1992-12-21 00:00:00,0.0,2.0,BPTCP,512,30012,MVV,RESULT,N,Mud and Sand,NR,SB,Surface,SANDY MUD 
1992-12-21 00:00:00,0.0,2.0,BPTCP,513,30013,MVV,RESULT,N,Mud and Sand,NR,SB,Surface,SANDY MUD 
1992-12-21 00:00:00,0.0,2.0,BPTCP,514,30014,MVV,RESULT,N,Sand,NR,SB,Surface,VERY SANDY 
1992-12-22 00:00:00,0.0,2.0,BPTCP,519,30019,MVV,RESULT,N,Mud,NR,SB,Surface,FINE MUD 
1992-09-02 00:00:00,0.0,2.0,BPTCP,52,40018_Rep1,MVV,RESULT,N,Mud,NR,SBI,Surface,gooey mud 
1993-02-09 00:00:00,0.0,2.0,BPTCP,520,30020,MVV,RESULT,N,Sand,NR,SB,Surface,LAYER OF FINE MUD ON SAND 
1993-02-11 00:00:00,0.0,2.0,BPTCP,521,30021,MVV,RESULT,N,Mud and Sand,NR,SB,Surface,SANDY MUD 
1992-12-21 00:00:00,0.0,2.0,BPTCP,522,30022,MVV,RESULT,N,Sand,NR,SB,Surface,SANDY 
1992-12-22 00:00:00,0.0,2.0,BPTCP,523,30023,MVV,RESULT,N,Mud and Sand,NR,SB,Surface,SANDY MUD 
1993-02-09 00:00:00,0.0,2.0,BPTCP,524,30024,MVV,RESULT,N,Sand,NR,SB,Surface,SANDY 
1993-02-09 00:00:00,0.0,2.0,BPTCP,525,30025,MVV,RESULT,N,Soft mud,Brown,SB,Surface,SOFT BROWN MUD 
1992-12-18 00:00:00,0.0,2.0,BPTCP,526,30026,MVV,RESULT,N,Mud and Sand,NR,SB,Surface,SANDY MUD 
1992-12-21 00:00:00,0.0,2.0,BPTCP,527,30027,MVV,RESULT,N,Mud and Sand,NR,SB,Surface,SANDY MUD 
1992-12-18 00:00:00,0.0,2.0,BPTCP,528,30028,MVV,RESULT,N,Mud and Sand,NR,SB,Surface,SANDY MUD 
1992-09-02 00:00:00,0.0,2.0,BPTCP,53,40018_Rep2,MVV,FR,N,NR,NR,SBI,Surface,thick oxic layer 
1993-02-09 00:00:00,0.0,2.0,BPTCP,530,30029,MVV,RESULT,N,Mud and Sand,Brown,SB,Surface,BROWN SANDY MUD 
1993-02-11 00:00:00,0.0,2.0,BPTCP,531,30030,MVV,RESULT,N,Sand,NR,SB,Surface,LIGHT SILTY MUD OVER SAND 
1993-02-10 00:00:00,0.0,2.0,BPTCP,532,30031,MVV,RESULT,N,Mud,NR,SB,Surface,FINE MUD 
1993-02-10 00:00:00,0.0,2.0,BPTCP,533,30032,MVV,RESULT,N,Sandy Clay,NR,SB,Surface,"CLAY-LIKE,SANDY DRY MUD "
1993-02-09 00:00:00,0.0,2.0,BPTCP,534,30033,MVV,RESULT,N,Mud and Sand,Brown,SB,Surface,BROWN SANDY MUD 
1992-09-02 00:00:00,0.0,2.0,BPTCP,54,40018_Rep3,MVV,FR,N,NR,NR,SBI,Surface,thick oxic layer 
1992-08-19 00:00:00,0.0,2.0,BPTCP,55,40019_Rep1,MVV,RESULT,N,Soft mud,Brown,SBI,Surface,very soft brown-black mud 
1992-08-19 00:00:00,0.0,2.0,BPTCP,56,40019_Rep2,MVV,FR,N,Mud,Brown,SBI,Surface,brown-black soft mud 
1992-08-19 00:00:00,0.0,2.0,BPTCP,57,40019_Rep3,MVV,FR,N,Soft mud,Brown,SBI,Surface,soft black brown mud 
1992-09-02 00:00:00,0.0,2.0,BPTCP,58,40020_Rep1,MVV,RESULT,N,Sand,NR,SBI,Surface,sandy 
1992-09-02 00:00:00,0.0,2.0,BPTCP,59,40020_Rep2,MVV,FR,N,Sand,NR,SBI,Surface,sandy 
1992-07-30 00:00:00,0.0,2.0,BPTCP,6,40002_Rep3,MVV,FR,N,Mud,NR,SBI,Surface,runny mud 
1992-09-02 00:00:00,0.0,2.0,BPTCP,60,40020_Rep3,MVV,FR,N,Sand,NR,SBI,Surface,sandy 
1992-09-16 00:00:00,0.0,2.0,BPTCP,61,40021_Rep1,MVV,RESULT,N,Silt,NR,SBI,Surface,"fine slit,few leaves "
1993-01-14 00:00:00,0.0,2.0,BPTCP,611,44011,MVV,RESULT,N,Mud and Sand,Brown,SB,Surface,SANDY BROWN MUD 
1993-01-13 00:00:00,0.0,2.0,BPTCP,612,44012,MVV,RESULT,N,Mud,Brown,SB,Surface,FINE DARK BROWN MUD 
1993-01-12 00:00:00,0.0,2.0,BPTCP,613,44013,MVV,RESULT,N,Mud and Sand,NR,SB,Surface,"SANDY MUD,THICK OXIC "
1993-01-14 00:00:00,0.0,2.0,BPTCP,614,44014,MVV,RESULT,N,Soft mud,Brown,SB,Surface,SOFT BROWN MUD 
1993-01-12 00:00:00,0.0,2.0,BPTCP,616,44016,MVV,RESULT,N,Mud,Brown,SB,Surface,"BROWN, FLUFFY MUD "
1993-01-14 00:00:00,0.0,2.0,BPTCP,617,44017,MVV,RESULT,N,Soft mud,Black,SB,Surface,SOFT BLACK MUD 
1993-01-13 00:00:00,0.0,2.0,BPTCP,618,44018,MVV,RESULT,N,Mud,NR,SB,Surface,"THICK OXIC, FINE BRN. MUD "
1992-09-16 00:00:00,0.0,2.0,BPTCP,62,40021_Rep2,MVV,FR,N,NR,NR,SBI,Surface,
1993-01-14 00:00:00,0.0,2.0,BPTCP,620,44020,MVV,RESULT,N,Soft mud,Black,SB,Surface,SOFT BLACK MUD 
1993-01-13 00:00:00,0.0,2.0,BPTCP,621,44021,MVV,RESULT,N,Soft mud,Brown,SB,Surface,SOFT BROWN MUD 
1993-02-10 00:00:00,0.0,2.0,BPTCP,622,44022,MVV,RESULT,N,Mud and Sand,NR,SB,Surface,"SAND, FINE MUD "
1993-01-13 00:00:00,0.0,2.0,BPTCP,623,44023,MVV,RESULT,N,Mud,NR,SB,Surface,"THICK OXIC, FINE BRN. MUD "
1993-01-14 00:00:00,0.0,2.0,BPTCP,624,44024,MVV,RESULT,N,Soft mud,Black,SB,Surface,SOFT BLACK MUD 
1993-02-10 00:00:00,0.0,2.0,BPTCP,625,44025,MVV,RESULT,N,Mud and Sand,NR,SB,Surface,SANDY FINE MUD 
1993-01-14 00:00:00,0.0,2.0,BPTCP,626,44026,MVV,RESULT,N,Mud,Black,SB,Surface,FINE BLACK MUD 
1993-01-13 00:00:00,0.0,2.0,BPTCP,627,44027,MVV,RESULT,N,NR,Black,SB,Surface,"THIN OXIC,BLACK UNDER "
1992-09-16 00:00:00,0.0,2.0,BPTCP,63,40021_Rep3,MVV,FR,N,NR,NR,SBI,Surface,
1992-09-15 00:00:00,0.0,2.0,BPTCP,64,40022_Rep1,MVV,RESULT,N,Clay and mud,NR,SBI,Surface,mud and clay 
1992-09-15 00:00:00,0.0,2.0,BPTCP,65,40022_Rep2,MVV,FR,N,Clay and mud,NR,SBI,Surface,"mud,clay "
1993-01-12 00:00:00,0.0,2.0,BPTCP,651,44050,MVV,RESULT,N,Soft mud,Brown,SB,Surface,SOFT BROWN MUD 
1993-01-12 00:00:00,0.0,2.0,BPTCP,652,44051,MVV,RESULT,N,Soft mud,NR,SB,Surface,"SOFT MUD,THIN OXIC LAYER "
1993-01-12 00:00:00,0.0,2.0,BPTCP,653,44052,MVV,RESULT,N,NR,Black,SB,Surface,"THIN OXIC, BLACK UNDER "
1993-01-12 00:00:00,0.0,2.0,BPTCP,654,44053,MVV,RESULT,N,Clay and mud,NR,SB,Surface,"FINE MUD, CLAY UNDER "
1993-01-12 00:00:00,0.0,2.0,BPTCP,655,44054,MVV,RESULT,N,Mud,Black,SB,Surface,FINE BLACK MUD 
1992-09-15 00:00:00,0.0,2.0,BPTCP,66,40022_Rep3,MVV,FR,N,Clay and mud,NR,SBI,Surface,mud and clay 
1992-09-16 00:00:00,0.0,2.0,BPTCP,67,40023_Rep1,MVV,RESULT,N,Sand/Silt,NR,SBI,Surface,"sand, silt "
1993-01-14 00:00:00,0.0,2.0,BPTCP,675,31002,MVV,RESULT,N,NR,NR,SB,Surface,
1992-09-16 00:00:00,0.0,2.0,BPTCP,68,40023_Rep2,MVV,FR,N,NR,NR,SBI,Surface,
1992-09-16 00:00:00,0.0,2.0,BPTCP,69,40023_Rep3,MVV,FR,N,"Clay, Silt and Mud",NR,SBI,Surface,silty mud 
1992-07-31 00:00:00,0.0,2.0,BPTCP,7,40003_Rep1,MVV,RESULT,N,Sand,NR,SBI,Surface,sandy 
1993-03-23 00:00:00,0.0,2.0,BPTCP,700,93105,MVV,RESULT,N,Mud and Sand,NR,SB,Surface,CREAMY W/ SOME GRIT 
1993-03-23 00:00:00,0.0,2.0,BPTCP,701,93106,MVV,RESULT,N,Mud,NR,SB,Surface,FINE W/ PLANT MATTER 
1993-03-23 00:00:00,0.0,2.0,BPTCP,702,93107,MVV,RESULT,N,Mud,NR,SB,Surface,FINE CREAMY MUD 
1993-03-23 00:00:00,0.0,2.0,BPTCP,703,93108,MVV,RESULT,N,Mud,NR,SB,Surface,CREAMY MUD 
1993-03-23 00:00:00,0.0,2.0,BPTCP,704,93109,MVV,RESULT,N,Mud and Sand,NR,SB,Surface,SLIGHTLY GRITTY MUD 
1993-03-23 00:00:00,0.0,2.0,BPTCP,705,93110,MVV,RESULT,N,Sand,NR,SB,Surface,SANDY 
1993-03-24 00:00:00,0.0,2.0,BPTCP,706,93111,MVV,RESULT,N,Mud and Sand,NR,SB,Surface,SLIGHTLY SANDY 
1993-03-23 00:00:00,0.0,2.0,BPTCP,707,93112,MVV,RESULT,N,Mud,NR,SB,Surface,GRITTY MUD 
1993-03-23 00:00:00,0.0,2.0,BPTCP,708,93113,MVV,RESULT,N,Sand,NR,SB,Surface,SANDY 
1993-03-23 00:00:00,0.0,2.0,BPTCP,709,93114,MVV,RESULT,N,Mud and Sand,NR,SB,Surface,SLIGHTLY SANDY 
1993-03-23 00:00:00,0.0,2.0,BPTCP,710,93115,MVV,RESULT,N,Mud and Sand,NR,SB,Surface,SLIGHTLY SANDY 
1993-03-23 00:00:00,0.0,2.0,BPTCP,711,93116,MVV,RESULT,N,Mud,NR,SB,Surface,FINE CREAMY MUD 
1993-03-23 00:00:00,0.0,2.0,BPTCP,712,93117,MVV,RESULT,N,Mud,NR,SB,Surface,FINE CREAMY MUD 
1993-03-25 00:00:00,0.0,2.0,BPTCP,713,93118,MVV,RESULT,N,Sand,NR,SB,Surface,"SANDY, CLAYEY "
1993-03-25 00:00:00,0.0,2.0,BPTCP,714,93119,MVV,RESULT,N,Sand,NR,SB,Surface,"SANDY, CLAYEY "
1993-03-25 00:00:00,0.0,2.0,BPTCP,715,93120,MVV,RESULT,N,Mud and Sand,NR,SB,Surface,"GRITTY MUD, SLIGHT SAND "
1993-03-25 00:00:00,0.0,2.0,BPTCP,716,93121,MVV,RESULT,N,Mud and Sand,NR,SB,Surface,SANDY MUD 
1993-03-24 00:00:00,0.0,2.0,BPTCP,719,90002,MVV,RESULT,N,Mud and Sand,NR,SB,Surface,GRITTY 
1993-03-24 00:00:00,0.0,2.0,BPTCP,720,90037,MVV,RESULT,N,Soft mud,NR,SB,Surface,SOFT CREAMY MUD 
1993-03-24 00:00:00,0.0,2.0,BPTCP,721,90015,MVV,RESULT,N,Fine Sand with Mud,NR,SB,Surface,SLIGHTLY GRAINY 
1993-03-24 00:00:00,0.0,2.0,BPTCP,722,90012,MVV,RESULT,N,Soft mud,NR,SB,Surface,SOFT CREAMY MUD 
1993-03-24 00:00:00,0.0,2.0,BPTCP,723,90057,MVV,RESULT,N,Mud,NR,SB,Surface,CREAMY MUD 
1993-03-24 00:00:00,0.0,2.0,BPTCP,724,90052,MVV,RESULT,N,Soft mud,Brown,SB,Surface,SOFT LIGHT BROWN MUD 
1993-04-07 00:00:00,0.0,2.0,BPTCP,725,93122,MVV,RESULT,N,Mud and Sand,NR,SB,Surface,CLUMPY MUD W/SAND 
1993-04-07 00:00:00,0.0,2.0,BPTCP,726,93123,MVV,RESULT,N,Sand,NR,SB,Surface,SANDY 
1993-04-07 00:00:00,0.0,2.0,BPTCP,727,93124,MVV,RESULT,N,Soft mud,NR,SB,Surface,"SOFT MUD, FINE "
1993-04-07 00:00:00,0.0,2.0,BPTCP,728,93125,MVV,RESULT,N,Sand,NR,SB,Surface,SANDY 
1993-04-06 00:00:00,0.0,2.0,BPTCP,729,93126,MVV,RESULT,N,Sand,NR,SB,Surface,SANDY 
1992-08-19 00:00:00,0.0,2.0,BPTCP,73,40030_Rep1,MVV,RESULT,N,Mud,Brown,SB,Surface,silty dark brown mud 
1993-04-06 00:00:00,0.0,2.0,BPTCP,730,93127,MVV,RESULT,N,Sand,NR,SB,Surface,SANDY 
1993-04-07 00:00:00,0.0,2.0,BPTCP,731,90006,MVV,RESULT,N,Sand,NR,SB,Surface,SANDY 
1993-04-06 00:00:00,0.0,2.0,BPTCP,732,93129,MVV,RESULT,N,Sand,NR,SB,Surface,SANDY 
1993-04-06 00:00:00,0.0,2.0,BPTCP,733,90014,MVV,RESULT,N,Sand,NR,SB,Surface,SANDY 
1993-04-06 00:00:00,0.0,2.0,BPTCP,734,93131,MVV,RESULT,N,Mud and Sand,NR,SB,Surface,FINE W/ LITTLE SAND 
1993-04-06 00:00:00,0.0,2.0,BPTCP,735,93132,MVV,RESULT,N,Mud,NR,SB,Surface,FINE MUD 
1993-04-06 00:00:00,0.0,2.0,BPTCP,736,93133,MVV,RESULT,N,Sand,NR,SB,Surface,SANDY 
1993-04-06 00:00:00,0.0,2.0,BPTCP,737,93134,MVV,RESULT,N,Sand,NR,SB,Surface,SANDY 
1993-04-06 00:00:00,0.0,2.0,BPTCP,738,93135,MVV,RESULT,N,Mud and Sand,NR,SB,Surface,FINE MUD WITH SAND 
1993-04-06 00:00:00,0.0,2.0,BPTCP,739,93136,MVV,RESULT,N,Sand,NR,SBI,Surface,SANDY 
1992-08-19 00:00:00,0.0,2.0,BPTCP,74,40030_Rep2,MVV,FR,N,Mud,Brown,SB,Surface,silty dark brown mud 
1993-04-07 00:00:00,0.0,2.0,BPTCP,740,93137,MVV,RESULT,N,Mud and Sand,NR,SB,Surface,"FINE MUD, SLIGHTLY SANDY "
1993-04-06 00:00:00,0.0,2.0,BPTCP,741,93138,MVV,RESULT,N,Mud and Sand,NR,SB,Surface,SLIGHTLY SANDY 
1993-04-07 00:00:00,0.0,2.0,BPTCP,742,93139,MVV,RESULT,N,Mud,NR,SB,Surface,FINE MUD DEEP OXIC 
1993-04-07 00:00:00,0.0,2.0,BPTCP,743,93140,MVV,RESULT,N,Mud,NR,SB,Surface,FINE MUD 
1993-04-07 00:00:00,0.0,2.0,BPTCP,744,93141,MVV,RESULT,N,Mud,NR,SB,Surface,FINE MUD 
1993-04-07 00:00:00,0.0,2.0,BPTCP,748,90018,MVV,RESULT,N,Mud and Sand,NR,SB,Surface,MUD W/SLIGHT SAND 
1993-04-07 00:00:00,0.0,2.0,BPTCP,749,90030,MVV,RESULT,N,Mud,NR,SB,Surface,FINE 
1992-08-19 00:00:00,0.0,2.0,BPTCP,75,40030_Rep3,MVV,FR,N,"Clay, Silt and Mud",Brown,SB,Surface,dark brown silty mud 
1993-04-06 00:00:00,0.0,2.0,BPTCP,750,93128,MVV,RESULT,N,Mud,NR,SB,Surface,FINE MUD 
1993-04-07 00:00:00,0.0,2.0,BPTCP,751,93148,MVV,RESULT,N,Mud and Sand,NR,SB,Surface,MUD MIXED WITH MUCH SAND 
1993-04-07 00:00:00,0.0,2.0,BPTCP,752,93142,MVV,RESULT,N,Mud,NR,SB,Surface,FIRM MUD 
1993-04-21 00:00:00,0.0,2.0,BPTCP,753,93143,MVV,RESULT,N,Mud and Sand,NR,SB,Surface,"CREAMY, SOME SAND "
1993-04-20 00:00:00,0.0,2.0,BPTCP,754,93144,MVV,RESULT,N,Mud and Sand,NR,SB,Surface,"FINE MUD, SLIGHTLY SANDY "
1993-04-20 00:00:00,0.0,2.0,BPTCP,755,93145,MVV,RESULT,N,Sand,NR,SB,Surface,"CLUMPY,SANDY "
1993-04-20 00:00:00,0.0,2.0,BPTCP,756,93146,MVV,RESULT,N,Mud,NR,SB,Surface,FINE MUD 
1993-04-20 00:00:00,0.0,2.0,BPTCP,757,93147,MVV,RESULT,N,Mud,NR,SB,Surface,SMOOTH CLUMPY MUD 
1993-04-20 00:00:00,0.0,2.0,BPTCP,758,93149,MVV,RESULT,N,Mud and Sand,NR,SB,Surface,VERY SANDY MUD 
1993-04-20 00:00:00,0.0,2.0,BPTCP,759,93150,MVV,RESULT,N,Mud and Sand,NR,SB,Surface,"FINE,SLIGHTLY GRITTY "
1992-09-01 00:00:00,0.0,2.0,BPTCP,76,40031_Rep1,MVV,RESULT,N,Sand,NR,SBI,Surface,"sandy, gritty "
1993-04-20 00:00:00,0.0,2.0,BPTCP,760,93151,MVV,RESULT,N,Mud,NR,SB,Surface,CREAMY FINE MUD 
1993-04-20 00:00:00,0.0,2.0,BPTCP,761,93152,MVV,RESULT,N,Mud and Sand,NR,SB,Surface,SANDY MUD 
1993-04-21 00:00:00,0.0,2.0,BPTCP,762,93153,MVV,RESULT,N,Mud and Sand,NR,SB,Surface,"CREAMY, SOME SAND "
1993-04-20 00:00:00,0.0,2.0,BPTCP,763,93154,MVV,RESULT,N,Mud and Sand,NR,SBI,Surface,SANDY MUD 
1993-04-20 00:00:00,0.0,2.0,BPTCP,764,93155,MVV,RESULT,N,Mud,NR,SB,Surface,GRITTY MUD 
1993-04-20 00:00:00,0.0,2.0,BPTCP,765,93156,MVV,RESULT,N,Mud and Sand,NR,SB,Surface,SANDY MUD 
1993-04-20 00:00:00,0.0,2.0,BPTCP,766,93157,MVV,RESULT,N,Mud,NR,SB,Surface,GRITTY MUD 
1993-04-20 00:00:00,0.0,2.0,BPTCP,767,93158,MVV,RESULT,N,Mud,NR,SB,Surface,CREAMY MUD 
1993-04-20 00:00:00,0.0,2.0,BPTCP,768,93159,MVV,RESULT,N,NR,NR,SB,Surface,CLUMPY 
1993-04-22 00:00:00,0.0,2.0,BPTCP,769,82020,MVV,RESULT,N,Clay and mud,NR,SB,Surface,"MUD, CLAY UNDERNEATH "
1992-09-01 00:00:00,0.0,2.0,BPTCP,77,40031_Rep2,MVV,FR,N,Sand/Silt,NR,SBI,Surface,"silt (top),sandy (bottom) "
1993-04-21 00:00:00,0.0,2.0,BPTCP,770,82024,MVV,RESULT,N,Mud and Sand,NR,SB,Surface,SANDY MUD 
1993-04-22 00:00:00,0.0,2.0,BPTCP,771,82023,MVV,RESULT,N,Clay and mud,NR,SB,Surface,"FINE MUD, GRAY CLAY "
1993-04-22 00:00:00,0.0,2.0,BPTCP,772,82030,MVV,RESULT,N,Mud and Sand,NR,SB,Surface,"GRITTY MUD, SANDY "
1993-04-20 00:00:00,0.0,2.0,BPTCP,773,93160,MVV,RESULT,N,Mud,NR,SB,Surface,"CREAMY, FINE MUD "
1993-05-04 00:00:00,0.0,2.0,BPTCP,774,93161,MVV,RESULT,N,Sand,NR,SB,Surface,VERY SANDY 
1993-05-04 00:00:00,0.0,2.0,BPTCP,775,93162,MVV,RESULT,N,Mud,NR,SB,Surface,DARK FINE GRAIN 
1993-05-04 00:00:00,0.0,2.0,BPTCP,776,93163,MVV,RESULT,N,Sand,NR,SB,Surface,SANDY 
1993-05-04 00:00:00,0.0,2.0,BPTCP,777,93164,MVV,RESULT,N,Soft mud,NR,SB,Surface,CREAMY 
1993-05-04 00:00:00,0.0,2.0,BPTCP,778,93165,MVV,RESULT,N,Soft mud,NR,SB,Surface,CREAMY 
1993-05-04 00:00:00,0.0,2.0,BPTCP,779,93166,MVV,RESULT,N,Sand,NR,SB,Surface,"SANDY, GRITTY "
1992-09-01 00:00:00,0.0,2.0,BPTCP,78,40031_Rep3,MVV,FR,N,Sand,NR,SBI,Surface,sandy 
1993-05-04 00:00:00,0.0,2.0,BPTCP,780,93167,MVV,RESULT,N,Soft mud,NR,SB,Surface,"CREAMY,THICK O2 LAYER "
1993-05-05 00:00:00,0.0,2.0,BPTCP,781,93168,MVV,RESULT,N,Mud and Sand,NR,SB,Surface,"FINE MUD, SOME GRIT "
1993-05-04 00:00:00,0.0,2.0,BPTCP,782,93169,MVV,RESULT,N,Mud and Sand,NR,SB,Surface,GRITTY 
1993-05-05 00:00:00,0.0,2.0,BPTCP,783,93170,MVV,RESULT,N,Mud,NR,SB,Surface,GRITTY MUD 
1993-05-04 00:00:00,0.0,2.0,BPTCP,784,93171,MVV,RESULT,N,Soft mud,NR,SB,Surface,"CREAMY, SILTY "
1993-05-04 00:00:00,0.0,2.0,BPTCP,785,93172,MVV,RESULT,N,Mud,NR,SB,Surface,GRITTY MUD 
1993-05-04 00:00:00,0.0,2.0,BPTCP,786,93173,MVV,RESULT,N,Soft mud,NR,SB,Surface,CREAMY 
1993-05-05 00:00:00,0.0,2.0,BPTCP,787,93174,MVV,RESULT,N,Clay,NR,SB,Surface,CLAYISH 
1993-05-05 00:00:00,0.0,2.0,BPTCP,788,93175,MVV,RESULT,N,Clay,NR,SB,Surface,CLAYISH 
1993-05-06 00:00:00,0.0,2.0,BPTCP,789,40004,MVV,RESULT,N,Clay and mud,NR,SB,Surface,FINE MUD W/CLAY CHUNKS 
1992-07-30 00:00:00,0.0,2.0,BPTCP,79,40032_Rep1,MVV,RESULT,N,Sand,NR,BI,Surface,sandy 
1993-05-06 00:00:00,0.0,2.0,BPTCP,790,40009,MVV,RESULT,N,Mud and Sand,NR,SB,Surface,"CREAMY MUD, GRITTY "
1993-05-06 00:00:00,0.0,2.0,BPTCP,791,40013,MVV,RESULT,N,Mud and Sand,NR,SB,Surface,FINE TO GRITTY 
1993-05-06 00:00:00,0.0,2.0,BPTCP,792,40015,MVV,RESULT,N,Mud,NR,SB,Surface,FINE MUD 
1993-05-06 00:00:00,0.0,2.0,BPTCP,793,40016,MVV,RESULT,N,Mud,NR,SB,Surface,"GRITTY, FINE MUD "
1993-05-06 00:00:00,0.0,2.0,BPTCP,794,93176,MVV,RESULT,N,Soft mud,NR,SB,Surface,CREAMY 
1993-05-26 00:00:00,0.0,2.0,BPTCP,795,93177,MVV,RESULT,N,Mixed with Shell Hash,NR,SB,Surface,"GRITTY, SHELL DEBRIS "
1993-05-26 00:00:00,0.0,2.0,BPTCP,796,93178,MVV,RESULT,N,NR,NR,SB,Surface,CLUMPY 
1993-05-26 00:00:00,0.0,2.0,BPTCP,797,93179,MVV,RESULT,N,NR,NR,SB,Surface,CLUMPY 
1993-08-04 00:00:00,0.0,2.0,BPTCP,798,93180,MVV,RESULT,N,Mud,NR,SB,Surface,VERY FINE MUD 
1993-05-26 00:00:00,0.0,2.0,BPTCP,799,93181,MVV,RESULT,N,Soft mud,NR,SB,Surface,SOFT MUD 
1992-07-31 00:00:00,0.0,2.0,BPTCP,8,40003_Rep2,MVV,FR,N,Sand,NR,SBI,Surface,sandy 
1992-07-30 00:00:00,0.0,2.0,BPTCP,80,40032_Rep2,MVV,FR,N,Sand with Shell Hash,NR,SBI,Surface,"shell debris, very sandy "
1993-05-26 00:00:00,0.0,2.0,BPTCP,800,93182,MVV,RESULT,N,Mud and Sand,NR,SB,Surface,SANDY MUD 
1993-05-26 00:00:00,0.0,2.0,BPTCP,801,93183,MVV,RESULT,N,Soft mud,NR,SB,Surface,SOFT MUD 
1993-05-26 00:00:00,0.0,2.0,BPTCP,802,93184,MVV,RESULT,N,Soft mud,NR,SB,Surface,SOFT MUD 
1993-05-26 00:00:00,0.0,2.0,BPTCP,803,93185,MVV,RESULT,N,Sandy mud with shell or gravel,NR,SB,Surface,"ROCKS, SAND, GRITTY "
1993-05-26 00:00:00,0.0,2.0,BPTCP,804,93186,MVV,RESULT,N,Mud,NR,SB,Surface,GRITTY MUD 
1993-05-26 00:00:00,0.0,2.0,BPTCP,805,93187,MVV,RESULT,N,NR,NR,SB,Surface,CLUMPY 
1993-05-26 00:00:00,0.0,2.0,BPTCP,806,93188,MVV,RESULT,N,Mud,NR,SB,Surface,GRITTY MUD 
1993-05-27 00:00:00,0.0,2.0,BPTCP,807,80024,MVV,RESULT,N,Mud,NR,SB,Surface,FINE MUD 
1993-05-27 00:00:00,0.0,2.0,BPTCP,808,82009,MVV,RESULT,N,Mud,NR,SB,Surface,SMOOTH 
1993-05-27 00:00:00,0.0,2.0,BPTCP,809,82002,MVV,RESULT,N,Mud,NR,SB,Surface,FINE MUD 
1992-07-30 00:00:00,0.0,2.0,BPTCP,81,40032_Rep3,MVV,FR,N,Sand with Shell Hash,NR,SBI,Surface,"shell debris, very sandy "
1993-05-27 00:00:00,0.0,2.0,BPTCP,810,40010,MVV,RESULT,N,Mud and Sand,NR,SB,Surface,GRITTY 
1993-05-27 00:00:00,0.0,2.0,BPTCP,811,40017,MVV,RESULT,N,Mud and Sand,NR,SB,Surface,"FINE MUD, SOME SAND "
1993-05-27 00:00:00,0.0,2.0,BPTCP,812,40012,MVV,RESULT,N,Mud,NR,SB,Surface,FINE MUD 
1993-05-26 00:00:00,0.0,2.0,BPTCP,814,93189,MVV,RESULT,N,Soft mud,NR,SB,Surface,SOFT MUD 
1993-06-16 00:00:00,0.0,2.0,BPTCP,815,90013,MVV,RESULT,N,Mud,NR,SBI,Surface,SMOOTH MUD 
1993-06-16 00:00:00,0.0,2.0,BPTCP,816,93190,MVV,RESULT,N,Mud and Sand,NR,SBI,Surface,FINE SANDY MUD 
1993-06-16 00:00:00,0.0,2.0,BPTCP,817,93191,MVV,RESULT,N,Soft mud,NR,SBI,Surface,SOFT CLUMPY MUD 
1993-06-15 00:00:00,0.0,2.0,BPTCP,818,90051,MVV,RESULT,N,Mud,NR,SBI,Surface,LUMPY FINE MUD 
1993-06-15 00:00:00,0.0,2.0,BPTCP,819,93192,MVV,RESULT,N,Mud,NR,SBI,Surface,FINE MUD 
1992-07-30 00:00:00,0.0,2.0,BPTCP,82,40033_Rep1,MVV,RESULT,N,Clay and mud,NR,SBI,Surface,"muddy w/clay lumps, silty "
1993-06-15 00:00:00,0.0,2.0,BPTCP,820,93193,MVV,RESULT,N,Mud and Sand,NR,SBI,Surface,FINE SANDY MUD 
1993-06-16 00:00:00,0.0,2.0,BPTCP,821,90015,MVV,RESULT,N,Mud,NR,SBI,Surface,FINE CLUMPY MUD 
1993-06-16 00:00:00,0.0,2.0,BPTCP,822,93194,MVV,RESULT,N,Sand,NR,SBI,Surface,SANDY 
1993-06-16 00:00:00,0.0,2.0,BPTCP,823,93195,MVV,RESULT,N,Mud and Sand,NR,SBI,Surface,"SANDY MUD, CLUMPY "
1993-06-16 00:00:00,0.0,2.0,BPTCP,824,90012,MVV,RESULT,N,Mud and Sand,NR,SBI,Surface,"FINE MUD, SOME SAND "
1993-06-16 00:00:00,0.0,2.0,BPTCP,825,93196,MVV,RESULT,N,Mud and Sand,NR,SBI,Surface,FINE MUD SLIGHTLY SANDY 
1993-06-16 00:00:00,0.0,2.0,BPTCP,826,93197,MVV,RESULT,N,Mud and Sand,NR,SBI,Surface,"FINE MUD,SLIGHTLY SANDY "
1993-06-15 00:00:00,0.0,2.0,BPTCP,827,90037_Rep1,MVV,RESULT,N,Mud,NR,SBI,Surface,FINE MUD 
1993-06-15 00:00:00,0.0,2.0,BPTCP,828,90037_Rep2,MVV,FR,N,Mud,NR,SBI,Surface,FINE MUD 
1993-06-15 00:00:00,0.0,2.0,BPTCP,829,90037_Rep3,MVV,FR,N,Mud and Sand,NR,SBI,Surface,"FINE MUD, SOME SAND "
1992-07-30 00:00:00,0.0,2.0,BPTCP,83,40033_Rep2,MVV,FR,N,"Clay, Silt and Mud",NR,SBI,Surface,"silty mud, very runny "
1993-06-17 00:00:00,0.0,2.0,BPTCP,830,40004_Rep1,MVV,RESULT,N,Mud and Sand,NR,SBI,Surface,SAND WITH FINE MUD 
1993-06-17 00:00:00,0.0,2.0,BPTCP,831,40004_Rep2,MVV,FR,N,Mud and Sand,NR,SBI,Surface,FINE SANDY MUD 
1993-06-17 00:00:00,0.0,2.0,BPTCP,832,40004_Rep3,MVV,FR,N,Mud and Sand,NR,SBI,Surface,SANDY MUD 
1993-06-15 00:00:00,0.0,2.0,BPTCP,833,93198,MVV,RESULT,N,Mud and Sand,NR,SB,Surface,SLIGHTLY SANDY 
1993-06-17 00:00:00,0.0,2.0,BPTCP,834,40009_Rep1,MVV,RESULT,N,Mud and Sand,NR,SBI,Surface,SAND WITH FINE MUD 
1993-06-17 00:00:00,0.0,2.0,BPTCP,835,40009_Rep2,MVV,FR,N,Mud and Sand,NR,SBI,Surface,SAND WITH FINE MUD 
1993-06-17 00:00:00,0.0,2.0,BPTCP,836,40009_Rep3,MVV,FR,N,Mud and Sand,NR,SBI,Surface,SAND WITH FINE MUD 
1993-07-20 00:00:00,0.0,2.0,BPTCP,837,90050,MVV,RESULT,N,Mud,NR,SBI,Surface,FINE MUD 
1993-07-20 00:00:00,0.0,2.0,BPTCP,838,93199,MVV,RESULT,N,Mud with Shell Hash,NR,SBI,Surface,"FINE MUD, ORGANIC DEBRIS "
1993-07-20 00:00:00,0.0,2.0,BPTCP,839,93200,MVV,RESULT,N,Mud,NR,SBI,Surface,FINE MUD 
1992-07-30 00:00:00,0.0,2.0,BPTCP,84,40033_Rep3,MVV,FR,N,Clay and mud,NR,SBI,Surface,"muddy,runny,high clay amt "
1993-07-21 00:00:00,0.0,2.0,BPTCP,840,90001,MVV,RESULT,N,Mud,NR,SBI,Surface,FINE MUD 
1993-07-21 00:00:00,0.0,2.0,BPTCP,841,93201,MVV,RESULT,N,Mud,NR,SBI,Surface,FINE MUD 
1993-07-21 00:00:00,0.0,2.0,BPTCP,842,93202,MVV,RESULT,N,Mud and Sand,NR,SBI,Surface,"SANDY, MUD "
1993-07-20 00:00:00,0.0,2.0,BPTCP,843,90053,MVV,RESULT,N,Mud,NR,SBI,Surface,FINE MUD 
1993-07-20 00:00:00,0.0,2.0,BPTCP,844,93203,MVV,RESULT,N,Mud,NR,SBI,Surface,VERY FINE MUD 
1993-07-20 00:00:00,0.0,2.0,BPTCP,845,93204,MVV,RESULT,N,Mud,NR,SBI,Surface,FINE MUD 
1993-07-20 00:00:00,0.0,2.0,BPTCP,846,90003,MVV,RESULT,N,Mud and Sand,NR,SBI,Surface,"FINE MUD, SOME SAND "
1993-07-20 00:00:00,0.0,2.0,BPTCP,847,93205,MVV,RESULT,N,Mud,NR,SBI,Surface,FINE MUD 
1993-07-20 00:00:00,0.0,2.0,BPTCP,848,93206,MVV,RESULT,N,Mud,NR,SBI,Surface,FINE MUD 
1993-07-20 00:00:00,0.0,2.0,BPTCP,849,90004,MVV,RESULT,N,Mud and Sand,NR,SBI,Surface,"FINE MUD,GRITTY "
1992-09-15 00:00:00,0.0,2.0,BPTCP,85,80024_Rep1,MVV,RESULT,N,Mud and Sand,NR,SBI,Surface,muddy sand 
1993-07-20 00:00:00,0.0,2.0,BPTCP,850,93207,MVV,RESULT,N,Mud,NR,SBI,Surface,FINE MUD 
1993-07-20 00:00:00,0.0,2.0,BPTCP,851,93208,MVV,RESULT,N,Mud,NR,SBI,Surface,FINE MUD 
1993-07-20 00:00:00,0.0,2.0,BPTCP,852,93209,MVV,RESULT,N,Mud,NR,SB,Surface,FINE MUD 
1993-07-21 00:00:00,0.0,2.0,BPTCP,853,93107_Rep1,MVV,RESULT,N,"Clay, Silt and Mud",NR,SBI,Surface,SILTY FINE MUD 
1993-07-21 00:00:00,0.0,2.0,BPTCP,854,93107_Rep2,MVV,FR,N,Silt,NR,SBI,Surface,FINE SILTY 
1993-07-21 00:00:00,0.0,2.0,BPTCP,855,93107_Rep3,MVV,FR,N,Silt,NR,SBI,Surface,"FINE, SILTY "
1993-07-21 00:00:00,0.0,2.0,BPTCP,856,93112_Rep1,MVV,RESULT,N,Mud and Sand,NR,SBI,Surface,SANDY MUD 
1993-07-21 00:00:00,0.0,2.0,BPTCP,857,93112_Rep2,MVV,FR,N,Mud and Sand,NR,SBI,Surface,SANDY MUD 
1993-07-21 00:00:00,0.0,2.0,BPTCP,858,93112_Rep3,MVV,FR,N,Mud and Sand,NR,SBI,Surface,SANDY MUD 
1993-07-21 00:00:00,0.0,2.0,BPTCP,859,93108_Rep1,MVV,RESULT,N,"Clay, Silt and Mud",NR,SBI,Surface,FINE SILTY MUD 
1992-09-15 00:00:00,0.0,2.0,BPTCP,86,80024_Rep2,MVV,FR,N,Mud and Sand,NR,SBI,Surface,mud w/ little sand 
1993-07-21 00:00:00,0.0,2.0,BPTCP,860,93108_Rep2,MVV,FR,N,"Clay, Silt and Mud",NR,SBI,Surface,FINE SILTY MUD 
1993-07-21 00:00:00,0.0,2.0,BPTCP,861,93108_Rep3,MVV,FR,N,"Clay, Silt and Mud",NR,SBI,Surface,FINE SILTY MUD 
1993-08-04 00:00:00,0.0,2.0,BPTCP,862,90021,MVV,RESULT,N,Mud,NR,SBI,Surface,FINE MUD 
1993-08-04 00:00:00,0.0,2.0,BPTCP,863,93210,MVV,RESULT,N,Mud and Sand,NR,SBI,Surface,FINE SANDY MUD 
1993-08-04 00:00:00,0.0,2.0,BPTCP,864,93211,MVV,RESULT,N,Mud,NR,SBI,Surface,FINE MUD 
1993-08-04 00:00:00,0.0,2.0,BPTCP,865,90006,MVV,RESULT,N,"Clay, Silt and Mud",NR,SBI,Surface,SILTY MUD 
1993-08-04 00:00:00,0.0,2.0,BPTCP,866,93212,MVV,RESULT,N,Mud and Sand,NR,SBI,Surface,FINE SANDY MUD 
1993-08-04 00:00:00,0.0,2.0,BPTCP,867,93213,MVV,RESULT,N,Mud,NR,SBI,Surface,FINE MUD 
1993-08-04 00:00:00,0.0,2.0,BPTCP,868,90022,MVV,RESULT,N,Soft mud,NR,SBI,Surface,"FINE, SOFT MUD "
1993-08-04 00:00:00,0.0,2.0,BPTCP,869,93214,MVV,RESULT,N,Mud,NR,SBI,Surface,FINE MUD 
1992-09-15 00:00:00,0.0,2.0,BPTCP,87,80024_Rep3,MVV,FR,N,Mud,NR,SBI,Surface,mud 
1993-08-04 00:00:00,0.0,2.0,BPTCP,870,93215,MVV,RESULT,N,Mud,NR,SBI,Surface,FINE MUD 
1993-08-04 00:00:00,0.0,2.0,BPTCP,871,90028,MVV,RESULT,N,"Clay, Silt and Mud",NR,SBI,Surface,SILTY MUD 
1993-08-04 00:00:00,0.0,2.0,BPTCP,872,93216,MVV,RESULT,N,Silt,NR,SBI,Surface,SILTY 
1993-08-04 00:00:00,0.0,2.0,BPTCP,873,93217,MVV,RESULT,N,Mud,NR,SBI,Surface,FINE 
1993-08-04 00:00:00,0.0,2.0,BPTCP,874,93218,MVV,RESULT,N,Mud,NR,SB,Surface,FINE 
1993-08-03 00:00:00,0.0,2.0,BPTCP,875,90052_Rep1,MVV,RESULT,N,Mud,NR,SBI,Surface,"FINE MUD,SLIGHTLY CLUMPY FINE MUD "
1993-08-03 00:00:00,0.0,2.0,BPTCP,876,93219_Rep2,MVV,FR,N,Sand,NR,SBI,Surface,"CREAMY, FINE MUD SANDY "
1993-08-03 00:00:00,0.0,2.0,BPTCP,877,93220_Rep3,MVV,FR,N,Mud,NR,SBI,Surface,"GRITTY,SILTY MUD SNADY MUD "
1993-08-03 00:00:00,0.0,2.0,BPTCP,878,90002_Rep1,MVV,RESULT,N,Mud,NR,SBI,Surface,FINE SED. W/SOME SAND FINE MUD 
1993-08-03 00:00:00,0.0,2.0,BPTCP,879,93221_Rep2,MVV,FR,N,Soft mud,NR,SBI,Surface,SMOOTH CHUNKY MUD SOFT FINE MUD 
1992-10-14 00:00:00,0.0,2.0,BPTCP,88,80025_Rep1,MVV,RESULT,N,NR,NR,SBI,Surface,
1993-08-03 00:00:00,0.0,2.0,BPTCP,880,93222_Rep3,MVV,FR,N,Mud,NR,SBI,Surface,"SOFT, SILTY FINE MUD "
1993-08-05 00:00:00,0.0,2.0,BPTCP,881,93116_Rep1,MVV,RESULT,N,Clay and mud,NR,SBI,Surface,FINE SLIGHTLY CLAYISH 
1993-08-05 00:00:00,0.0,2.0,BPTCP,882,93116_Rep2,MVV,FR,N,Clay and mud,NR,SBI,Surface,FINE SLIGHTLY CLAYISH 
1993-08-05 00:00:00,0.0,2.0,BPTCP,883,93116_Rep3,MVV,FR,N,Clay and mud,NR,SBI,Surface,FINE SLIGHTLY CLAYISH 
1993-08-05 00:00:00,0.0,2.0,BPTCP,884,40018_Rep1,MVV,RESULT,N,Mud,NR,SBI,Surface,FINE MUD 
1993-08-05 00:00:00,0.0,2.0,BPTCP,885,40018_Rep2,MVV,FR,N,Clay and mud,NR,SBI,Surface,FINE MUD SOME CLAY 
1993-08-05 00:00:00,0.0,2.0,BPTCP,886,40018_Rep3,MVV,FR,N,Mud,NR,SBI,Surface,FINE MUD 
1993-08-17 00:00:00,0.0,2.0,BPTCP,887,90007,MVV,RESULT,N,Mud,NR,SBI,Surface,FINE MUD 
1993-08-17 00:00:00,0.0,2.0,BPTCP,888,93223,MVV,RESULT,N,Mud,NR,SBI,Surface,SMOOTH 
1993-08-17 00:00:00,0.0,2.0,BPTCP,889,93224,MVV,RESULT,N,Mud and Sand,NR,SBI,Surface,GRITTY 
1992-10-14 00:00:00,0.0,2.0,BPTCP,89,80025_Rep2,MVV,FR,N,NR,NR,SBI,Surface,
1993-08-17 00:00:00,0.0,2.0,BPTCP,890,90008,MVV,RESULT,N,Mud,NR,SBI,Surface,FINE MUD 
1993-08-17 00:00:00,0.0,2.0,BPTCP,891,93225,MVV,RESULT,N,Mud and Sand,NR,SBI,Surface,"SOFT MUD, SOME FINE SAND "
1993-08-17 00:00:00,0.0,2.0,BPTCP,892,93226,MVV,RESULT,N,Mud and Sand,NR,SBI,Surface,"CREAMY MUD, SLIGHT SAND "
1993-08-17 00:00:00,0.0,2.0,BPTCP,893,90009,MVV,RESULT,N,Mud and Sand,NR,SBI,Surface,"COARSE SAND,SOFT FINE MUD "
1993-08-17 00:00:00,0.0,2.0,BPTCP,894,93227,MVV,RESULT,N,Mud and Sand,NR,SBI,Surface,SANDY MUD 
1993-08-17 00:00:00,0.0,2.0,BPTCP,895,93228,MVV,RESULT,N,Mud,NR,SBI,Surface,GRITTY MUD 
1993-08-17 00:00:00,0.0,2.0,BPTCP,896,90010,MVV,RESULT,N,Mud and Sand,NR,SBI,Surface,SANDY FINE MUD 
1993-08-17 00:00:00,0.0,2.0,BPTCP,897,93229,MVV,RESULT,N,Soft mud,NR,SBI,Surface,SOFT CLUMPY MUD 
1993-08-17 00:00:00,0.0,2.0,BPTCP,898,93230,MVV,RESULT,N,Soft mud,NR,SBI,Surface,"SOFT MUD, FEW CLUMPS "
1993-08-18 00:00:00,0.0,2.0,BPTCP,899,90025,MVV,RESULT,N,Clay and mud,NR,SBI,Surface,CLUMPY CLAY W/FINE MUD 
1992-07-31 00:00:00,0.0,2.0,BPTCP,9,40003_Rep3,MVV,FR,N,Sand with Shell Hash,NR,SBI,Surface,"sandy,shell debris "
1992-10-14 00:00:00,0.0,2.0,BPTCP,90,80025_Rep3,MVV,FR,N,NR,NR,SBI,Surface,
1993-06-22 00:00:00,0.0,2.0,BPTCP,900,10037_ElkRef,MVV,REF,N,NR,NR,SB,Surface,
1993-06-22 00:00:00,0.0,2.0,BPTCP,901,10037_ElkRef,MVV,REF,N,NR,NR,B,Surface,
1993-06-22 00:00:00,0.0,2.0,BPTCP,902,10037_ElkRef,MVV,REF,N,NR,NR,B,Surface,
1993-06-22 00:00:00,0.0,2.0,BPTCP,906,10037_ElkRef,MVV,REF,N,NR,NR,B,Surface,
1993-06-22 00:00:00,0.0,2.0,BPTCP,907,10037_ElkRef,MVV,REF,N,NR,NR,B,Surface,
1993-06-22 00:00:00,0.0,2.0,BPTCP,908,10037_ElkRef,MVV,REF,N,NR,NR,B,Surface,
1992-09-15 00:00:00,0.0,2.0,BPTCP,91,80026_Rep1,MVV,RESULT,N,Mud and Sand,NR,SBI,Surface,sandy mud 
1993-06-22 00:00:00,0.0,2.0,BPTCP,912,10037_ElkRef,MVV,REF,N,NR,NR,B,Surface,
1993-06-22 00:00:00,0.0,2.0,BPTCP,913,10037_ElkRef,MVV,REF,N,NR,NR,B,Surface,
1993-06-22 00:00:00,0.0,2.0,BPTCP,914,10037_ElkRef,MVV,REF,N,NR,NR,B,Surface,
1993-06-22 00:00:00,0.0,2.0,BPTCP,915,10037_ElkRef,MVV,REF,N,NR,NR,B,Surface,
1993-06-22 00:00:00,0.0,2.0,BPTCP,916,10037_ElkRef,MVV,REF,N,NR,NR,B,Surface,
1993-06-22 00:00:00,0.0,2.0,BPTCP,917,10037_ElkRef,MVV,REF,N,NR,NR,B,Surface,
1992-09-15 00:00:00,0.0,2.0,BPTCP,92,80026_Rep2,MVV,FR,N,Sand,NR,SBI,Surface,sandy 
1992-09-15 00:00:00,0.0,2.0,BPTCP,93,80026_Rep3,MVV,FR,N,Mud and Sand,NR,SBI,Surface,sandy mud 
1992-09-15 00:00:00,0.0,2.0,BPTCP,94,80027_Rep1,MVV,RESULT,N,Clay and mud,NR,SBI,Surface,"some clay,flocculant mud "
1992-09-15 00:00:00,0.0,2.0,BPTCP,95,80027_Rep2,MVV,FR,N,Clay and mud,NR,SBI,Surface,muddy and clay 
1992-09-15 00:00:00,0.0,2.0,BPTCP,96,80027_Rep3,MVV,FR,N,Clay and mud,NR,SBI,Surface,"flocculant mud,some clay "
1992-09-15 00:00:00,0.0,2.0,BPTCP,97,80028_Rep1,MVV,RESULT,N,NR,NR,SBI,Surface,some organic matter 
1992-09-15 00:00:00,0.0,2.0,BPTCP,98,80028_Rep2,MVV,FR,N,Clay and mud,NR,SBI,Surface,"clay mud, less organic "
1992-09-15 00:00:00,0.0,2.0,BPTCP,99,80028_Rep3,MVV,FR,N,Mud,NR,SBI,Surface,muddy 
1900-01-01 00:00:00,0.0,2.0,BPTCP,CONTROL-C1,CONTROL-C1_Leg1,MVV,CNEG,N,NR,NR,B,CNEG,
1900-01-01 00:00:00,0.0,2.0,BPTCP,CONTROL-C1,CONTROL-C1_Leg10,MVV,CNEG,N,NR,NR,B,CNEG,
1900-01-01 00:00:00,0.0,2.0,BPTCP,CONTROL-C1,CONTROL-C1_Leg11,MVV,CNEG,N,NR,NR,B,CNEG,
1900-01-01 00:00:00,0.0,2.0,BPTCP,CONTROL-C1,CONTROL-C1_Leg12,MVV,CNEG,N,NR,NR,B,CNEG,
1900-01-01 00:00:00,0.0,2.0,BPTCP,CONTROL-C1,CONTROL-C1_Leg13,MVV,CNEG,N,NR,NR,B,CNEG,
1900-01-01 00:00:00,0.0,2.0,BPTCP,CONTROL-C1,CONTROL-C1_Leg14,MVV,CNEG,N,NR,NR,B,CNEG,
1900-01-01 00:00:00,0.0,2.0,BPTCP,CONTROL-C1,CONTROL-C1_Leg15,MVV,CNEG,N,NR,NR,B,CNEG,
1900-01-01 00:00:00,0.0,2.0,BPTCP,CONTROL-C1,CONTROL-C1_Leg16,MVV,CNEG,N,NR,NR,B,CNEG,
1900-01-01 00:00:00,0.0,2.0,BPTCP,CONTROL-C1,CONTROL-C1_Leg17,MVV,CNEG,N,NR,NR,B,CNEG,
1900-01-01 00:00:00,0.0,2.0,BPTCP,CONTROL-C1,CONTROL-C1_Leg18,MVV,CNEG,N,NR,NR,B,CNEG,
1900-01-01 00:00:00,0.0,2.0,BPTCP,CONTROL-C1,CONTROL-C1_Leg19,MVV,CNEG,N,NR,NR,B,CNEG,
1900-01-01 00:00:00,0.0,2.0,BPTCP,CONTROL-C1,CONTROL-C1_Leg2,MVV,CNEG,N,NR,NR,B,CNEG,
1900-01-01 00:00:00,0.0,2.0,BPTCP,CONTROL-C1,CONTROL-C1_Leg20,MVV,CNEG,N,NR,NR,B,CNEG,
1900-01-01 00:00:00,0.0,2.0,BPTCP,CONTROL-C1,CONTROL-C1_Leg21,MVV,CNEG,N,NR,NR,B,CNEG,
1900-01-01 00:00:00,0.0,2.0,BPTCP,CONTROL-C1,CONTROL-C1_Leg22,MVV,CNEG,N,NR,NR,B,CNEG,
1900-01-01 00:00:00,0.0,2.0,BPTCP,CONTROL-C1,CONTROL-C1_Leg23,MVV,CNEG,N,NR,NR,B,CNEG,
1900-01-01 00:00:00,0.0,2.0,BPTCP,CONTROL-C1,CONTROL-C1_Leg24,MVV,CNEG,N,NR,NR,B,CNEG,
1900-01-01 00:00:00,0.0,2.0,BPTCP,CONTROL-C1,CONTROL-C1_Leg25,MVV,CNEG,N,NR,NR,B,CNEG,
1900-01-01 00:00:00,0.0,2.0,BPTCP,CONTROL-C1,CONTROL-C1_Leg26,MVV,CNEG,N,NR,NR,B,CNEG,
1900-01-01 00:00:00,0.0,2.0,BPTCP,CONTROL-C1,CONTROL-C1_Leg27,MVV,CNEG,N,NR,NR,B,CNEG,
1900-01-01 00:00:00,0.0,2.0,BPTCP,CONTROL-C1,CONTROL-C1_Leg28,MVV,CNEG,N,NR,NR,B,CNEG,
1900-01-01 00:00:00,0.0,2.0,BPTCP,CONTROL-C1,CONTROL-C1_Leg29,MVV,CNEG,N,NR,NR,B,CNEG,
1900-01-01 00:00:00,0.0,2.0,BPTCP,CONTROL-C1,CONTROL-C1_Leg3,MVV,CNEG,N,NR,NR,B,CNEG,
1900-01-01 00:00:00,0.0,2.0,BPTCP,CONTROL-C1,CONTROL-C1_Leg30,MVV,CNEG,N,NR,NR,B,CNEG,
1900-01-01 00:00:00,0.0,2.0,BPTCP,CONTROL-C1,CONTROL-C1_Leg31,MVV,CNEG,N,NR,NR,B,CNEG,
1900-01-01 00:00:00,0.0,2.0,BPTCP,CONTROL-C1,CONTROL-C1_Leg32,MVV,CNEG,N,NR,NR,B,CNEG,
1900-01-01 00:00:00,0.0,2.0,BPTCP,CONTROL-C1,CONTROL-C1_Leg33,MVV,CNEG,N,NR,NR,B,CNEG,
1900-01-01 00:00:00,0.0,2.0,BPTCP,CONTROL-C1,CONTROL-C1_Leg34,MVV,CNEG,N,NR,NR,B,CNEG,
1900-01-01 00:00:00,0.0,2.0,BPTCP,CONTROL-C1,CONTROL-C1_Leg35,MVV,CNEG,N,NR,NR,B,CNEG,
1900-01-01 00:00:00,0.0,2.0,BPTCP,CONTROL-C1,CONTROL-C1_Leg36,MVV,CNEG,N,NR,NR,B,CNEG,
1900-01-01 00:00:00,0.0,2.0,BPTCP,CONTROL-C1,CONTROL-C1_Leg37,MVV,CNEG,N,NR,NR,B,CNEG,
1900-01-01 00:00:00,0.0,2.0,BPTCP,CONTROL-C1,CONTROL-C1_Leg38,MVV,CNEG,N,NR,NR,B,CNEG,
1900-01-01 00:00:00,0.0,2.0,BPTCP,CONTROL-C1,CONTROL-C1_Leg39,MVV,CNEG,N,NR,NR,B,CNEG,
1900-01-01 00:00:00,0.0,2.0,BPTCP,CONTROL-C1,CONTROL-C1_Leg4,MVV,CNEG,N,NR,NR,B,CNEG,
1900-01-01 00:00:00,0.0,2.0,BPTCP,CONTROL-C1,CONTROL-C1_Leg40,MVV,CNEG,N,NR,NR,B,CNEG,
1900-01-01 00:00:00,0.0,2.0,BPTCP,CONTROL-C1,CONTROL-C1_Leg41,MVV,CNEG,N,NR,NR,B,CNEG,
1900-01-01 00:00:00,0.0,2.0,BPTCP,CONTROL-C1,CONTROL-C1_Leg42,MVV,CNEG,N,NR,NR,B,CNEG,
1900-01-01 00:00:00,0.0,2.0,BPTCP,CONTROL-C1,CONTROL-C1_Leg43,MVV,CNEG,N,NR,NR,B,CNEG,
1900-01-01 00:00:00,0.0,2.0,BPTCP,CONTROL-C1,CONTROL-C1_Leg44,MVV,CNEG,N,NR,NR,B,CNEG,
1900-01-01 00:00:00,0.0,2.0,BPTCP,CONTROL-C1,CONTROL-C1_Leg45,MVV,CNEG,N,NR,NR,B,CNEG,
1900-01-01 00:00:00,0.0,2.0,BPTCP,CONTROL-C1,CONTROL-C1_Leg46,MVV,CNEG,N,NR,NR,B,CNEG,
1900-01-01 00:00:00,0.0,2.0,BPTCP,CONTROL-C1,CONTROL-C1_Leg47,MVV,CNEG,N,NR,NR,B,CNEG,
1900-01-01 00:00:00,0.0,2.0,BPTCP,CONTROL-C1,CONTROL-C1_Leg48,MVV,CNEG,N,NR,NR,B,CNEG,
1900-01-01 00:00:00,0.0,2.0,BPTCP,CONTROL-C1,CONTROL-C1_Leg49,MVV,CNEG,N,NR,NR,B,CNEG,
1900-01-01 00:00:00,0.0,2.0,BPTCP,CONTROL-C1,CONTROL-C1_Leg5,MVV,CNEG,N,NR,NR,B,CNEG,
1900-01-01 00:00:00,0.0,2.0,BPTCP,CONTROL-C1,CONTROL-C1_Leg50,MVV,CNEG,N,NR,NR,B,CNEG,
1900-01-01 00:00:00,0.0,2.0,BPTCP,CONTROL-C1,CONTROL-C1_Leg51,MVV,CNEG,N,NR,NR,B,CNEG,
1900-01-01 00:00:00,0.0,2.0,BPTCP,CONTROL-C1,CONTROL-C1_Leg52,MVV,CNEG,N,NR,NR,B,CNEG,
1900-01-01 00:00:00,0.0,2.0,BPTCP,CONTROL-C1,CONTROL-C1_Leg53,MVV,CNEG,N,NR,NR,B,CNEG,
1900-01-01 00:00:00,0.0,2.0,BPTCP,CONTROL-C1,CONTROL-C1_Leg54,MVV,CNEG,N,NR,NR,B,CNEG,
1900-01-01 00:00:00,0.0,2.0,BPTCP,CONTROL-C1,CONTROL-C1_Leg55,MVV,CNEG,N,NR,NR,B,CNEG,
1900-01-01 00:00:00,0.0,2.0,BPTCP,CONTROL-C1,CONTROL-C1_Leg56,MVV,CNEG,N,NR,NR,B,CNEG,
1900-01-01 00:00:00,0.0,2.0,BPTCP,CONTROL-C1,CONTROL-C1_Leg6,MVV,CNEG,N,NR,NR,B,CNEG,
1900-01-01 00:00:00,0.0,2.0,BPTCP,CONTROL-C1,CONTROL-C1_Leg7,MVV,CNEG,N,NR,NR,B,CNEG,
1900-01-01 00:00:00,0.0,2.0,BPTCP,CONTROL-C1,CONTROL-C1_Leg8,MVV,CNEG,N,NR,NR,B,CNEG,
1900-01-01 00:00:00,0.0,2.0,BPTCP,CONTROL-C1,CONTROL-C1_Leg9,MVV,CNEG,N,NR,NR,B,CNEG,
1900-01-01 00:00:00,0.0,2.0,BPTCP,CONTROL-C2,CONTROL-C2_Leg10,MVV,CNEG,N,NR,NR,B,CNEG,
1900-01-01 00:00:00,0.0,2.0,BPTCP,CONTROL-C2,CONTROL-C2_Leg11,MVV,CNEG,N,NR,NR,B,CNEG,
1900-01-01 00:00:00,0.0,2.0,BPTCP,CONTROL-C2,CONTROL-C2_Leg12,MVV,CNEG,N,NR,NR,B,CNEG,
1900-01-01 00:00:00,0.0,2.0,BPTCP,CONTROL-C2,CONTROL-C2_Leg13,MVV,CNEG,N,NR,NR,B,CNEG,
1900-01-01 00:00:00,0.0,2.0,BPTCP,CONTROL-C2,CONTROL-C2_Leg14,MVV,CNEG,N,NR,NR,B,CNEG,
1900-01-01 00:00:00,0.0,2.0,BPTCP,CONTROL-C2,CONTROL-C2_Leg15,MVV,CNEG,N,NR,NR,B,CNEG,
1900-01-01 00:00:00,0.0,2.0,BPTCP,CONTROL-C2,CONTROL-C2_Leg16,MVV,CNEG,N,NR,NR,B,CNEG,
1900-01-01 00:00:00,0.0,2.0,BPTCP,CONTROL-C2,CONTROL-C2_Leg17,MVV,CNEG,N,NR,NR,B,CNEG,
1900-01-01 00:00:00,0.0,2.0,BPTCP,CONTROL-C2,CONTROL-C2_Leg18,MVV,CNEG,N,NR,NR,B,CNEG,
1900-01-01 00:00:00,0.0,2.0,BPTCP,CONTROL-C2,CONTROL-C2_Leg19,MVV,CNEG,N,NR,NR,B,CNEG,
1900-01-01 00:00:00,0.0,2.0,BPTCP,CONTROL-C2,CONTROL-C2_Leg20,MVV,CNEG,N,NR,NR,B,CNEG,
1900-01-01 00:00:00,0.0,2.0,BPTCP,CONTROL-C2,CONTROL-C2_Leg21,MVV,CNEG,N,NR,NR,B,CNEG,
1900-01-01 00:00:00,0.0,2.0,BPTCP,CONTROL-C2,CONTROL-C2_Leg22,MVV,CNEG,N,NR,NR,B,CNEG,
1900-01-01 00:00:00,0.0,2.0,BPTCP,CONTROL-C2,CONTROL-C2_Leg23,MVV,CNEG,N,NR,NR,B,CNEG,
1900-01-01 00:00:00,0.0,2.0,BPTCP,CONTROL-C2,CONTROL-C2_Leg24,MVV,CNEG,N,NR,NR,B,CNEG,
1900-01-01 00:00:00,0.0,2.0,BPTCP,CONTROL-C2,CONTROL-C2_Leg25,MVV,CNEG,N,NR,NR,B,CNEG,
1900-01-01 00:00:00,0.0,2.0,BPTCP,CONTROL-C2,CONTROL-C2_Leg26,MVV,CNEG,N,NR,NR,B,CNEG,
1900-01-01 00:00:00,0.0,2.0,BPTCP,CONTROL-C2,CONTROL-C2_Leg27,MVV,CNEG,N,NR,NR,B,CNEG,
1900-01-01 00:00:00,0.0,2.0,BPTCP,CONTROL-C2,CONTROL-C2_Leg28,MVV,CNEG,N,NR,NR,B,CNEG,
1900-01-01 00:00:00,0.0,2.0,BPTCP,CONTROL-C2,CONTROL-C2_Leg29,MVV,CNEG,N,NR,NR,B,CNEG,
1900-01-01 00:00:00,0.0,2.0,BPTCP,CONTROL-C2,CONTROL-C2_Leg30,MVV,CNEG,N,NR,NR,B,CNEG,
1900-01-01 00:00:00,0.0,2.0,BPTCP,CONTROL-C2,CONTROL-C2_Leg32,MVV,CNEG,N,NR,NR,B,CNEG,
1900-01-01 00:00:00,0.0,2.0,BPTCP,CONTROL-C2,CONTROL-C2_Leg37,MVV,CNEG,N,NR,NR,B,CNEG,
1900-01-01 00:00:00,0.0,2.0,BPTCP,CONTROL-C2,CONTROL-C2_Leg4,MVV,CNEG,N,NR,NR,B,CNEG,
1900-01-01 00:00:00,0.0,2.0,BPTCP,CONTROL-C2,CONTROL-C2_Leg45,MVV,CNEG,N,NR,NR,B,CNEG,
1900-01-01 00:00:00,0.0,2.0,BPTCP,CONTROL-C2,CONTROL-C2_Leg5,MVV,CNEG,N,NR,NR,B,CNEG,
1900-01-01 00:00:00,0.0,2.0,BPTCP,CONTROL-C2,CONTROL-C2_Leg52,MVV,CNEG,N,NR,NR,B,CNEG,
1900-01-01 00:00:00,0.0,2.0,BPTCP,CONTROL-C2,CONTROL-C2_Leg6,MVV,CNEG,N,NR,NR,B,CNEG,
1900-01-01 00:00:00,0.0,2.0,BPTCP,CONTROL-C2,CONTROL-C2_Leg9,MVV,CNEG,N,NR,NR,B,CNEG,
1900-01-01 00:00:00,0.0,2.0,BPTCP,CONTROL-C3,CONTROL-C3_Leg15,MVV,CNEG,N,NR,NR,B,CNEG,
1900-01-01 00:00:00,0.0,2.0,BPTCP,CONTROL-C3,CONTROL-C3_Leg17,MVV,CNEG,N,NR,NR,B,CNEG,
1900-01-01 00:00:00,0.0,2.0,BPTCP,CONTROL-C3,CONTROL-C3_Leg18,MVV,CNEG,N,NR,NR,B,CNEG,
1900-01-01 00:00:00,0.0,2.0,BPTCP,CONTROL-C3,CONTROL-C3_Leg21,MVV,CNEG,N,NR,NR,B,CNEG,
1900-01-01 00:00:00,0.0,2.0,BPTCP,CONTROL-C3,CONTROL-C3_Leg22,MVV,CNEG,N,NR,NR,B,CNEG,
1900-01-01 00:00:00,0.0,2.0,BPTCP,CONTROL-C3,CONTROL-C3_Leg24,MVV,CNEG,N,NR,NR,B,CNEG,
1900-01-01 00:00:00,0.0,2.0,BPTCP,CONTROL-C3,CONTROL-C3_Leg25,MVV,CNEG,N,NR,NR,B,CNEG,
1900-01-01 00:00:00,0.0,2.0,BPTCP,CONTROL-C3,CONTROL-C3_Leg26,MVV,CNEG,N,NR,NR,B,CNEG,
1900-01-01 00:00:00,0.0,2.0,BPTCP,CONTROL-C3,CONTROL-C3_Leg27,MVV,CNEG,N,NR,NR,B,CNEG,
1900-01-01 00:00:00,0.0,2.0,BPTCP,CONTROL-C3,CONTROL-C3_Leg28,MVV,CNEG,N,NR,NR,B,CNEG,
1900-01-01 00:00:00,0.0,2.0,BPTCP,CONTROL-C3,CONTROL-C3_Leg29,MVV,CNEG,N,NR,NR,B,CNEG,
1900-01-01 00:00:00,0.0,2.0,BPTCP,CONTROL-C3,CONTROL-C3_Leg30,MVV,CNEG,N,NR,NR,B,CNEG,
1900-01-01 00:00:00,0.0,2.0,BPTCP,CONTROL-C3,CONTROL-C3_Leg32,MVV,CNEG,N,NR,NR,B,CNEG,
1999-09-14 00:00:00,-99.0,-99.0,CISNET,CAN,1999STB,TRAWL,RESULT,Y,NR,NR,T,NA,Field-caught fish tissue chem sample.
2000-02-02 00:00:00,0.0,10.0,CISNET,CAN,2000-02,PONAR,RESULT,N,NR,NR,I,Surface,Only benthic infauna data.
2000-03-15 00:00:00,0.0,5.0,CISNET,CAN,2000-03,MVV,RESULT,N,NR,NR,S,Surface,Infauna sampled by Ponar grab (area of .05m2). Sed depth for infauna may be up t
2000-05-31 00:00:00,0.0,5.0,CISNET,CAN,2000-05,MVV,RESULT,N,NR,NR,S,Surface,Infauna sampled by Ponar grab (area of .05m2). Sed depth for infauna may be up t
2000-07-19 00:00:00,0.0,5.0,CISNET,CAN,2000-07,MVV,RESULT,N,NR,NR,SPBI,Surface,Infauna sampled by Ponar grab (area of .05m2). Sed depth for infauna may be up t
2000-09-22 00:00:00,0.0,5.0,CISNET,CAN,2000-09,MVV,RESULT,N,NR,NR,S,Surface,Infauna sampled by Ponar grab (area of .05m2). Sed depth for infauna may be up t
2000-11-06 00:00:00,0.0,5.0,CISNET,CAN,2000-11,MVV,RESULT,N,NR,NR,S,Surface,Infauna sampled by Ponar grab (area of .05m2). Sed depth for infauna may be up t
2000-12-14 00:00:00,0.0,5.0,CISNET,CAN,2000-12,MVV,RESULT,N,NR,NR,S,Surface,Infauna sampled by Ponar grab (area of .05m2). Sed depth for infauna may be up t
2000-09-27 00:00:00,-99.0,-99.0,CISNET,CAN,2000STB,TRAWL,RESULT,Y,NR,NR,T,NA,Field-caught fish tissue chem sample.
2001-01-11 00:00:00,0.0,5.0,CISNET,CAN,2001-01,MVV,RESULT,N,NR,NR,S,Surface,Infauna sampled by Ponar grab (area of .05m2). Sed depth for infauna may be up t
2001-02-08 00:00:00,0.0,5.0,CISNET,CAN,2001-02,MVV,RESULT,N,NR,NR,SBI,Surface,Infauna sampled by Ponar grab (area of .05m2). Sed depth for infauna may be up t
2001-03-08 00:00:00,0.0,5.0,CISNET,CAN,2001-03,MVV,RESULT,N,NR,NR,S,Surface,Infauna sampled by Ponar grab (area of .05m2). Sed depth for infauna may be up t
1900-01-01 00:00:00,0.0,5.0,CISNET,Control,2000-07,MVV,CNEG,N,NR,NR,SPB,CNEG,Infauna sampled by Ponar grab (area of .05m2). Sed depth for infauna may be up t
1900-01-01 00:00:00,0.0,5.0,CISNET,Control,2001-02,MVV,CNEG,N,NR,NR,SB,CNEG,Infauna sampled by Ponar grab (area of .05m2). Sed depth for infauna may be up t
1999-09-14 00:00:00,-99.0,-99.0,CISNET,DAVIS PT,1999STB,TRAWL,RESULT,Y,NR,NR,T,NA,Field-caught fish tissue chem sample.
2000-03-17 00:00:00,0.0,5.0,CISNET,DAVIS PT,2000-03,MVV,RESULT,N,NR,NR,S,Surface,Infauna sampled by Ponar grab (area of .05m2). Sed depth for infauna may be up t
2000-07-17 00:00:00,0.0,5.0,CISNET,DAVIS PT,2000-07,MVV,RESULT,N,NR,NR,S,Surface,Infauna sampled by Ponar grab (area of .05m2). Sed depth for infauna may be up t
2000-09-20 00:00:00,0.0,5.0,CISNET,DAVIS PT,2000-09,MVV,RESULT,N,NR,NR,S,Surface,Infauna sampled by Ponar grab (area of .05m2). Sed depth for infauna may be up t
2000-11-06 00:00:00,0.0,5.0,CISNET,DAVIS PT,2000-11,MVV,RESULT,N,NR,NR,S,Surface,Infauna sampled by Ponar grab (area of .05m2). Sed depth for infauna may be up t
2000-09-27 00:00:00,-99.0,-99.0,CISNET,DAVIS PT,2000STB,TRAWL,RESULT,Y,NR,NR,T,NA,Field-caught fish tissue chem sample.
2001-01-11 00:00:00,0.0,5.0,CISNET,DAVIS PT,2001-01,MVV,RESULT,N,NR,NR,S,Surface,Infauna sampled by Ponar grab (area of .05m2). Sed depth for infauna may be up t
2001-03-05 00:00:00,0.0,5.0,CISNET,DAVIS PT,2001-03,MVV,RESULT,N,NR,NR,S,Surface,Infauna sampled by Ponar grab (area of .05m2). Sed depth for infauna may be up t
2000-03-17 00:00:00,0.0,5.0,CISNET,DUTCH,2000-03,MVV,RESULT,N,NR,NR,S,Surface,Infauna sampled by Ponar grab (area of .05m2). Sed depth for infauna may be up t
2000-05-31 00:00:00,0.0,5.0,CISNET,DUTCH,2000-05,MVV,RESULT,N,NR,NR,S,Surface,Infauna sampled by Ponar grab (area of .05m2). Sed depth for infauna may be up t
2000-07-17 00:00:00,0.0,5.0,CISNET,DUTCH,2000-07,MVV,RESULT,N,NR,NR,S,Surface,Infauna sampled by Ponar grab (area of .05m2). Sed depth for infauna may be up t
2000-09-20 00:00:00,0.0,5.0,CISNET,DUTCH,2000-09,MVV,RESULT,N,NR,NR,S,Surface,Infauna sampled by Ponar grab (area of .05m2). Sed depth for infauna may be up t
2000-11-07 00:00:00,0.0,5.0,CISNET,DUTCH,2000-11,MVV,RESULT,N,NR,NR,S,Surface,Infauna sampled by Ponar grab (area of .05m2). Sed depth for infauna may be up t
2001-01-10 00:00:00,0.0,5.0,CISNET,DUTCH,2001-01,MVV,RESULT,N,NR,NR,S,Surface,Infauna sampled by Ponar grab (area of .05m2). Sed depth for infauna may be up t
2001-03-06 00:00:00,0.0,5.0,CISNET,DUTCH,2001-03,MVV,RESULT,N,NR,NR,S,Surface,Infauna sampled by Ponar grab (area of .05m2). Sed depth for infauna may be up t
1999-09-16 00:00:00,-99.0,-99.0,CISNET,HUDE,1999STAG,TRAWL,RESULT,Y,NR,NR,T,NA,Field-caught fish tissue chem sample.
2000-03-15 00:00:00,0.0,5.0,CISNET,HUDE,2000-03,MVV,RESULT,N,NR,NR,S,Surface,Infauna sampled by Ponar grab (area of .05m2). Sed depth for infauna may be up t
2000-06-01 00:00:00,0.0,5.0,CISNET,HUDE,2000-05,MVV,RESULT,N,NR,NR,S,Surface,Infauna sampled by Ponar grab (area of .05m2). Sed depth for infauna may be up t
2000-07-19 00:00:00,0.0,5.0,CISNET,HUDE,2000-07,MVV,RESULT,N,NR,NR,S,Surface,Infauna sampled by Ponar grab (area of .05m2). Sed depth for infauna may be up t
2000-09-22 00:00:00,0.0,5.0,CISNET,HUDE,2000-09,MVV,RESULT,N,NR,NR,S,Surface,Infauna sampled by Ponar grab (area of .05m2). Sed depth for infauna may be up t
2000-11-07 00:00:00,0.0,5.0,CISNET,HUDE,2000-11,MVV,RESULT,N,NR,NR,S,Surface,Infauna sampled by Ponar grab (area of .05m2). Sed depth for infauna may be up t
2000-09-29 00:00:00,-99.0,-99.0,CISNET,HUDE,2000STAG,TRAWL,RESULT,Y,NR,NR,T,NA,Field-caught fish tissue chem sample.
2001-01-10 00:00:00,0.0,5.0,CISNET,HUDE,2001-01,MVV,RESULT,N,NR,NR,S,Surface,Infauna sampled by Ponar grab (area of .05m2). Sed depth for infauna may be up t
2001-03-08 00:00:00,0.0,5.0,CISNET,HUDE,2001-03,MVV,RESULT,N,NR,NR,S,Surface,Infauna sampled by Ponar grab (area of .05m2). Sed depth for infauna may be up t
1999-09-14 00:00:00,-99.0,-99.0,CISNET,M14,1999STAG,TRAWL,RESULT,Y,NR,NR,T,NA,Field-caught fish tissue chem sample.
2000-01-20 00:00:00,0.0,10.0,CISNET,M14,2000-02,PONAR,RESULT,N,NR,NR,I,Surface,Only benthic infauna data.
2000-03-17 00:00:00,0.0,5.0,CISNET,M14,2000-03,MVV,RESULT,N,NR,NR,S,Surface,Infauna sampled by Ponar grab (area of .05m2). Sed depth for infauna may be up t
2000-05-31 00:00:00,0.0,5.0,CISNET,M14,2000-05,MVV,RESULT,N,NR,NR,S,Surface,Infauna sampled by Ponar grab (area of .05m2). Sed depth for infauna may be up t
2000-07-17 00:00:00,0.0,5.0,CISNET,M14,2000-07,MVV,RESULT,N,NR,NR,SPBI,Surface,Infauna sampled by Ponar grab (area of .05m2). Sed depth for infauna may be up t
2000-09-20 00:00:00,0.0,5.0,CISNET,M14,2000-09,MVV,RESULT,N,NR,NR,S,Surface,Infauna sampled by Ponar grab (area of .05m2). Sed depth for infauna may be up t
2000-11-07 00:00:00,0.0,5.0,CISNET,M14,2000-11,MVV,RESULT,N,NR,NR,S,Surface,Infauna sampled by Ponar grab (area of .05m2). Sed depth for infauna may be up t
2000-12-11 00:00:00,0.0,5.0,CISNET,M14,2000-12,MVV,RESULT,N,NR,NR,S,Surface,Infauna sampled by Ponar grab (area of .05m2). Sed depth for infauna may be up t
2000-09-27 00:00:00,-99.0,-99.0,CISNET,M14,2000STAG,TRAWL,RESULT,Y,NR,NR,T,NA,Field-caught fish tissue chem sample.
2001-01-10 00:00:00,0.0,5.0,CISNET,M14,2001-01,MVV,RESULT,N,NR,NR,S,Surface,Infauna sampled by Ponar grab (area of .05m2). Sed depth for infauna may be up t
2001-02-07 00:00:00,0.0,5.0,CISNET,M14,2001-02,MVV,RESULT,N,NR,NR,SBI,Surface,Infauna sampled by Ponar grab (area of .05m2). Sed depth for infauna may be up t
2001-03-05 00:00:00,0.0,5.0,CISNET,M14,2001-03,MVV,RESULT,N,NR,NR,S,Surface,Infauna sampled by Ponar grab (area of .05m2). Sed depth for infauna may be up t
2000-03-16 00:00:00,0.0,5.0,CISNET,M19,2000-03,MVV,RESULT,N,NR,NR,S,Surface,Infauna sampled by Ponar grab (area of .05m2). Sed depth for infauna may be up t
2000-05-30 00:00:00,0.0,5.0,CISNET,M19,2000-05,MVV,RESULT,N,NR,NR,S,Surface,Infauna sampled by Ponar grab (area of .05m2). Sed depth for infauna may be up t
2000-07-18 00:00:00,0.0,5.0,CISNET,M19,2000-07,MVV,RESULT,N,NR,NR,SPB,Surface,Infauna sampled by Ponar grab (area of .05m2). Sed depth for infauna may be up t
2000-09-27 00:00:00,0.0,5.0,CISNET,M19,2000-09,MVV,RESULT,N,NR,NR,S,Surface,Infauna sampled by Ponar grab (area of .05m2). Sed depth for infauna may be up t
2000-11-08 00:00:00,0.0,5.0,CISNET,M19,2000-11,MVV,RESULT,N,NR,NR,S,Surface,Infauna sampled by Ponar grab (area of .05m2). Sed depth for infauna may be up t
2000-12-12 00:00:00,0.0,5.0,CISNET,M19,2000-12,MVV,RESULT,N,NR,NR,S,Surface,Infauna sampled by Ponar grab (area of .05m2). Sed depth for infauna may be up t
2001-01-12 00:00:00,0.0,5.0,CISNET,M19,2001-01,MVV,RESULT,N,NR,NR,S,Surface,Infauna sampled by Ponar grab (area of .05m2). Sed depth for infauna may be up t
2001-02-14 00:00:00,0.0,5.0,CISNET,M19,2001-02,MVV,RESULT,N,NR,NR,SB,Surface,Infauna sampled by Ponar grab (area of .05m2). Sed depth for infauna may be up t
2001-03-06 00:00:00,0.0,5.0,CISNET,M19,2001-03,MVV,RESULT,N,NR,NR,S,Surface,Infauna sampled by Ponar grab (area of .05m2). Sed depth for infauna may be up t
2000-03-16 00:00:00,0.0,5.0,CISNET,M9,2000-03,MVV,RESULT,N,NR,NR,S,Surface,Infauna sampled by Ponar grab (area of .05m2). Sed depth for infauna may be up t
2000-05-30 00:00:00,0.0,5.0,CISNET,M9,2000-05,MVV,RESULT,N,NR,NR,S,Surface,Infauna sampled by Ponar grab (area of .05m2). Sed depth for infauna may be up t
2000-07-18 00:00:00,0.0,5.0,CISNET,M9,2000-07,MVV,RESULT,N,NR,NR,S,Surface,Infauna sampled by Ponar grab (area of .05m2). Sed depth for infauna may be up t
2000-09-27 00:00:00,0.0,5.0,CISNET,M9,2000-09,MVV,RESULT,N,NR,NR,S,Surface,Infauna sampled by Ponar grab (area of .05m2). Sed depth for infauna may be up t
2000-11-08 00:00:00,0.0,5.0,CISNET,M9,2000-11,MVV,RESULT,N,NR,NR,S,Surface,Infauna sampled by Ponar grab (area of .05m2). Sed depth for infauna may be up t
2001-01-12 00:00:00,0.0,5.0,CISNET,M9,2001-01,MVV,RESULT,N,NR,NR,S,Surface,Infauna sampled by Ponar grab (area of .05m2). Sed depth for infauna may be up t
2001-03-06 00:00:00,0.0,5.0,CISNET,M9,2001-03,MVV,RESULT,N,NR,NR,S,Surface,Infauna sampled by Ponar grab (area of .05m2). Sed depth for infauna may be up t
2000-03-17 00:00:00,0.0,5.0,CISNET,MIC,2000-03,MVV,RESULT,N,NR,NR,S,Surface,Infauna sampled by Ponar grab (area of .05m2). Sed depth for infauna may be up t
2000-05-31 00:00:00,0.0,5.0,CISNET,MIC,2000-05,MVV,RESULT,N,NR,NR,S,Surface,Infauna sampled by Ponar grab (area of .05m2). Sed depth for infauna may be up t
2000-07-17 00:00:00,0.0,5.0,CISNET,MIC,2000-07,MVV,RESULT,N,NR,NR,SPB,Surface,Infauna sampled by Ponar grab (area of .05m2). Sed depth for infauna may be up t
2000-09-20 00:00:00,0.0,5.0,CISNET,MIC,2000-09,MVV,RESULT,N,NR,NR,S,Surface,Infauna sampled by Ponar grab (area of .05m2). Sed depth for infauna may be up t
2000-11-07 00:00:00,0.0,5.0,CISNET,MIC,2000-11,MVV,RESULT,N,NR,NR,S,Surface,Infauna sampled by Ponar grab (area of .05m2). Sed depth for infauna may be up t
2000-12-11 00:00:00,0.0,5.0,CISNET,MIC,2000-12,MVV,RESULT,N,NR,NR,S,Surface,Infauna sampled by Ponar grab (area of .05m2). Sed depth for infauna may be up t
2001-01-10 00:00:00,0.0,5.0,CISNET,MIC,2001-01,MVV,RESULT,N,NR,NR,S,Surface,Infauna sampled by Ponar grab (area of .05m2). Sed depth for infauna may be up t
2001-02-07 00:00:00,0.0,5.0,CISNET,MIC,2001-02,MVV,RESULT,N,NR,NR,SB,Surface,Infauna sampled by Ponar grab (area of .05m2). Sed depth for infauna may be up t
2001-03-05 00:00:00,0.0,5.0,CISNET,MIC,2001-03,MVV,RESULT,N,NR,NR,S,Surface,Infauna sampled by Ponar grab (area of .05m2). Sed depth for infauna may be up t
2000-03-15 00:00:00,0.0,5.0,CISNET,PABLO,2000-03,MVV,RESULT,N,NR,NR,S,Surface,Infauna sampled by Ponar grab (area of .05m2). Sed depth for infauna may be up t
2000-06-01 00:00:00,0.0,5.0,CISNET,PABLO,2000-05,MVV,RESULT,N,NR,NR,S,Surface,Infauna sampled by Ponar grab (area of .05m2). Sed depth for infauna may be up t
2000-07-19 00:00:00,0.0,5.0,CISNET,PABLO,2000-07,MVV,RESULT,N,NR,NR,S,Surface,Infauna sampled by Ponar grab (area of .05m2). Sed depth for infauna may be up t
2000-09-22 00:00:00,0.0,5.0,CISNET,PABLO,2000-09,MVV,RESULT,N,NR,NR,S,Surface,Infauna sampled by Ponar grab (area of .05m2). Sed depth for infauna may be up t
2000-11-06 00:00:00,0.0,5.0,CISNET,PABLO,2000-11,MVV,RESULT,N,NR,NR,S,Surface,Infauna sampled by Ponar grab (area of .05m2). Sed depth for infauna may be up t
2001-01-11 00:00:00,0.0,5.0,CISNET,PABLO,2001-01,MVV,RESULT,N,NR,NR,S,Surface,Infauna sampled by Ponar grab (area of .05m2). Sed depth for infauna may be up t
2001-03-08 00:00:00,0.0,5.0,CISNET,PABLO,2001-03,MVV,RESULT,N,NR,NR,S,Surface,Infauna sampled by Ponar grab (area of .05m2). Sed depth for infauna may be up t
1999-09-15 00:00:00,-99.0,-99.0,CISNET,PEDRO,1999STAG,TRAWL,RESULT,Y,NR,NR,T,NA,Field-caught fish tissue chem sample.
2000-09-28 00:00:00,-99.0,-99.0,CISNET,PEDRO,2000STAG,TRAWL,RESULT,Y,NR,NR,T,NA,Field-caught fish tissue chem sample.
1999-09-15 00:00:00,-99.0,-99.0,CISNET,PET,1999STAG,TRAWL,RESULT,Y,NR,NR,T,NA,Field-caught fish tissue chem sample.
2000-01-19 00:00:00,0.0,10.0,CISNET,PET,2000-02,PONAR,RESULT,N,NR,NR,I,Surface,Only benthic infauna data.
2000-03-16 00:00:00,0.0,5.0,CISNET,PET,2000-03,MVV,RESULT,N,NR,NR,S,Surface,Infauna sampled by Ponar grab (area of .05m2). Sed depth for infauna may be up t
2000-05-30 00:00:00,0.0,5.0,CISNET,PET,2000-05,MVV,RESULT,N,NR,NR,S,Surface,Infauna sampled by Ponar grab (area of .05m2). Sed depth for infauna may be up t
2000-07-18 00:00:00,0.0,5.0,CISNET,PET,2000-07,MVV,RESULT,N,NR,NR,SPBI,Surface,Infauna sampled by Ponar grab (area of .05m2). Sed depth for infauna may be up t
2000-09-27 00:00:00,0.0,5.0,CISNET,PET,2000-09,MVV,RESULT,N,NR,NR,S,Surface,Infauna sampled by Ponar grab (area of .05m2). Sed depth for infauna may be up t
2000-11-08 00:00:00,0.0,5.0,CISNET,PET,2000-11,MVV,RESULT,N,NR,NR,S,Surface,Infauna sampled by Ponar grab (area of .05m2). Sed depth for infauna may be up t
2000-12-12 00:00:00,0.0,5.0,CISNET,PET,2000-12,MVV,RESULT,N,NR,NR,S,Surface,Infauna sampled by Ponar grab (area of .05m2). Sed depth for infauna may be up t
2000-09-28 00:00:00,-99.0,-99.0,CISNET,PET,2000STAG,TRAWL,RESULT,Y,NR,NR,T,NA,Field-caught fish tissue chem sample.
2001-01-12 00:00:00,0.0,5.0,CISNET,PET,2001-01,MVV,RESULT,N,NR,NR,S,Surface,Infauna sampled by Ponar grab (area of .05m2). Sed depth for infauna may be up t
2001-02-14 00:00:00,0.0,5.0,CISNET,PET,2001-02,MVV,RESULT,N,NR,NR,SBI,Surface,Infauna sampled by Ponar grab (area of .05m2). Sed depth for infauna may be up t
2001-03-06 00:00:00,0.0,5.0,CISNET,PET,2001-03,MVV,RESULT,N,NR,NR,S,Surface,Infauna sampled by Ponar grab (area of .05m2). Sed depth for infauna may be up t
2000-03-16 00:00:00,0.0,5.0,CISNET,RADAR,2000-03,MVV,RESULT,N,NR,NR,S,Surface,Infauna sampled by Ponar grab (area of .05m2). Sed depth for infauna may be up t
2000-05-30 00:00:00,0.0,5.0,CISNET,RADAR,2000-05,MVV,RESULT,N,NR,NR,S,Surface,Infauna sampled by Ponar grab (area of .05m2). Sed depth for infauna may be up t
2000-07-17 00:00:00,0.0,5.0,CISNET,RADAR,2000-07,MVV,RESULT,N,NR,NR,S,Surface,Infauna sampled by Ponar grab (area of .05m2). Sed depth for infauna may be up t
2000-09-21 00:00:00,0.0,5.0,CISNET,RADAR,2000-09,MVV,RESULT,N,NR,NR,S,Surface,Infauna sampled by Ponar grab (area of .05m2). Sed depth for infauna may be up t
2000-11-08 00:00:00,0.0,5.0,CISNET,RADAR,2000-11,MVV,RESULT,N,NR,NR,S,Surface,Infauna sampled by Ponar grab (area of .05m2). Sed depth for infauna may be up t
2001-01-12 00:00:00,0.0,5.0,CISNET,RADAR,2001-01,MVV,RESULT,N,NR,NR,S,Surface,Infauna sampled by Ponar grab (area of .05m2). Sed depth for infauna may be up t
2001-03-05 00:00:00,0.0,5.0,CISNET,RADAR,2001-03,MVV,RESULT,N,NR,NR,S,Surface,Infauna sampled by Ponar grab (area of .05m2). Sed depth for infauna may be up t
2000-02-02 00:00:00,0.0,10.0,CISNET,SOCR,2000-02,PONAR,RESULT,N,NR,NR,I,Surface,Only benthic infauna data.
2000-03-15 00:00:00,0.0,5.0,CISNET,SOCR,2000-03,MVV,RESULT,N,NR,NR,S,Surface,Infauna sampled by Ponar grab (area of .05m2). Sed depth for infauna may be up t
2000-07-19 00:00:00,0.0,5.0,CISNET,SOCR,2000-07,MVV,RESULT,N,NR,NR,SPBI,Surface,Infauna sampled by Ponar grab (area of .05m2). Sed depth for infauna may be up t
2000-09-22 00:00:00,0.0,5.0,CISNET,SOCR,2000-09,MVV,RESULT,N,NR,NR,S,Surface,Infauna sampled by Ponar grab (area of .05m2). Sed depth for infauna may be up t
2000-11-06 00:00:00,0.0,5.0,CISNET,SOCR,2000-11,MVV,RESULT,N,NR,NR,S,Surface,Infauna sampled by Ponar grab (area of .05m2). Sed depth for infauna may be up t
2000-12-14 00:00:00,0.0,5.0,CISNET,SOCR,2000-12,MVV,RESULT,N,NR,NR,S,Surface,Infauna sampled by Ponar grab (area of .05m2). Sed depth for infauna may be up t
2001-01-11 00:00:00,0.0,5.0,CISNET,SOCR,2001-01,MVV,RESULT,N,NR,NR,S,Surface,Infauna sampled by Ponar grab (area of .05m2). Sed depth for infauna may be up t
2001-02-08 00:00:00,0.0,5.0,CISNET,SOCR,2001-02,MVV,RESULT,N,NR,NR,SBI,Surface,Infauna sampled by Ponar grab (area of .05m2). Sed depth for infauna may be up t
2001-03-08 00:00:00,0.0,5.0,CISNET,SOCR,2001-03,MVV,RESULT,N,NR,NR,S,Surface,Infauna sampled by Ponar grab (area of .05m2). Sed depth for infauna may be up t
2002-03-07 00:00:00,0.0,-99.0,CLIPPER,Control_EE,Control_EE,GRAB,CNEG,U,NR,NR,B,CNEG,
2002-03-07 00:00:00,0.0,-99.0,CLIPPER,Control_NA,Control_NA,GRAB,CNEG,U,NR,NR,B,CNEG,
2002-03-07 00:00:00,0.0,-99.0,CLIPPER,Reference,Reference,GRAB,REF,U,NR,NR,SB,Surface,Drag
2002-03-13 00:00:00,0.0,115.80000305175781,CLIPPER,Site 2 ,Site 2 ,CORE,Result,Y,Silt/Clay,Gray,SB,Subsurface,Push Corer
2002-03-12 00:00:00,0.0,87.4000015258789,CLIPPER,Site 3,Site 3,CORE,Result,Y,Silt/Clay,Gray,SB,Subsurface,Push Corer
2002-03-12 00:00:00,0.0,140.1999969482422,CLIPPER,Site 4,Site 4,CORE,Result,Y,Silt/Clay,Gray,SB,Subsurface,Push Corer
2002-03-07 00:00:00,0.0,-99.0,CLIPPER,SWControl,SWControl,GRAB,CNEG,U,NR,NR,B,CNEG,
2002-04-10 00:00:00,0.0,-99.0,COYOTE,AlcatrazRef,Alcatraz,GRAB,REF,N,NR,NR,SB,Surface,
2002-04-10 00:00:00,0.0,102.9000015258789,COYOTE,Basin1,Basin_1,CORE,RESULT,Y,"Silts, clays, sand",NR,SB,Subsurface,
2002-04-10 00:00:00,0.0,102.9000015258789,COYOTE,Basin2,Basin_2,CORE,RESULT,Y,"Silts, clays, sand",NR,SB,Subsurface,
2002-04-10 00:00:00,0.0,164.60000610351562,COYOTE,Channel,Channel,CORE,RESULT,Y,Clay,NR,SB,Subsurface,
1900-01-01 00:00:00,0.0,-99.0,COYOTE,Home,Control,UNK,CNEG,N,NR,NR,B,CNEG,
1900-01-01 00:00:00,0.0,-99.0,COYOTE,LabControl,LabControl,UNK,CNEG,N,NR,NR,B,CNEG,
2000-07-11 00:00:00,0.0,106.30000305175781,EMRY_MAR_00,1,1,PUSH,RESULT,Y,Silt/Clay,Green,SB,Subsurface,Push Corer
2000-07-11 00:00:00,0.0,144.39999389648438,EMRY_MAR_00,2,2,PUSH,RESULT,Y,Silt/Clay,Green,SB,Subsurface,Push Corer
2000-07-11 00:00:00,0.0,133.10000610351562,EMRY_MAR_00,3,3,PUSH,RESULT,Y,Silt/Clay,Green,SB,Subsurface,Push Corer
2000-07-10 00:00:00,0.0,-99.0,EMRY_MAR_00,Control,Control,UNK,CNEG,U,NR,NR,B,CNEG,Bodega Marine Lab natural seawater
2000-07-10 00:00:00,0.0,-99.0,EMRY_MAR_00,Control-AA,Control,UNK,CNEG,U,NR,NR,B,CNEG,
2000-07-29 00:00:00,0.0,-99.0,EMRY_MAR_00,Control-NC,Control,UNK,CNEG,U,NR,NR,B,CNEG,
2000-07-10 00:00:00,0.0,-99.0,EMRY_MAR_00,Reference,Reference,PDREDGE,REF,Y,NR,NR,SB,Surface,Pipe dredge
2000-05-03 00:00:00,0.0,498.0,FERRY_LARK2,1,Site 1,CORE,RESULT,Y,NR,NR,SB,Subsurface,Push Core
2000-05-03 00:00:00,0.0,518.2000122070312,FERRY_LARK2,2,Site 2,CORE,RESULT,Y,NR,NR,SB,Subsurface,Push Core
2000-04-27 00:00:00,0.0,-99.0,FERRY_LARK2,AAControl,AAControl,UNK,CNEG,N,NR,NR,B,CNEG,
2000-04-27 00:00:00,0.0,-99.0,FERRY_LARK2,Alcatraz,Alcatraz,PDREDGE,REF,Y,NR,NR,SB,Surface,
2000-04-27 00:00:00,0.0,-99.0,FERRY_LARK2,MEControl,MEControl,UNK,CNEG,N,NR,NR,B,CNEG,
2000-04-27 00:00:00,-99.0,-99.0,FERRY_LARK2,NCControl,NCControl,UNK,CNEG,N,NR,NR,B,CNEG,
2003-04-09 00:00:00,0.0,184.39999389648438,FERRY_VAL,A,A,VIBRA,RESULT,Y,Silt/Clay,Green/gray,SB,Subsurface,Vib Corer
2003-04-09 00:00:00,0.0,125.69999694824219,FERRY_VAL,B,B,VIBRA,RESULT,Y,Silt/Clay,Green/gray,SB,Subsurface,Vib Corer
2003-04-09 00:00:00,0.0,-99.0,FERRY_VAL,EEControl,EEControl,UNK,CNEG,U,NR,NR,B,CNEG,
2003-04-09 00:00:00,0.0,-99.0,FERRY_VAL,LabControl,LabControl,UNK,CNEG,U,NR,NR,B,CNEG,
2003-04-09 00:00:00,-99.0,-99.0,FERRY_VAL,NAControl,NAControl,UNK,CNEG,U,NR,NR,B,CNEG,
2003-04-09 00:00:00,0.0,-99.0,FERRY_VAL,Reference,Reference,UNK,REF,U,NR,NR,SB,Surface,
2003-04-09 00:00:00,-99.0,-99.0,FERRY_VAL,SWControl,SWControl,SWDRAW,CNEG,U,NR,NR,B,CNEG,
1992-11-01 00:00:00,0.0,102.0999984741211,HUMB_93,C_EKUP,C_EKUP,VIBRA,RESULT,Y,NR,NR,STB,Subsurface,Mix of cores and grabs; see event tables.
1992-10-30 00:00:00,0.0,-99.0,HUMB_93,C_FLTB,C_FLTB,SMITH,RESULT,Y,NR,NR,STB,Surface,Mix of cores and grabs; see event tables.
1992-10-31 00:00:00,0.0,96.0,HUMB_93,C_SAMTB,C_SAMTB,SMITH,RESULT,Y,NR,NR,STB,Subsurface,Mix of cores and grabs; see event tables.
1992-11-02 00:00:00,0.0,-99.0,HUMB_93,Control,Control,UNK,CNEG,N,NR,NR,STB,CNEG,
1992-11-02 00:00:00,0.0,-99.0,HUMB_93,Reference,Reference,SMITH,REF ,N,NR,NR,STB,Surface,
1994-04-02 00:00:00,0.0,143.3000030517578,HUMB_94,C_EKUP,C_EKUP,MULT,RESULT,Y,NR,NR,SB,Subsurface,"Both cores and grabs collected, see event info."
1994-04-03 00:00:00,0.0,64.0,HUMB_94,C_FLTB,C_FLTB,MULT,RESULT,Y,NR,NR,SB,Subsurface,"Both cores and grabs collected, see event info."
1994-03-31 00:00:00,0.0,79.19999694824219,HUMB_94,C_SAMTB,C_SAMTB,MULT,RESULT,Y,NR,NR,SB,Subsurface,"Both cores and grabs collected, see event info."
1994-04-05 00:00:00,0.0,-99.0,HUMB_94,Control,Control,UNK,CNEG,N,NR,NR,B,CNEG,
1994-04-05 00:00:00,0.0,-99.0,HUMB_94,Home A,Home A,UNK,CNEG,N,NR,NR,B,CNEG,
1994-04-05 00:00:00,0.0,-99.0,HUMB_94,Home B,Home B,UNK,CNEG,N,NR,NR,B,CNEG,
1994-04-05 00:00:00,0.0,15.239999771118164,HUMB_94,Reference,Reference,SMITH,REF ,N,NR,NR,SB,Surface,
1995-04-03 00:00:00,0.0,43.81999969482422,HUMB_95,C_EKEX,C_EKEX,VIBRA,RESULT,Y,NR,NR,SB,Subsurface,
1995-04-04 00:00:00,0.0,81.30000305175781,HUMB_95,C_EKUP,C_EKUP,VIBRA,RESULT,Y,NR,NR,SB,Subsurface,
1995-04-02 00:00:00,0.0,93.0999984741211,HUMB_95,C_FLTB,C_FLTB,VIBRA,RESULT,Y,NR,NR,SB,Subsurface,
1995-04-01 00:00:00,0.0,17.850000381469727,HUMB_95,C_SAMTB,C_SAMTB,VIBRA,RESULT,Y,NR,NR,SB,Surface,
1995-03-30 00:00:00,0.0,-99.0,HUMB_95,Control,Control,UNK,CNEG,N,NR,NR,B,CNEG,
1995-03-30 00:00:00,0.0,-99.0,HUMB_95,Home A,Home A,UNK,CNEG,N,NR,NR,B,CNEG,
1995-03-30 00:00:00,0.0,-99.0,HUMB_95,Home B,Home B,UNK,CNEG,N,NR,NR,B,CNEG,
1995-03-30 00:00:00,0.0,-99.0,HUMB_95,Reference,Reference,GRAB,REF ,Y,NR,NR,SB,Surface,
1999-03-09 00:00:00,0.0,193.52499389648438,HUMB_EUR,COMP EK-1,COMP EK-1,VIBRA,RESULT,Y,NR,NR,SB,Subsurface,
1999-03-09 00:00:00,0.0,133.35000610351562,HUMB_EUR,COMP EK-2,COMP EK-2,VIBRA,RESULT,Y,NR,NR,SB,Subsurface,
1999-03-08 00:00:00,0.0,113.5,HUMB_EUR,COMP EK-3,COMP EK-3,VIBRA,RESULT,Y,NR,NR,SB,Subsurface,
1999-03-07 00:00:00,0.0,-99.0,HUMB_EUR,Control,Control,UNK,CNEG,N,NR,NR,B,CNEG,
1999-03-07 00:00:00,0.0,-99.0,HUMB_EUR,HOODS Ref,HOODS Ref,VV,REF ,N,NR,NR,SB,Surface,
2001-08-25 00:00:00,0.0,9.5,HUNT,1,01-01,GRAB,RESULT,N,Fine Sand,Brown,SBI,Surface,
2003-02-02 00:00:00,0.0,6.5,HUNT,1,01-03,GRAB,RESULT,N,Coarse Sand,Gray,SBI,Surface,
2001-08-25 00:00:00,0.0,17.0,HUNT,10,10-01,GRAB,RESULT,N,NR,Brown,SBI,Surface,
2003-02-28 00:00:00,0.0,9.0,HUNT,10,10-03,GRAB,RESULT,N,NR,NR,SBI,Surface,
2003-02-28 00:00:00,0.0,8.0,HUNT,11,11-03,GRAB,RESULT,N,Fine Sand,Brown,SBI,Surface,
2001-08-25 00:00:00,0.0,17.0,HUNT,12,12-01,GRAB,RESULT,N,Silt/Clay,Brown,SBI,Surface,
2003-04-14 00:00:00,0.0,17.0,HUNT,12,12-03,GRAB,RESULT,N,Silt/Clay,Olive Green,SBI,Surface,
2001-08-25 00:00:00,0.0,10.75,HUNT,13,13-01,GRAB,RESULT,N,Fine Sand,Brown,SBI,Surface,
2003-02-28 00:00:00,0.0,10.0,HUNT,13,13-03,GRAB,RESULT,N,Fine Sand,Brown,SBI,Surface,
2001-08-25 00:00:00,0.0,9.666666984558105,HUNT,14,14-01,GRAB,RESULT,N,NR,Brown,SBI,Surface,
2003-02-28 00:00:00,0.0,17.0,HUNT,14,14-03,GRAB,RESULT,N,Fine Sand,Olive Green,SBI,Surface,
2001-08-25 00:00:00,0.0,17.0,HUNT,15,15-01,GRAB,RESULT,N,NR,Gray,SBI,Surface,
2003-04-14 00:00:00,0.0,17.0,HUNT,15,15-03,GRAB,RESULT,N,Silt/Clay,Olive Green,SBI,Surface,
2001-08-08 00:00:00,0.0,9.0,HUNT,16,16-01,GRAB,RESULT,N,Fine Sand,Gray,SBI,Surface,
2003-02-28 00:00:00,0.0,11.5,HUNT,16,16-03,GRAB,RESULT,N,Fine Sand,Olive Green,SBI,Surface,
2001-08-25 00:00:00,0.0,17.0,HUNT,17,17-01,GRAB,RESULT,N,Silt/Clay,Brown,SBI,Surface,
2003-04-14 00:00:00,0.0,17.0,HUNT,17,17-03,GRAB,RESULT,N,Fine Sand,Brown,SBI,Surface,
2001-08-25 00:00:00,0.0,10.5,HUNT,18,18-01,GRAB,RESULT,N,Fine Sand,Gray,SBI,Surface,
2003-02-28 00:00:00,0.0,13.0,HUNT,18,18-03,GRAB,RESULT,N,Fine Sand,Brown,SBI,Surface,
2001-08-25 00:00:00,0.0,12.0,HUNT,19,19-01,GRAB,RESULT,N,Fine Sand,Brown,SBI,Surface,
2001-08-25 00:00:00,0.0,9.25,HUNT,2,02-01,GRAB,RESULT,N,Silt/Clay,Brown,SBI,Surface,
2003-02-02 00:00:00,0.0,6.0,HUNT,2,02-03,GRAB,RESULT,N,Fine Sand,Brown,SBI,Surface,
2001-08-25 00:00:00,0.0,17.0,HUNT,20,20-01,GRAB,RESULT,N,Silt/Clay,Gray,SBI,Surface,
2003-02-28 00:00:00,0.0,9.0,HUNT,20,20-03,GRAB,RESULT,N,Fine Sand,Brown,SBI,Surface,
2001-08-25 00:00:00,0.0,17.0,HUNT,21,21-01,GRAB,RESULT,N,NR,Brown,SBI,Surface,
2003-04-14 00:00:00,0.0,17.0,HUNT,21,21-03,GRAB,RESULT,N,Silt/Clay,Olive Green,SBI,Surface,
2001-08-25 00:00:00,0.0,17.0,HUNT,23,23-01,GRAB,RESULT,N,NR,Brown,SBI,Surface,
2003-04-14 00:00:00,0.0,17.0,HUNT,23,23-03,GRAB,RESULT,N,Silt/Clay,Olive Green,SBI,Surface,
2001-08-25 00:00:00,0.0,17.0,HUNT,24,24-01,GRAB,RESULT,N,Fine Sand,Brown,SBI,Surface,
2003-02-28 00:00:00,0.0,17.0,HUNT,24,24-03,GRAB,RESULT,N,Silt/Clay,Olive Green,SBI,Surface,
2001-08-25 00:00:00,0.0,17.0,HUNT,25,25-01,GRAB,RESULT,N,NR,Brown,SBI,Surface,
2003-04-14 00:00:00,0.0,17.0,HUNT,25,25-03,GRAB,RESULT,N,Silt/Clay,Olive Green,SBI,Surface,
2001-08-25 00:00:00,0.0,-99.0,HUNT,26,26-01,GRAB,RESULT,N,NR,NR,BI,Surface,
2001-08-25 00:00:00,0.0,9.0,HUNT,27,27-01,GRAB,RESULT,N,Silt/Clay,Brown,SBI,Surface,
2003-02-28 00:00:00,0.0,13.0,HUNT,27,27-03,GRAB,RESULT,N,Fine Sand,Brown,SBI,Surface,
2001-08-25 00:00:00,0.0,17.0,HUNT,28,28-01,GRAB,RESULT,N,NR,Brown,SBI,Surface,
2003-02-14 00:00:00,0.0,17.0,HUNT,28,28-03,GRAB,RESULT,N,Fine Sand,Brown,SBI,Surface,
2001-08-08 00:00:00,0.0,17.0,HUNT,29,29-01,GRAB,RESULT,N,Silt/Clay,Gray,SBI,Surface,
2003-02-28 00:00:00,0.0,4.0,HUNT,29,29-03,GRAB,RESULT,N,Fine Sand,Olive Green,SBI,Surface,
2003-02-28 00:00:00,0.0,10.0,HUNT,3,03-03,GRAB,RESULT,N,Mixed,Olive Green,SBI,Surface,
2001-08-25 00:00:00,0.0,17.0,HUNT,30,30-01,GRAB,RESULT,N,NR,Brown,SBI,Surface,
2003-04-14 00:00:00,0.0,13.0,HUNT,30,30-03,GRAB,RESULT,N,Fine Sand,Olive Green,SBI,Surface,
2001-08-25 00:00:00,0.0,11.0,HUNT,31,31-01,GRAB,RESULT,N,Mixed,Brown,SBI,Surface,
2003-04-14 00:00:00,0.0,8.5,HUNT,31,31-03,GRAB,RESULT,N,Fine Sand,Brown,SBI,Surface,
2001-08-25 00:00:00,0.0,17.0,HUNT,32,32-01,GRAB,RESULT,N,Silt/Clay,Gray,SBI,Surface,
2001-08-25 00:00:00,0.0,12.0,HUNT,33,33-01,GRAB,RESULT,N,NR,Brown,SBI,Surface,
2001-08-25 00:00:00,0.0,17.0,HUNT,34,34-01,GRAB,RESULT,N,NR,Brown,SBI,Surface,
2003-03-23 00:00:00,0.0,-99.0,HUNT,34,34-03,GRAB,RESULT,N,NR,NR,SBI,Surface,No grab event information included in data.
2001-08-25 00:00:00,0.0,17.0,HUNT,35,35-01,GRAB,RESULT,N,Silt/Clay,Brown,SBI,Surface,
2003-02-28 00:00:00,0.0,11.0,HUNT,35,35-03,GRAB,RESULT,N,Fine Sand,Olive Green,SBI,Surface,
2001-08-07 00:00:00,0.0,17.5,HUNT,36,36-01,GRAB,RESULT,N,Silt/Clay,Gray,SBI,Surface,
2003-02-27 00:00:00,0.0,17.0,HUNT,36,36-03,GRAB,RESULT,N,Fine Sand,Olive Green,SBI,Surface,
2003-02-26 00:00:00,0.0,17.0,HUNT,37,37-03,GRAB,RESULT,N,Silt/Clay,Olive Green,SBI,Surface,
2001-08-07 00:00:00,0.0,16.75,HUNT,38,38-01,GRAB,RESULT,N,Silt/Clay,Gray,SBI,Surface,
2003-02-27 00:00:00,0.0,17.0,HUNT,38,38-03,GRAB,RESULT,N,Fine Sand,Olive Green,SBI,Surface,
2001-08-07 00:00:00,0.0,15.25,HUNT,39,39-01,GRAB,RESULT,N,Silt/Clay,Gray,SBI,Surface,
2003-02-27 00:00:00,0.0,17.0,HUNT,39,39-03,GRAB,RESULT,N,Silt/Clay,Olive Green,SBI,Surface,
2001-08-25 00:00:00,0.0,10.333333015441895,HUNT,4,04-01,GRAB,RESULT,N,Fine Sand,Brown,SBI,Surface,
2003-04-14 00:00:00,0.0,14.0,HUNT,4,04-03,GRAB,RESULT,N,Silt/Clay,Olive Green,SBI,Surface,
2001-08-07 00:00:00,0.0,16.5,HUNT,41,41-01,GRAB,RESULT,N,Silt/Clay,Gray,SBI,Surface,
2003-02-27 00:00:00,0.0,17.0,HUNT,41,41-03,GRAB,RESULT,N,Silt/Clay,Olive Green,SBI,Surface,
2001-08-07 00:00:00,0.0,8.166666984558105,HUNT,42,42-01,GRAB,RESULT,N,Silt/Clay,Gray,SBI,Surface,
2003-02-26 00:00:00,0.0,14.649999618530273,HUNT,42,42-03,GRAB,RESULT,N,Silt/Clay,Olive Green,SBI,Surface,
2001-08-07 00:00:00,0.0,17.0,HUNT,43,43-01,GRAB,RESULT,N,Silt/Clay,Gray,SBI,Surface,
2003-02-26 00:00:00,0.0,16.299999237060547,HUNT,43,43-03,GRAB,RESULT,N,Silt/Clay,Olive Green,SBI,Surface,
2001-08-07 00:00:00,0.0,17.5,HUNT,44,44-01,GRAB,RESULT,N,Silt/Clay,Gray,SBI,Surface,
2003-02-27 00:00:00,0.0,17.0,HUNT,44,44-03,GRAB,RESULT,N,Silt/Clay,Olive Green,SBI,Surface,
2001-08-07 00:00:00,0.0,17.0,HUNT,46,46-01,GRAB,RESULT,N,Silt/Clay,Gray,SBI,Surface,
2003-02-26 00:00:00,0.0,17.0,HUNT,46,46-03,GRAB,RESULT,N,Silt/Clay,Olive Green,SBI,Surface,
2001-08-07 00:00:00,0.0,12.75,HUNT,47,47-01,GRAB,RESULT,N,Silt/Clay,Gray,SBI,Surface,
2003-02-27 00:00:00,0.0,13.5,HUNT,47,47-03,GRAB,RESULT,N,Fine Sand,Olive Green,SBI,Surface,
2001-08-07 00:00:00,0.0,14.0,HUNT,49,49-01,GRAB,RESULT,N,Silt/Clay,Gray,SBI,Surface,
2003-02-25 00:00:00,0.0,8.0,HUNT,49,49-03,GRAB,RESULT,N,NR,Olive Green,SBI,Surface,
2001-08-25 00:00:00,0.0,7.5,HUNT,5,05-01,GRAB,RESULT,N,NR,NR,SBI,Surface,
2003-02-22 00:00:00,0.0,8.0,HUNT,5,05-03,GRAB,RESULT,N,Mixed,NR,SBI,Surface,
2001-08-07 00:00:00,0.0,17.0,HUNT,50,50-01,GRAB,RESULT,N,Silt/Clay,Gray,SBI,Surface,
2003-02-26 00:00:00,0.0,17.0,HUNT,50,50-03,GRAB,RESULT,N,Silt/Clay,Olive Green,SBI,Surface,
2001-08-07 00:00:00,0.0,17.0,HUNT,51,51-01,GRAB,RESULT,N,Silt/Clay,Gray,SBI,Surface,
2001-08-07 00:00:00,0.0,17.0,HUNT,52,52-01,GRAB,RESULT,N,Silt/Clay,Gray,SBI,Surface,
2003-02-27 00:00:00,0.0,17.0,HUNT,52,52-03,GRAB,RESULT,N,Silt/Clay,Olive Green,SBI,Surface,
2001-08-07 00:00:00,0.0,17.0,HUNT,53,53-01,GRAB,RESULT,N,Silt/Clay,Gray,SBI,Surface,
2003-02-26 00:00:00,0.0,17.0,HUNT,53,53-03,GRAB,RESULT,N,Silt/Clay,Olive Green,SBI,Surface,
2001-08-07 00:00:00,0.0,17.0,HUNT,54,54-01,GRAB,RESULT,N,Silt/Clay,Gray,SBI,Surface,
2003-02-27 00:00:00,0.0,17.0,HUNT,54,54-03,GRAB,RESULT,N,Silt/Clay,Olive Green,SBI,Surface,
2001-08-07 00:00:00,0.0,9.5,HUNT,55,55-01,GRAB,RESULT,N,Silt/Clay,Gray,SBI,Surface,
2003-02-26 00:00:00,0.0,17.0,HUNT,55,55-03,GRAB,RESULT,N,Silt/Clay,Brown,SBI,Surface,
2001-08-07 00:00:00,0.0,17.0,HUNT,56,56-01,GRAB,RESULT,N,Silt/Clay,Gray,SBI,Surface,
2003-02-27 00:00:00,0.0,17.0,HUNT,56,56-03,GRAB,RESULT,N,Silt/Clay,Olive Green,SBI,Surface,
2001-08-08 00:00:00,0.0,17.0,HUNT,57,57-01,GRAB,RESULT,N,Silt/Clay,Gray,SBI,Surface,
2003-02-27 00:00:00,0.0,17.0,HUNT,57,57-03,GRAB,RESULT,N,Silt/Clay,Olive Green,SBI,Surface,
2001-08-08 00:00:00,0.0,17.0,HUNT,58,58-01,GRAB,RESULT,N,Silt/Clay,Gray,SBI,Surface,
2001-08-08 00:00:00,0.0,17.0,HUNT,59,59-01,GRAB,RESULT,N,Silt/Clay,Gray,SBI,Surface,
2003-02-27 00:00:00,0.0,17.0,HUNT,59,59-03,GRAB,RESULT,N,Silt/Clay,Olive Green,SBI,Surface,
2003-02-28 00:00:00,0.0,12.0,HUNT,6,06-03,GRAB,RESULT,N,Fine Sand,Brown,SBI,Surface,
2001-08-08 00:00:00,0.0,17.0,HUNT,60,60-01,GRAB,RESULT,N,Silt/Clay,Gray,SBI,Surface,
2003-02-27 00:00:00,0.0,17.0,HUNT,60,60-03,GRAB,RESULT,N,Silt/Clay,Olive Green,SBI,Surface,
2001-08-08 00:00:00,0.0,17.0,HUNT,62,62-01,GRAB,RESULT,N,Silt/Clay,Gray,SBI,Surface,
2003-02-27 00:00:00,0.0,17.0,HUNT,62,62-03,GRAB,RESULT,N,Silt/Clay,Olive Green,SBI,Surface,
2001-08-08 00:00:00,0.0,17.0,HUNT,63,63-01,GRAB,RESULT,N,Silt/Clay,Gray,SBI,Surface,
2003-02-27 00:00:00,0.0,17.0,HUNT,63,63-03,GRAB,RESULT,N,Silt/Clay,Olive Green,SBI,Surface,
2003-02-27 00:00:00,0.0,17.0,HUNT,64,64-03,GRAB,RESULT,N,Silt/Clay,Gray,SBI,Surface,
2001-08-08 00:00:00,0.0,17.0,HUNT,65,65-01,GRAB,RESULT,N,Silt/Clay,Gray,SBI,Surface,
2003-02-27 00:00:00,0.0,17.0,HUNT,65,65-03,GRAB,RESULT,N,Silt/Clay,Olive Green,SBI,Surface,
2001-08-08 00:00:00,0.0,17.0,HUNT,66,66-01,GRAB,RESULT,N,Silt/Clay,Gray,SBI,Surface,
2003-02-27 00:00:00,0.0,17.0,HUNT,66,66-03,GRAB,RESULT,N,Silt/Clay,Olive Green,SBI,Surface,
2001-08-08 00:00:00,0.0,17.0,HUNT,68,68-01,GRAB,RESULT,N,Silt/Clay,Gray,SBI,Surface,
2003-02-26 00:00:00,0.0,15.766666412353516,HUNT,68,68-03,GRAB,RESULT,N,Silt/Clay,Olive Green,SBI,Surface,
2001-08-08 00:00:00,0.0,17.0,HUNT,69,69-01,GRAB,RESULT,N,Silt/Clay,Gray,SBI,Surface,
2003-02-27 00:00:00,0.0,17.0,HUNT,69,69-03,GRAB,RESULT,N,Silt/Clay,Olive Green,SBI,Surface,
2003-04-14 00:00:00,0.0,12.5,HUNT,7,07-03,GRAB,RESULT,N,Silt/Clay,Olive Green,SBI,Surface,
2001-08-08 00:00:00,0.0,9.25,HUNT,70,70-01,GRAB,RESULT,N,Fine Sand,Black,SBI,Surface,
2003-02-27 00:00:00,0.0,17.0,HUNT,70,70-03,GRAB,RESULT,N,Silt/Clay,Black,SBI,Surface,
2001-08-08 00:00:00,0.0,17.0,HUNT,71,71-01,GRAB,RESULT,N,Silt/Clay,Gray,SBI,Surface,
2003-02-27 00:00:00,0.0,17.0,HUNT,71,71-03,GRAB,RESULT,N,Silt/Clay,Olive Green,SBI,Surface,
2001-08-08 00:00:00,0.0,17.0,HUNT,72,72-01,GRAB,RESULT,N,Silt/Clay,Gray,SBI,Surface,
2003-02-26 00:00:00,0.0,17.0,HUNT,72,72-03,GRAB,RESULT,N,Silt/Clay,Olive Green,SBI,Surface,
2001-08-25 00:00:00,0.0,17.0,HUNT,8,08-01,GRAB,RESULT,N,NR,Brown,SBI,Surface,
2003-04-14 00:00:00,0.0,17.0,HUNT,8,08-03,GRAB,RESULT,N,Silt/Clay,Olive Green,SBI,Surface,
2001-08-25 00:00:00,0.0,17.0,HUNT,9,09-01,GRAB,RESULT,N,Fine Sand,Brown,SBI,Surface,
2003-02-28 00:00:00,0.0,9.0,HUNT,9,09-03,GRAB,RESULT,N,Mixed,Brown,SBI,Surface,
1900-01-01 00:00:00,0.0,-99.0,HUNT,Control,Control,UNK,CNEG,N,NR,NR,B,CNEG,Bioassay control sample
2001-05-06 00:00:00,0.0,5.0,HUNT_PT,AB-67,AB-67,GRAB,RESULT,N,NR,NR,STB,Surface,
2001-05-17 00:00:00,0.0,5.0,HUNT_PT,AL-64,AL-64,GRAB,RESULT,N,NR,NR,STB,Surface,
1900-01-01 00:00:00,-99.0,-99.0,HUNT_PT,Area I FF,AAB-400,TRAWL,RESULT,Y,NR,NR,T,NA,
1900-01-01 00:00:00,-99.0,-99.0,HUNT_PT,Area I HBI,AAB-369,UNK,RESULT,Y,NR,NR,T,NA,
1900-01-01 00:00:00,-99.0,-99.0,HUNT_PT,Area I SBI,AAB-398,UNK,RESULT,Y,NR,NR,T,NA,
1900-01-01 00:00:00,-99.0,-99.0,HUNT_PT,Area III FF,AAB-401,TRAWL,RESULT,Y,NR,NR,T,NA,
1900-01-01 00:00:00,-99.0,-99.0,HUNT_PT,Area III SBI,AAB-460,UNK,RESULT,Y,NR,NR,T,NA,
1900-01-01 00:00:00,-99.0,-99.0,HUNT_PT,Area IX FF,AAB-403,TRAWL,RESULT,Y,NR,NR,T,NA,
1900-01-01 00:00:00,-99.0,-99.0,HUNT_PT,Area IX HBI,AAB-404,UNK,RESULT,Y,NR,NR,T,NA,
1900-01-01 00:00:00,-99.0,-99.0,HUNT_PT,Area IX SBI,AAB-456,UNK,RESULT,Y,NR,NR,T,NA,
1900-01-01 00:00:00,-99.0,-99.0,HUNT_PT,Area VIII FF,AAB-402,TRAWL,RESULT,Y,NR,NR,T,NA,
1900-01-01 00:00:00,-99.0,-99.0,HUNT_PT,Area VIII HBI,AAB-377,UNK,RESULT,Y,NR,NR,T,NA,
1900-01-01 00:00:00,-99.0,-99.0,HUNT_PT,Area VIII SBI,AAB-372,UNK,RESULT,Y,NR,NR,T,NA,
1900-01-01 00:00:00,-99.0,-99.0,HUNT_PT,Area X FF,AAB-465,TRAWL,RESULT,Y,NR,NR,T,NA,
1900-01-01 00:00:00,-99.0,-99.0,HUNT_PT,Area X HBI,AAB-399,UNK,RESULT,Y,NR,NR,T,NA,
1900-01-01 00:00:00,-99.0,-99.0,HUNT_PT,Area X SBI,AAB-453,UNK,RESULT,Y,NR,NR,T,NA,
1900-01-01 00:00:00,-99.0,-99.0,HUNT_PT,BACKGROUND,BACKGROUND,GRAB,RESULT,N,NR,NR,T,NA,
1900-01-01 00:00:00,-99.0,-99.0,HUNT_PT,Bay Farm,ZA45,TRAWL,RESULT,Y,NR,NR,T,NA,
1900-01-01 00:00:00,-99.0,-99.0,HUNT_PT,Bay Farm,ZA46,TRAWL,RESULT,Y,NR,NR,T,NA,
1900-01-01 00:00:00,-99.0,-99.0,HUNT_PT,Bay Farm,ZA47,TRAWL,RESULT,Y,NR,NR,T,NA,
1900-01-01 00:00:00,-99.0,-99.0,HUNT_PT,Bay Farm,ZA48,TRAWL,RESULT,Y,NR,NR,T,NA,
2001-05-05 00:00:00,0.0,5.0,HUNT_PT,BF-66,BF-66,GRAB,RESULT,N,NR,NR,STB,Surface,
2001-05-11 00:00:00,0.0,-99.0,HUNT_PT,CONTROL,5/11 control,UNK,CNEG,N,NR,NR,B,CNEG,
2001-05-18 00:00:00,0.0,-99.0,HUNT_PT,CONTROL,5/18 control,UNK,CNEG,N,NR,NR,B,CNEG,
2001-05-22 00:00:00,0.0,-99.0,HUNT_PT,CONTROL,5/22 control ,UNK,CNEG,N,NR,NR,B,CNEG,
2001-05-24 00:00:00,0.0,-99.0,HUNT_PT,CONTROL,5/24 control,UNK,CNEG,N,NR,NR,B,CNEG,
2001-05-04 00:00:00,0.0,-99.0,HUNT_PT,CONTROL,5/4 control,UNK,CNEG,N,NR,NR,B,CNEG,
2001-05-08 00:00:00,0.0,-99.0,HUNT_PT,CONTROL,5/8 control,UNK,CNEG,N,NR,NR,B,CNEG,
1900-01-01 00:00:00,0.0,-99.0,HUNT_PT,CONTROL,EOHCONTROL,UNK,CNEG,N,NR,NR,B,CNEG,
2001-05-19 00:00:00,0.0,5.0,HUNT_PT,EW-30,EW-30,GRAB,RESULT,N,NR,NR,STB,Surface,
2001-05-23 00:00:00,0.0,60.959999084472656,HUNT_PT,EW-31,AAB-238,CORE,RESULT,N,NR,NR,S,Subsurface,
2001-05-23 00:00:00,60.959999084472656,121.9000015258789,HUNT_PT,EW-31,AAB-239,CORE,RESULT,N,NR,NR,S,Subsurface,
2001-05-23 00:00:00,121.91999816894531,182.89999389648438,HUNT_PT,EW-31,AAB-240,CORE,RESULT,N,NR,NR,S,Subsurface,
2001-05-18 00:00:00,0.0,5.0,HUNT_PT,EW-31,EW-31,GRAB,RESULT,N,NR,NR,STB,Surface,
2001-05-14 00:00:00,0.0,5.0,HUNT_PT,EW-32,EW-32,GRAB,RESULT,N,NR,NR,STB,Surface,
2001-05-19 00:00:00,0.0,5.0,HUNT_PT,EW-33,AAB-106,GRAB,FR,N,NR,NR,S,Surface,
2001-05-19 00:00:00,0.0,5.0,HUNT_PT,EW-33,EW-33,GRAB,RESULT,N,NR,NR,STB,Surface,
2001-05-20 00:00:00,0.0,5.0,HUNT_PT,EW-34,EW-34,GRAB,RESULT,N,NR,NR,STB,Surface,
2001-05-15 00:00:00,0.0,5.0,HUNT_PT,EW-35,EW-35,GRAB,RESULT,N,NR,NR,STB,Surface,
2001-05-24 00:00:00,0.0,60.959999084472656,HUNT_PT,EW-36,AAB-262,CORE,RESULT,N,NR,NR,S,Subsurface,
2001-05-24 00:00:00,60.959999084472656,121.9000015258789,HUNT_PT,EW-36,AAB-263,CORE,RESULT,N,NR,NR,S,Subsurface,
2001-05-24 00:00:00,121.91999816894531,182.89999389648438,HUNT_PT,EW-36,AAB-264,CORE,RESULT,N,NR,NR,S,Subsurface,
2001-05-19 00:00:00,0.0,5.0,HUNT_PT,EW-36,EW-36,GRAB,RESULT,N,NR,NR,STB,Surface,
2001-05-15 00:00:00,0.0,5.0,HUNT_PT,EW-37,EW-37,GRAB,RESULT,N,NR,NR,STB,Surface,
1900-01-01 00:00:00,-99.0,-99.0,HUNT_PT,HPEast,ZA29,TRAWL,RESULT,Y,NR,NR,T,NA,
1900-01-01 00:00:00,-99.0,-99.0,HUNT_PT,HPEast,ZA30,TRAWL,RESULT,Y,NR,NR,T,NA,
1900-01-01 00:00:00,-99.0,-99.0,HUNT_PT,HPEast,ZA31,TRAWL,RESULT,Y,NR,NR,T,NA,
1900-01-01 00:00:00,-99.0,-99.0,HUNT_PT,HPEast,ZA32,TRAWL,RESULT,Y,NR,NR,T,NA,
1900-01-01 00:00:00,-99.0,-99.0,HUNT_PT,HPNorth,ZA25,TRAWL,RESULT,Y,NR,NR,T,NA,
1900-01-01 00:00:00,-99.0,-99.0,HUNT_PT,HPNorth,ZA26,TRAWL,RESULT,Y,NR,NR,T,NA,
1900-01-01 00:00:00,-99.0,-99.0,HUNT_PT,HPNorth,ZA27,TRAWL,RESULT,Y,NR,NR,T,NA,
1900-01-01 00:00:00,-99.0,-99.0,HUNT_PT,HPNorth,ZA28,TRAWL,RESULT,Y,NR,NR,T,NA,
1900-01-01 00:00:00,-99.0,-99.0,HUNT_PT,HPSouth,ZA33,TRAWL,RESULT,Y,NR,NR,T,NA,
1900-01-01 00:00:00,-99.0,-99.0,HUNT_PT,HPSouth,ZA34,TRAWL,RESULT,Y,NR,NR,T,NA,
1900-01-01 00:00:00,-99.0,-99.0,HUNT_PT,HPSouth,ZA35,TRAWL,RESULT,Y,NR,NR,T,NA,
1900-01-01 00:00:00,-99.0,-99.0,HUNT_PT,HPSouth,ZA36,TRAWL,RESULT,Y,NR,NR,T,NA,
2001-05-07 00:00:00,0.0,5.0,HUNT_PT,IB-54,IB-54,GRAB,RESULT,N,NR,NR,STB,Surface,
2001-05-07 00:00:00,0.0,5.0,HUNT_PT,IB-55,IB-55,GRAB,RESULT,N,NR,NR,STB,Surface,
2001-05-23 00:00:00,0.0,60.959999084472656,HUNT_PT,IB-56,AAB-205,CORE,RESULT,N,NR,NR,S,Subsurface,
2001-05-23 00:00:00,60.959999084472656,121.9000015258789,HUNT_PT,IB-56,AAB-206,CORE,RESULT,N,NR,NR,S,Subsurface,
2001-05-23 00:00:00,121.91999816894531,182.89999389648438,HUNT_PT,IB-56,AAB-207,CORE,RESULT,N,NR,NR,S,Subsurface,
2001-05-07 00:00:00,0.0,5.0,HUNT_PT,IB-56,IB-56,GRAB,RESULT,N,NR,NR,STB,Surface,
2001-05-07 00:00:00,0.0,5.0,HUNT_PT,IB-57,IB-57,GRAB,RESULT,N,NR,NR,STB,Surface,
2001-05-07 00:00:00,0.0,5.0,HUNT_PT,IB-58,IB-58,GRAB,RESULT,N,NR,NR,STB,Surface,
2001-05-07 00:00:00,0.0,5.0,HUNT_PT,IB-59,AAB-163,GRAB,FR,N,NR,NR,S,Surface,
2001-05-23 00:00:00,0.0,60.959999084472656,HUNT_PT,IB-59,AAB-247,CORE,RESULT,N,NR,NR,S,Subsurface,
2001-05-23 00:00:00,60.959999084472656,121.9000015258789,HUNT_PT,IB-59,AAB-248,CORE,RESULT,N,NR,NR,S,Subsurface,
2001-05-23 00:00:00,121.91999816894531,182.89999389648438,HUNT_PT,IB-59,AAB-249,CORE,RESULT,N,NR,NR,S,Subsurface,
2001-05-07 00:00:00,0.0,5.0,HUNT_PT,IB-59,IB-59,GRAB,RESULT,N,NR,NR,STB,Surface,
2001-05-23 00:00:00,0.0,60.959999084472656,HUNT_PT,OR-24,AAB-241,CORE,RESULT,N,NR,NR,S,Subsurface,
2001-05-23 00:00:00,60.959999084472656,121.9000015258789,HUNT_PT,OR-24,AAB-242,CORE,RESULT,N,NR,NR,S,Subsurface,
2001-05-23 00:00:00,121.91999816894531,182.89999389648438,HUNT_PT,OR-24,AAB-243,CORE,RESULT,N,NR,NR,S,Subsurface,
2001-05-21 00:00:00,0.0,5.0,HUNT_PT,OR-24,OR-24,GRAB,RESULT,N,NR,NR,STB,Surface,
2001-05-18 00:00:00,0.0,5.0,HUNT_PT,OR-25,OR-25,GRAB,RESULT,N,NR,NR,STB,Surface,
2001-05-21 00:00:00,0.0,5.0,HUNT_PT,OR-26,OR-26,GRAB,RESULT,N,NR,NR,STB,Surface,
2001-05-21 00:00:00,0.0,5.0,HUNT_PT,OR-27,OR-27,GRAB,RESULT,N,NR,NR,STB,Surface,
2001-05-22 00:00:00,0.0,60.959999084472656,HUNT_PT,OR-28,AAB-220,CORE,RESULT,N,NR,NR,S,Subsurface,
2001-05-22 00:00:00,60.959999084472656,121.9000015258789,HUNT_PT,OR-28,AAB-221,CORE,RESULT,N,NR,NR,S,Subsurface,
2001-05-22 00:00:00,121.91999816894531,182.89999389648438,HUNT_PT,OR-28,AAB-222,CORE,RESULT,N,NR,NR,S,Subsurface,
2001-05-15 00:00:00,0.0,5.0,HUNT_PT,OR-28,OR-28,GRAB,RESULT,N,NR,NR,STB,Surface,
2001-05-21 00:00:00,0.0,5.0,HUNT_PT,OR-29,AAB-123,GRAB,FR,N,NR,NR,S,Surface,
2001-05-21 00:00:00,0.0,5.0,HUNT_PT,OR-29,OR-29,GRAB,RESULT,N,NR,NR,STB,Surface,
2001-05-09 00:00:00,0.0,5.0,HUNT_PT,PA-38,PA-38,GRAB,RESULT,N,NR,NR,STB,Surface,
2001-05-06 00:00:00,0.0,5.0,HUNT_PT,PA-39,AAB-155,GRAB,FR,N,NR,NR,S,Surface,
2001-05-06 00:00:00,0.0,5.0,HUNT_PT,PA-39,PA-39,GRAB,RESULT,N,NR,NR,STB,Surface,
2001-05-23 00:00:00,0.0,60.959999084472656,HUNT_PT,PA-40,AAB-244,CORE,RESULT,N,NR,NR,S,Subsurface,
2001-05-23 00:00:00,60.959999084472656,121.9000015258789,HUNT_PT,PA-40,AAB-245,CORE,RESULT,N,NR,NR,S,Subsurface,
2001-05-08 00:00:00,0.0,5.0,HUNT_PT,PA-40,PA-40,GRAB,RESULT,N,NR,NR,STB,Surface,
2001-05-22 00:00:00,0.0,60.959999084472656,HUNT_PT,PA-41,AAB-196,CORE,RESULT,N,NR,NR,S,Subsurface,
2001-05-22 00:00:00,60.959999084472656,121.9000015258789,HUNT_PT,PA-41,AAB-197,CORE,RESULT,N,NR,NR,S,Subsurface,
2001-05-22 00:00:00,121.91999816894531,182.89999389648438,HUNT_PT,PA-41,AAB-198,CORE,RESULT,N,NR,NR,S,Subsurface,
2001-05-09 00:00:00,0.0,5.0,HUNT_PT,PA-41,PA-41,GRAB,RESULT,N,NR,NR,STB,Surface,
2001-05-06 00:00:00,0.0,5.0,HUNT_PT,PA-42,PA-42,GRAB,RESULT,N,NR,NR,STB,Surface,
2001-05-06 00:00:00,0.0,5.0,HUNT_PT,PA-43,PA-43,GRAB,RESULT,N,NR,NR,STB,Surface,
2001-05-22 00:00:00,0.0,60.959999084472656,HUNT_PT,PA-44,AAB-226,CORE,RESULT,N,NR,NR,S,Subsurface,
2001-05-22 00:00:00,60.959999084472656,121.9000015258789,HUNT_PT,PA-44,AAB-227,CORE,RESULT,N,NR,NR,S,Subsurface,
2001-05-22 00:00:00,121.91999816894531,182.89999389648438,HUNT_PT,PA-44,AAB-228,CORE,RESULT,N,NR,NR,S,Subsurface,
2001-05-09 00:00:00,0.0,5.0,HUNT_PT,PA-44,PA-44,GRAB,RESULT,N,NR,NR,STB,Surface,
2001-05-04 00:00:00,0.0,5.0,HUNT_PT,PA-45,PA-45,GRAB,RESULT,N,NR,NR,STB,Surface,
2001-05-05 00:00:00,0.0,5.0,HUNT_PT,PA-46,PA-46,GRAB,RESULT,N,NR,NR,STB,Surface,
2001-05-22 00:00:00,0.0,60.959999084472656,HUNT_PT,PA-47,AAB-223,CORE,RESULT,N,NR,NR,S,Subsurface,
2001-05-22 00:00:00,60.959999084472656,121.9000015258789,HUNT_PT,PA-47,AAB-224,CORE,RESULT,N,NR,NR,S,Subsurface,
2001-05-22 00:00:00,121.91999816894531,182.89999389648438,HUNT_PT,PA-47,AAB-225,CORE,RESULT,N,NR,NR,S,Subsurface,
2001-05-07 00:00:00,0.0,5.0,HUNT_PT,PA-47,PA-47,GRAB,RESULT,N,NR,NR,STB,Surface,
2001-05-07 00:00:00,0.0,5.0,HUNT_PT,PA-48,PA-48,GRAB,RESULT,N,NR,NR,STB,Surface,
2001-05-22 00:00:00,0.0,60.959999084472656,HUNT_PT,PA-49,AAB-232,CORE,RESULT,N,NR,NR,S,Subsurface,
2001-05-22 00:00:00,60.959999084472656,121.9000015258789,HUNT_PT,PA-49,AAB-233,CORE,RESULT,N,NR,NR,S,Subsurface,
2001-05-22 00:00:00,121.91999816894531,182.89999389648438,HUNT_PT,PA-49,AAB-234,CORE,RESULT,N,NR,NR,S,Subsurface,
2001-05-04 00:00:00,0.0,5.0,HUNT_PT,PA-49,PA-49,GRAB,RESULT,N,NR,NR,STB,Surface,
2001-05-10 00:00:00,0.0,5.0,HUNT_PT,PA-50,PA-50,GRAB,RESULT,N,NR,NR,STB,Surface,
2001-05-05 00:00:00,0.0,5.0,HUNT_PT,PA-51,PA-51,GRAB,RESULT,N,NR,NR,STB,Surface,
2001-05-22 00:00:00,0.0,60.959999084472656,HUNT_PT,PA-52,AAB-229,CORE,RESULT,N,NR,NR,S,Subsurface,
2001-05-22 00:00:00,60.959999084472656,121.9000015258789,HUNT_PT,PA-52,AAB-230,CORE,RESULT,N,NR,NR,S,Subsurface,
2001-05-22 00:00:00,121.91999816894531,182.89999389648438,HUNT_PT,PA-52,AAB-231,CORE,RESULT,N,NR,NR,S,Subsurface,
2001-05-05 00:00:00,0.0,5.0,HUNT_PT,PA-52,PA-52,GRAB,RESULT,N,NR,NR,STB,Surface,
2001-05-08 00:00:00,0.0,5.0,HUNT_PT,PA-53,PA-53,GRAB,RESULT,N,NR,NR,STB,Surface,
2001-05-09 00:00:00,0.0,5.0,HUNT_PT,PA-70,PA-70,GRAB,RESULT,N,NR,NR,S,Surface,
2001-05-09 00:00:00,0.0,5.0,HUNT_PT,PA-71,PA-71,GRAB,RESULT,N,NR,NR,S,Surface,
2001-05-09 00:00:00,0.0,5.0,HUNT_PT,PA-72,PA-72,GRAB,RESULT,N,NR,NR,S,Surface,
2001-05-08 00:00:00,0.0,5.0,HUNT_PT,PC-63,PC-63,GRAB,RESULT,N,NR,NR,STB,Surface,
2001-05-02 00:00:00,0.0,5.0,HUNT_PT,RR-65,RR-65,GRAB,RESULT,N,NR,NR,STB,Surface,
1900-01-01 00:00:00,-99.0,-99.0,HUNT_PT,San Mateo,ZA41,TRAWL,RESULT,Y,NR,NR,T,NA,
1900-01-01 00:00:00,-99.0,-99.0,HUNT_PT,San Mateo,ZA42,TRAWL,RESULT,Y,NR,NR,T,NA,
1900-01-01 00:00:00,-99.0,-99.0,HUNT_PT,San Mateo,ZA43,TRAWL,RESULT,Y,NR,NR,T,NA,
1900-01-01 00:00:00,-99.0,-99.0,HUNT_PT,San Mateo,ZA44,TRAWL,RESULT,Y,NR,NR,T,NA,
2001-05-24 00:00:00,0.0,60.959999084472656,HUNT_PT,SB-01,AAB-259,CORE,RESULT,N,NR,NR,S,Subsurface,
2001-05-24 00:00:00,60.959999084472656,121.9000015258789,HUNT_PT,SB-01,AAB-260,CORE,RESULT,N,NR,NR,S,Subsurface,
2001-05-24 00:00:00,121.91999816894531,182.89999389648438,HUNT_PT,SB-01,AAB-261,CORE,RESULT,N,NR,NR,S,Subsurface,
2001-05-22 00:00:00,0.0,5.0,HUNT_PT,SB-01,SB-01,GRAB,RESULT,N,NR,NR,STB,Surface,
2001-05-22 00:00:00,0.0,5.0,HUNT_PT,SB-02,SB-02,GRAB,RESULT,N,NR,NR,STB,Surface,
2001-05-24 00:00:00,0.0,60.959999084472656,HUNT_PT,SB-03,AAB-208,CORE,RESULT,N,NR,NR,S,Subsurface,
2001-05-24 00:00:00,60.959999084472656,121.9000015258789,HUNT_PT,SB-03,AAB-209,CORE,RESULT,N,NR,NR,S,Subsurface,
2001-05-24 00:00:00,121.91999816894531,182.89999389648438,HUNT_PT,SB-03,AAB-210,CORE,RESULT,N,NR,NR,S,Subsurface,
2001-05-22 00:00:00,0.0,5.0,HUNT_PT,SB-03,SB-03,GRAB,RESULT,N,NR,NR,STB,Surface,
2001-05-22 00:00:00,0.0,5.0,HUNT_PT,SB-04,SB-04,GRAB,RESULT,N,NR,NR,STB,Surface,
2001-05-15 00:00:00,0.0,5.0,HUNT_PT,SB-05,SB-05,GRAB,RESULT,N,NR,NR,STB,Surface,
2001-05-23 00:00:00,0.0,60.959999084472656,HUNT_PT,SB-06,AAB-202,CORE,RESULT,N,NR,NR,S,Subsurface,
2001-05-23 00:00:00,60.959999084472656,121.9000015258789,HUNT_PT,SB-06,AAB-203,CORE,RESULT,N,NR,NR,S,Subsurface,
2001-05-23 00:00:00,121.91999816894531,182.89999389648438,HUNT_PT,SB-06,AAB-204,CORE,RESULT,N,NR,NR,S,Subsurface,
2001-05-22 00:00:00,0.0,5.0,HUNT_PT,SB-06,SB-06,GRAB,RESULT,N,NR,NR,STB,Surface,
2001-05-23 00:00:00,0.0,60.959999084472656,HUNT_PT,SB-07,AAB-235,CORE,RESULT,N,NR,NR,S,Subsurface,
2001-05-23 00:00:00,60.959999084472656,121.9000015258789,HUNT_PT,SB-07,AAB-236,CORE,RESULT,N,NR,NR,S,Subsurface,
2001-05-23 00:00:00,121.91999816894531,182.89999389648438,HUNT_PT,SB-07,AAB-237,CORE,RESULT,N,NR,NR,S,Subsurface,
2001-05-22 00:00:00,0.0,5.0,HUNT_PT,SB-07,SB-07,GRAB,RESULT,N,NR,NR,STB,Surface,
2001-05-20 00:00:00,0.0,5.0,HUNT_PT,SB-08,SB-08,GRAB,RESULT,N,NR,NR,STB,Surface,
2001-05-18 00:00:00,0.0,5.0,HUNT_PT,SB-09,SB-09,GRAB,RESULT,N,NR,NR,STB,Surface,
2001-05-18 00:00:00,0.0,5.0,HUNT_PT,SB-10,SB-10,GRAB,RESULT,N,NR,NR,STB,Surface,
2001-05-15 00:00:00,0.0,5.0,HUNT_PT,SB-11,SB-11,GRAB,RESULT,N,NR,NR,STB,Surface,
2001-05-15 00:00:00,0.0,5.0,HUNT_PT,SB-12,AAB-140,GRAB,FR,N,NR,NR,S,Surface,
2001-05-22 00:00:00,0.0,60.959999084472656,HUNT_PT,SB-12,AAB-199,CORE,RESULT,N,NR,NR,S,Subsurface,
2001-05-22 00:00:00,60.959999084472656,121.9000015258789,HUNT_PT,SB-12,AAB-200,CORE,RESULT,N,NR,NR,S,Subsurface,
2001-05-22 00:00:00,121.91999816894531,182.89999389648438,HUNT_PT,SB-12,AAB-201,CORE,RESULT,N,NR,NR,S,Subsurface,
2001-05-15 00:00:00,0.0,5.0,HUNT_PT,SB-12,SB-12,GRAB,RESULT,N,NR,NR,STB,Surface,
2001-05-20 00:00:00,0.0,5.0,HUNT_PT,SB-13,SB-13,GRAB,RESULT,N,NR,NR,STB,Surface,
2001-05-14 00:00:00,0.0,5.0,HUNT_PT,SB-14,SB-14,GRAB,RESULT,N,NR,NR,STB,Surface,
2001-05-20 00:00:00,0.0,5.0,HUNT_PT,SB-15,SB-15,GRAB,RESULT,N,NR,NR,STB,Surface,
2001-05-24 00:00:00,0.0,60.959999084472656,HUNT_PT,SB-16,AAB-256,CORE,RESULT,N,NR,NR,S,Subsurface,
2001-05-24 00:00:00,60.959999084472656,121.9000015258789,HUNT_PT,SB-16,AAB-257,CORE,RESULT,N,NR,NR,S,Subsurface,
2001-05-24 00:00:00,121.91999816894531,182.89999389648438,HUNT_PT,SB-16,AAB-258,CORE,RESULT,N,NR,NR,S,Subsurface,
2001-05-20 00:00:00,0.0,5.0,HUNT_PT,SB-16,SB-16,GRAB,RESULT,N,NR,NR,STB,Surface,
2001-05-18 00:00:00,0.0,5.0,HUNT_PT,SB-17,SB-17,GRAB,RESULT,N,NR,NR,STB,Surface,
2001-05-17 00:00:00,0.0,5.0,HUNT_PT,SB-18,SB-18,GRAB,RESULT,N,NR,NR,STB,Surface,
2001-05-17 00:00:00,0.0,5.0,HUNT_PT,SB-19,SB-19,GRAB,RESULT,N,NR,NR,STB,Surface,
2001-05-23 00:00:00,0.0,60.959999084472656,HUNT_PT,SB-20,AAB-250,CORE,RESULT,N,NR,NR,S,Subsurface,
2001-05-23 00:00:00,60.959999084472656,121.9000015258789,HUNT_PT,SB-20,AAB-251,CORE,RESULT,N,NR,NR,S,Subsurface,
2001-05-23 00:00:00,121.91999816894531,182.89999389648438,HUNT_PT,SB-20,AAB-252,CORE,RESULT,N,NR,NR,S,Subsurface,
2001-05-20 00:00:00,0.0,5.0,HUNT_PT,SB-20,SB-20,GRAB,RESULT,N,NR,NR,STB,Surface,
2001-05-17 00:00:00,0.0,5.0,HUNT_PT,SB-21,SB-21,GRAB,RESULT,N,NR,NR,STB,Surface,
2001-05-24 00:00:00,0.0,60.959999084472656,HUNT_PT,SB-22,AAB-253,CORE,RESULT,N,NR,NR,S,Subsurface,
2001-05-24 00:00:00,60.959999084472656,121.9000015258789,HUNT_PT,SB-22,AAB-254,CORE,RESULT,N,NR,NR,S,Subsurface,
2001-05-24 00:00:00,121.91999816894531,182.89999389648438,HUNT_PT,SB-22,AAB-255,CORE,RESULT,N,NR,NR,S,Subsurface,
2001-05-20 00:00:00,0.0,5.0,HUNT_PT,SB-22,SB-22,GRAB,RESULT,N,NR,NR,STB,Surface,
2001-05-17 00:00:00,0.0,5.0,HUNT_PT,SB-23,SB-23,GRAB,RESULT,N,NR,NR,STB,Surface,
1900-01-01 00:00:00,-99.0,-99.0,HUNT_PT,SFP7REF,ZA37,TRAWL,RESULT,Y,NR,NR,T,NA,
1900-01-01 00:00:00,-99.0,-99.0,HUNT_PT,SFP7REF,ZA38,TRAWL,RESULT,Y,NR,NR,T,NA,
1900-01-01 00:00:00,-99.0,-99.0,HUNT_PT,SFP7REF,ZA39,TRAWL,RESULT,Y,NR,NR,T,NA,
1900-01-01 00:00:00,-99.0,-99.0,HUNT_PT,SFP7REF,ZA40,TRAWL,RESULT,Y,NR,NR,T,NA,
1900-01-01 00:00:00,-99.0,-99.0,HUNT_PT,VARIOUS,ZC48,TRAWL,RESULT,Y,NR,NR,T,NA,
1900-01-01 00:00:00,-99.0,-99.0,HUNT_PT,VARIOUS,ZC49,TRAWL,RESULT,Y,NR,NR,T,NA,
1997-08-21 00:00:00,0.0,320.0,KAPPAS,A,A,PUSH,Result,Y,Silt/Clay,NR,SB,Subsurface,Push Corer
1997-08-21 00:00:00,0.0,320.0,KAPPAS,B,B,PUSH,Result,Y,Silt/Clay,NR,SB,Subsurface,Push Corer
1997-08-21 00:00:00,0.0,-99.0,KAPPAS,Control,Control,UNK,CNEG,N,NR,NR,B,CNEG,
1997-08-12 00:00:00,0.0,-99.0,KAPPAS,Reference,Reference,UNK,REF,N,NR,NR,SB,Surface,
1998-09-28 00:00:00,0.0,10.0,LBNAVY,D056,D056-02,GRAB,FR,N,NR,NR,S,Surface,
1998-09-28 00:00:00,0.0,10.0,LBNAVY,D056,D056-09,GRAB,FR,N,NR,NR,S,Surface,
1998-10-01 00:00:00,0.0,10.0,LBNAVY,D061,D061-02,GRAB,FR,N,NR,NR,S,Surface,
1998-10-01 00:00:00,0.0,10.0,LBNAVY,D061,D061-09,GRAB,FR,N,NR,NR,S,Surface,
1998-10-02 00:00:00,0.0,170.0,LBNAVY,D571,D571-02,GRAB,FR,N,NR,NR,S,Subsurface,
1998-10-02 00:00:00,0.0,170.0,LBNAVY,D571,D571-04,GRAB,FR,N,NR,NR,S,Subsurface,
1998-10-02 00:00:00,190.0,285.0,LBNAVY,D572,D572-02,GRAB,FR,N,NR,NR,S,Subsurface,
1998-10-02 00:00:00,360.0,415.0,LBNAVY,D573,D573-02,GRAB,FR,N,NR,NR,S,Subsurface,
1998-10-02 00:00:00,420.0,460.0,LBNAVY,D574,D574-02,GRAB,FR,N,NR,NR,S,Subsurface,
1998-10-01 00:00:00,0.0,10.0,LBNAVY,S004,S004,GRAB,RESULT,N,NR,NR,S,Surface,
1998-10-01 00:00:00,0.0,10.0,LBNAVY,S004,S004-02,GRAB,RESULT,N,NR,NR,S,Surface,
1998-10-01 00:00:00,0.0,10.0,LBNAVY,S004,S004-09,GRAB,RESULT,N,NR,NR,S,Surface,
1998-09-29 00:00:00,0.0,10.0,LBNAVY,S008,S008,GRAB,RESULT,N,NR,NR,S,Surface,
1998-09-29 00:00:00,0.0,10.0,LBNAVY,S008,S008-09,GRAB,RESULT,N,NR,NR,S,Surface,
1998-09-29 00:00:00,0.0,10.0,LBNAVY,S009,S009,GRAB,RESULT,N,NR,NR,S,Surface,
1998-09-29 00:00:00,0.0,10.0,LBNAVY,S009,S009-09,GRAB,RESULT,N,NR,NR,S,Surface,
1998-09-30 00:00:00,0.0,10.0,LBNAVY,S016,S016,GRAB,RESULT,N,NR,NR,S,Surface,
1998-09-30 00:00:00,0.0,10.0,LBNAVY,S016,S016-02,GRAB,RESULT,N,NR,NR,S,Surface,
1998-09-30 00:00:00,0.0,10.0,LBNAVY,S016,S016-06,GRAB,RESULT,N,NR,NR,S,Surface,
1998-09-30 00:00:00,0.0,10.0,LBNAVY,S016,S016-09,GRAB,RESULT,N,NR,NR,S,Surface,
1998-09-30 00:00:00,0.0,10.0,LBNAVY,S027,S027,GRAB,RESULT,N,NR,NR,S,Surface,
1998-09-30 00:00:00,0.0,10.0,LBNAVY,S027,S027-02,GRAB,RESULT,N,NR,NR,S,Surface,
1998-09-30 00:00:00,0.0,10.0,LBNAVY,S027,S027-09,GRAB,RESULT,N,NR,NR,S,Surface,
1998-09-30 00:00:00,0.0,10.0,LBNAVY,S033,S033,GRAB,RESULT,N,NR,NR,S,Surface,
1998-09-30 00:00:00,0.0,10.0,LBNAVY,S033,S033-02,GRAB,RESULT,N,NR,NR,S,Surface,
1998-09-30 00:00:00,0.0,10.0,LBNAVY,S033,S033-09,GRAB,RESULT,N,NR,NR,S,Surface,
1998-10-01 00:00:00,0.0,10.0,LBNAVY,S041,S041,GRAB,RESULT,N,NR,NR,S,Surface,
1998-10-01 00:00:00,0.0,10.0,LBNAVY,S041,S041-02,GRAB,RESULT,N,NR,NR,S,Surface,
1998-10-01 00:00:00,0.0,10.0,LBNAVY,S041,S041-06,GRAB,RESULT,N,NR,NR,S,Surface,
1998-10-01 00:00:00,0.0,10.0,LBNAVY,S041,S041-09,GRAB,RESULT,N,NR,NR,S,Surface,
1998-09-30 00:00:00,0.0,10.0,LBNAVY,S053,S053,GRAB,RESULT,N,NR,NR,S,Surface,
1998-09-30 00:00:00,0.0,10.0,LBNAVY,S053,S053-02,GRAB,RESULT,N,NR,NR,S,Surface,
1998-09-30 00:00:00,0.0,10.0,LBNAVY,S053,S053-05,GRAB,RESULT,N,NR,NR,S,Surface,
1998-09-30 00:00:00,0.0,10.0,LBNAVY,S053,S053-09,GRAB,RESULT,N,NR,NR,S,Surface,
1998-09-30 00:00:00,0.0,10.0,LBNAVY,S054,S054,GRAB,RESULT,N,NR,NR,S,Surface,
1998-09-30 00:00:00,0.0,10.0,LBNAVY,S054,S054-02,GRAB,RESULT,N,NR,NR,S,Surface,
1998-09-30 00:00:00,0.0,10.0,LBNAVY,S054,S054-09,GRAB,RESULT,N,NR,NR,S,Surface,
1998-09-28 00:00:00,0.0,10.0,LBNAVY,S055,S055,GRAB,RESULT,N,NR,NR,S,Surface,
1998-09-28 00:00:00,0.0,10.0,LBNAVY,S055,S055-09,GRAB,RESULT,N,NR,NR,S,Surface,
1998-09-28 00:00:00,0.0,10.0,LBNAVY,S056,S056,GRAB,RESULT,N,NR,NR,S,Surface,
1998-09-28 00:00:00,0.0,10.0,LBNAVY,S056,S056-09,GRAB,RESULT,N,NR,NR,S,Surface,
1998-10-01 00:00:00,0.0,10.0,LBNAVY,S057,S057,GRAB,RESULT,N,NR,NR,S,Surface,
1998-10-01 00:00:00,0.0,10.0,LBNAVY,S057,S057-02,GRAB,RESULT,N,NR,NR,S,Surface,
1998-10-01 00:00:00,0.0,10.0,LBNAVY,S057,S057-09,GRAB,RESULT,N,NR,NR,S,Surface,
1998-10-01 00:00:00,0.0,10.0,LBNAVY,S058,S058,GRAB,RESULT,N,NR,NR,S,Surface,
1998-10-01 00:00:00,0.0,10.0,LBNAVY,S058,S058-02,GRAB,RESULT,N,NR,NR,S,Surface,
1998-10-01 00:00:00,0.0,10.0,LBNAVY,S058,S058-09,GRAB,RESULT,N,NR,NR,S,Surface,
1998-09-29 00:00:00,0.0,10.0,LBNAVY,S059,S059,GRAB,RESULT,N,NR,NR,S,Surface,
1998-09-29 00:00:00,0.0,10.0,LBNAVY,S059,S059-02,GRAB,RESULT,N,NR,NR,S,Surface,
1998-09-29 00:00:00,0.0,10.0,LBNAVY,S059,S059-04,GRAB,RESULT,N,NR,NR,S,Surface,
1998-09-29 00:00:00,0.0,10.0,LBNAVY,S059,S059-05,GRAB,RESULT,N,NR,NR,S,Surface,
1998-09-29 00:00:00,0.0,10.0,LBNAVY,S059,S059-07,GRAB,RESULT,N,NR,NR,S,Surface,
1998-09-29 00:00:00,0.0,10.0,LBNAVY,S059,S059-09,GRAB,RESULT,N,NR,NR,S,Surface,
1998-09-30 00:00:00,0.0,10.0,LBNAVY,S060,S060,GRAB,RESULT,N,NR,NR,S,Surface,
1998-09-30 00:00:00,0.0,10.0,LBNAVY,S060,S060-02,GRAB,RESULT,N,NR,NR,S,Surface,
1998-09-30 00:00:00,0.0,10.0,LBNAVY,S060,S060-09,GRAB,RESULT,N,NR,NR,S,Surface,
1998-10-01 00:00:00,0.0,10.0,LBNAVY,S061,S061,GRAB,RESULT,N,NR,NR,S,Surface,
1998-10-01 00:00:00,0.0,10.0,LBNAVY,S061,S061-02,GRAB,RESULT,N,NR,NR,S,Surface,
1998-10-01 00:00:00,0.0,10.0,LBNAVY,S061,S061-09,GRAB,RESULT,N,NR,NR,S,Surface,
1998-09-30 00:00:00,0.0,10.0,LBNAVY,S062,S062,GRAB,RESULT,N,NR,NR,S,Surface,
1998-09-30 00:00:00,0.0,10.0,LBNAVY,S062,S062-02,GRAB,RESULT,N,NR,NR,S,Surface,
1998-09-30 00:00:00,0.0,10.0,LBNAVY,S062,S062-09,GRAB,RESULT,N,NR,NR,S,Surface,
1998-10-05 00:00:00,0.0,130.0,LBNAVY,V531,V531,GRAB,RESULT,N,NR,NR,S,Subsurface,
1998-10-05 00:00:00,0.0,130.0,LBNAVY,V531,V531-04,GRAB,RESULT,N,NR,NR,S,Subsurface,
1998-10-05 00:00:00,0.0,130.0,LBNAVY,V531,V531-05,GRAB,RESULT,N,NR,NR,S,Subsurface,
1998-10-05 00:00:00,0.0,130.0,LBNAVY,V531,V531-07,GRAB,RESULT,N,NR,NR,S,Subsurface,
1998-10-05 00:00:00,0.0,130.0,LBNAVY,V531,V531-09,GRAB,RESULT,N,NR,NR,S,Subsurface,
1998-10-05 00:00:00,150.0,227.0,LBNAVY,V532,V532,GRAB,RESULT,N,NR,NR,S,Subsurface,
1998-10-05 00:00:00,150.0,227.0,LBNAVY,V532,V532-09,GRAB,RESULT,N,NR,NR,S,Subsurface,
1998-10-05 00:00:00,227.0,295.0,LBNAVY,V533,V533,GRAB,RESULT,N,NR,NR,S,Subsurface,
1998-10-05 00:00:00,227.0,295.0,LBNAVY,V533,V533-09,GRAB,RESULT,N,NR,NR,S,Subsurface,
1998-10-05 00:00:00,300.0,400.0,LBNAVY,V534,V534,GRAB,RESULT,N,NR,NR,S,Subsurface,
1998-10-05 00:00:00,300.0,400.0,LBNAVY,V534,V534-09,GRAB,RESULT,N,NR,NR,S,Subsurface,
1998-10-05 00:00:00,400.0,500.0,LBNAVY,V535,V535,GRAB,RESULT,N,NR,NR,S,Subsurface,
1998-10-05 00:00:00,400.0,500.0,LBNAVY,V535,V535-09,GRAB,RESULT,N,NR,NR,S,Subsurface,
1998-10-05 00:00:00,0.0,120.0,LBNAVY,V541,V541,GRAB,RESULT,N,NR,NR,S,Subsurface,
1998-10-05 00:00:00,0.0,120.0,LBNAVY,V541,V541-09,GRAB,RESULT,N,NR,NR,S,Subsurface,
1998-10-05 00:00:00,120.0,170.0,LBNAVY,V542,V542,GRAB,RESULT,N,NR,NR,S,Subsurface,
1998-10-05 00:00:00,120.0,170.0,LBNAVY,V542,V542-09,GRAB,RESULT,N,NR,NR,S,Subsurface,
1998-10-05 00:00:00,170.0,265.0,LBNAVY,V543,V543,GRAB,RESULT,N,NR,NR,S,Subsurface,
1998-10-05 00:00:00,170.0,265.0,LBNAVY,V543,V543-09,GRAB,RESULT,N,NR,NR,S,Subsurface,
1998-10-05 00:00:00,265.0,330.0,LBNAVY,V544,V544,GRAB,RESULT,N,NR,NR,S,Subsurface,
1998-10-05 00:00:00,265.0,330.0,LBNAVY,V544,V544-09,GRAB,RESULT,N,NR,NR,S,Subsurface,
1998-10-05 00:00:00,330.0,455.0,LBNAVY,V545,V545,GRAB,RESULT,N,NR,NR,S,Subsurface,
1998-10-05 00:00:00,330.0,455.0,LBNAVY,V545,V545-09,GRAB,RESULT,N,NR,NR,S,Subsurface,
1998-10-02 00:00:00,0.0,59.0,LBNAVY,V561,V561,GRAB,RESULT,N,NR,NR,S,Subsurface,
1998-10-02 00:00:00,0.0,59.0,LBNAVY,V561,V561-02,GRAB,RESULT,N,NR,NR,S,Subsurface,
1998-10-02 00:00:00,59.0,122.0,LBNAVY,V562,V562,GRAB,RESULT,N,NR,NR,S,Subsurface,
1998-10-02 00:00:00,122.0,350.0,LBNAVY,V563,V563,GRAB,RESULT,N,NR,NR,S,Subsurface,
1998-10-02 00:00:00,350.0,435.0,LBNAVY,V564,V564,GRAB,RESULT,N,NR,NR,S,Subsurface,
1998-10-02 00:00:00,470.0,505.0,LBNAVY,V565,V565,GRAB,RESULT,N,NR,NR,S,Subsurface,
1998-10-02 00:00:00,0.0,170.0,LBNAVY,V571,V571,GRAB,RESULT,N,NR,NR,S,Subsurface,
1998-10-02 00:00:00,190.0,285.0,LBNAVY,V572,V572,GRAB,RESULT,N,NR,NR,S,Subsurface,
1998-10-02 00:00:00,190.0,285.0,LBNAVY,V572,V572-04,GRAB,RESULT,N,NR,NR,S,Subsurface,
1998-10-02 00:00:00,190.0,285.0,LBNAVY,V572,V572-07,GRAB,RESULT,N,NR,NR,S,Subsurface,
1998-10-02 00:00:00,360.0,415.0,LBNAVY,V573,V573,GRAB,RESULT,N,NR,NR,S,Subsurface,
1998-10-02 00:00:00,420.0,470.0,LBNAVY,V574,V574,GRAB,RESULT,N,NR,NR,S,Subsurface,
1998-10-02 00:00:00,470.0,500.0,LBNAVY,V575,V575,GRAB,RESULT,N,NR,NR,S,Subsurface,
1998-10-02 00:00:00,40.0,75.0,LBNAVY,V591,V591,GRAB,RESULT,N,NR,NR,S,Subsurface,
1998-10-02 00:00:00,75.0,115.0,LBNAVY,V592,V592,GRAB,RESULT,N,NR,NR,S,Subsurface,
1998-10-02 00:00:00,127.0,210.0,LBNAVY,V593,V593,GRAB,RESULT,N,NR,NR,S,Subsurface,
1998-10-02 00:00:00,260.0,320.0,LBNAVY,V594,V594,GRAB,RESULT,N,NR,NR,S,Subsurface,
1998-10-02 00:00:00,450.0,540.0,LBNAVY,V595,V595,GRAB,RESULT,N,NR,NR,S,Subsurface,
1998-10-02 00:00:00,25.0,85.0,LBNAVY,V601,V601,GRAB,RESULT,N,NR,NR,S,Subsurface,
1998-10-02 00:00:00,85.0,140.0,LBNAVY,V602,V602,GRAB,RESULT,N,NR,NR,S,Subsurface,
1998-10-02 00:00:00,140.0,238.0,LBNAVY,V603,V603,GRAB,RESULT,N,NR,NR,S,Subsurface,
1998-10-02 00:00:00,272.0,370.0,LBNAVY,V604,V604,GRAB,RESULT,N,NR,NR,S,Subsurface,
1998-10-02 00:00:00,272.0,370.0,LBNAVY,V604,V604-04,GRAB,RESULT,N,NR,NR,S,Subsurface,
1998-10-02 00:00:00,272.0,370.0,LBNAVY,V604,V604-05,GRAB,RESULT,N,NR,NR,S,Subsurface,
1998-10-02 00:00:00,272.0,370.0,LBNAVY,V604,V604-07,GRAB,RESULT,N,NR,NR,S,Subsurface,
1998-10-02 00:00:00,370.0,442.0,LBNAVY,V605,V605,GRAB,RESULT,N,NR,NR,S,Subsurface,
1998-10-02 00:00:00,442.0,540.0,LBNAVY,V606,V606,GRAB,RESULT,N,NR,NR,S,Subsurface,
1998-10-05 00:00:00,0.0,65.0,LBNAVY,V611,V611,GRAB,RESULT,N,NR,NR,S,Subsurface,
1998-10-05 00:00:00,0.0,65.0,LBNAVY,V611,V611-09,GRAB,RESULT,N,NR,NR,S,Subsurface,
1998-10-05 00:00:00,65.0,110.0,LBNAVY,V612,V612,GRAB,RESULT,N,NR,NR,S,Subsurface,
1998-10-05 00:00:00,65.0,110.0,LBNAVY,V612,V612-09,GRAB,RESULT,N,NR,NR,S,Subsurface,
1998-10-05 00:00:00,110.0,155.0,LBNAVY,V613,V613,GRAB,RESULT,N,NR,NR,S,Subsurface,
1998-10-05 00:00:00,110.0,155.0,LBNAVY,V613,V613-09,GRAB,RESULT,N,NR,NR,S,Subsurface,
1998-10-05 00:00:00,155.0,240.0,LBNAVY,V614,V614,GRAB,RESULT,N,NR,NR,S,Subsurface,
1998-10-05 00:00:00,155.0,240.0,LBNAVY,V614,V614-09,GRAB,RESULT,N,NR,NR,S,Subsurface,
1998-10-05 00:00:00,415.0,460.0,LBNAVY,V615,V615,GRAB,RESULT,N,NR,NR,S,Subsurface,
1998-10-05 00:00:00,415.0,460.0,LBNAVY,V615,V615-09,GRAB,RESULT,N,NR,NR,S,Subsurface,
1994-09-01 00:00:00,0.0,-99.0,LEMP,CCCSD04,1994-09,GRAB,RESULT,N,NR,NR,SI,Surface,Sample date from CruiseID (mon/yr only).
1995-02-01 00:00:00,0.0,-99.0,LEMP,CCCSD04,1995-02,GRAB,RESULT,N,NR,NR,SI,Surface,Sample date from CruiseID (mon/yr only).
1995-08-01 00:00:00,0.0,-99.0,LEMP,CCCSD04,1995-08,GRAB,RESULT,N,NR,NR,SI,Surface,Sample date from CruiseID (mon/yr only).
1996-03-01 00:00:00,0.0,-99.0,LEMP,CCCSD04,1996-03,GRAB,RESULT,N,NR,NR,SI,Surface,Sample date from CruiseID (mon/yr only).
1996-08-01 00:00:00,0.0,-99.0,LEMP,CCCSD04,1996-08,GRAB,RESULT,N,NR,NR,S,Surface,Sample date from CruiseID (mon/yr only).
1997-02-01 00:00:00,0.0,-99.0,LEMP,CCCSD04,1997-02,GRAB,RESULT,N,NR,NR,S,Surface,Sample date from CruiseID (mon/yr only).
1997-08-01 00:00:00,0.0,-99.0,LEMP,CCCSD04,1997-08,GRAB,RESULT,N,NR,NR,S,Surface,Sample date from CruiseID (mon/yr only).
1994-09-01 00:00:00,0.0,-99.0,LEMP,CCCSD05,1994-09,GRAB,RESULT,N,NR,NR,SI,Surface,Sample date from CruiseID (mon/yr only).
1995-02-01 00:00:00,0.0,-99.0,LEMP,CCCSD05,1995-02,GRAB,RESULT,N,NR,NR,SI,Surface,Sample date from CruiseID (mon/yr only).
1995-08-01 00:00:00,0.0,-99.0,LEMP,CCCSD05,1995-08,GRAB,RESULT,N,NR,NR,SI,Surface,Sample date from CruiseID (mon/yr only).
1996-03-01 00:00:00,0.0,-99.0,LEMP,CCCSD05,1996-03,GRAB,RESULT,N,NR,NR,SI,Surface,Sample date from CruiseID (mon/yr only).
1996-08-01 00:00:00,0.0,-99.0,LEMP,CCCSD05,1996-08,GRAB,RESULT,N,NR,NR,S,Surface,Sample date from CruiseID (mon/yr only).
1997-02-01 00:00:00,0.0,-99.0,LEMP,CCCSD05,1997-02,GRAB,RESULT,N,NR,NR,S,Surface,Sample date from CruiseID (mon/yr only).
1997-08-01 00:00:00,0.0,-99.0,LEMP,CCCSD05,1997-08,GRAB,RESULT,N,NR,NR,S,Surface,Sample date from CruiseID (mon/yr only).
1995-02-01 00:00:00,0.0,-99.0,LEMP,CCCSD06,1995-02,GRAB,RESULT,N,NR,NR,SI,Surface,Sample date from CruiseID (mon/yr only).
1995-08-01 00:00:00,0.0,-99.0,LEMP,CCCSD06,1995-08,GRAB,RESULT,N,NR,NR,SI,Surface,Sample date from CruiseID (mon/yr only).
1996-03-01 00:00:00,0.0,-99.0,LEMP,CCCSD06,1996-03,GRAB,RESULT,N,NR,NR,SI,Surface,Sample date from CruiseID (mon/yr only).
1996-08-01 00:00:00,0.0,-99.0,LEMP,CCCSD06,1996-08,GRAB,RESULT,N,NR,NR,S,Surface,Sample date from CruiseID (mon/yr only).
1997-02-01 00:00:00,0.0,-99.0,LEMP,CCCSD06,1997-02,GRAB,RESULT,N,NR,NR,S,Surface,Sample date from CruiseID (mon/yr only).
1997-08-01 00:00:00,0.0,-99.0,LEMP,CCCSD06,1997-08,GRAB,RESULT,N,NR,NR,S,Surface,Sample date from CruiseID (mon/yr only).
1994-09-01 00:00:00,0.0,-99.0,LEMP,CCSF04,1994-09,GRAB,RESULT,N,NR,NR,SI,Surface,Sample date from CruiseID (mon/yr only).
1995-02-01 00:00:00,0.0,-99.0,LEMP,CCSF04,1995-02,GRAB,RESULT,N,NR,NR,SI,Surface,Sample date from CruiseID (mon/yr only).
1995-08-01 00:00:00,0.0,-99.0,LEMP,CCSF04,1995-08,GRAB,RESULT,N,NR,NR,SI,Surface,Sample date from CruiseID (mon/yr only).
1996-03-01 00:00:00,0.0,-99.0,LEMP,CCSF04,1996-03,GRAB,RESULT,N,NR,NR,SI,Surface,Sample date from CruiseID (mon/yr only).
1996-08-01 00:00:00,0.0,-99.0,LEMP,CCSF04,1996-08,GRAB,RESULT,N,NR,NR,SI,Surface,Sample date from CruiseID (mon/yr only).
1997-02-01 00:00:00,0.0,-99.0,LEMP,CCSF04,1997-02,GRAB,RESULT,N,NR,NR,SI,Surface,Sample date from CruiseID (mon/yr only).
1997-08-01 00:00:00,0.0,-99.0,LEMP,CCSF04,1997-08,GRAB,RESULT,N,NR,NR,SI,Surface,Sample date from CruiseID (mon/yr only).
1994-09-01 00:00:00,0.0,-99.0,LEMP,CCSF05,1994-09,GRAB,RESULT,N,NR,NR,SI,Surface,Sample date from CruiseID (mon/yr only).
1995-02-01 00:00:00,0.0,-99.0,LEMP,CCSF05,1995-02,GRAB,RESULT,N,NR,NR,SI,Surface,Sample date from CruiseID (mon/yr only).
1995-08-01 00:00:00,0.0,-99.0,LEMP,CCSF05,1995-08,GRAB,RESULT,N,NR,NR,SI,Surface,Sample date from CruiseID (mon/yr only).
1996-03-01 00:00:00,0.0,-99.0,LEMP,CCSF05,1996-03,GRAB,RESULT,N,NR,NR,SI,Surface,Sample date from CruiseID (mon/yr only).
1996-08-01 00:00:00,0.0,-99.0,LEMP,CCSF05,1996-08,GRAB,RESULT,N,NR,NR,SI,Surface,Sample date from CruiseID (mon/yr only).
1997-02-01 00:00:00,0.0,-99.0,LEMP,CCSF05,1997-02,GRAB,RESULT,N,NR,NR,SI,Surface,Sample date from CruiseID (mon/yr only).
1997-08-01 00:00:00,0.0,-99.0,LEMP,CCSF05,1997-08,GRAB,RESULT,N,NR,NR,SI,Surface,Sample date from CruiseID (mon/yr only).
1994-09-01 00:00:00,0.0,-99.0,LEMP,CCSF06,1994-09,GRAB,RESULT,N,NR,NR,SI,Surface,Sample date from CruiseID (mon/yr only).
1995-02-01 00:00:00,0.0,-99.0,LEMP,CCSF06,1995-02,GRAB,RESULT,N,NR,NR,SI,Surface,Sample date from CruiseID (mon/yr only).
1995-08-01 00:00:00,0.0,-99.0,LEMP,CCSF06,1995-08,GRAB,RESULT,N,NR,NR,SI,Surface,Sample date from CruiseID (mon/yr only).
1996-03-01 00:00:00,0.0,-99.0,LEMP,CCSF06,1996-03,GRAB,RESULT,N,NR,NR,SI,Surface,Sample date from CruiseID (mon/yr only).
1996-08-01 00:00:00,0.0,-99.0,LEMP,CCSF06,1996-08,GRAB,RESULT,N,NR,NR,SI,Surface,Sample date from CruiseID (mon/yr only).
1997-02-01 00:00:00,0.0,-99.0,LEMP,CCSF06,1997-02,GRAB,RESULT,N,NR,NR,SI,Surface,Sample date from CruiseID (mon/yr only).
1997-08-01 00:00:00,0.0,-99.0,LEMP,CCSF06,1997-08,GRAB,RESULT,N,NR,NR,SI,Surface,Sample date from CruiseID (mon/yr only).
1994-09-01 00:00:00,0.0,-99.0,LEMP,EBMUD04,1994-09,GRAB,RESULT,N,NR,NR,SI,Surface,Sample date from CruiseID (mon/yr only).
1995-02-01 00:00:00,0.0,-99.0,LEMP,EBMUD04,1995-02,GRAB,RESULT,N,NR,NR,SI,Surface,Sample date from CruiseID (mon/yr only).
1995-08-01 00:00:00,0.0,-99.0,LEMP,EBMUD04,1995-08,GRAB,RESULT,N,NR,NR,SI,Surface,Sample date from CruiseID (mon/yr only).
1996-03-01 00:00:00,0.0,-99.0,LEMP,EBMUD04,1996-03,GRAB,RESULT,N,NR,NR,SI,Surface,Sample date from CruiseID (mon/yr only).
1996-08-01 00:00:00,0.0,-99.0,LEMP,EBMUD04,1996-08,GRAB,RESULT,N,NR,NR,SI,Surface,Sample date from CruiseID (mon/yr only).
1997-02-01 00:00:00,0.0,-99.0,LEMP,EBMUD04,1997-02,GRAB,RESULT,N,NR,NR,SI,Surface,Sample date from CruiseID (mon/yr only).
1997-08-01 00:00:00,0.0,-99.0,LEMP,EBMUD04,1997-08,GRAB,RESULT,N,NR,NR,SI,Surface,Sample date from CruiseID (mon/yr only).
1994-09-01 00:00:00,0.0,-99.0,LEMP,EBMUD05,1994-09,GRAB,RESULT,N,NR,NR,SI,Surface,Sample date from CruiseID (mon/yr only).
1995-02-01 00:00:00,0.0,-99.0,LEMP,EBMUD05,1995-02,GRAB,RESULT,N,NR,NR,SI,Surface,Sample date from CruiseID (mon/yr only).
1995-08-01 00:00:00,0.0,-99.0,LEMP,EBMUD05,1995-08,GRAB,RESULT,N,NR,NR,SI,Surface,Sample date from CruiseID (mon/yr only).
1996-03-01 00:00:00,0.0,-99.0,LEMP,EBMUD05,1996-03,GRAB,RESULT,N,NR,NR,SI,Surface,Sample date from CruiseID (mon/yr only).
1996-08-01 00:00:00,0.0,-99.0,LEMP,EBMUD05,1996-08,GRAB,RESULT,N,NR,NR,SI,Surface,Sample date from CruiseID (mon/yr only).
1997-02-01 00:00:00,0.0,-99.0,LEMP,EBMUD05,1997-02,GRAB,RESULT,N,NR,NR,SI,Surface,Sample date from CruiseID (mon/yr only).
1997-08-01 00:00:00,0.0,-99.0,LEMP,EBMUD05,1997-08,GRAB,RESULT,N,NR,NR,SI,Surface,Sample date from CruiseID (mon/yr only).
1994-09-01 00:00:00,0.0,-99.0,LEMP,EBMUD06,1994-09,GRAB,RESULT,N,NR,NR,SI,Surface,Sample date from CruiseID (mon/yr only).
1995-02-01 00:00:00,0.0,-99.0,LEMP,EBMUD06,1995-02,GRAB,RESULT,N,NR,NR,SI,Surface,Sample date from CruiseID (mon/yr only).
1995-08-01 00:00:00,0.0,-99.0,LEMP,EBMUD06,1995-08,GRAB,RESULT,N,NR,NR,SI,Surface,Sample date from CruiseID (mon/yr only).
1996-03-01 00:00:00,0.0,-99.0,LEMP,EBMUD06,1996-03,GRAB,RESULT,N,NR,NR,SI,Surface,Sample date from CruiseID (mon/yr only).
1996-08-01 00:00:00,0.0,-99.0,LEMP,EBMUD06,1996-08,GRAB,RESULT,N,NR,NR,SI,Surface,Sample date from CruiseID (mon/yr only).
1997-02-01 00:00:00,0.0,-99.0,LEMP,EBMUD06,1997-02,GRAB,RESULT,N,NR,NR,SI,Surface,Sample date from CruiseID (mon/yr only).
1997-08-01 00:00:00,0.0,-99.0,LEMP,EBMUD06,1997-08,GRAB,RESULT,N,NR,NR,SI,Surface,Sample date from CruiseID (mon/yr only).
2001-02-12 00:00:00,0.0,142.60000610351562,LOCHLOM,A,A,CORE,RESULT,Y,Silt/Clay,Green/gray,SB,Subsurface,Coring method not described
2001-02-12 00:00:00,0.0,148.10000610351562,LOCHLOM,B,B,CORE,RESULT,Y,Silt/Clay,Gray,SB,Subsurface,Coring method not described
2001-02-12 00:00:00,0.0,142.60000610351562,LOCHLOM,C,C,CORE,RESULT,Y,Silt/Clay,Gray,SB,Subsurface,Coring method not described
2001-02-14 00:00:00,0.0,-99.0,LOCHLOM,Control,Control,UNK,CNEG,Y,NR,NR,B,CNEG,Coring method not described
2001-02-12 00:00:00,0.0,153.60000610351562,LOCHLOM,D,D,CORE,RESULT,Y,Silt/Clay,Gray,SB,Subsurface,Coring method not described
2001-02-12 00:00:00,0.0,134.10000610351562,LOCHLOM,E,E,CORE,RESULT,Y,Silt/Clay,Gray,SB,Subsurface,Coring method not described
2001-02-12 00:00:00,0.0,93.5999984741211,LOCHLOM,F,F,CORE,RESULT,Y,Silt/Clay,Gray,SB,Subsurface,Coring method not described
2001-02-12 00:00:00,0.0,134.10000610351562,LOCHLOM,G,G,CORE,RESULT,Y,Silt/Clay,Gray,SB,Subsurface,Coring method not described
2001-02-12 00:00:00,0.0,-99.0,LOCHLOM,SPRef,SPRef,UNK,REF,Y,NR,NR,SB,Surface,Coring method not described
2000-11-10 00:00:00,0.0,274.29998779296875,MARTINEZ,A,A,CORE,RESULT,Y,Silt/Clay,Gray,SB,Subsurface,
2000-11-10 00:00:00,0.0,274.29998779296875,MARTINEZ,B,B,CORE,RESULT,Y,Silt/Clay,Gray,SB,Subsurface,
2000-11-10 00:00:00,0.0,274.29998779296875,MARTINEZ,C,C,CORE,RESULT,Y,Silt/Clay,Gray,SB,Subsurface,
2000-11-10 00:00:00,0.0,-99.0,MARTINEZ,Control,Control,UNK,CNEG,Y,NR,NR,B,CNEG,Unknown Dredge
1990-10-18 00:00:00,0.0,20.0,MDR_91,1,1990-1,MVV,RESULT,N,Silty Sand,Black,S,Surface,
1991-05-16 00:00:00,0.0,20.0,MDR_91,1,1991-1,MVV,RESULT,N,NR,NR,S,Surface,
1990-10-18 00:00:00,0.0,20.0,MDR_91,10,1990-10,MVV,RESULT,N,Silt,Black,S,Surface,
1991-05-16 00:00:00,0.0,20.0,MDR_91,10,1991-10,MVV,RESULT,N,NR,NR,S,Surface,
1990-10-18 00:00:00,0.0,20.0,MDR_91,11,1990-11,MVV,RESULT,N,Silt,Black,S,Surface,
1991-05-16 00:00:00,0.0,20.0,MDR_91,11,1991-11,MVV,RESULT,N,NR,NR,S,Surface,
1990-10-18 00:00:00,0.0,20.0,MDR_91,12,1990-12,MVV,RESULT,N,Sand,Black,S,Surface,
1991-05-16 00:00:00,0.0,20.0,MDR_91,12,1991-12,MVV,RESULT,N,NR,NR,S,Surface,
1990-10-18 00:00:00,0.0,20.0,MDR_91,13,1990-13,GRAB,RESULT,N,NR,NR,S,Surface,
1991-05-16 00:00:00,0.0,20.0,MDR_91,13,1991-13,GRAB,RESULT,N,NR,NR,S,Surface,
1990-10-18 00:00:00,0.0,20.0,MDR_91,2,1990-2,MVV,RESULT,N,NR,Black,S,Surface,
1991-05-16 00:00:00,0.0,20.0,MDR_91,2,1991-2,MVV,RESULT,N,NR,NR,S,Surface,
1990-10-18 00:00:00,0.0,20.0,MDR_91,22,1990-22,GRAB,RESULT,N,NR,NR,S,Surface,
1991-05-16 00:00:00,0.0,20.0,MDR_91,22,1991-22,GRAB,RESULT,N,NR,NR,S,Surface,
1990-10-18 00:00:00,0.0,20.0,MDR_91,25,1990-25,MVV,RESULT,N,Silt,Black,S,Surface,
1991-05-16 00:00:00,0.0,20.0,MDR_91,25,1991-25,MVV,RESULT,N,NR,NR,S,Surface,
1990-10-18 00:00:00,0.0,20.0,MDR_91,3,1990-3,MVV,RESULT,N,Sand,Black,S,Surface,
1991-05-16 00:00:00,0.0,20.0,MDR_91,3,1991-3,MVV,RESULT,N,NR,NR,S,Surface,
1990-10-18 00:00:00,0.0,20.0,MDR_91,4,1990-4,MVV,RESULT,N,NR,Black,S,Surface,
1991-05-16 00:00:00,0.0,20.0,MDR_91,4,1991-4,MVV,RESULT,N,NR,NR,S,Surface,
1990-10-18 00:00:00,0.0,20.0,MDR_91,5,1990-5,MVV,RESULT,N,Silt,Black,S,Surface,
1991-05-16 00:00:00,0.0,20.0,MDR_91,5,1991-5,MVV,RESULT,N,NR,NR,S,Surface,
1990-10-18 00:00:00,0.0,20.0,MDR_91,6,1990-6,MVV,RESULT,N,Silt,Black,S,Surface,
1991-05-16 00:00:00,0.0,20.0,MDR_91,6,1991-6,MVV,RESULT,N,NR,NR,S,Surface,
1990-10-18 00:00:00,0.0,20.0,MDR_91,7,1990-7,MVV,RESULT,N,Silt,Black,S,Surface,
1991-05-16 00:00:00,0.0,20.0,MDR_91,7,1991-7,MVV,RESULT,N,NR,NR,S,Surface,
1990-10-18 00:00:00,0.0,20.0,MDR_91,8,1990-8,MVV,RESULT,N,Silt,Black,S,Surface,
1991-05-16 00:00:00,0.0,20.0,MDR_91,8,1991-8,MVV,RESULT,N,NR,NR,S,Surface,
1990-10-18 00:00:00,0.0,20.0,MDR_91,9,1990-9,MVV,RESULT,N,Silt,Black,S,Surface,
1991-05-16 00:00:00,0.0,20.0,MDR_91,9,1991-9,MVV,RESULT,N,NR,NR,S,Surface,
1991-10-17 00:00:00,0.0,20.0,MDR_92,1,1991-1,MVV,RESULT,N,NR,NR,S,Surface,
1991-10-17 00:00:00,0.0,20.0,MDR_92,10,1991-10,MVV,RESULT,N,NR,NR,S,Surface,
1991-10-17 00:00:00,0.0,20.0,MDR_92,11,1991-11,MVV,RESULT,N,NR,NR,S,Surface,
1991-10-17 00:00:00,0.0,20.0,MDR_92,12,1991-12,MVV,RESULT,N,NR,NR,S,Surface,
1991-10-17 00:00:00,0.0,20.0,MDR_92,13,1991-13,GRAB,RESULT,N,NR,NR,S,Surface,
1991-10-17 00:00:00,0.0,20.0,MDR_92,2,1991-2,MVV,RESULT,N,NR,NR,S,Surface,
1991-10-17 00:00:00,0.0,20.0,MDR_92,22,1991-22,GRAB,RESULT,N,NR,NR,S,Surface,
1991-10-17 00:00:00,0.0,20.0,MDR_92,25,1991-25,MVV,RESULT,N,NR,NR,S,Surface,
1991-10-17 00:00:00,0.0,20.0,MDR_92,3,1991-3,MVV,RESULT,N,NR,NR,S,Surface,
1991-10-17 00:00:00,0.0,20.0,MDR_92,4,1991-4,MVV,RESULT,N,NR,NR,S,Surface,
1991-10-17 00:00:00,0.0,20.0,MDR_92,5,1991-5,MVV,RESULT,N,NR,NR,S,Surface,
1991-10-17 00:00:00,0.0,20.0,MDR_92,6,1991-6,MVV,RESULT,N,NR,NR,S,Surface,
1991-10-17 00:00:00,0.0,20.0,MDR_92,7,1991-7,MVV,RESULT,N,NR,NR,S,Surface,
1991-10-17 00:00:00,0.0,20.0,MDR_92,8,1991-8,MVV,RESULT,N,NR,NR,S,Surface,
1991-10-17 00:00:00,0.0,20.0,MDR_92,9,1991-9,MVV,RESULT,N,NR,NR,S,Surface,
1992-10-21 00:00:00,0.0,20.0,MDR_93,1,1992-1,MVV,RESULT,N,NR,NR,S,Surface,
1992-10-21 00:00:00,0.0,20.0,MDR_93,10,1992-10,MVV,RESULT,N,NR,NR,S,Surface,
1992-10-21 00:00:00,0.0,20.0,MDR_93,11,1992-11,MVV,RESULT,N,NR,NR,S,Surface,
1992-10-21 00:00:00,0.0,20.0,MDR_93,12,1992-12,MVV,RESULT,N,NR,NR,S,Surface,
1992-10-21 00:00:00,0.0,20.0,MDR_93,13,1992-13,GRAB,RESULT,N,NR,NR,S,Surface,
1992-10-21 00:00:00,0.0,20.0,MDR_93,2,1992-2,MVV,RESULT,N,NR,NR,S,Surface,
1992-10-21 00:00:00,0.0,20.0,MDR_93,22,1992-22,GRAB,RESULT,N,NR,NR,S,Surface,
1992-10-21 00:00:00,0.0,20.0,MDR_93,25,1992-25,MVV,RESULT,N,NR,NR,S,Surface,
1992-10-21 00:00:00,0.0,20.0,MDR_93,3,1992-3,MVV,RESULT,N,NR,NR,S,Surface,
1992-10-21 00:00:00,0.0,20.0,MDR_93,4,1992-4,MVV,RESULT,N,NR,NR,S,Surface,
1992-10-21 00:00:00,0.0,20.0,MDR_93,5,1992-5,MVV,RESULT,N,NR,NR,S,Surface,
1992-10-21 00:00:00,0.0,20.0,MDR_93,6,1992-6,MVV,RESULT,N,NR,NR,S,Surface,
1992-10-21 00:00:00,0.0,20.0,MDR_93,7,1992-7,MVV,RESULT,N,NR,NR,S,Surface,
1992-10-21 00:00:00,0.0,20.0,MDR_93,8,1992-8,MVV,RESULT,N,NR,NR,S,Surface,
1992-10-21 00:00:00,0.0,20.0,MDR_93,9,1992-9,MVV,RESULT,N,NR,NR,S,Surface,
1994-04-21 00:00:00,0.0,20.0,MDR_94,1,1994-1,MVV,RESULT,N,NR,NR,S,Surface,
1994-04-21 00:00:00,0.0,20.0,MDR_94,10,1994-10,MVV,RESULT,N,NR,NR,S,Surface,
1994-04-21 00:00:00,0.0,20.0,MDR_94,11,1994-11,MVV,RESULT,N,NR,NR,S,Surface,
1994-04-21 00:00:00,0.0,20.0,MDR_94,12,1994-12,MVV,RESULT,N,NR,NR,S,Surface,
1994-04-21 00:00:00,0.0,20.0,MDR_94,13,1994-13,GRAB,RESULT,N,NR,NR,S,Surface,
1994-04-21 00:00:00,0.0,20.0,MDR_94,2,1994-2,MVV,RESULT,N,NR,NR,S,Surface,
1994-04-21 00:00:00,0.0,20.0,MDR_94,22,1994-22,GRAB,RESULT,N,NR,NR,S,Surface,
1994-04-21 00:00:00,0.0,20.0,MDR_94,25,1994-25,MVV,RESULT,N,NR,NR,S,Surface,
1994-04-21 00:00:00,0.0,20.0,MDR_94,3,1994-3,MVV,RESULT,N,NR,NR,S,Surface,
1994-04-21 00:00:00,0.0,20.0,MDR_94,4,1994-4,MVV,RESULT,N,NR,NR,S,Surface,
1994-04-21 00:00:00,0.0,20.0,MDR_94,5,1994-5,MVV,RESULT,N,NR,NR,S,Surface,
1994-04-21 00:00:00,0.0,20.0,MDR_94,6,1994-6,MVV,RESULT,N,NR,NR,S,Surface,
1994-04-21 00:00:00,0.0,20.0,MDR_94,7,1994-7,MVV,RESULT,N,NR,NR,S,Surface,
1994-04-21 00:00:00,0.0,20.0,MDR_94,8,1994-8,MVV,RESULT,N,NR,NR,S,Surface,
1994-04-21 00:00:00,0.0,20.0,MDR_94,9,1994-9,MVV,RESULT,N,NR,NR,S,Surface,
1995-10-26 00:00:00,0.0,20.0,MDR_95,1,1995-1,MVV,RESULT,N,Sand,NR,S,Surface,
1995-10-26 00:00:00,0.0,20.0,MDR_95,10,1995-10,MVV,RESULT,N,NR,NR,S,Surface,
1995-10-26 00:00:00,0.0,20.0,MDR_95,11,1995-11,MVV,RESULT,N,NR,NR,S,Surface,
1995-10-26 00:00:00,0.0,20.0,MDR_95,12,1995-12,MVV,RESULT,N,NR,NR,S,Surface,
1995-10-26 00:00:00,0.0,20.0,MDR_95,13,1995-13,GRAB,RESULT,N,NR,NR,S,Surface,
1995-10-26 00:00:00,0.0,20.0,MDR_95,2,1995-2,MVV,RESULT,N,NR,NR,S,Surface,
1995-10-26 00:00:00,0.0,20.0,MDR_95,22,1995-22,GRAB,RESULT,N,NR,NR,S,Surface,
1995-10-26 00:00:00,0.0,20.0,MDR_95,25,1995-25,MVV,RESULT,N,NR,NR,S,Surface,
1995-10-26 00:00:00,0.0,20.0,MDR_95,3,1995-3,MVV,RESULT,N,Mud,NR,S,Surface,
1995-10-26 00:00:00,0.0,20.0,MDR_95,4,1995-4,MVV,RESULT,N,NR,NR,S,Surface,
1995-10-26 00:00:00,0.0,20.0,MDR_95,5,1995-5,MVV,RESULT,N,NR,NR,S,Surface,
1995-10-26 00:00:00,0.0,20.0,MDR_95,6,1995-6,MVV,RESULT,N,NR,NR,S,Surface,
1995-10-26 00:00:00,0.0,20.0,MDR_95,7,1995-7,MVV,RESULT,N,NR,NR,S,Surface,
1995-10-26 00:00:00,0.0,20.0,MDR_95,8,1995-8,MVV,RESULT,N,NR,NR,S,Surface,
1995-10-26 00:00:00,0.0,20.0,MDR_95,9,1995-9,MVV,RESULT,N,NR,NR,S,Surface,
1996-10-16 00:00:00,0.0,20.0,MDR_96,1,1996-1,VV,RESULT,N,NR,NR,S,Surface,
1996-10-16 00:00:00,0.0,20.0,MDR_96,10,1996-10,VV,RESULT,N,NR,NR,S,Surface,
1996-10-16 00:00:00,0.0,20.0,MDR_96,11,1996-11,VV,RESULT,N,NR,NR,S,Surface,
1996-10-16 00:00:00,0.0,20.0,MDR_96,12,1996-12,VV,RESULT,N,NR,NR,S,Surface,
1996-10-16 00:00:00,0.0,20.0,MDR_96,13,1996-13,GRAB,RESULT,N,NR,NR,S,Surface,
1996-10-16 00:00:00,0.0,20.0,MDR_96,2,1996-2,VV,RESULT,N,NR,NR,S,Surface,
1996-10-16 00:00:00,0.0,20.0,MDR_96,22,1996-22,GRAB,RESULT,N,NR,NR,S,Surface,
1996-10-16 00:00:00,0.0,20.0,MDR_96,25,1996-25,VV,RESULT,N,NR,NR,S,Surface,
1996-10-16 00:00:00,0.0,20.0,MDR_96,3,1996-3,VV,RESULT,N,NR,NR,S,Surface,
1996-10-16 00:00:00,0.0,20.0,MDR_96,4,1996-4,VV,RESULT,N,NR,NR,S,Surface,
1996-10-16 00:00:00,0.0,20.0,MDR_96,5,1996-5,VV,RESULT,N,NR,NR,S,Surface,
1996-10-16 00:00:00,0.0,20.0,MDR_96,6,1996-6,VV,RESULT,N,NR,NR,S,Surface,
1996-10-16 00:00:00,0.0,20.0,MDR_96,7,1996-7,VV,RESULT,N,NR,NR,S,Surface,
1996-10-16 00:00:00,0.0,20.0,MDR_96,8,1996-8,VV,RESULT,N,NR,NR,S,Surface,
1996-10-16 00:00:00,0.0,20.0,MDR_96,9,1996-9,VV,RESULT,N,NR,NR,S,Surface,
1997-10-14 00:00:00,0.0,20.0,MDR_97,1,1997-1,VV,RESULT,N,NR,NR,S,Surface,
1997-10-14 00:00:00,0.0,20.0,MDR_97,10,1997-10,VV,RESULT,N,NR,NR,S,Surface,
1997-10-14 00:00:00,0.0,20.0,MDR_97,11,1997-11,VV,RESULT,N,NR,NR,S,Surface,
1997-10-14 00:00:00,0.0,20.0,MDR_97,12,1997-12,VV,RESULT,N,NR,NR,S,Surface,
1997-10-14 00:00:00,0.0,20.0,MDR_97,13,1997-13,GRAB,RESULT,N,NR,NR,S,Surface,
1997-10-14 00:00:00,0.0,20.0,MDR_97,2,1997-2,VV,RESULT,N,NR,NR,S,Surface,
1997-10-14 00:00:00,0.0,20.0,MDR_97,22,1997-22,GRAB,RESULT,N,NR,NR,S,Surface,
1997-10-14 00:00:00,0.0,20.0,MDR_97,25,1997-25,VV,RESULT,N,NR,NR,S,Surface,
1997-10-14 00:00:00,0.0,20.0,MDR_97,3,1997-3,VV,RESULT,N,NR,NR,S,Surface,
1997-10-14 00:00:00,0.0,20.0,MDR_97,4,1997-4,VV,RESULT,N,NR,NR,S,Surface,
1997-10-14 00:00:00,0.0,20.0,MDR_97,5,1997-5,VV,RESULT,N,NR,NR,S,Surface,
1997-10-14 00:00:00,0.0,20.0,MDR_97,6,1997-6,VV,RESULT,N,NR,NR,S,Surface,
1997-10-14 00:00:00,0.0,20.0,MDR_97,7,1997-7,VV,RESULT,N,NR,NR,S,Surface,
1997-10-14 00:00:00,0.0,20.0,MDR_97,8,1997-8,VV,RESULT,N,NR,NR,S,Surface,
1997-10-14 00:00:00,0.0,20.0,MDR_97,9,1997-9,VV,RESULT,N,NR,NR,S,Surface,
1998-09-03 00:00:00,0.0,20.0,MDR_98,1,1998-1,VV,RESULT,N,NR,NR,SI,Surface,
1998-09-03 00:00:00,0.0,20.0,MDR_98,10,1998-10,VV,RESULT,N,NR,NR,S,Surface,
1998-09-03 00:00:00,0.0,20.0,MDR_98,11,1998-11,VV,RESULT,N,NR,NR,S,Surface,
1998-09-03 00:00:00,0.0,20.0,MDR_98,12,1998-12,VV,RESULT,N,NR,NR,SI,Surface,
1998-09-03 00:00:00,0.0,20.0,MDR_98,13,1998-13,GRAB,RESULT,N,NR,NR,S,Surface,
1998-09-03 00:00:00,0.0,20.0,MDR_98,2,1998-2,VV,RESULT,N,NR,NR,SI,Surface,
1998-09-03 00:00:00,0.0,20.0,MDR_98,22,1998-22,GRAB,RESULT,N,NR,NR,S,Surface,
1998-09-03 00:00:00,0.0,20.0,MDR_98,25,1998-25,VV,RESULT,N,NR,NR,SI,Surface,
1998-09-03 00:00:00,0.0,20.0,MDR_98,3,1998-3,VV,RESULT,N,NR,NR,S,Surface,
1998-09-03 00:00:00,0.0,20.0,MDR_98,4,1998-4,VV,RESULT,N,NR,NR,S,Surface,
1998-09-03 00:00:00,0.0,20.0,MDR_98,5,1998-5,VV,RESULT,N,NR,NR,S,Surface,
1998-09-03 00:00:00,0.0,20.0,MDR_98,6,1998-6,VV,RESULT,N,NR,NR,SI,Surface,
1998-09-03 00:00:00,0.0,20.0,MDR_98,7,1998-7,VV,RESULT,N,NR,NR,S,Surface,
1998-09-03 00:00:00,0.0,20.0,MDR_98,8,1998-8,VV,RESULT,N,NR,NR,SI,Surface,
1998-09-03 00:00:00,0.0,20.0,MDR_98,9,1998-9,VV,RESULT,N,NR,NR,SI,Surface,
1999-10-13 00:00:00,0.0,20.0,MDR_99,1,1999-1,VV,RESULT,N,NR,NR,S,Surface,
1999-10-13 00:00:00,0.0,20.0,MDR_99,10,1999-10,VV,RESULT,N,NR,NR,S,Surface,
1999-10-13 00:00:00,0.0,20.0,MDR_99,11,1999-11,VV,RESULT,N,NR,NR,S,Surface,
1999-10-13 00:00:00,0.0,20.0,MDR_99,12,1999-12,VV,RESULT,N,NR,NR,S,Surface,
1999-10-13 00:00:00,0.0,20.0,MDR_99,13,1999-13,GRAB,RESULT,N,NR,NR,S,Surface,
1999-10-13 00:00:00,0.0,20.0,MDR_99,2,1999-2,VV,RESULT,N,NR,NR,S,Surface,
1999-10-13 00:00:00,0.0,20.0,MDR_99,22,1999-22,GRAB,RESULT,N,NR,NR,S,Surface,
1999-10-13 00:00:00,0.0,20.0,MDR_99,25,1999-25,VV,RESULT,N,NR,NR,S,Surface,
1999-10-13 00:00:00,0.0,20.0,MDR_99,3,1999-3,VV,RESULT,N,NR,NR,S,Surface,
1999-10-13 00:00:00,0.0,20.0,MDR_99,4,1999-4,VV,RESULT,N,NR,NR,S,Surface,
1999-10-13 00:00:00,0.0,20.0,MDR_99,5,1999-5,VV,RESULT,N,NR,NR,S,Surface,
1999-10-13 00:00:00,0.0,20.0,MDR_99,6,1999-6,VV,RESULT,N,NR,NR,S,Surface,
1999-10-13 00:00:00,0.0,20.0,MDR_99,7,1999-7,VV,RESULT,N,NR,NR,S,Surface,
1999-10-13 00:00:00,0.0,20.0,MDR_99,8,1999-8,VV,RESULT,N,NR,NR,S,Surface,
1999-10-13 00:00:00,0.0,20.0,MDR_99,9,1999-9,VV,RESULT,N,NR,NR,S,Surface,
2002-09-01 00:00:00,0.0,122.9000015258789,MOSS_02,AD1 ,AD1 ,CORE,RESULT,Y,NR,NR,SB,Subsurface,No specific date or sample method information available.
2002-09-01 00:00:00,0.0,124.9000015258789,MOSS_02,AD2 ,AD2 ,CORE,RESULT,Y,NR,NR,SB,Subsurface,No specific date or sample method information available.
2002-05-01 00:00:00,0.0,-99.0,MOSS_02,Control_May,Control_May,UNK,CNEG,N,NR,NR,B,CNEG,No specific date or sample method information available.
2002-09-01 00:00:00,0.0,-99.0,MOSS_02,Control_Sep,Control_Sep,UNK,CNEG,N,NR,NR,B,CNEG,No specific date or sample method information available.
2002-09-01 00:00:00,0.0,129.5,MOSS_02,GB1,GB1,CORE,RESULT,Y,NR,NR,SB,Subsurface,No specific date or sample method information available.
2002-09-01 00:00:00,0.0,132.60000610351562,MOSS_02,GB2,GB2,CORE,RESULT,Y,NR,NR,SB,Subsurface,No specific date or sample method information available.
2002-09-01 00:00:00,0.0,86.9000015258789,MOSS_02,KD,KD,CORE,RESULT,Y,NR,NR,SB,Subsurface,No specific date or sample method information available.
2002-09-01 00:00:00,0.0,90.80000305175781,MOSS_02,MB,MB,CORE,RESULT,Y,NR,NR,SB,Subsurface,No specific date or sample method information available.
2002-05-01 00:00:00,0.0,283.5,MOSS_02,ML1 Comp,ML1 Comp,CORE,RESULT,Y,NR,NR,S,Subsurface,No specific date or sample method information available.
2002-05-01 00:00:00,0.0,133.60000610351562,MOSS_02,ML2 Comp,ML2 Comp,CORE,RESULT,Y,NR,NR,SB,Subsurface,No specific date or sample method information available.
2002-05-01 00:00:00,0.0,84.30000305175781,MOSS_02,ML3 Comp,ML3 Comp,CORE,RESULT,Y,NR,NR,SB,Subsurface,No specific date or sample method information available.
2002-05-01 00:00:00,0.0,68.0999984741211,MOSS_02,ML4 Comp,ML4 Comp,CORE,RESULT,Y,NR,NR,SB,Subsurface,No specific date or sample method information available.
2002-05-01 00:00:00,0.0,77.19999694824219,MOSS_02,ML5 Comp,ML5 Comp,CORE,RESULT,Y,NR,NR,SB,Subsurface,No specific date or sample method information available.
2002-05-01 00:00:00,0.0,63.0,MOSS_02,ML6 Comp,ML6 Comp,CORE,RESULT,Y,NR,NR,SB,Subsurface,No specific date or sample method information available.
2002-05-01 00:00:00,0.0,56.400001525878906,MOSS_02,ML7 Comp,ML7 Comp,CORE,RESULT,Y,NR,NR,SB,Subsurface,No specific date or sample method information available.
2002-05-01 00:00:00,0.0,64.5999984741211,MOSS_02,ML8 Comp,ML8 Comp,CORE,RESULT,Y,NR,NR,SB,Subsurface,No specific date or sample method information available.
2002-05-01 00:00:00,0.0,-99.0,MOSS_02,SF12_MAY,SF12_MAY,UNK,REF,N,NR,NR,SB,Subsurface,No specific date or sample method information available.
2002-09-01 00:00:00,0.0,-99.0,MOSS_02,SF12_SEP,SF12_SEP,UNK,REF,N,NR,NR,SB,Subsurface,No specific date or sample method information available.
2002-09-01 00:00:00,-99.0,-99.0,MOSS_02,Site Water,Site Water,SWDRAW,CNEG,N,NR,NR,B,CNEG,No specific date or sample method information available.
2002-09-09 00:00:00,0.0,2.0,NASSCO,2229,SD0103,VV,REF,N,NR,NR,S,Surface,
2002-10-02 00:00:00,-99.0,-99.0,NASSCO,2230,BI0085,TRAP,REF,Y,NR,NR,T,NA,
2002-10-02 00:00:00,-99.0,-99.0,NASSCO,2230,BI0086,TRAP,REF,Y,NR,NR,T,NA,
2002-10-02 00:00:00,-99.0,-99.0,NASSCO,2230,BI0087,TRAP,REF,Y,NR,NR,T,NA,
2002-10-02 00:00:00,-99.0,-99.0,NASSCO,2230,BI0088,TRAP,REF,Y,NR,NR,T,NA,
2002-10-02 00:00:00,-99.0,-99.0,NASSCO,2230,BI0089,TRAP,REF,Y,NR,NR,T,NA,
2002-10-02 00:00:00,-99.0,-99.0,NASSCO,2230,BI0090,TRAP,REF,Y,NR,NR,T,NA,
2002-10-02 00:00:00,-99.0,-99.0,NASSCO,2230,BI0091,TRAP,REF,Y,NR,NR,T,NA,
2002-10-02 00:00:00,-99.0,-99.0,NASSCO,2230,BI0092,TRAP,REF,Y,NR,NR,T,NA,
2002-10-02 00:00:00,-99.0,-99.0,NASSCO,2230,BI0093,TRAP,REF,Y,NR,NR,T,NA,
2002-10-02 00:00:00,-99.0,-99.0,NASSCO,2230,BI0094,TRAP,REF,Y,NR,NR,T,NA,
2002-09-09 00:00:00,0.0,2.0,NASSCO,2230,SD0104,VV,REF,N,NR,NR,S,Surface,
2001-08-08 00:00:00,0.0,2.0,NASSCO,2231,SD0013,VV,REF,N,NR,NR,STBI,Surface,
2002-09-14 00:00:00,0.0,2.0,NASSCO,2231,SD0134,VV,REF,N,NR,NR,S,Surface,
2002-11-06 00:00:00,0.0,2.0,NASSCO,2231,SD0168,VV,REF,N,NR,NR,S,Surface,
2002-09-16 00:00:00,-99.0,-99.0,NASSCO,2240,BI0008,VV,REF,Y,NR,NR,T,NA,
2002-09-27 00:00:00,-99.0,-99.0,NASSCO,2240,BI0043,HOOK,REF,Y,NR,NR,T,NA,
2002-09-27 00:00:00,-99.0,-99.0,NASSCO,2240,BI0044,HOOK,REF,Y,NR,NR,T,NA,
2002-09-27 00:00:00,-99.0,-99.0,NASSCO,2240,BI0045,HOOK,REF,Y,NR,NR,T,NA,
2002-09-27 00:00:00,-99.0,-99.0,NASSCO,2240,BI0046,HOOK,REF,Y,NR,NR,T,NA,
2002-09-27 00:00:00,-99.0,-99.0,NASSCO,2240,BI0047,HOOK,REF,Y,NR,NR,T,NA,
2002-09-27 00:00:00,-99.0,-99.0,NASSCO,2240,BI0048,HOOK,REF,Y,NR,NR,T,NA,
2002-09-27 00:00:00,-99.0,-99.0,NASSCO,2240,BI0049,HOOK,REF,Y,NR,NR,T,NA,
2002-09-27 00:00:00,-99.0,-99.0,NASSCO,2240,BI0050,HOOK,REF,Y,NR,NR,T,NA,
2002-09-27 00:00:00,-99.0,-99.0,NASSCO,2240,BI0051,HOOK,REF,Y,NR,NR,T,NA,
2002-09-27 00:00:00,-99.0,-99.0,NASSCO,2240,BI0052,HOOK,REF,Y,NR,NR,T,NA,
2002-09-28 00:00:00,-99.0,-99.0,NASSCO,2240,BI0071-1,HOOK,REF,Y,NR,NR,T,NA,
2002-09-28 00:00:00,-99.0,-99.0,NASSCO,2240,BI0071-2,HOOK,REF,Y,NR,NR,T,NA,
2002-09-28 00:00:00,-99.0,-99.0,NASSCO,2240,BI0071-3,HOOK,REF,Y,NR,NR,T,NA,
2002-09-12 00:00:00,0.0,2.0,NASSCO,2240,SD0125,VV,REF,N,NR,NR,S,Surface,
2002-10-02 00:00:00,-99.0,-99.0,NASSCO,2240EG,BI0095,DIVER,REF,Y,NR,NR,T,NA,
2002-09-27 00:00:00,-99.0,-99.0,NASSCO,2240FI,BC-21,HOOK,REF,Y,NR,NR,T,NA,
2002-09-27 00:00:00,-99.0,-99.0,NASSCO,2240FI,BC-22,HOOK,REF,Y,NR,NR,T,NA,
2002-09-27 00:00:00,-99.0,-99.0,NASSCO,2240FI,BC-23,HOOK,REF,Y,NR,NR,T,NA,
2002-09-27 00:00:00,-99.0,-99.0,NASSCO,2240FI,BC-24,HOOK,REF,Y,NR,NR,T,NA,
2002-09-27 00:00:00,-99.0,-99.0,NASSCO,2240FI,BC-25,HOOK,REF,Y,NR,NR,T,NA,
2002-09-27 00:00:00,-99.0,-99.0,NASSCO,2240FI,BC-26,HOOK,REF,Y,NR,NR,T,NA,
2002-09-27 00:00:00,-99.0,-99.0,NASSCO,2240FI,BC-27,HOOK,REF,Y,NR,NR,T,NA,
2002-09-27 00:00:00,-99.0,-99.0,NASSCO,2240FI,BC-28,HOOK,REF,Y,NR,NR,T,NA,
2002-09-27 00:00:00,-99.0,-99.0,NASSCO,2240FI,BC-29,HOOK,REF,Y,NR,NR,T,NA,
2002-09-27 00:00:00,-99.0,-99.0,NASSCO,2240FI,BC-30,HOOK,REF,Y,NR,NR,T,NA,
2002-09-12 00:00:00,0.0,2.0,NASSCO,2241,SD0128,VV,REF,N,NR,NR,S,Surface,
2001-08-14 00:00:00,0.0,2.0,NASSCO,2243,SD0049,VV,REF,N,NR,NR,STBI,Surface,
2002-09-12 00:00:00,0.0,2.0,NASSCO,2243,SD0124,VV,REF,N,NR,NR,S,Surface,
2002-11-07 00:00:00,0.0,2.0,NASSCO,2243,SD0176,VV,REF,N,NR,NR,S,Surface,
2002-09-12 00:00:00,0.0,2.0,NASSCO,2244,SD0126,VV,REF,N,NR,NR,S,Surface,
2002-09-12 00:00:00,0.0,2.0,NASSCO,2244,SD0127,VV,REF,N,NR,NR,S,Surface,
2002-09-09 00:00:00,0.0,2.0,NASSCO,2265,SD0107,VV,REF,N,NR,NR,S,Surface,
2001-08-12 00:00:00,0.0,2.0,NASSCO,2433,SD0041,VV,REF,N,NR,NR,STBI,Surface,
2002-09-13 00:00:00,0.0,2.0,NASSCO,2433,SD0130,VV,REF,N,NR,NR,S,Surface,
2002-11-06 00:00:00,0.0,2.0,NASSCO,2433,SD0167,VV,REF,N,NR,NR,S,Surface,
2002-09-09 00:00:00,0.0,2.0,NASSCO,2435,SD0102,VV,REF,N,NR,NR,S,Surface,
2001-08-13 00:00:00,0.0,2.0,NASSCO,2440,SD0043,VV,REF,N,NR,NR,STBI,Surface,
2002-09-13 00:00:00,0.0,2.0,NASSCO,2440,SD0131,VV,REF,N,NR,NR,S,Surface,
2002-11-07 00:00:00,0.0,2.0,NASSCO,2440,SD0175,VV,REF,N,NR,NR,S,Surface,
2001-08-11 00:00:00,0.0,2.0,NASSCO,2441,SD0034,VV,REF,N,NR,NR,STBI,Surface,
2002-09-12 00:00:00,0.0,2.0,NASSCO,2441,SD0123,VV,REF,N,NR,NR,S,Surface,
2002-11-06 00:00:00,0.0,2.0,NASSCO,2441,SD0166A,VV,REF,N,NR,NR,S,Surface,
2001-08-01 00:00:00,-99.0,-99.0,NASSCO,AMECControl,LC1,SWDRAW,CNEG,N,NR,NR,B,CNEG,
2001-08-01 00:00:00,-99.0,-99.0,NASSCO,AMECControl,LC2,SWDRAW,CNEG,N,NR,NR,B,CNEG,
2001-08-01 00:00:00,-99.0,-99.0,NASSCO,AMECControl,LC3,SWDRAW,CNEG,N,NR,NR,B,CNEG,
2001-09-19 00:00:00,0.0,-99.0,NASSCO,Control,Control,GRAB,CNEG,N,NR,NR,TB,CNEG,
2001-08-11 00:00:00,0.0,2.0,NASSCO,NA01,SD0030,VV,RESULT,N,NR,NR,SB,Surface,
2001-08-11 00:00:00,0.0,2.0,NASSCO,NA01,SD0031,VV,FR,N,NR,NR,SI,Surface,Field replicate for SD0030.
2002-09-14 00:00:00,0.0,2.0,NASSCO,NA01,SD0136,VV,RESULT,N,NR,NR,S,Surface,
2002-09-18 00:00:00,0.0,61.0,NASSCO,NA01,SD0141,CORE,RESULT,N,NR,NR,S,Subsurface,
2002-09-18 00:00:00,61.0,121.9000015258789,NASSCO,NA01,SD0142,CORE,RESULT,N,NR,NR,S,Subsurface,
2002-09-18 00:00:00,152.39999389648438,167.60000610351562,NASSCO,NA01,SD0143,CORE,RESULT,N,NR,NR,S,Subsurface,
2002-09-18 00:00:00,61.0,121.9000015258789,NASSCO,NA01,SD0146,CORE,FR,N,NR,NR,S,Subsurface,
2002-11-07 00:00:00,0.0,2.0,NASSCO,NA01,SD0179,VV,RESULT,N,NR,NR,S,Surface,
2001-08-11 00:00:00,0.0,2.0,NASSCO,NA02,SD0033,VV,RESULT,N,NR,NR,S,Surface,
2002-09-18 00:00:00,0.0,61.0,NASSCO,NA02,SD0139,CORE,RESULT,N,NR,NR,S,Subsurface,
2002-09-18 00:00:00,61.0,112.80000305175781,NASSCO,NA02,SD0140,CORE,RESULT,N,NR,NR,S,Subsurface,
2001-08-11 00:00:00,0.0,2.0,NASSCO,NA03,SD0032,VV,RESULT,N,NR,NR,SBI,Surface,
2001-08-11 00:00:00,0.0,2.0,NASSCO,NA04,SD0035,VV,RESULT,N,NR,NR,SBI,Surface,
2002-09-04 00:00:00,0.0,61.0,NASSCO,NA04,SD0084,CORE,RESULT,N,NR,NR,S,Subsurface,
2002-09-04 00:00:00,61.0,121.9000015258789,NASSCO,NA04,SD0085,CORE,RESULT,N,NR,NR,S,Subsurface,
2002-09-04 00:00:00,121.9000015258789,182.89999389648438,NASSCO,NA04,SD0086,CORE,RESULT,N,NR,NR,S,Subsurface,
2002-09-04 00:00:00,182.89999389648438,253.0,NASSCO,NA04,SD0087,CORE,RESULT,N,NR,NR,S,Subsurface,
2002-09-08 00:00:00,0.0,2.0,NASSCO,NA04,SD0096,VV,RESULT,N,NR,NR,S,Surface,
2001-08-13 00:00:00,0.0,2.0,NASSCO,NA05,SD0044,VV,RESULT,N,NR,NR,SBI,Surface,
2001-08-09 00:00:00,0.0,2.0,NASSCO,NA06,SD0020,VV,RESULT,N,NR,NR,STBI,Surface,
2002-09-03 00:00:00,0.0,61.0,NASSCO,NA06,SD0068,CORE,RESULT,N,NR,NR,S,Subsurface,
2002-09-03 00:00:00,0.0,88.9000015258789,NASSCO,NA06,SD0068E,CORE,FR,N,NR,NR,S,Subsurface,
2002-09-03 00:00:00,61.0,118.9000015258789,NASSCO,NA06,SD0069,CORE,RESULT,N,NR,NR,S,Subsurface,
2002-09-03 00:00:00,88.9000015258789,118.9000015258789,NASSCO,NA06,SD0069E,CORE,FR,N,NR,NR,S,Subsurface,
2002-09-08 00:00:00,0.0,2.0,NASSCO,NA06,SD0101,VV,RESULT,N,NR,NR,S,Surface,
2002-11-07 00:00:00,0.0,2.0,NASSCO,NA06,SD0181,VV,RESULT,N,NR,NR,S,Surface,
2001-08-08 00:00:00,0.0,2.0,NASSCO,NA07,SD0017,VV,RESULT,N,NR,NR,SB,Surface,
2001-08-08 00:00:00,0.0,2.0,NASSCO,NA07,SD0018,VV,FR,N,NR,NR,SI,Surface,Field replicate for SD0017.
2001-08-14 00:00:00,0.0,2.0,NASSCO,NA08,SD0055,VV,RESULT,N,NR,NR,S,Surface,
2001-08-14 00:00:00,0.0,2.0,NASSCO,NA09,SD0054,VV,RESULT,N,NR,NR,SBI,Surface,
2002-09-04 00:00:00,0.0,61.0,NASSCO,NA09,SD0079,CORE,RESULT,N,NR,NR,S,Subsurface,
2002-09-04 00:00:00,0.0,182.89999389648438,NASSCO,NA09,SD0079E,CORE,RESULT,N,NR,NR,S,Subsurface,
2002-09-04 00:00:00,61.0,121.9000015258789,NASSCO,NA09,SD0080,CORE,RESULT,N,NR,NR,S,Subsurface,
2002-09-04 00:00:00,121.9000015258789,182.89999389648438,NASSCO,NA09,SD0081,CORE,RESULT,N,NR,NR,S,Subsurface,
2002-09-04 00:00:00,182.89999389648438,243.8000030517578,NASSCO,NA09,SD0082,CORE,RESULT,N,NR,NR,S,Subsurface,
2002-09-04 00:00:00,243.8000030517578,268.20001220703125,NASSCO,NA09,SD0083,CORE,RESULT,N,NR,NR,S,Subsurface,
2002-09-04 00:00:00,0.0,182.89999389648438,NASSCO,NA09,SD0083E,CORE,FR,N,NR,NR,S,Subsurface,
2001-08-14 00:00:00,0.0,2.0,NASSCO,NA10,SD0056,VV,RESULT,N,NR,NR,S,Surface,
2001-08-09 00:00:00,0.0,2.0,NASSCO,NA11,SD0021,VV,RESULT,N,NR,NR,STBI,Surface,
2002-09-08 00:00:00,0.0,2.0,NASSCO,NA11,SD0098,VV,RESULT,N,NR,NR,S,Surface,
2001-08-10 00:00:00,0.0,2.0,NASSCO,NA12,SD0027,VV,RESULT,N,NR,NR,STBI,Surface,
2001-08-11 00:00:00,0.0,2.0,NASSCO,NA13,SD0036,VV,RESULT,N,NR,NR,S,Surface,
2002-09-11 00:00:00,0.0,2.0,NASSCO,NA13,SD0120,VV,RESULT,N,NR,NR,S,Surface,
2002-09-20 00:00:00,0.0,61.0,NASSCO,NA13,SD0156,CORE,RESULT,N,NR,NR,S,Subsurface,
2002-09-20 00:00:00,0.0,53.29999923706055,NASSCO,NA13,SD0156E,CORE,FR,N,NR,NR,S,Subsurface,
2002-09-20 00:00:00,61.0,91.4000015258789,NASSCO,NA13,SD0157,CORE,RESULT,N,NR,NR,S,Subsurface,
2002-09-20 00:00:00,53.29999923706055,96.5,NASSCO,NA13,SD0157E,CORE,FR,N,NR,NR,S,Subsurface,
2002-11-08 00:00:00,0.0,2.0,NASSCO,NA13,SD0183,VV,RESULT,N,NR,NR,S,Surface,
2001-08-14 00:00:00,0.0,2.0,NASSCO,NA14,SD0051,VV,RESULT,N,NR,NR,S,Surface,
2001-08-12 00:00:00,0.0,2.0,NASSCO,NA15,SD0037,VV,RESULT,N,NR,NR,SBI,Surface,
2001-08-12 00:00:00,0.0,2.0,NASSCO,NA16,SD0038,VV,RESULT,N,NR,NR,SBI,Surface,
2002-09-04 00:00:00,0.0,61.0,NASSCO,NA16,SD0075,CORE,RESULT,N,NR,NR,S,Subsurface,
2002-09-04 00:00:00,61.0,121.9000015258789,NASSCO,NA16,SD0076,CORE,RESULT,N,NR,NR,S,Subsurface,
2002-09-04 00:00:00,121.9000015258789,185.89999389648438,NASSCO,NA16,SD0077,CORE,RESULT,N,NR,NR,S,Subsurface,
2002-09-04 00:00:00,61.0,121.9000015258789,NASSCO,NA16,SD0078,CORE,FR,N,NR,NR,S,Subsurface,
2002-09-08 00:00:00,0.0,2.0,NASSCO,NA16,SD0099,VV,RESULT,N,NR,NR,S,Surface,
2002-09-08 00:00:00,0.0,2.0,NASSCO,NA16,SD0100,VV,RESULT,N,NR,NR,S,Surface,
2002-11-07 00:00:00,0.0,2.0,NASSCO,NA16,SD0182,VV,RESULT,N,NR,NR,S,Surface,
2001-08-12 00:00:00,0.0,2.0,NASSCO,NA17,SD0039,VV,RESULT,N,NR,NR,SBI,Surface,
2002-09-08 00:00:00,0.0,2.0,NASSCO,NA17,SD0097,VV,RESULT,N,NR,NR,S,Surface,
2002-11-08 00:00:00,0.0,2.0,NASSCO,NA17,SD0184,VV,RESULT,N,NR,NR,S,Surface,
2002-09-04 00:00:00,0.0,61.0,NASSCO,NA17R,SD0088,CORE,RESULT,N,NR,NR,S,Subsurface,
2002-09-04 00:00:00,61.0,121.9000015258789,NASSCO,NA17R,SD0089,CORE,RESULT,N,NR,NR,S,Subsurface,
2002-09-04 00:00:00,61.0,106.69999694824219,NASSCO,NA17R,SD0089E,CORE,FR,N,NR,NR,S,Subsurface,
2002-09-04 00:00:00,121.9000015258789,155.39999389648438,NASSCO,NA17R,SD0090,CORE,RESULT,N,NR,NR,S,Subsurface,
2002-09-04 00:00:00,106.69999694824219,155.39999389648438,NASSCO,NA17R,SD0090E,CORE,FR,N,NR,NR,S,Subsurface,
2001-08-14 00:00:00,0.0,2.0,NASSCO,NA18,SD0053,VV,RESULT,N,NR,NR,S,Surface,
2002-09-16 00:00:00,-99.0,-99.0,NASSCO,NA19,BI0006,VV,RESULT,Y,NR,NR,T,NA,
2001-08-12 00:00:00,0.0,2.0,NASSCO,NA19,SD0042,VV,RESULT,N,NR,NR,SBI,Surface,
2002-09-03 00:00:00,0.0,61.0,NASSCO,NA19,SD0065,CORE,RESULT,N,NR,NR,S,Subsurface,
2002-09-03 00:00:00,61.0,121.9000015258789,NASSCO,NA19,SD0066,CORE,RESULT,N,NR,NR,S,Subsurface,
2002-09-03 00:00:00,121.9000015258789,176.8000030517578,NASSCO,NA19,SD0067,CORE,RESULT,N,NR,NR,S,Subsurface,
2001-08-10 00:00:00,0.0,2.0,NASSCO,NA20,SD0028,VV,RESULT,N,NR,NR,STBI,Surface,
2002-09-04 00:00:00,0.0,61.0,NASSCO,NA20,SD0070,CORE,RESULT,N,NR,NR,S,Subsurface,eelgrass collected near this station
2002-09-04 00:00:00,61.0,121.9000015258789,NASSCO,NA20,SD0071,CORE,RESULT,N,NR,NR,S,Subsurface,
2002-09-04 00:00:00,121.9000015258789,182.89999389648438,NASSCO,NA20,SD0072,CORE,RESULT,N,NR,NR,S,Subsurface,
2002-09-04 00:00:00,182.89999389648438,246.89999389648438,NASSCO,NA20,SD0073,CORE,RESULT,N,NR,NR,S,Subsurface,
2002-09-04 00:00:00,121.9000015258789,182.89999389648438,NASSCO,NA20,SD0074,CORE,FR,N,NR,NR,S,Subsurface,
2001-08-14 00:00:00,0.0,2.0,NASSCO,NA21,SD0050,VV,RESULT,N,NR,NR,S,Surface,
2002-09-21 00:00:00,0.0,61.0,NASSCO,NA21,SD0158,CORE,RESULT,N,NR,NR,S,Subsurface,
2002-09-21 00:00:00,61.0,121.9000015258789,NASSCO,NA21,SD0159,CORE,RESULT,N,NR,NR,S,Subsurface,
2002-09-21 00:00:00,121.9000015258789,182.89999389648438,NASSCO,NA21,SD0160,CORE,RESULT,N,NR,NR,S,Subsurface,
2002-09-21 00:00:00,182.89999389648438,231.60000610351562,NASSCO,NA21,SD0161,CORE,RESULT,N,NR,NR,S,Subsurface,
2001-08-14 00:00:00,0.0,2.0,NASSCO,NA22,SD0052,VV,RESULT,N,NR,NR,SBI,Surface,
2002-09-12 00:00:00,0.0,2.0,NASSCO,NA22,SD0129,VV,RESULT,N,NR,NR,S,Surface,
2002-09-12 00:00:00,0.0,2.0,NASSCO,NA22,SD0132,VV,RESULT,N,NR,NR,S,Surface,
2002-09-04 00:00:00,0.0,61.0,NASSCO,NA23R,SD0091,CORE,RESULT,N,NR,NR,S,Subsurface,
2002-09-04 00:00:00,61.0,121.9000015258789,NASSCO,NA23R,SD0092,CORE,RESULT,N,NR,NR,S,Subsurface,
2002-09-04 00:00:00,121.9000015258789,143.3000030517578,NASSCO,NA23R,SD0093,CORE,RESULT,N,NR,NR,S,Subsurface,
2002-09-08 00:00:00,0.0,2.0,NASSCO,NA23R,SD0095,VV,RESULT,N,NR,NR,S,Surface,
2002-09-23 00:00:00,-99.0,-99.0,NASSCO,NA24,BI0012,VV,RESULT,Y,NR,NR,T,NA,
2002-09-08 00:00:00,0.0,2.0,NASSCO,NA24,SD0094,VV,RESULT,N,NR,NR,S,Surface,
2002-09-21 00:00:00,0.0,61.0,NASSCO,NA24,SD0165,CORE,RESULT,N,NR,NR,S,Subsurface,
2002-09-21 00:00:00,0.0,66.0,NASSCO,NA24,SD0165E,CORE,FR,N,NR,NR,S,Subsurface,
2002-09-21 00:00:00,61.0,121.9000015258789,NASSCO,NA24,SD0166,CORE,RESULT,N,NR,NR,S,Subsurface,
2002-09-21 00:00:00,66.0,121.9000015258789,NASSCO,NA24,SD0166E,CORE,FR,N,NR,NR,S,Subsurface,
2002-09-09 00:00:00,0.0,2.0,NASSCO,NA25,SD0106,VV,RESULT,N,NR,NR,S,Surface,
2002-09-20 00:00:00,0.0,61.0,NASSCO,NA25,SD0153,CORE,RESULT,N,NR,NR,S,Subsurface,
2002-09-20 00:00:00,61.0,121.9000015258789,NASSCO,NA25,SD0154,CORE,RESULT,N,NR,NR,S,Subsurface,
2002-09-20 00:00:00,121.9000015258789,157.5,NASSCO,NA25,SD0155,CORE,RESULT,N,NR,NR,S,Subsurface,
2002-09-11 00:00:00,0.0,2.0,NASSCO,NA26,SD0116,VV,RESULT,N,NR,NR,S,Surface,
2002-09-19 00:00:00,0.0,61.0,NASSCO,NA26,SD0147,CORE,RESULT,N,NR,NR,S,Subsurface,
2002-09-19 00:00:00,61.0,121.9000015258789,NASSCO,NA26,SD0148,CORE,RESULT,N,NR,NR,S,Subsurface,
2002-09-19 00:00:00,121.9000015258789,182.89999389648438,NASSCO,NA26,SD0149,CORE,RESULT,N,NR,NR,S,Subsurface,
2002-09-19 00:00:00,182.89999389648438,228.60000610351562,NASSCO,NA26,SD0150,CORE,RESULT,N,NR,NR,S,Subsurface,
2002-10-02 00:00:00,0.0,2.0,NASSCO,NA27,SD0301,VV,RESULT,N,NR,NR,S,Surface,
2002-10-02 00:00:00,0.0,2.0,NASSCO,NA28,SD0300,VV,RESULT,N,NR,NR,S,Surface,
2002-09-11 00:00:00,0.0,2.0,NASSCO,NA29,SD0119,VV,RESULT,N,NR,NR,S,Surface,
2002-09-21 00:00:00,0.0,61.0,NASSCO,NA29,SD0162,CORE,RESULT,N,NR,NR,S,Subsurface,
2002-09-21 00:00:00,61.0,134.60000610351562,NASSCO,NA29,SD0163,CORE,RESULT,N,NR,NR,S,Subsurface,
2002-09-21 00:00:00,61.0,134.60000610351562,NASSCO,NA29,SD0164,CORE,FR,N,NR,NR,S,Subsurface,
2002-09-11 00:00:00,0.0,2.0,NASSCO,NA30,SD0115,VV,RESULT,N,NR,NR,S,Surface,
2002-09-20 00:00:00,0.0,61.0,NASSCO,NA30,SD0151,CORE,RESULT,N,NR,NR,S,Subsurface,
2002-09-20 00:00:00,61.0,104.0999984741211,NASSCO,NA30,SD0152,CORE,RESULT,N,NR,NR,S,Subsurface,
2002-09-09 00:00:00,0.0,2.0,NASSCO,NA31,SD0105,VV,RESULT,N,NR,NR,S,Surface,
2002-09-19 00:00:00,0.0,61.0,NASSCO,NA31,SD0144,CORE,RESULT,N,NR,NR,S,Subsurface,
2002-09-19 00:00:00,61.0,91.4000015258789,NASSCO,NA31,SD0145,CORE,RESULT,N,NR,NR,S,Subsurface,
2002-10-02 00:00:00,-99.0,-99.0,NASSCO,NAEG1,BI0084,DIVER,RESULT,Y,NR,NR,T,NA,
2002-09-26 00:00:00,-99.0,-99.0,NASSCO,NAFI01,BC-11,HOOK,RESULT,Y,NR,NR,T,NA,
2002-09-26 00:00:00,-99.0,-99.0,NASSCO,NAFI01,BC-12,HOOK,RESULT,Y,NR,NR,T,NA,
2002-09-26 00:00:00,-99.0,-99.0,NASSCO,NAFI01,BC-13,HOOK,RESULT,Y,NR,NR,T,NA,
2002-09-26 00:00:00,-99.0,-99.0,NASSCO,NAFI01,BC-14,HOOK,RESULT,Y,NR,NR,T,NA,
2002-09-26 00:00:00,-99.0,-99.0,NASSCO,NAFI01,BC-15,HOOK,RESULT,Y,NR,NR,T,NA,
2002-09-26 00:00:00,-99.0,-99.0,NASSCO,NAFI01,BC-16,HOOK,RESULT,Y,NR,NR,T,NA,
2002-09-26 00:00:00,-99.0,-99.0,NASSCO,NAFI01,BC-17,HOOK,RESULT,Y,NR,NR,T,NA,
2002-09-26 00:00:00,-99.0,-99.0,NASSCO,NAFI01,BC-18,HOOK,RESULT,Y,NR,NR,T,NA,
2002-09-26 00:00:00,-99.0,-99.0,NASSCO,NAFI01,BC-19,HOOK,RESULT,Y,NR,NR,T,NA,
2002-09-26 00:00:00,-99.0,-99.0,NASSCO,NAFI01,BC-20,HOOK,RESULT,Y,NR,NR,T,NA,
2002-09-26 00:00:00,-99.0,-99.0,NASSCO,NAFI01,BI0013,HOOK,RESULT,Y,NR,NR,T,NA,
2002-09-26 00:00:00,-99.0,-99.0,NASSCO,NAFI01,BI0024,HOOK,RESULT,Y,NR,NR,T,NA,
2002-09-26 00:00:00,-99.0,-99.0,NASSCO,NAFI01,BI0025,HOOK,RESULT,Y,NR,NR,T,NA,
2002-09-26 00:00:00,-99.0,-99.0,NASSCO,NAFI01,BI0026,HOOK,RESULT,Y,NR,NR,T,NA,
2002-09-26 00:00:00,-99.0,-99.0,NASSCO,NAFI01,BI0027,HOOK,RESULT,Y,NR,NR,T,NA,
2002-09-26 00:00:00,-99.0,-99.0,NASSCO,NAFI01,BI0028,HOOK,RESULT,Y,NR,NR,T,NA,
2002-09-26 00:00:00,-99.0,-99.0,NASSCO,NAFI01,BI0029,HOOK,RESULT,Y,NR,NR,T,NA,
2002-09-26 00:00:00,-99.0,-99.0,NASSCO,NAFI01,BI0030,HOOK,RESULT,Y,NR,NR,T,NA,
2002-09-26 00:00:00,-99.0,-99.0,NASSCO,NAFI01,BI0031,HOOK,RESULT,Y,NR,NR,T,NA,
2002-09-26 00:00:00,-99.0,-99.0,NASSCO,NAFI01,BI0032,HOOK,RESULT,Y,NR,NR,T,NA,
2002-09-29 00:00:00,-99.0,-99.0,NASSCO,NAFI01,BI0081,HOOK,RESULT,Y,NR,NR,T,NA,
2002-09-28 00:00:00,-99.0,-99.0,NASSCO,NAFI02,BC-41,HOOK,RESULT,Y,NR,NR,T,NA,
2002-09-28 00:00:00,-99.0,-99.0,NASSCO,NAFI02,BC-42,HOOK,RESULT,Y,NR,NR,T,NA,
2002-09-28 00:00:00,-99.0,-99.0,NASSCO,NAFI02,BC-43,HOOK,RESULT,Y,NR,NR,T,NA,
2002-09-29 00:00:00,-99.0,-99.0,NASSCO,NAFI02,BC-44,HOOK,RESULT,Y,NR,NR,T,NA,
2002-09-29 00:00:00,-99.0,-99.0,NASSCO,NAFI02,BC-45,HOOK,RESULT,Y,NR,NR,T,NA,
2002-09-29 00:00:00,-99.0,-99.0,NASSCO,NAFI02,BC-46,HOOK,RESULT,Y,NR,NR,T,NA,
2002-09-29 00:00:00,-99.0,-99.0,NASSCO,NAFI02,BC-47,HOOK,RESULT,Y,NR,NR,T,NA,
2002-09-29 00:00:00,-99.0,-99.0,NASSCO,NAFI02,BC-48,HOOK,RESULT,Y,NR,NR,T,NA,
2002-09-29 00:00:00,-99.0,-99.0,NASSCO,NAFI02,BC-49,HOOK,RESULT,Y,NR,NR,T,NA,
2002-09-29 00:00:00,-99.0,-99.0,NASSCO,NAFI02,BC-50,HOOK,RESULT,Y,NR,NR,T,NA,
2002-09-27 00:00:00,-99.0,-99.0,NASSCO,NAFI02,BI0053,HOOK,RESULT,Y,NR,NR,T,NA,
2002-09-27 00:00:00,-99.0,-99.0,NASSCO,NAFI02,BI0054,HOOK,RESULT,Y,NR,NR,T,NA,
2002-09-27 00:00:00,-99.0,-99.0,NASSCO,NAFI02,BI0055,HOOK,RESULT,Y,NR,NR,T,NA,
2002-09-27 00:00:00,-99.0,-99.0,NASSCO,NAFI02,BI0056,HOOK,RESULT,Y,NR,NR,T,NA,
2002-09-28 00:00:00,-99.0,-99.0,NASSCO,NAFI02,BI0057,HOOK,RESULT,Y,NR,NR,T,NA,
2002-09-28 00:00:00,-99.0,-99.0,NASSCO,NAFI02,BI0065,HOOK,RESULT,Y,NR,NR,T,NA,
2002-09-28 00:00:00,-99.0,-99.0,NASSCO,NAFI02,BI0066,HOOK,RESULT,Y,NR,NR,T,NA,
2002-09-28 00:00:00,-99.0,-99.0,NASSCO,NAFI02,BI0067,HOOK,RESULT,Y,NR,NR,T,NA,
2002-09-28 00:00:00,-99.0,-99.0,NASSCO,NAFI02,BI0068,HOOK,RESULT,Y,NR,NR,T,NA,
2002-09-28 00:00:00,-99.0,-99.0,NASSCO,NAFI02,BI0070-1,HOOK,RESULT,Y,NR,NR,T,NA,
2002-09-28 00:00:00,-99.0,-99.0,NASSCO,NAFI02,BI0070-2,HOOK,RESULT,Y,NR,NR,T,NA,
2002-09-29 00:00:00,-99.0,-99.0,NASSCO,NAFI02,BI0070-3,HOOK,RESULT,Y,NR,NR,T,NA,
2002-09-29 00:00:00,-99.0,-99.0,NASSCO,NAFI02,BI0070-4,HOOK,RESULT,Y,NR,NR,T,NA,
2002-09-29 00:00:00,-99.0,-99.0,NASSCO,NAFI02,BI0080,HOOK,RESULT,Y,NR,NR,T,NA,
2001-08-19 00:00:00,0.0,-99.0,NASSCO,NASControl,NAS7503F,GRAB,CNEG,N,NR,NR,B,CNEG,Bioassay control
2001-08-15 00:00:00,0.0,-99.0,NASSCO,NASControl,NAS7526F,GRAB,CNEG,N,NR,NR,B,CNEG,Bioassay control
2001-08-19 00:00:00,0.0,-99.0,NASSCO,NASControl,NAS7554F,GRAB,CNEG,N,NR,NR,B,CNEG,Bioassay control
2002-09-08 00:00:00,-99.0,-99.0,NASSCO,NSCLob,BI0004,TRAP,RESULT,Y,NR,NR,T,NA,
2002-09-08 00:00:00,-99.0,-99.0,NASSCO,NSCLob,BI0005,TRAP,RESULT,Y,NR,NR,T,NA,
2002-09-20 00:00:00,-99.0,-99.0,NASSCO,NSCLob,BI0009,TRAP,RESULT,Y,NR,NR,T,NA,
2002-09-20 00:00:00,-99.0,-99.0,NASSCO,NSCLob,BI0010,TRAP,RESULT,Y,NR,NR,T,NA,
2002-09-26 00:00:00,-99.0,-99.0,NASSCO,NSCLob,BI0058,TRAP,RESULT,Y,NR,NR,T,NA,
2002-09-27 00:00:00,-99.0,-99.0,NASSCO,NSCLob,BI0059,TRAP,RESULT,Y,NR,NR,T,NA,
2002-09-27 00:00:00,-99.0,-99.0,NASSCO,NSCLob,BI0060,TRAP,RESULT,Y,NR,NR,T,NA,
2002-09-27 00:00:00,-99.0,-99.0,NASSCO,NSCLob,BI0061,TRAP,RESULT,Y,NR,NR,T,NA,
2002-09-27 00:00:00,-99.0,-99.0,NASSCO,NSCLob,BI0062,TRAP,RESULT,Y,NR,NR,T,NA,
2002-09-28 00:00:00,-99.0,-99.0,NASSCO,NSCLob,BI0063,TRAP,RESULT,Y,NR,NR,T,NA,
2002-09-28 00:00:00,-99.0,-99.0,NASSCO,NSCLob,BI0064,TRAP,RESULT,Y,NR,NR,T,NA,
2001-08-06 00:00:00,0.0,61.0,NASSCO,SW01,SD0001,VV,RESULT,N,NR,NR,S,Subsurface,
2002-08-13 00:00:00,61.0,121.9000015258789,NASSCO,SW01,SD0002,CORE,RESULT,N,NR,NR,S,Subsurface,
2002-08-13 00:00:00,121.9000015258789,164.60000610351562,NASSCO,SW01,SD0003,CORE,RESULT,N,NR,NR,S,Subsurface,
2002-09-14 00:00:00,0.0,2.0,NASSCO,SW01,SD0137,VV,RESULT,N,NR,NR,S,Surface,
2002-11-06 00:00:00,0.0,2.0,NASSCO,SW01,SD0169,VV,RESULT,N,NR,NR,S,Surface,
2002-11-06 00:00:00,0.0,2.0,NASSCO,SW01,SD0171,VV,RESULT,N,NR,NR,S,Surface,
2001-08-06 00:00:00,0.0,2.0,NASSCO,SW02,SD0005,VV,RESULT,N,NR,NR,SB,Surface,
2001-08-06 00:00:00,0.0,2.0,NASSCO,SW02,SD0006,VV,FR,N,NR,NR,SI,Surface,Field replicate for SD0005.
2002-08-27 00:00:00,0.0,61.0,NASSCO,SW02,SD0027,CORE,RESULT,N,NR,NR,S,Subsurface,
2002-08-27 00:00:00,61.0,121.9000015258789,NASSCO,SW02,SD0028,CORE,RESULT,N,NR,NR,S,Subsurface,
2002-08-27 00:00:00,121.9000015258789,149.39999389648438,NASSCO,SW02,SD0037,CORE,RESULT,N,NR,NR,S,Subsurface,
2002-09-14 00:00:00,0.0,2.0,NASSCO,SW02,SD0138,VV,RESULT,N,NR,NR,S,Surface,
2002-11-06 00:00:00,0.0,2.0,NASSCO,SW02,SD0172,VV,RESULT,N,NR,NR,S,Surface,
2001-08-07 00:00:00,0.0,2.0,NASSCO,SW03,SD0009,VV,RESULT,N,NR,NR,SBI,Surface,
2001-08-07 00:00:00,0.0,2.0,NASSCO,SW04,SD0012,VV,RESULT,N,NR,NR,STBI,Surface,
2002-08-27 00:00:00,0.0,61.0,NASSCO,SW04,SD0025,CORE,RESULT,N,NR,NR,S,Subsurface,
2002-08-27 00:00:00,61.0,125.0,NASSCO,SW04,SD0026,CORE,RESULT,N,NR,NR,S,Subsurface,
2002-09-10 00:00:00,0.0,2.0,NASSCO,SW04,SD0112,VV,RESULT,N,NR,NR,S,Surface,eelgrass collected near this station
2002-11-06 00:00:00,0.0,2.0,NASSCO,SW04,SD0170,VV,RESULT,N,NR,NR,S,Surface,
2001-08-06 00:00:00,0.0,2.0,NASSCO,SW05,SD0003,VV,RESULT,N,NR,NR,S,Surface,
2001-08-06 00:00:00,0.0,2.0,NASSCO,SW06,SD0002,VV,RESULT,N,NR,NR,S,Surface,
2001-08-06 00:00:00,0.0,2.0,NASSCO,SW07,SD0004,VV,RESULT,N,NR,NR,S,Surface,
2001-08-08 00:00:00,0.0,2.0,NASSCO,SW08,SD0016,VV,RESULT,N,NR,NR,STBI,Surface,
2002-08-28 00:00:00,0.0,61.0,NASSCO,SW08,SD0033,CORE,RESULT,N,NR,NR,S,Subsurface,
2002-08-28 00:00:00,61.0,121.9000015258789,NASSCO,SW08,SD0038,CORE,RESULT,N,NR,NR,S,Subsurface,
2002-08-28 00:00:00,121.9000015258789,182.89999389648438,NASSCO,SW08,SD0039,CORE,RESULT,N,NR,NR,S,Subsurface,
2002-08-28 00:00:00,0.0,61.0,NASSCO,SW08,SD0040,CORE,FR,N,NR,NR,S,Subsurface,
2002-08-28 00:00:00,182.89999389648438,198.10000610351562,NASSCO,SW08,SD0048,CORE,RESULT,N,NR,NR,S,Subsurface,
2002-09-13 00:00:00,0.0,2.0,NASSCO,SW08,SD0133,VV,RESULT,N,NR,NR,S,Surface,
2002-11-07 00:00:00,0.0,2.0,NASSCO,SW08,SD0178,VV,RESULT,N,NR,NR,S,Surface,
2001-08-06 00:00:00,0.0,2.0,NASSCO,SW09,SD0007,VV,RESULT,N,NR,NR,SBI,Surface,
2001-08-06 00:00:00,0.0,2.0,NASSCO,SW10,SD0008,VV,RESULT,N,NR,NR,S,Surface,
2002-08-28 00:00:00,0.0,61.0,NASSCO,SW10,SD0041,CORE,RESULT,N,NR,NR,S,Subsurface,
2002-08-28 00:00:00,61.0,88.4000015258789,NASSCO,SW10,SD0042,CORE,RESULT,N,NR,NR,S,Subsurface,
2002-08-28 00:00:00,0.0,41.900001525878906,NASSCO,SW10,SD0049,CORE,FR,N,NR,NR,S,Subsurface,
2002-08-28 00:00:00,41.900001525878906,88.4000015258789,NASSCO,SW10,SD0050,CORE,FR,N,NR,NR,S,Subsurface,
2001-08-13 00:00:00,0.0,2.0,NASSCO,SW11,SD0048,VV,RESULT,N,NR,NR,SBI,Surface,
2001-08-07 00:00:00,0.0,2.0,NASSCO,SW12,SD0010,VV,RESULT,N,NR,NR,S,Surface,
2002-08-27 00:00:00,0.0,61.0,NASSCO,SW12,SD0020A,CORE,RESULT,N,NR,NR,S,Subsurface,
2002-08-27 00:00:00,61.0,112.80000305175781,NASSCO,SW12,SD0021,CORE,RESULT,N,NR,NR,S,Subsurface,
2002-09-10 00:00:00,0.0,2.0,NASSCO,SW12,SD0111,VV,RESULT,N,NR,NR,S,Surface,
2001-08-09 00:00:00,0.0,2.0,NASSCO,SW13,SD0022,VV,RESULT,N,NR,NR,STBI,Surface,
2001-08-10 00:00:00,0.0,2.0,NASSCO,SW14,SD0024,VV,RESULT,N,NR,NR,S,Surface,
2001-08-10 00:00:00,0.0,2.0,NASSCO,SW15,SD0023,VV,RESULT,N,NR,NR,SBI,Surface,
2001-08-10 00:00:00,0.0,2.0,NASSCO,SW16,SD0025,VV,RESULT,N,NR,NR,S,Surface,
2002-08-26 00:00:00,0.0,61.0,NASSCO,SW17,SD0017,CORE,RESULT,N,NR,NR,S,Subsurface,
2002-08-26 00:00:00,0.0,91.4000015258789,NASSCO,SW17,SD0017E,CORE,RESULT,N,NR,NR,S,Subsurface,
2002-08-26 00:00:00,61.0,121.9000015258789,NASSCO,SW17,SD0018,CORE,RESULT,N,NR,NR,S,Subsurface,
2002-08-26 00:00:00,152.39999389648438,189.0,NASSCO,SW17,SD0018E,CORE,RESULT,N,NR,NR,S,Subsurface,
2002-08-26 00:00:00,121.9000015258789,189.0,NASSCO,SW17,SD0019,CORE,RESULT,N,NR,NR,S,Subsurface,
2002-08-26 00:00:00,0.0,91.4000015258789,NASSCO,SW17,SD0020,CORE,FR,N,NR,NR,S,Subsurface,
2001-08-13 00:00:00,0.0,2.0,NASSCO,SW17,SD0047,VV,RESULT,N,NR,NR,SBI,Surface,
2002-09-16 00:00:00,-99.0,-99.0,NASSCO,SW18,BI0007,VV,RESULT,Y,NR,NR,T,NA,
2001-08-13 00:00:00,0.0,2.0,NASSCO,SW18,SD0046,VV,RESULT,N,NR,NR,SBI,Surface,
2001-08-07 00:00:00,0.0,2.0,NASSCO,SW19,SD0011,VV,RESULT,N,NR,NR,S,Surface,
2002-08-28 00:00:00,0.0,61.0,NASSCO,SW19,SD0029,CORE,RESULT,N,NR,NR,S,Subsurface,
2002-08-28 00:00:00,61.0,121.9000015258789,NASSCO,SW19,SD0030,CORE,RESULT,N,NR,NR,S,Subsurface,
2002-08-28 00:00:00,121.9000015258789,164.60000610351562,NASSCO,SW19,SD0031,CORE,RESULT,N,NR,NR,S,Subsurface,
2002-08-13 00:00:00,0.0,45.70000076293945,NASSCO,SW20,SD0004,CORE,RESULT,N,NR,NR,S,Subsurface,
2002-08-13 00:00:00,45.70000076293945,73.69999694824219,NASSCO,SW20,SD0005,CORE,RESULT,N,NR,NR,S,Subsurface,
2001-08-15 00:00:00,0.0,2.0,NASSCO,SW20,SD0059,VV,RESULT,N,NR,NR,S,Surface,
2001-08-09 00:00:00,0.0,2.0,NASSCO,SW21,SD0019,VV,RESULT,N,NR,NR,STBI,Surface,
2001-08-15 00:00:00,0.0,2.0,NASSCO,SW22,SD0060,VV,RESULT,N,NR,NR,SBI,Surface,
2001-08-15 00:00:00,0.0,2.0,NASSCO,SW23,SD0058,VV,RESULT,N,NR,NR,SBI,Surface,
2002-08-13 00:00:00,0.0,61.0,NASSCO,SW24,SD0006,CORE,RESULT,N,NR,NR,S,Subsurface,
2002-08-13 00:00:00,0.0,76.19999694824219,NASSCO,SW24,SD0006E,CORE,FR,N,NR,NR,S,Subsurface,
2002-08-13 00:00:00,61.0,91.4000015258789,NASSCO,SW24,SD0007,CORE,RESULT,N,NR,NR,S,Subsurface,
2002-08-13 00:00:00,76.19999694824219,91.4000015258789,NASSCO,SW24,SD0007E,CORE,FR,N,NR,NR,S,Subsurface,
2001-08-08 00:00:00,0.0,2.0,NASSCO,SW24,SD0015,VV,RESULT,N,NR,NR,S,Surface,
2002-09-10 00:00:00,0.0,2.0,NASSCO,SW24,SD0113,VV,RESULT,N,NR,NR,S,Surface,
2002-11-06 00:00:00,0.0,2.0,NASSCO,SW24,SD0173,VV,RESULT,N,NR,NR,S,Surface,
2002-08-13 00:00:00,0.0,61.0,NASSCO,SW25,SD0008,CORE,RESULT,N,NR,NR,S,Subsurface,
2002-08-13 00:00:00,61.0,128.0,NASSCO,SW25,SD0009,CORE,RESULT,N,NR,NR,S,Subsurface,
2001-08-15 00:00:00,0.0,2.0,NASSCO,SW25,SD0057,VV,RESULT,N,NR,NR,SBI,Surface,
2002-09-10 00:00:00,0.0,2.0,NASSCO,SW25,SD0114,VV,RESULT,N,NR,NR,S,Surface,
2002-11-06 00:00:00,0.0,2.0,NASSCO,SW25,SD0174,VV,RESULT,N,NR,NR,S,Surface,
2001-08-08 00:00:00,0.0,2.0,NASSCO,SW26,SD0014,VV,RESULT,N,NR,NR,S,Surface,
2002-09-23 00:00:00,-99.0,-99.0,NASSCO,SW27,BI0011,VV,RESULT,Y,NR,NR,T,NA,
2002-08-14 00:00:00,161.3000030517578,171.39999389648438,NASSCO,SW27,SD0013,CORE,RESULT,N,NR,NR,S,Subsurface,
2002-08-14 00:00:00,0.0,61.0,NASSCO,SW27,SD0014,CORE,RESULT,N,NR,NR,S,Subsurface,
2002-08-14 00:00:00,61.0,129.5,NASSCO,SW27,SD0015,CORE,RESULT,N,NR,NR,S,Subsurface,
2002-08-14 00:00:00,0.0,61.0,NASSCO,SW27,SD0016,CORE,FR,N,NR,NR,S,Subsurface,
2001-08-13 00:00:00,0.0,2.0,NASSCO,SW27,SD0045,VV,RESULT,N,NR,NR,SBI,Surface,
2002-08-14 00:00:00,0.0,61.0,NASSCO,SW28,SD0010,CORE,RESULT,N,NR,NR,S,Subsurface,
2002-08-14 00:00:00,61.0,121.9000015258789,NASSCO,SW28,SD0011,CORE,RESULT,N,NR,NR,S,Subsurface,
2002-08-14 00:00:00,121.9000015258789,161.3000030517578,NASSCO,SW28,SD0012,CORE,RESULT,N,NR,NR,S,Subsurface,
2001-08-11 00:00:00,0.0,2.0,NASSCO,SW28,SD0029,VV,RESULT,N,NR,NR,STB,Surface,
2002-09-11 00:00:00,0.0,2.0,NASSCO,SW28,SD0121,VV,RESULT,N,NR,NR,S,Surface,
2002-11-07 00:00:00,0.0,2.0,NASSCO,SW28,SD0177,VV,RESULT,N,NR,NR,S,Surface,
2002-08-28 00:00:00,0.0,61.0,NASSCO,SW29,SD0043,CORE,RESULT,N,NR,NR,S,Subsurface,
2002-08-28 00:00:00,61.0,121.9000015258789,NASSCO,SW29,SD0044,CORE,RESULT,N,NR,NR,S,Subsurface,
2002-08-28 00:00:00,121.9000015258789,182.89999389648438,NASSCO,SW29,SD0045,CORE,RESULT,N,NR,NR,S,Subsurface,
2002-08-28 00:00:00,182.89999389648438,213.39999389648438,NASSCO,SW29,SD0046,CORE,RESULT,N,NR,NR,S,Subsurface,
2002-09-09 00:00:00,0.0,2.0,NASSCO,SW29,SD0110,VV,RESULT,N,NR,NR,S,Surface,
2002-08-29 00:00:00,0.0,61.0,NASSCO,SW30,SD0055,CORE,RESULT,N,NR,NR,S,Subsurface,
2002-08-29 00:00:00,61.0,121.9000015258789,NASSCO,SW30,SD0056,CORE,RESULT,N,NR,NR,S,Subsurface,
2002-08-29 00:00:00,121.9000015258789,182.89999389648438,NASSCO,SW30,SD0057,CORE,RESULT,N,NR,NR,S,Subsurface,
2002-08-29 00:00:00,182.89999389648438,243.8000030517578,NASSCO,SW30,SD0058,CORE,RESULT,N,NR,NR,S,Subsurface,
2002-08-29 00:00:00,243.8000030517578,265.20001220703125,NASSCO,SW30,SD0060,CORE,RESULT,N,NR,NR,S,Subsurface,
2002-08-29 00:00:00,182.89999389648438,265.20001220703125,NASSCO,SW30,SD0063,CORE,FR,N,NR,NR,S,Subsurface,
2002-09-14 00:00:00,0.0,2.0,NASSCO,SW30,SD0135,VV,RESULT,N,NR,NR,S,Surface,
2002-08-27 00:00:00,0.0,61.0,NASSCO,SW31,SD0024,CORE,RESULT,N,NR,NR,S,Subsurface,
2002-08-27 00:00:00,61.0,88.4000015258789,NASSCO,SW31,SD0034,CORE,RESULT,N,NR,NR,S,Subsurface,
2002-08-27 00:00:00,0.0,30.5,NASSCO,SW31,SD0035,VV,RESULT,N,NR,NR,S,Surface,
2002-08-27 00:00:00,30.5,88.4000015258789,NASSCO,SW31,SD0036,CORE,FR,N,NR,NR,S,Subsurface,
2002-09-11 00:00:00,0.0,2.0,NASSCO,SW31,SD0122,VV,RESULT,N,NR,NR,S,Surface,
2002-08-29 00:00:00,0.0,61.0,NASSCO,SW32,SD0051,CORE,RESULT,N,NR,NR,S,Subsurface,
2002-08-29 00:00:00,61.0,85.30000305175781,NASSCO,SW32,SD0059,CORE,RESULT,N,NR,NR,S,Subsurface,
2002-09-09 00:00:00,0.0,2.0,NASSCO,SW32,SD0108,VV,RESULT,N,NR,NR,S,Surface,
2002-08-28 00:00:00,0.0,61.0,NASSCO,SW33,SD0032,CORE,RESULT,N,NR,NR,S,Subsurface,
2002-08-28 00:00:00,61.0,76.19999694824219,NASSCO,SW33,SD0047,CORE,RESULT,N,NR,NR,S,Subsurface,
2002-09-11 00:00:00,0.0,2.0,NASSCO,SW33,SD0118,VV,RESULT,N,NR,NR,S,Surface,
2002-08-29 00:00:00,0.0,61.0,NASSCO,SW34,SD0052,CORE,RESULT,N,NR,NR,S,Subsurface,
2002-08-29 00:00:00,61.0,85.30000305175781,NASSCO,SW34,SD0053,CORE,RESULT,N,NR,NR,S,Subsurface,
2002-08-29 00:00:00,0.0,61.0,NASSCO,SW34,SD0054,CORE,FR,N,NR,NR,S,Subsurface,
2002-09-11 00:00:00,0.0,2.0,NASSCO,SW34,SD0117,VV,RESULT,N,NR,NR,S,Surface,
2002-08-27 00:00:00,0.0,61.0,NASSCO,SW36,SD0022,CORE,RESULT,N,NR,NR,S,Subsurface,
2002-08-27 00:00:00,61.0,129.5,NASSCO,SW36,SD0023,CORE,RESULT,N,NR,NR,S,Subsurface,
2002-11-07 00:00:00,0.0,2.0,NASSCO,SW36,SD0180,VV,RESULT,N,NR,NR,S,Surface,
2002-10-01 00:00:00,-99.0,-99.0,NASSCO,SWEG1,BI0082,DIVER,RESULT,Y,NR,NR,T,NA,
2002-09-25 00:00:00,-99.0,-99.0,NASSCO,SWFI01,BC-1,HOOK,RESULT,Y,NR,NR,T,NA,
2002-09-25 00:00:00,-99.0,-99.0,NASSCO,SWFI01,BC-10,HOOK,RESULT,Y,NR,NR,T,NA,
2002-09-25 00:00:00,-99.0,-99.0,NASSCO,SWFI01,BC-2,HOOK,RESULT,Y,NR,NR,T,NA,
2002-09-25 00:00:00,-99.0,-99.0,NASSCO,SWFI01,BC-3,HOOK,RESULT,Y,NR,NR,T,NA,
2002-09-25 00:00:00,-99.0,-99.0,NASSCO,SWFI01,BC-4,HOOK,RESULT,Y,NR,NR,T,NA,
2002-09-25 00:00:00,-99.0,-99.0,NASSCO,SWFI01,BC-5,HOOK,RESULT,Y,NR,NR,T,NA,
2002-09-25 00:00:00,-99.0,-99.0,NASSCO,SWFI01,BC-6,HOOK,RESULT,Y,NR,NR,T,NA,
2002-09-25 00:00:00,-99.0,-99.0,NASSCO,SWFI01,BC-7,HOOK,RESULT,Y,NR,NR,T,NA,
2002-09-25 00:00:00,-99.0,-99.0,NASSCO,SWFI01,BC-8,HOOK,RESULT,Y,NR,NR,T,NA,
2002-09-25 00:00:00,-99.0,-99.0,NASSCO,SWFI01,BC-9,HOOK,RESULT,Y,NR,NR,T,NA,
2002-09-25 00:00:00,-99.0,-99.0,NASSCO,SWFI01,BI0014,HOOK,RESULT,Y,NR,NR,T,NA,
2002-09-25 00:00:00,-99.0,-99.0,NASSCO,SWFI01,BI0015,HOOK,RESULT,Y,NR,NR,T,NA,
2002-09-25 00:00:00,-99.0,-99.0,NASSCO,SWFI01,BI0016,HOOK,RESULT,Y,NR,NR,T,NA,
2002-09-25 00:00:00,-99.0,-99.0,NASSCO,SWFI01,BI0017,HOOK,RESULT,Y,NR,NR,T,NA,
2002-09-25 00:00:00,-99.0,-99.0,NASSCO,SWFI01,BI0018,HOOK,RESULT,Y,NR,NR,T,NA,
2002-09-25 00:00:00,-99.0,-99.0,NASSCO,SWFI01,BI0019,HOOK,RESULT,Y,NR,NR,T,NA,
2002-09-25 00:00:00,-99.0,-99.0,NASSCO,SWFI01,BI0020,HOOK,RESULT,Y,NR,NR,T,NA,
2002-09-25 00:00:00,-99.0,-99.0,NASSCO,SWFI01,BI0021,HOOK,RESULT,Y,NR,NR,T,NA,
2002-09-25 00:00:00,-99.0,-99.0,NASSCO,SWFI01,BI0022,HOOK,RESULT,Y,NR,NR,T,NA,
2002-09-25 00:00:00,-99.0,-99.0,NASSCO,SWFI01,BI0023,HOOK,RESULT,Y,NR,NR,T,NA,
2002-10-01 00:00:00,-99.0,-99.0,NASSCO,SWFI01,BI0083-1,HOOK,RESULT,Y,NR,NR,T,NA,
2002-10-01 00:00:00,-99.0,-99.0,NASSCO,SWFI01,BI0083-2,HOOK,RESULT,Y,NR,NR,T,NA,
2002-10-01 00:00:00,-99.0,-99.0,NASSCO,SWFI01,BI0083-3,HOOK,RESULT,Y,NR,NR,T,NA,
2002-09-27 00:00:00,-99.0,-99.0,NASSCO,SWFI02,BC-31,HOOK,RESULT,Y,NR,NR,T,NA,
2002-09-27 00:00:00,-99.0,-99.0,NASSCO,SWFI02,BC-32,HOOK,RESULT,Y,NR,NR,T,NA,
2002-09-28 00:00:00,-99.0,-99.0,NASSCO,SWFI02,BC-33,HOOK,RESULT,Y,NR,NR,T,NA,
2002-09-28 00:00:00,-99.0,-99.0,NASSCO,SWFI02,BC-34,HOOK,RESULT,Y,NR,NR,T,NA,
2002-09-28 00:00:00,-99.0,-99.0,NASSCO,SWFI02,BC-35,HOOK,RESULT,Y,NR,NR,T,NA,
2002-09-28 00:00:00,-99.0,-99.0,NASSCO,SWFI02,BC-36,HOOK,RESULT,Y,NR,NR,T,NA,
2002-09-28 00:00:00,-99.0,-99.0,NASSCO,SWFI02,BC-37,HOOK,RESULT,Y,NR,NR,T,NA,
2002-09-28 00:00:00,-99.0,-99.0,NASSCO,SWFI02,BC-38,HOOK,RESULT,Y,NR,NR,T,NA,
2002-09-28 00:00:00,-99.0,-99.0,NASSCO,SWFI02,BC-39,HOOK,RESULT,Y,NR,NR,T,NA,
2002-09-28 00:00:00,-99.0,-99.0,NASSCO,SWFI02,BC-40,HOOK,RESULT,Y,NR,NR,T,NA,
2002-09-27 00:00:00,-99.0,-99.0,NASSCO,SWFI02,BI0033,HOOK,RESULT,Y,NR,NR,T,NA,
2002-09-27 00:00:00,-99.0,-99.0,NASSCO,SWFI02,BI0034,HOOK,RESULT,Y,NR,NR,T,NA,
2002-09-27 00:00:00,-99.0,-99.0,NASSCO,SWFI02,BI0035,HOOK,RESULT,Y,NR,NR,T,NA,
2002-09-27 00:00:00,-99.0,-99.0,NASSCO,SWFI02,BI0036,HOOK,RESULT,Y,NR,NR,T,NA,
2002-09-27 00:00:00,-99.0,-99.0,NASSCO,SWFI02,BI0037,HOOK,RESULT,Y,NR,NR,T,NA,
2002-09-27 00:00:00,-99.0,-99.0,NASSCO,SWFI02,BI0038,HOOK,RESULT,Y,NR,NR,T,NA,
2002-09-27 00:00:00,-99.0,-99.0,NASSCO,SWFI02,BI0039,HOOK,RESULT,Y,NR,NR,T,NA,
2002-09-27 00:00:00,-99.0,-99.0,NASSCO,SWFI02,BI0040,HOOK,RESULT,Y,NR,NR,T,NA,
2002-09-27 00:00:00,-99.0,-99.0,NASSCO,SWFI02,BI0041,HOOK,RESULT,Y,NR,NR,T,NA,
2002-09-27 00:00:00,-99.0,-99.0,NASSCO,SWFI02,BI0042,HOOK,RESULT,Y,NR,NR,T,NA,
2002-09-28 00:00:00,-99.0,-99.0,NASSCO,SWFI02,BI0069,HOOK,RESULT,Y,NR,NR,T,NA,
2002-08-27 00:00:00,-99.0,-99.0,NASSCO,SWMLob,BI0001,TRAP,RESULT,Y,NR,NR,T,NA,
2002-08-27 00:00:00,-99.0,-99.0,NASSCO,SWMLob,BI0002,TRAP,RESULT,Y,NR,NR,T,NA,
2002-08-27 00:00:00,-99.0,-99.0,NASSCO,SWMLob,BI0003,TRAP,RESULT,Y,NR,NR,T,NA,
2002-09-29 00:00:00,-99.0,-99.0,NASSCO,SWMLob,BI0073,TRAP,RESULT,Y,NR,NR,T,NA,
2002-09-29 00:00:00,-99.0,-99.0,NASSCO,SWMLob,BI0074,TRAP,RESULT,Y,NR,NR,T,NA,
2002-09-29 00:00:00,-99.0,-99.0,NASSCO,SWMLob,BI0075,TRAP,RESULT,Y,NR,NR,T,NA,
2002-09-29 00:00:00,-99.0,-99.0,NASSCO,SWMLob,BI0076,TRAP,RESULT,Y,NR,NR,T,NA,
2002-09-29 00:00:00,-99.0,-99.0,NASSCO,SWMLob,BI0077,TRAP,RESULT,Y,NR,NR,T,NA,
2002-09-29 00:00:00,-99.0,-99.0,NASSCO,SWMLob,BI0078,TRAP,RESULT,Y,NR,NR,T,NA,
2002-09-29 00:00:00,-99.0,-99.0,NASSCO,SWMLob,BI0079,TRAP,RESULT,Y,NR,NR,T,NA,
1900-01-01 00:00:00,0.0,-99.0,NASSCO,YBControl,YBControl,UNK,CNEG,N,NR,NR,B,CNEG,
2000-09-19 00:00:00,0.0,-99.0,NEWP_TOX,Dana Point,Sep00,UNK,REF,N,NR,NR,B,Surface,
2001-05-07 00:00:00,0.0,-99.0,NEWP_TOX,Home Sediment,May01,UNK,CNEG,N,NR,NR,B,CNEG,
2000-09-19 00:00:00,0.0,-99.0,NEWP_TOX,Home Sediment,Sep00,UNK,CNEG,N,NR,NR,B,CNEG,
2001-05-07 00:00:00,0.0,2.0,NEWP_TOX,NB1 ,May01,MULT,RESULT,N,Sandy silt,NR,SB,Surface,Both cores and grabs collected; see Event tables for details.
2001-05-07 00:00:00,0.0,7.0,NEWP_TOX,NB1,May01B,CORE,FR,N,NR,NR,B,Surface,Second core rep for urchin testing.
2000-09-19 00:00:00,0.0,2.0,NEWP_TOX,NB1,Sep00,MULT,RESULT,N,NR,NR,SB,Surface,Both cores and grabs collected; see Event tables for details.
2001-05-04 00:00:00,0.0,2.0,NEWP_TOX,NB10,May01,MULT,RESULT,N,Silty clay,NR,SB,Surface,Both cores and grabs collected; see Event tables for details.
2001-05-04 00:00:00,0.0,7.0,NEWP_TOX,NB10,May01B,CORE,FR,N,NR,NR,B,Surface,Second core rep for urchin testing.
2000-09-19 00:00:00,0.0,2.0,NEWP_TOX,NB10,Sep00,MULT,RESULT,N,Silty clay,NR,SB,Surface,Both cores and grabs collected; see Event tables for details.
2001-05-07 00:00:00,0.0,2.0,NEWP_TOX,NB2,May01,MULT,RESULT,N,Silty clay,NR,SB,Surface,Both cores and grabs collected; see Event tables for details.
2000-09-21 00:00:00,0.0,2.0,NEWP_TOX,NB2,Sep00,MULT,RESULT,N,Silty clay,NR,SB,Surface,Both cores and grabs collected; see Event tables for details.
2001-05-07 00:00:00,0.0,2.0,NEWP_TOX,NB3,May01,MULT,RESULT,N,Silty clay,NR,SB,Surface,Both cores and grabs collected; see Event tables for details.
2001-05-07 00:00:00,0.0,7.0,NEWP_TOX,NB3,May01B,CORE,FR,N,NR,NR,B,Surface,Second core rep for urchin testing.
2000-09-19 00:00:00,0.0,2.0,NEWP_TOX,NB3,Sep00,MULT,RESULT,N,Silty clay,NR,SB,Surface,Both cores and grabs collected; see Event tables for details.
2001-05-07 00:00:00,0.0,2.0,NEWP_TOX,NB4,May01,MULT,RESULT,N,NR,NR,SB,Surface,Both cores and grabs collected; see Event tables for details.
2000-09-19 00:00:00,0.0,2.0,NEWP_TOX,NB4,Sep00,MULT,RESULT,N,Silty clay,NR,SB,Surface,Both cores and grabs collected; see Event tables for details.
2001-05-07 00:00:00,0.0,2.0,NEWP_TOX,NB5,May01,MULT,RESULT,N,NR,NR,SB,Surface,Both cores and grabs collected; see Event tables for details.
2001-05-07 00:00:00,0.0,7.0,NEWP_TOX,NB5,May01B,CORE,FR,N,NR,NR,B,Surface,Second core rep for urchin testing.
2000-09-19 00:00:00,0.0,2.0,NEWP_TOX,NB5,Sep00,MULT,RESULT,N,Silty clay,NR,SB,Surface,Both cores and grabs collected; see Event tables for details.
2001-05-04 00:00:00,0.0,2.0,NEWP_TOX,NB6,May01,MULT,RESULT,N,NR,NR,SB,Surface,Both cores and grabs collected; see Event tables for details.
2000-09-19 00:00:00,0.0,2.0,NEWP_TOX,NB6,Sep00,MULT,RESULT,N,Silty clay,NR,SB,Surface,Both cores and grabs collected; see Event tables for details.
2001-05-04 00:00:00,0.0,2.0,NEWP_TOX,NB7,May01,MULT,RESULT,N,Silty clay,NR,SB,Surface,Both cores and grabs collected; see Event tables for details.
2000-09-19 00:00:00,0.0,2.0,NEWP_TOX,NB7,Sep00,MULT,RESULT,N,Silty clay,NR,SB,Surface,Both cores and grabs collected; see Event tables for details.
2001-05-04 00:00:00,0.0,2.0,NEWP_TOX,NB8,May01,MULT,RESULT,N,Silty clay,NR,SB,Surface,Both cores and grabs collected; see Event tables for details.
2001-05-04 00:00:00,0.0,7.0,NEWP_TOX,NB8,May01B,CORE,FR,N,NR,NR,B,Surface,Second core rep for urchin testing.
2000-09-19 00:00:00,0.0,2.0,NEWP_TOX,NB8,Sep00,MULT,RESULT,N,Silty clay,NR,SB,Surface,Both cores and grabs collected; see Event tables for details.
2001-05-04 00:00:00,0.0,2.0,NEWP_TOX,NB9,May01,MULT,RESULT,N,Silty clay,NR,SB,Surface,Both cores and grabs collected; see Event tables for details.
2000-09-19 00:00:00,0.0,2.0,NEWP_TOX,NB9,Sep00,MULT,RESULT,N,Coarse sand,NR,SB,Surface,Both cores and grabs collected; see Event tables for details.
2001-05-07 00:00:00,-99.0,-99.0,NEWP_TOX,Seawater Contro,May01,SWDRAW,CNEG,N,NR,NR,B,CNEG,
2000-09-19 00:00:00,-99.0,-99.0,NEWP_TOX,Seawater Contro,Sep00,SWDRAW,CNEG,N,NR,NR,B,CNEG,
2001-08-24 00:00:00,0.0,3.0,NOAA_01,10-2,01,GRAB,RESULT,N,NR,NR,SB,Surface,From NOAA
2001-08-30 00:00:00,0.0,3.0,NOAA_01,1-1,01,GRAB,RESULT,N,NR,NR,SB,Surface,From NOAA
2001-08-22 00:00:00,0.0,3.0,NOAA_01,11-2,01,GRAB,RESULT,N,NR,NR,SB,Surface,From NOAA
2001-08-10 00:00:00,0.0,3.0,NOAA_01,11-4,01,GRAB,RESULT,N,NR,NR,SB,Surface,From NOAA
2001-08-24 00:00:00,0.0,3.0,NOAA_01,11-5,01,GRAB,RESULT,N,NR,NR,SB,Surface,From NOAA
2001-08-10 00:00:00,0.0,3.0,NOAA_01,12-2,01,GRAB,RESULT,N,NR,NR,SB,Surface,From NOAA
2001-08-29 00:00:00,0.0,3.0,NOAA_01,12-3,01,GRAB,RESULT,N,NR,NR,SB,Surface,From NOAA
2001-08-30 00:00:00,0.0,3.0,NOAA_01,1-3,01,GRAB,RESULT,N,NR,NR,SB,Surface,From NOAA
2001-08-10 00:00:00,0.0,3.0,NOAA_01,13-2,01,GRAB,RESULT,N,NR,NR,SB,Surface,From NOAA
2001-08-29 00:00:00,0.0,3.0,NOAA_01,13-3,01,GRAB,RESULT,N,NR,NR,SB,Surface,From NOAA
2001-08-10 00:00:00,0.0,3.0,NOAA_01,14-2,01,GRAB,RESULT,N,NR,NR,SB,Surface,From NOAA
2001-08-10 00:00:00,0.0,3.0,NOAA_01,14-3,01,GRAB,RESULT,N,NR,NR,SB,Surface,From NOAA
2001-08-30 00:00:00,0.0,3.0,NOAA_01,15-2,01,GRAB,RESULT,N,NR,NR,SB,Surface,From NOAA
2001-08-11 00:00:00,0.0,3.0,NOAA_01,16-2,01,GRAB,RESULT,N,NR,NR,SB,Surface,From NOAA
2001-08-29 00:00:00,0.0,3.0,NOAA_01,16-3,01,GRAB,RESULT,N,NR,NR,SB,Surface,From NOAA
2001-08-11 00:00:00,0.0,3.0,NOAA_01,17-3,01,GRAB,RESULT,N,NR,NR,SB,Surface,From NOAA
2001-08-11 00:00:00,0.0,3.0,NOAA_01,18-2,01,GRAB,RESULT,N,NR,NR,SB,Surface,From NOAA
2001-08-11 00:00:00,0.0,3.0,NOAA_01,18-3,01,GRAB,RESULT,N,NR,NR,SB,Surface,From NOAA
2001-08-07 00:00:00,0.0,3.0,NOAA_01,19-1,01,GRAB,RESULT,N,NR,NR,B,Surface,From NOAA
2001-08-07 00:00:00,0.0,3.0,NOAA_01,19-1C,01,GRAB,RESULT,N,NR,NR,S,Surface,From NOAA
2001-08-08 00:00:00,0.0,3.0,NOAA_01,20-2,01,GRAB,RESULT,N,NR,NR,SB,Surface,From NOAA
2001-08-11 00:00:00,0.0,3.0,NOAA_01,20-3,01,GRAB,RESULT,N,NR,NR,SB,Surface,From NOAA
2001-08-18 00:00:00,0.0,3.0,NOAA_01,20-4,01,GRAB,RESULT,N,NR,NR,SB,Surface,From NOAA
2001-08-31 00:00:00,0.0,3.0,NOAA_01,2-1,01,GRAB,RESULT,N,NR,NR,SB,Surface,From NOAA
2001-08-12 00:00:00,0.0,3.0,NOAA_01,21-2,01,GRAB,RESULT,N,NR,NR,SB,Surface,From NOAA
2001-08-29 00:00:00,0.0,3.0,NOAA_01,22-2,01,GRAB,RESULT,N,NR,NR,SB,Surface,From NOAA
2001-09-01 00:00:00,0.0,3.0,NOAA_01,22-4B,01,GRAB,RESULT,N,NR,NR,SB,Surface,From NOAA
2001-08-18 00:00:00,0.0,3.0,NOAA_01,22-5,01,GRAB,RESULT,N,NR,NR,SB,Surface,From NOAA
2001-08-30 00:00:00,0.0,3.0,NOAA_01,2-3,01,GRAB,RESULT,N,NR,NR,SB,Surface,From NOAA
2001-08-09 00:00:00,0.0,3.0,NOAA_01,23-1,01,GRAB,RESULT,N,NR,NR,SB,Surface,From NOAA
2001-08-09 00:00:00,0.0,3.0,NOAA_01,23-3,01,GRAB,RESULT,N,NR,NR,SB,Surface,From NOAA
2001-08-22 00:00:00,0.0,3.0,NOAA_01,24-1,01,GRAB,RESULT,N,NR,NR,SB,Surface,From NOAA
2001-08-22 00:00:00,0.0,3.0,NOAA_01,24-3,01,GRAB,RESULT,N,NR,NR,SB,Surface,From NOAA
2001-08-18 00:00:00,0.0,3.0,NOAA_01,25-2,01,GRAB,RESULT,N,NR,NR,SB,Surface,From NOAA
2001-08-18 00:00:00,0.0,3.0,NOAA_01,26-3,01,GRAB,RESULT,N,NR,NR,SB,Surface,From NOAA
2001-08-19 00:00:00,0.0,3.0,NOAA_01,27-2,01,GRAB,RESULT,N,NR,NR,SB,Surface,From NOAA
2001-08-19 00:00:00,0.0,3.0,NOAA_01,27-3,01,GRAB,RESULT,N,NR,NR,SB,Surface,From NOAA
2001-08-18 00:00:00,0.0,3.0,NOAA_01,28-2,01,GRAB,RESULT,N,NR,NR,SB,Surface,From NOAA
2001-08-13 00:00:00,0.0,3.0,NOAA_01,28-3,01,GRAB,RESULT,N,NR,NR,SB,Surface,From NOAA
2001-08-12 00:00:00,0.0,3.0,NOAA_01,29-1,01,GRAB,RESULT,N,NR,NR,SB,Surface,From NOAA
2001-08-12 00:00:00,0.0,3.0,NOAA_01,29-3,01,GRAB,RESULT,N,NR,NR,SB,Surface,From NOAA
2001-08-13 00:00:00,0.0,3.0,NOAA_01,30-2,01,GRAB,RESULT,N,NR,NR,SB,Surface,From NOAA
2001-08-13 00:00:00,0.0,3.0,NOAA_01,30-4,01,GRAB,RESULT,N,NR,NR,SB,Surface,From NOAA
2001-08-12 00:00:00,0.0,3.0,NOAA_01,31-1,01,GRAB,RESULT,N,NR,NR,SB,Surface,From NOAA
2001-08-12 00:00:00,0.0,3.0,NOAA_01,31-3,01,GRAB,RESULT,N,NR,NR,SB,Surface,From NOAA
2001-08-12 00:00:00,0.0,3.0,NOAA_01,31-5,01,GRAB,RESULT,N,NR,NR,SB,Surface,From NOAA
2001-08-28 00:00:00,0.0,3.0,NOAA_01,3-2,01,GRAB,RESULT,N,NR,NR,SB,Surface,From NOAA
2001-08-23 00:00:00,0.0,3.0,NOAA_01,32-1,01,GRAB,RESULT,N,NR,NR,SB,Surface,From NOAA
2001-08-23 00:00:00,0.0,3.0,NOAA_01,32-4,01,GRAB,RESULT,N,NR,NR,SB,Surface,From NOAA
2001-08-08 00:00:00,0.0,3.0,NOAA_01,32-5,01,GRAB,RESULT,N,NR,NR,SB,Surface,From NOAA
2001-08-23 00:00:00,0.0,3.0,NOAA_01,33-1,01,GRAB,RESULT,N,NR,NR,SB,Surface,From NOAA
2001-08-18 00:00:00,0.0,3.0,NOAA_01,33-2,01,GRAB,RESULT,N,NR,NR,SB,Surface,From NOAA
2001-08-18 00:00:00,0.0,3.0,NOAA_01,33-3,01,GRAB,RESULT,N,NR,NR,SB,Surface,From NOAA
2001-08-19 00:00:00,0.0,3.0,NOAA_01,33-4,01,GRAB,RESULT,N,NR,NR,SB,Surface,From NOAA
2001-08-19 00:00:00,0.0,3.0,NOAA_01,33-6,01,GRAB,RESULT,N,NR,NR,SB,Surface,From NOAA
2001-08-16 00:00:00,0.0,3.0,NOAA_01,34-2,01,GRAB,RESULT,N,NR,NR,SB,Surface,From NOAA
2001-08-20 00:00:00,0.0,3.0,NOAA_01,34-4,01,GRAB,RESULT,N,NR,NR,SB,Surface,From NOAA
2001-08-19 00:00:00,0.0,3.0,NOAA_01,35-1,01,GRAB,RESULT,N,NR,NR,SB,Surface,From NOAA
2001-08-16 00:00:00,0.0,3.0,NOAA_01,35-4,01,GRAB,RESULT,N,NR,NR,SB,Surface,From NOAA
2001-08-16 00:00:00,0.0,3.0,NOAA_01,36-4,01,GRAB,RESULT,N,NR,NR,SB,Surface,From NOAA
2001-08-16 00:00:00,0.0,3.0,NOAA_01,37-1,01,GRAB,RESULT,N,NR,NR,SB,Surface,From NOAA
2001-08-16 00:00:00,0.0,3.0,NOAA_01,37-2,01,GRAB,RESULT,N,NR,NR,SB,Surface,From NOAA
2001-08-21 00:00:00,0.0,3.0,NOAA_01,37-3,01,GRAB,RESULT,N,NR,NR,SB,Surface,From NOAA
2001-08-16 00:00:00,0.0,3.0,NOAA_01,38-2,01,GRAB,RESULT,N,NR,NR,SB,Surface,From NOAA
2001-08-15 00:00:00,0.0,3.0,NOAA_01,39-2,01,GRAB,RESULT,N,NR,NR,SB,Surface,From NOAA
2001-08-15 00:00:00,0.0,3.0,NOAA_01,39-3,01,GRAB,RESULT,N,NR,NR,SB,Surface,From NOAA
2001-08-21 00:00:00,0.0,3.0,NOAA_01,40-1,01,GRAB,RESULT,N,NR,NR,SB,Surface,From NOAA
2001-08-26 00:00:00,0.0,3.0,NOAA_01,4-1,01,GRAB,RESULT,N,NR,NR,SB,Surface,From NOAA
2001-08-21 00:00:00,0.0,3.0,NOAA_01,41-1,01,GRAB,RESULT,N,NR,NR,SB,Surface,From NOAA
2001-08-21 00:00:00,0.0,3.0,NOAA_01,41-2,01,GRAB,RESULT,N,NR,NR,SB,Surface,From NOAA
2001-08-21 00:00:00,0.0,3.0,NOAA_01,41-3,01,GRAB,RESULT,N,NR,NR,SB,Surface,From NOAA
2001-08-17 00:00:00,0.0,3.0,NOAA_01,42-2,01,GRAB,RESULT,N,NR,NR,SB,Surface,From NOAA
2001-08-26 00:00:00,0.0,3.0,NOAA_01,4-3,01,GRAB,RESULT,N,NR,NR,SB,Surface,From NOAA
2001-08-17 00:00:00,0.0,3.0,NOAA_01,43-1,01,GRAB,RESULT,N,NR,NR,SB,Surface,From NOAA
2001-08-17 00:00:00,0.0,3.0,NOAA_01,43-2,01,GRAB,RESULT,N,NR,NR,SB,Surface,From NOAA
2001-08-17 00:00:00,0.0,3.0,NOAA_01,44-3B,01,GRAB,RESULT,N,NR,NR,SB,Surface,From NOAA
2001-08-20 00:00:00,0.0,3.0,NOAA_01,45-1,01,GRAB,RESULT,N,NR,NR,SB,Surface,From NOAA
2001-08-15 00:00:00,0.0,3.0,NOAA_01,45-2,01,GRAB,RESULT,N,NR,NR,SB,Surface,From NOAA
2001-08-17 00:00:00,0.0,3.0,NOAA_01,45-3,01,GRAB,RESULT,N,NR,NR,SB,Surface,From NOAA
2001-08-15 00:00:00,0.0,3.0,NOAA_01,45-4,01,GRAB,RESULT,N,NR,NR,SB,Surface,From NOAA
2001-08-17 00:00:00,0.0,3.0,NOAA_01,45-5,01,GRAB,RESULT,N,NR,NR,SB,Surface,From NOAA
2001-08-22 00:00:00,0.0,3.0,NOAA_01,46-2,01,GRAB,RESULT,N,NR,NR,SB,Surface,From NOAA
2001-08-09 00:00:00,0.0,3.0,NOAA_01,46-5,01,GRAB,RESULT,N,NR,NR,SB,Surface,From NOAA
2001-08-09 00:00:00,0.0,3.0,NOAA_01,47-1,01,GRAB,RESULT,N,NR,NR,SB,Surface,From NOAA
2001-08-09 00:00:00,0.0,3.0,NOAA_01,47-2,01,GRAB,RESULT,N,NR,NR,SB,Surface,From NOAA
2001-08-08 00:00:00,0.0,3.0,NOAA_01,47-5A,01,GRAB,RESULT,N,NR,NR,SB,Surface,From NOAA
2001-08-28 00:00:00,0.0,3.0,NOAA_01,5-3,01,GRAB,RESULT,N,NR,NR,SB,Surface,From NOAA
2001-08-28 00:00:00,0.0,3.0,NOAA_01,5-4,01,GRAB,RESULT,N,NR,NR,SB,Surface,From NOAA
2001-08-24 00:00:00,0.0,3.0,NOAA_01,6-2,01,GRAB,RESULT,N,NR,NR,SB,Surface,From NOAA
2001-08-24 00:00:00,0.0,3.0,NOAA_01,6-3,01,GRAB,RESULT,N,NR,NR,SB,Surface,From NOAA
2001-08-31 00:00:00,0.0,3.0,NOAA_01,6-5,01,GRAB,RESULT,N,NR,NR,SB,Surface,From NOAA
2001-08-26 00:00:00,0.0,3.0,NOAA_01,7-2,01,GRAB,RESULT,N,NR,NR,SB,Surface,From NOAA
2001-08-26 00:00:00,0.0,3.0,NOAA_01,7-3,01,GRAB,RESULT,N,NR,NR,SB,Surface,From NOAA
2001-08-26 00:00:00,0.0,3.0,NOAA_01,7-5,01,GRAB,RESULT,N,NR,NR,SB,Surface,From NOAA
2001-08-24 00:00:00,0.0,3.0,NOAA_01,8-2,01,GRAB,RESULT,N,NR,NR,SB,Surface,From NOAA
2001-08-24 00:00:00,0.0,3.0,NOAA_01,9-1,01,GRAB,RESULT,N,NR,NR,SB,Surface,From NOAA
2001-08-24 00:00:00,0.0,3.0,NOAA_01,9-3,01,GRAB,RESULT,N,NR,NR,SB,Surface,From NOAA
1900-01-01 00:00:00,0.0,-99.0,NOAA_01,CA00-0000,CA0000,GRAB,CNEG,N,NR,NR,B,CNEG,From NOAA
2001-08-20 00:00:00,0.0,3.0,NOAA_01,R1NINL,01,GRAB,REF,N,NR,NR,SB,Surface,From NOAA
2001-08-06 00:00:00,0.0,3.0,NOAA_01,R2LR34,01,GRAB,REF,N,NR,NR,SB,Surface,From NOAA
2001-08-23 00:00:00,0.0,3.0,NOAA_01,R3AMPH,01,GRAB,REF,N,NR,NR,SB,Surface,From NOAA
1900-01-01 00:00:00,0.0,20.0,NOAA_NST,SQ3799,01,GRAB,FR,N,NR,NR,S,Surface,
1900-01-01 00:00:00,0.0,20.0,NOAA_NST,SQ3800,01,GRAB,FR,N,NR,NR,S,Surface,
1900-01-01 00:00:00,0.0,20.0,NOAA_NST,SQ3801,01,GRAB,FR,N,NR,NR,S,Surface,
1900-01-01 00:00:00,0.0,20.0,NOAA_NST,SQ3867,01,GRAB,FR,N,NR,NR,S,Surface,
1900-01-01 00:00:00,0.0,20.0,NOAA_NST,SQ3868,01,GRAB,FR,N,NR,NR,S,Surface,
1900-01-01 00:00:00,0.0,20.0,NOAA_NST,SQ3869,01,GRAB,FR,N,NR,NR,S,Surface,
1900-01-01 00:00:00,0.0,20.0,NOAA_NST,SQ3870,01,GRAB,FR,N,NR,NR,S,Surface,
1900-01-01 00:00:00,0.0,20.0,NOAA_NST,SQ3871,01,GRAB,FR,N,NR,NR,S,Surface,
1900-01-01 00:00:00,0.0,20.0,NOAA_NST,SQ3872,01,GRAB,FR,N,NR,NR,S,Surface,
1900-01-01 00:00:00,0.0,20.0,NOAA_NST,SQ3873,01,GRAB,FR,N,NR,NR,S,Surface,
1900-01-01 00:00:00,0.0,20.0,NOAA_NST,SQ3874,01,GRAB,FR,N,NR,NR,S,Surface,
1900-01-01 00:00:00,0.0,20.0,NOAA_NST,SQ3875,01,GRAB,FR,N,NR,NR,S,Surface,
1900-01-01 00:00:00,0.0,20.0,NOAA_NST,SQ3876,01,GRAB,FR,N,NR,NR,S,Surface,
1900-01-01 00:00:00,0.0,20.0,NOAA_NST,SQ3877,01,GRAB,FR,N,NR,NR,S,Surface,
1900-01-01 00:00:00,0.0,20.0,NOAA_NST,SQ3878,01,GRAB,FR,N,NR,NR,S,Surface,
1900-01-01 00:00:00,0.0,20.0,NOAA_NST,SQ3882,01,GRAB,FR,N,NR,NR,S,Surface,
1900-01-01 00:00:00,0.0,20.0,NOAA_NST,SQ3883,01,GRAB,FR,N,NR,NR,S,Surface,
1900-01-01 00:00:00,0.0,20.0,NOAA_NST,SQ3884,01,GRAB,FR,N,NR,NR,S,Surface,
1990-09-29 00:00:00,0.0,-99.0,OAK_38III,C-NE ,C-NE ,MULT,CNEG,N,NR,NR,STB,CNEG,"Methods include amphipod dredge, MVV, shovel, and bucket."
1990-09-29 00:00:00,0.0,-99.0,OAK_38III,C-NE-A,C-NE-A,MULT,CNEG,Y,NR,NR,TB,CNEG,"Methods include amphipod dredge, MVV, shovel, and bucket."
1990-09-21 00:00:00,0.0,84.30000305175781,OAK_38III,Comp I,Comp I,VIBRA,RESULT,Y,"Silts, clays, sand",Dark Gray,STB,Subsurface,
1990-09-21 00:00:00,0.0,72.30000305175781,OAK_38III,Comp II,Comp II,VIBRA,RESULT,Y,"Silts, clays, sand",Dark Gray,STB,Subsurface,
1990-09-21 00:00:00,0.0,77.69999694824219,OAK_38III,Comp III,Comp III,VIBRA,RESULT,Y,"Silts, clays, sand",Dark Gray,STB,Subsurface,
1990-09-21 00:00:00,0.0,73.5,OAK_38III,Comp IV,Comp IV,VIBRA,RESULT,Y,"Silts, clays, sand",Dark Gray,STB,Subsurface,
1990-09-21 00:00:00,0.0,77.0,OAK_38III,Comp V,Comp V,VIBRA,RESULT,Y,"Silts, clays, sand",Dark Gray,STB,Subsurface,
1990-09-21 00:00:00,0.0,122.9000015258789,OAK_38III,Comp VI,Comp VI,VIBRA,RESULT,Y,"Silts, clays, sand",Dark Gray,STB,Subsurface,
1990-09-29 00:00:00,0.0,-99.0,OAK_38III,C-SB,C-SB,MULT,CNEG,N,NR,NR,STB,CNEG,"Methods include amphipod dredge, MVV, shovel, and bucket."
1990-09-29 00:00:00,0.0,-99.0,OAK_38III,C-WB,C-WB,MULT,CNEG,N,NR,NR,SB,CNEG,"Methods include amphipod dredge, MVV, shovel, and bucket."
1990-09-20 00:00:00,0.0,76.19999694824219,OAK_38III,IC10,IC10,VIBRA,RESULT,N,"Silts, clays, sand",Dark Gray,S,Subsurface,
1990-09-20 00:00:00,0.0,143.3000030517578,OAK_38III,IC11,IC11,VIBRA,RESULT,N,"Silts, clays, sand",Dark Gray,S,Subsurface,
1990-09-20 00:00:00,0.0,21.34000015258789,OAK_38III,IC12,IC12,VIBRA,RESULT,N,"Silts, clays, sand",Black,S,Surface,
1990-09-19 00:00:00,0.0,67.05999755859375,OAK_38III,IC13,IC13,VIBRA,RESULT,N,"Silts, clays, sand",Dark Gray,S,Subsurface,
1990-09-19 00:00:00,0.0,82.30000305175781,OAK_38III,IC14,IC14,VIBRA,RESULT,N,"Silts, clays, sand",Dark Gray,S,Subsurface,
1990-09-19 00:00:00,0.0,125.0,OAK_38III,IC15,IC15,VIBRA,RESULT,N,"Silts, clays, sand",Green,S,Subsurface,
1990-09-19 00:00:00,0.0,94.5,OAK_38III,IC16,IC16,VIBRA,RESULT,N,"Silts, clays, sand",Dark Gray,S,Subsurface,
1990-09-19 00:00:00,0.0,30.479999542236328,OAK_38III,IC17,IC17,VIBRA,RESULT,N,"Silts, clays, sand",Dark Gray,S,Surface,
1990-09-19 00:00:00,0.0,33.529998779296875,OAK_38III,IC18,IC18,VIBRA,RESULT,N,"Silts, clays, sand",Black,S,Subsurface,
1990-09-21 00:00:00,0.0,60.959999084472656,OAK_38III,IC19,IC19,VIBRA,RESULT,N,"Silts, clays, sand",Black,S,Subsurface,
1990-09-21 00:00:00,0.0,137.1999969482422,OAK_38III,IC21,IC21,VIBRA,RESULT,N,"Silts, clays, sand",Dark Gray,S,Subsurface,
1990-09-21 00:00:00,0.0,94.5,OAK_38III,IC22,IC22,VIBRA,RESULT,N,"Silts, clays, sand",Dark Gray,S,Subsurface,
1990-09-21 00:00:00,0.0,60.959999084472656,OAK_38III,IC23,IC23,VIBRA,RESULT,N,"Silts, clays, sand",Dark Gray,S,Subsurface,
1990-09-21 00:00:00,0.0,70.0999984741211,OAK_38III,IC24,IC24,VIBRA,RESULT,N,"Silts, clays, sand",Dark Gray,S,Subsurface,
1990-09-21 00:00:00,0.0,67.05999755859375,OAK_38III,IC25,IC25,VIBRA,RESULT,N,"Silts, clays, sand",Dark Gray,S,Subsurface,
1990-09-21 00:00:00,0.0,15.199999809265137,OAK_38III,IC25,IC25_T12,VIBRA,RESULT,N,"Silts, clays, sand",Dark Gray,S,Surface,
1990-09-21 00:00:00,0.0,67.05999755859375,OAK_38III,IC26,IC26,VIBRA,RESULT,N,"Silts, clays, sand",Dark Gray,S,Subsurface,
1990-09-21 00:00:00,0.0,60.959999084472656,OAK_38III,IC27,IC27,VIBRA,RESULT,N,"Silts, clays, sand",Dark Gray,S,Subsurface,
1990-09-21 00:00:00,0.0,125.0,OAK_38III,IC28,IC28,VIBRA,RESULT,N,"Silts, clays, sand",Dark Gray,S,Subsurface,
1990-09-21 00:00:00,0.0,76.19999694824219,OAK_38III,IC29,IC29,VIBRA,RESULT,N,"Silts, clays, sand",Black,S,Subsurface,
1990-09-21 00:00:00,0.0,54.86000061035156,OAK_38III,IC3,IC3,VIBRA,RESULT,N,"Silts, clays, sand",Dark Gray,S,Subsurface,
1990-09-21 00:00:00,0.0,76.19999694824219,OAK_38III,IC30,IC30,VIBRA,RESULT,N,"Silts, clays, sand",Dark Gray,S,Subsurface,
1990-09-20 00:00:00,0.0,152.39999389648438,OAK_38III,IC31,IC31,VIBRA,RESULT,N,"Silts, clays, sand",Dark Gray,S,Subsurface,
1990-09-20 00:00:00,0.0,33.529998779296875,OAK_38III,IC32,IC32,VIBRA,RESULT,N,"Silts, clays, sand",Dark Gray,S,Subsurface,
1990-09-20 00:00:00,0.0,45.720001220703125,OAK_38III,IC33,IC33,VIBRA,RESULT,N,"Silts, clays, sand",Dark Gray,S,Subsurface,
1990-09-20 00:00:00,0.0,33.529998779296875,OAK_38III,IC34,IC34,VIBRA,RESULT,N,"Silts, clays, sand",Dark Gray,S,Subsurface,
1990-09-19 00:00:00,0.0,243.8000030517578,OAK_38III,IC35,IC35,VIBRA,RESULT,N,"Silts, clays, sand",Dark Gray,S,Subsurface,
1990-09-19 00:00:00,0.0,15.199999809265137,OAK_38III,IC35,IC35_T12,VIBRA,RESULT,N,"Silts, clays, sand",Dark Gray,S,Surface,
1990-09-21 00:00:00,0.0,85.30000305175781,OAK_38III,IC5,IC5,VIBRA,RESULT,N,"Silts, clays, sand",Dark Gray,S,Subsurface,
1990-09-21 00:00:00,0.0,33.529998779296875,OAK_38III,IC8,IC8,VIBRA,RESULT,N,"Silts, clays, sand",Dark Gray,S,Subsurface,
1990-09-20 00:00:00,0.0,82.30000305175781,OAK_38III,IC9,IC9,VIBRA,RESULT,N,"Silts, clays, sand",Dark Gray,S,Subsurface,
1990-09-17 00:00:00,0.0,-99.0,OAK_38III,R-AC,R-AC,PDREDGE,REF,Y,Silt,NR,STB,Surface,
1990-09-17 00:00:00,0.0,-99.0,OAK_38III,R-AM,R-AM,PDREDGE,REF,Y,Sand,NR,STB,Surface,
1990-09-17 00:00:00,0.0,-99.0,OAK_38III,R-BF,R-BF,PDREDGE,REF,Y,Silt,NR,STB,Surface,
1990-09-19 00:00:00,0.0,-99.0,OAK_38III,R-OS,R-OS,PDREDGE,REF,Y,Silt,NR,STB,Surface,
1990-09-19 00:00:00,0.0,-99.0,OAK_38III,R-PC,R-PC,PDREDGE,REF,Y,Sand,NR,STB,Surface,
1990-09-19 00:00:00,0.0,-99.0,OAK_38III,R-PF,R-PF,PDREDGE,REF,Y,Silty Sand,NR,STB,Surface,
1990-06-09 00:00:00,0.0,252.39999389648438,OAK_42IIIA_92,AC-1,AC-1,VIBRA,RESULT,Y,Silt and Sand,Gray,STB,Subsurface,Sulfur odor
1990-06-09 00:00:00,0.0,230.0,OAK_42IIIA_92,AC-3,AC-3,VIBRA,RESULT,Y,NR,NR,STB,Subsurface,
1990-09-01 00:00:00,0.0,-99.0,OAK_42IIIA_92,Alcatraz-1,Alcatraz-1,UNK,REF,Y,NR,NR,B,Surface,Water sample
1990-09-01 00:00:00,0.0,-99.0,OAK_42IIIA_92,Alcatraz-2,Alcatraz-2,UNK,REF,Y,NR,NR,B,Surface,Water sample
1990-06-09 00:00:00,0.0,241.39999389648438,OAK_42IIIA_92,BC-3,BC-3,VIBRA,RESULT,Y,Silt and Sand,Gray Brown,B,Subsurface,Sulfur odor
1990-06-09 00:00:00,0.0,274.29998779296875,OAK_42IIIA_92,BC-4,BC-4,VIBRA,RESULT,Y,Silt and Sand,Gray,B,Subsurface,Sulfur odor
1990-06-01 00:00:00,0.0,-99.0,OAK_42IIIA_92,C-NE,C-NE,MVV,CNEG,N,NR,NR,STB,CNEG,
1990-09-01 00:00:00,0.0,-99.0,OAK_42IIIA_92,C-NE,C-NEAR,MVV,CNEG,Y,NR,NR,TB,CNEG,Retest sample - bioaccum only.
1990-09-01 00:00:00,0.0,-99.0,OAK_42IIIA_92,C-NE,C-NER,MVV,CNEG,N,NR,NR,SB,CNEG,Retest sample.
1990-06-01 00:00:00,0.0,-99.0,OAK_42IIIA_92,C-SB,C-SB,MVV,CNEG,N,NR,NR,STB,CNEG,
1990-09-01 00:00:00,0.0,-99.0,OAK_42IIIA_92,C-SB,C-SBR,MVV,CNEG,N,NR,NR,SB,CNEG,Retest sample.
1990-06-01 00:00:00,0.0,-99.0,OAK_42IIIA_92,C-WB,C-WB,MVV,CNEG,N,NR,NR,STB,CNEG,
1990-09-01 00:00:00,0.0,-99.0,OAK_42IIIA_92,C-WB,C-WBR,MVV,CNEG,N,NR,NR,SB,CNEG,Retest sample.
1990-06-09 00:00:00,0.0,305.79998779296875,OAK_42IIIA_92,I-C10,I-C10,VIBRA,RESULT,Y,Silt and Sand,Gray,STB,Subsurface,Sulfur odor
1990-09-01 00:00:00,0.0,-99.0,OAK_42IIIA_92,I-C10,I-C10R,VIBRA,RESULT,Y,NR,NR,SB,Subsurface,Retest sample.
1990-06-09 00:00:00,0.0,270.29998779296875,OAK_42IIIA_92,I-C11,I-C11,VIBRA,RESULT,Y,Sand,Gray,STB,Subsurface,
1990-09-01 00:00:00,0.0,-99.0,OAK_42IIIA_92,I-C11,I-C11R,VIBRA,RESULT,Y,NR,NR,SB,Subsurface,Retest sample.
1990-06-09 00:00:00,0.0,280.3999938964844,OAK_42IIIA_92,I-C12,I-C12,VIBRA,RESULT,Y,Silt and Sand,Gray Brown,STB,Subsurface,Sulfur odor
1990-09-01 00:00:00,0.0,-99.0,OAK_42IIIA_92,I-C12,I-C12R,VIBRA,RESULT,Y,NR,NR,SB,Subsurface,Retest sample.
1990-06-09 00:00:00,0.0,283.5,OAK_42IIIA_92,I-C14,I-C14,VIBRA,RESULT,Y,Silt and Sand,Gray Brown,STB,Subsurface,Sulfur odor
1990-09-01 00:00:00,0.0,-99.0,OAK_42IIIA_92,I-C14,I-C14R,VIBRA,RESULT,Y,NR,NR,SB,Subsurface,Retest sample.
1990-06-08 00:00:00,0.0,228.60000610351562,OAK_42IIIA_92,I-C15,I-C15,VIBRA,RESULT,Y,Silt and Sand,Gray,STB,Subsurface,Sulfur odor
1990-09-01 00:00:00,0.0,-99.0,OAK_42IIIA_92,I-C15,I-C15R,VIBRA,RESULT,Y,NR,NR,SB,Subsurface,Retest sample.
1990-06-08 00:00:00,0.0,243.8000030517578,OAK_42IIIA_92,I-C16,I-C16,VIBRA,RESULT,Y,Silt and Sand,Dark Gray,STB,Subsurface,Sulfur odor
1990-09-01 00:00:00,0.0,-99.0,OAK_42IIIA_92,I-C16,I-C16R,VIBRA,RESULT,Y,NR,NR,SB,Subsurface,Retest sample.
1990-06-08 00:00:00,0.0,246.89999389648438,OAK_42IIIA_92,I-C17,I-C17,VIBRA,RESULT,Y,Silt and Sand,Gray Brown,STB,Subsurface,Sulfur odor
1990-09-01 00:00:00,0.0,-99.0,OAK_42IIIA_92,I-C17,I-C17R,VIBRA,RESULT,Y,NR,NR,SB,Subsurface,Retest sample.
1990-06-08 00:00:00,0.0,182.89999389648438,OAK_42IIIA_92,I-C18,I-C18,VIBRA,RESULT,Y,Silt and Sand,Gray,STB,Subsurface,
1990-09-01 00:00:00,0.0,-99.0,OAK_42IIIA_92,I-C18,I-C18R,VIBRA,RESULT,Y,NR,NR,SB,Subsurface,Retest sample.
1990-09-01 00:00:00,0.0,-99.0,OAK_42IIIA_92,I-C3,I-C3R,VIBRA,RESULT,Y,NR,NR,STB,Subsurface,Retest sample.
1990-06-12 00:00:00,0.0,258.29998779296875,OAK_42IIIA_92,I-C4,I-C4,VIBRA,RESULT,Y,Silt and Sand,Brown,STB,Subsurface,
1990-06-12 00:00:00,0.0,305.3999938964844,OAK_42IIIA_92,I-C5,I-C5,VIBRA,RESULT,Y,Silt and Sand,Gray,STB,Subsurface,Sulfur odor
1990-09-01 00:00:00,0.0,-99.0,OAK_42IIIA_92,I-C5,I-C5R,VIBRA,RESULT,Y,NR,NR,SB,Subsurface,Retest sample.
1990-06-12 00:00:00,0.0,299.29998779296875,OAK_42IIIA_92,I-C7,I-C7,VIBRA,RESULT,Y,Sand ,Olive Green,STB,Subsurface,Sulfur odor
1990-09-01 00:00:00,0.0,-99.0,OAK_42IIIA_92,I-C7,I-C7R,VIBRA,RESULT,Y,NR,NR,SB,Subsurface,Retest sample.
1990-06-13 00:00:00,0.0,274.8999938964844,OAK_42IIIA_92,I-C8,I-C8,VIBRA,RESULT,Y,Sand,Brown,STB,Subsurface,
1990-09-01 00:00:00,0.0,-99.0,OAK_42IIIA_92,I-C8,I-C8R,VIBRA,RESULT,Y,NR,NR,SB,Subsurface,Retest sample.
1990-06-11 00:00:00,0.0,294.6000061035156,OAK_42IIIA_92,I-C9,I-C9,VIBRA,RESULT,Y,Silt/Clay,Gray,STB,Subsurface,Sulfur odor
1990-09-01 00:00:00,0.0,-99.0,OAK_42IIIA_92,I-C9,I-C9R,VIBRA,RESULT,Y,NR,NR,SB,Subsurface,Retest sample.
1990-06-11 00:00:00,0.0,421.6000061035156,OAK_42IIIA_92,I-S1,I-S1,VIBRA,RESULT,Y,Silt/Clay,Dark Gray,STB,Subsurface,Sulfur odor
1990-09-01 00:00:00,0.0,-99.0,OAK_42IIIA_92,I-S1,I-S1R,VIBRA,RESULT,Y,NR,NR,SB,Subsurface,Retest sample.
1990-06-11 00:00:00,0.0,240.8000030517578,OAK_42IIIA_92,I-T1,I-T1,VIBRA,RESULT,Y,Silt,Gray,STB,Subsurface,Sulfur odor
1990-09-01 00:00:00,0.0,-99.0,OAK_42IIIA_92,I-T1,I-T1R,VIBRA,RESULT,Y,NR,NR,SB,Subsurface,Retest sample.
1990-06-11 00:00:00,0.0,387.1000061035156,OAK_42IIIA_92,I-T3,I-T3,VIBRA,RESULT,Y,Silt and Sand,Gray Brown,STB,Subsurface,Sulfur odor
1990-09-01 00:00:00,0.0,-99.0,OAK_42IIIA_92,I-T3,I-T3R,VIBRA,RESULT,Y,NR,NR,SB,Subsurface,Retest sample.
1990-06-11 00:00:00,0.0,413.5,OAK_42IIIA_92,I-T5,I-T5,VIBRA,RESULT,Y,Silt and Sand,Gray Brown,STB,Subsurface,Sulfur odor
1990-06-13 00:00:00,0.0,-99.0,OAK_42IIIA_92,R-AC,R-AC,MVV,REF,Y,Sand,NR,STB,Surface,
1990-09-01 00:00:00,0.0,-99.0,OAK_42IIIA_92,R-AC,R-ACR,MVV,REF,Y,NR,NR,SB,Surface,Retest sample.
1990-06-13 00:00:00,0.0,-99.0,OAK_42IIIA_92,R-AM,R-AM,MVV,REF,Y,Sand,NR,STB,Surface,
1990-09-01 00:00:00,0.0,-99.0,OAK_42IIIA_92,R-AM,R-AMR,MVV,REF,Y,NR,NR,SB,Surface,Retest sample.
1990-06-12 00:00:00,0.0,-99.0,OAK_42IIIA_92,R-BF,R-BF,MVV,REF,Y,"Silts, clays, sand",NR,STB,Surface,Slight sulfur odor
1990-09-01 00:00:00,0.0,-99.0,OAK_42IIIA_92,R-BF,R-BFR,MVV,REF,Y,NR,NR,SB,Surface,Retest sample.
1990-06-14 00:00:00,0.0,-99.0,OAK_42IIIA_92,R-OS,R-OS,PDREDGE,REF,Y,NR,NR,STB,Surface,
1990-09-01 00:00:00,0.0,-99.0,OAK_42IIIA_92,R-OS,R-OSR,PDREDGE,REF,Y,NR,NR,SB,Surface,Retest sample.
1990-06-14 00:00:00,0.0,-99.0,OAK_42IIIA_92,R-PC,R-PC,PDREDGE,REF,Y,Fine Sand,NR,STB,Surface,
1990-09-01 00:00:00,0.0,-99.0,OAK_42IIIA_92,R-PC,R-PCR,PDREDGE,REF,Y,NR,NR,SB,Surface,Retest sample.
1990-06-14 00:00:00,0.0,-99.0,OAK_42IIIA_92,R-PF,R-PF,PDREDGE,REF,Y,Silt,NR,STB,Surface,
1990-09-01 00:00:00,0.0,-99.0,OAK_42IIIA_92,R-PF,R-PFR,PDREDGE,REF,Y,NR,NR,SB,Surface,Retest sample.
1990-11-08 00:00:00,0.0,373.3999938964844,OAK_42IIIB,BC5Comp,BC5,CORE,RESULT,Y,Sand,NR,SB,Subsurface,
1990-11-08 00:00:00,0.0,405.3999938964844,OAK_42IIIB,BC6Comp,BC6,CORE,RESULT,Y,NR,NR,SB,Subsurface,
1990-11-08 00:00:00,0.0,312.3999938964844,OAK_42IIIB,BC7Comp,BC7,CORE,RESULT,Y,NR,NR,SB,Subsurface,
1990-11-08 00:00:00,0.0,234.6999969482422,OAK_42IIIB,BC8Comp,BC8,CORE,RESULT,Y,NR,NR,SB,Subsurface,
1990-11-09 00:00:00,0.0,234.6999969482422,OAK_42IIIB,BC8Comp,BC8B,CORE,FR,Y,NR,NR,S,Subsurface,
1900-01-01 00:00:00,0.0,-99.0,OAK_42IIIB,CNE,CNE,GRAB,CNEG,N,NR,NR,STB,CNEG,
1900-01-01 00:00:00,0.0,-99.0,OAK_42IIIB,CSB,CSB,GRAB,CNEG,N,NR,NR,STB,CNEG,
1900-01-01 00:00:00,0.0,-99.0,OAK_42IIIB,CSD,CSD,GRAB,CNEG,N,NR,NR,SB,CNEG,
1900-01-01 00:00:00,0.0,-99.0,OAK_42IIIB,CWB,CWB,GRAB,CNEG,N,NR,NR,SB,CNEG,
1990-11-11 00:00:00,0.0,349.0,OAK_42IIIB,I-C2,I-C2,CORE,RESULT,N,Silt,NR,STB,Subsurface,
1990-11-09 00:00:00,0.0,341.3999938964844,OAK_42IIIB,I-C3,I-C3,CORE,RESULT,N,Sandy silt,NR,STB,Subsurface,
1990-11-11 00:00:00,0.0,240.8000030517578,OAK_42IIIB,I-C4,I-C4,CORE,RESULT,N,NR,NR,STB,Subsurface,
1990-11-11 00:00:00,7.599999904632568,260.6000061035156,OAK_42IIIB,I-C8,I-C8,CORE,RESULT,N,Silt and Sand,NR,STB,Subsurface,
1990-11-11 00:00:00,0.0,15.199999809265137,OAK_42IIIB,I-C8,I-C8-4B,CORE,RESULT,N,Silt and Sand,NR,S,Surface,
1990-11-11 00:00:00,0.0,222.5,OAK_42IIIB,I-T5,I-T5,CORE,RESULT,N,NR,NR,STB,Subsurface,
1990-11-09 00:00:00,0.0,289.6000061035156,OAK_42IIIB,O-C1,O-C1,CORE,RESULT,N,Clay,NR,STB,Subsurface,
1990-11-08 00:00:00,0.0,239.3000030517578,OAK_42IIIB,O-C10,O-C10,CORE,RESULT,N,Sand/Silt,NR,STB,Subsurface,
1990-11-08 00:00:00,0.0,173.6999969482422,OAK_42IIIB,O-C10,O-C10B,CORE,FR,N,Sand/Silt,NR,S,Subsurface,
1990-11-08 00:00:00,0.0,309.3999938964844,OAK_42IIIB,O-C11,O-C11,CORE,RESULT,N,Silt,NR,STB,Subsurface,
1990-11-08 00:00:00,0.0,262.1000061035156,OAK_42IIIB,O-C12,O-C12,CORE,RESULT,N,Clay,NR,STB,Subsurface,
1990-11-08 00:00:00,0.0,356.6000061035156,OAK_42IIIB,O-C13,O-C13,CORE,RESULT,N,Silt,NR,STB,Subsurface,
1990-11-08 00:00:00,0.0,-99.0,OAK_42IIIB,O-C13,O-C13B,CORE,RESULT,N,Silt,NR,S,Subsurface,
1990-11-09 00:00:00,0.0,573.0,OAK_42IIIB,O-C2,O-C2,CORE,RESULT,N,Clay,NR,STB,Subsurface,
1990-11-09 00:00:00,0.0,379.5,OAK_42IIIB,O-C3,O-C3,CORE,RESULT,N,"Silts, clays, sand",NR,STB,Subsurface,
1990-11-09 00:00:00,0.0,272.79998779296875,OAK_42IIIB,O-C4,O-C4,CORE,RESULT,N,Clay,NR,STB,Subsurface,
1990-11-09 00:00:00,0.0,195.10000610351562,OAK_42IIIB,O-C5,O-C5,CORE,RESULT,N,Fine Sand with Clay,NR,STB,Subsurface,
1990-11-08 00:00:00,0.0,489.20001220703125,OAK_42IIIB,O-C6,O-C6,CORE,RESULT,N,Silt/Clay,NR,STB,Subsurface,
1990-11-08 00:00:00,0.0,579.0999755859375,OAK_42IIIB,O-C7,O-C7,CORE,RESULT,N,Silt,NR,STB,Subsurface,
1990-11-08 00:00:00,0.0,280.3999938964844,OAK_42IIIB,O-C8,O-C8,CORE,RESULT,N,Silt/Clay,NR,STB,Subsurface,
1990-11-08 00:00:00,0.0,152.39999389648438,OAK_42IIIB,O-C9,O-C9,CORE,RESULT,N,Sand ,NR,STB,Subsurface,
1990-11-06 00:00:00,0.0,-99.0,OAK_42IIIB,R-AC,R-AC,GRAB,REF,Y,Coarse Sand/Gravel,NR,STB,Surface,
1990-11-06 00:00:00,0.0,-99.0,OAK_42IIIB,R-AM,R-AM,GRAB,REF,Y,Coarse Sand,NR,STB,Surface,
1990-11-06 00:00:00,0.0,-99.0,OAK_42IIIB,R-BF,R-BF,GRAB,REF,Y,Silt/Clay,NR,STB,Surface,
1990-11-07 00:00:00,0.0,-99.0,OAK_42IIIB,R-OS,R-OS,GRAB,REF,Y,Sand/Silt,NR,STB,Surface,
1990-11-07 00:00:00,0.0,-99.0,OAK_42IIIB,R-PC,R-PC,GRAB,REF,Y,Fine Sand with Silt,NR,STB,Surface,
1990-11-06 00:00:00,0.0,-99.0,OAK_42IIIB,R-PF,R-PF,GRAB,REF,Y,Fine Sand with Silt,NR,STB,Surface,
1991-08-29 00:00:00,0.0,-99.0,OC9097,CX0001,AB,GRAB,RESULT,N,NR,NR,S,Surface,
1992-06-18 00:00:00,0.0,-99.0,OC9097,CX0001,AC,GRAB,RESULT,N,NR,NR,S,Surface,
1992-05-11 00:00:00,0.0,-99.0,OC9097,CX0001,AD,GRAB,RESULT,N,NR,NR,S,Surface,
1993-06-14 00:00:00,0.0,-99.0,OC9097,CX0001,AE,GRAB,RESULT,N,NR,NR,S,Surface,
1993-06-10 00:00:00,0.0,-99.0,OC9097,CX0001,AF,GRAB,RESULT,N,NR,NR,S,Surface,
1994-04-05 00:00:00,0.0,-99.0,OC9097,CX0001,AG,GRAB,RESULT,N,NR,NR,S,Surface,
1994-08-11 00:00:00,0.0,-99.0,OC9097,CX0001,AH,GRAB,RESULT,N,NR,NR,S,Surface,
1995-05-25 00:00:00,0.0,-99.0,OC9097,CX0001,AJ,GRAB,RESULT,N,NR,NR,S,Surface,
1995-10-19 00:00:00,0.0,-99.0,OC9097,CX0001,AK,GRAB,RESULT,N,NR,NR,S,Surface,
1996-04-17 00:00:00,0.0,-99.0,OC9097,CX0001,AL,GRAB,RESULT,N,NR,NR,S,Surface,
1996-06-11 00:00:00,0.0,-99.0,OC9097,CX0001,AM,GRAB,RESULT,N,NR,NR,S,Surface,
1997-08-04 00:00:00,0.0,-99.0,OC9097,CX0001,AN,GRAB,RESULT,N,NR,NR,S,Surface,
1991-07-23 00:00:00,0.0,-99.0,OC9097,CX0002,A2,GRAB,RESULT,N,NR,NR,S,Surface,
1992-04-22 00:00:00,0.0,-99.0,OC9097,CX0002,A3,GRAB,RESULT,N,NR,NR,S,Surface,
1992-10-28 00:00:00,0.0,-99.0,OC9097,CX0002,A4,GRAB,RESULT,N,NR,NR,S,Surface,
1993-10-27 00:00:00,0.0,-99.0,OC9097,CX0002,A5,GRAB,RESULT,N,NR,NR,S,Surface,
1994-04-20 00:00:00,0.0,-99.0,OC9097,CX0002,A6,GRAB,RESULT,N,NR,NR,S,Surface,
1994-11-30 00:00:00,0.0,-99.0,OC9097,CX0002,A7,GRAB,RESULT,N,NR,NR,S,Surface,
1995-05-17 00:00:00,0.0,-99.0,OC9097,CX0002,A8,GRAB,RESULT,N,NR,NR,S,Surface,
1995-10-24 00:00:00,0.0,-99.0,OC9097,CX0002,A9,GRAB,RESULT,N,NR,NR,S,Surface,
1996-04-23 00:00:00,0.0,-99.0,OC9097,CX0002,AA,GRAB,RESULT,N,NR,NR,S,Surface,
1996-05-11 00:00:00,0.0,-99.0,OC9097,CX0002,AB,GRAB,RESULT,N,NR,NR,S,Surface,
1997-04-15 00:00:00,0.0,-99.0,OC9097,CX0002,AC,GRAB,RESULT,N,NR,NR,S,Surface,
1991-07-23 00:00:00,0.0,-99.0,OC9097,CX0003,A2,GRAB,RESULT,N,NR,NR,S,Surface,
1992-04-22 00:00:00,0.0,-99.0,OC9097,CX0003,A3,GRAB,RESULT,N,NR,NR,S,Surface,
1992-10-28 00:00:00,0.0,-99.0,OC9097,CX0003,A4,GRAB,RESULT,N,NR,NR,S,Surface,
1993-05-26 00:00:00,0.0,-99.0,OC9097,CX0003,A5,GRAB,RESULT,N,NR,NR,S,Surface,
1993-10-27 00:00:00,0.0,-99.0,OC9097,CX0003,A6,GRAB,RESULT,N,NR,NR,S,Surface,
1994-04-20 00:00:00,0.0,-99.0,OC9097,CX0003,A7,GRAB,RESULT,N,NR,NR,S,Surface,
1994-11-30 00:00:00,0.0,-99.0,OC9097,CX0003,A8,GRAB,RESULT,N,NR,NR,S,Surface,
1995-05-17 00:00:00,0.0,-99.0,OC9097,CX0003,A9,GRAB,RESULT,N,NR,NR,S,Surface,
1995-10-24 00:00:00,0.0,-99.0,OC9097,CX0003,AA,GRAB,RESULT,N,NR,NR,S,Surface,
1996-04-23 00:00:00,0.0,-99.0,OC9097,CX0003,AB,GRAB,RESULT,N,NR,NR,S,Surface,
1996-05-11 00:00:00,0.0,-99.0,OC9097,CX0003,AC,GRAB,RESULT,N,NR,NR,S,Surface,
1997-04-15 00:00:00,0.0,-99.0,OC9097,CX0003,AD,GRAB,RESULT,N,NR,NR,S,Surface,
1991-08-14 00:00:00,0.0,-99.0,OC9097,CX0004,A7,GRAB,RESULT,N,NR,NR,S,Surface,
1992-06-30 00:00:00,0.0,-99.0,OC9097,CX0004,A8,GRAB,RESULT,N,NR,NR,S,Surface,
1992-11-18 00:00:00,0.0,-99.0,OC9097,CX0004,A9,GRAB,RESULT,N,NR,NR,S,Surface,
1993-06-15 00:00:00,0.0,-99.0,OC9097,CX0004,AA,GRAB,RESULT,N,NR,NR,S,Surface,
1993-10-21 00:00:00,0.0,-99.0,OC9097,CX0004,AB,GRAB,RESULT,N,NR,NR,S,Surface,
1994-04-13 00:00:00,0.0,-99.0,OC9097,CX0004,AC,GRAB,RESULT,N,NR,NR,S,Surface,
1994-08-11 00:00:00,0.0,-99.0,OC9097,CX0004,AD,GRAB,RESULT,N,NR,NR,S,Surface,
1995-10-05 00:00:00,0.0,-99.0,OC9097,CX0004,AE,GRAB,RESULT,N,NR,NR,S,Surface,
1995-11-10 00:00:00,0.0,-99.0,OC9097,CX0004,AF,GRAB,RESULT,N,NR,NR,S,Surface,
1996-01-05 00:00:00,0.0,-99.0,OC9097,CX0004,AG,GRAB,RESULT,N,NR,NR,S,Surface,
1996-09-10 00:00:00,0.0,-99.0,OC9097,CX0004,AH,GRAB,RESULT,N,NR,NR,S,Surface,
1997-04-29 00:00:00,0.0,-99.0,OC9097,CX0004,AJ,GRAB,RESULT,N,NR,NR,S,Surface,
1992-04-22 00:00:00,0.0,-99.0,OC9097,CX0005,A2,GRAB,RESULT,N,NR,NR,S,Surface,
1992-10-28 00:00:00,0.0,-99.0,OC9097,CX0005,A3,GRAB,RESULT,N,NR,NR,S,Surface,
1993-05-26 00:00:00,0.0,-99.0,OC9097,CX0005,A4,GRAB,RESULT,N,NR,NR,S,Surface,
1993-10-27 00:00:00,0.0,-99.0,OC9097,CX0005,A5,GRAB,RESULT,N,NR,NR,S,Surface,
1994-04-20 00:00:00,0.0,-99.0,OC9097,CX0005,A6,GRAB,RESULT,N,NR,NR,S,Surface,
1995-05-17 00:00:00,0.0,-99.0,OC9097,CX0005,A7,GRAB,RESULT,N,NR,NR,S,Surface,
1995-10-24 00:00:00,0.0,-99.0,OC9097,CX0005,A8,GRAB,RESULT,N,NR,NR,S,Surface,
1996-04-23 00:00:00,0.0,-99.0,OC9097,CX0005,A9,GRAB,RESULT,N,NR,NR,S,Surface,
1996-05-11 00:00:00,0.0,-99.0,OC9097,CX0005,AA,GRAB,RESULT,N,NR,NR,S,Surface,
1990-01-17 00:00:00,0.0,-99.0,OC9097,CX0007,A7,GRAB,RESULT,N,NR,NR,S,Surface,
1991-07-23 00:00:00,0.0,-99.0,OC9097,CX0007,A8,GRAB,RESULT,N,NR,NR,S,Surface,
1992-04-22 00:00:00,0.0,-99.0,OC9097,CX0007,A9,GRAB,RESULT,N,NR,NR,S,Surface,
1992-10-28 00:00:00,0.0,-99.0,OC9097,CX0007,AA,GRAB,RESULT,N,NR,NR,S,Surface,
1993-05-26 00:00:00,0.0,-99.0,OC9097,CX0007,AB,GRAB,RESULT,N,NR,NR,S,Surface,
1994-04-20 00:00:00,0.0,-99.0,OC9097,CX0007,AC,GRAB,RESULT,N,NR,NR,S,Surface,
1994-11-30 00:00:00,0.0,-99.0,OC9097,CX0007,AD,GRAB,RESULT,N,NR,NR,S,Surface,
1995-05-17 00:00:00,0.0,-99.0,OC9097,CX0007,AE,GRAB,RESULT,N,NR,NR,S,Surface,
1995-10-24 00:00:00,0.0,-99.0,OC9097,CX0007,AF,GRAB,RESULT,N,NR,NR,S,Surface,
1996-04-23 00:00:00,0.0,-99.0,OC9097,CX0007,AG,GRAB,RESULT,N,NR,NR,S,Surface,
1996-05-11 00:00:00,0.0,-99.0,OC9097,CX0007,AH,GRAB,RESULT,N,NR,NR,S,Surface,
1997-04-15 00:00:00,0.0,-99.0,OC9097,CX0007,AJ,GRAB,RESULT,N,NR,NR,S,Surface,
1991-07-23 00:00:00,0.0,-99.0,OC9097,CX0009,A2,GRAB,RESULT,N,NR,NR,S,Surface,
1992-04-22 00:00:00,0.0,-99.0,OC9097,CX0009,A3,GRAB,RESULT,N,NR,NR,S,Surface,
1992-10-28 00:00:00,0.0,-99.0,OC9097,CX0009,A4,GRAB,RESULT,N,NR,NR,S,Surface,
1991-07-23 00:00:00,0.0,-99.0,OC9097,CX0010,A6,GRAB,RESULT,N,NR,NR,S,Surface,
1990-01-17 00:00:00,0.0,-99.0,OC9097,CX0012,A6,GRAB,RESULT,N,NR,NR,S,Surface,
1991-07-23 00:00:00,0.0,-99.0,OC9097,CX0012,A7,GRAB,RESULT,N,NR,NR,S,Surface,
1992-04-22 00:00:00,0.0,-99.0,OC9097,CX0012,A8,GRAB,RESULT,N,NR,NR,S,Surface,
1992-10-28 00:00:00,0.0,-99.0,OC9097,CX0012,A9,GRAB,RESULT,N,NR,NR,S,Surface,
1993-05-26 00:00:00,0.0,-99.0,OC9097,CX0012,AA,GRAB,RESULT,N,NR,NR,S,Surface,
1993-10-27 00:00:00,0.0,-99.0,OC9097,CX0012,AB,GRAB,RESULT,N,NR,NR,S,Surface,
1991-08-29 00:00:00,0.0,14.0,OC9097,CX0014,A3,GRAB,RESULT,N,NR,NR,S,Surface,
1992-06-24 00:00:00,0.0,-99.0,OC9097,CX0014,A4,GRAB,RESULT,N,NR,NR,S,Surface,
1992-11-24 00:00:00,0.0,-99.0,OC9097,CX0014,A5,GRAB,RESULT,N,NR,NR,S,Surface,
1993-07-06 00:00:00,0.0,-99.0,OC9097,CX0014,A6,GRAB,RESULT,N,NR,NR,S,Surface,
1993-10-27 00:00:00,0.0,-99.0,OC9097,CX0014,A7,GRAB,RESULT,N,NR,NR,S,Surface,
1994-05-05 00:00:00,0.0,-99.0,OC9097,CX0014,A8,GRAB,RESULT,N,NR,NR,S,Surface,
1994-09-11 00:00:00,0.0,-99.0,OC9097,CX0014,A9,GRAB,RESULT,N,NR,NR,S,Surface,
1995-05-31 00:00:00,0.0,-99.0,OC9097,CX0014,AA,GRAB,RESULT,N,NR,NR,S,Surface,
1995-10-23 00:00:00,0.0,-99.0,OC9097,CX0014,AB,GRAB,RESULT,N,NR,NR,S,Surface,
1996-05-22 00:00:00,0.0,-99.0,OC9097,CX0014,AC,GRAB,RESULT,N,NR,NR,S,Surface,
1996-09-07 00:00:00,0.0,-99.0,OC9097,CX0014,AD,GRAB,RESULT,N,NR,NR,S,Surface,
1996-10-16 00:00:00,0.0,-99.0,OC9097,CX0014,AE,GRAB,RESULT,N,NR,NR,S,Surface,
1996-11-14 00:00:00,0.0,-99.0,OC9097,CX0014,AF,GRAB,RESULT,N,NR,NR,S,Surface,
1997-04-30 00:00:00,0.0,-99.0,OC9097,CX0014,AG,GRAB,RESULT,N,NR,NR,S,Surface,
1991-08-29 00:00:00,0.0,12.0,OC9097,CX0015,A2,GRAB,RESULT,N,NR,NR,S,Surface,
1992-06-24 00:00:00,0.0,-99.0,OC9097,CX0015,A3,GRAB,RESULT,N,NR,NR,S,Surface,
1992-11-24 00:00:00,0.0,-99.0,OC9097,CX0015,A4,GRAB,RESULT,N,NR,NR,S,Surface,
1993-07-06 00:00:00,0.0,-99.0,OC9097,CX0015,A5,GRAB,RESULT,N,NR,NR,S,Surface,
1993-10-27 00:00:00,0.0,-99.0,OC9097,CX0015,A6,GRAB,RESULT,N,NR,NR,S,Surface,
1994-05-05 00:00:00,0.0,-99.0,OC9097,CX0015,A7,GRAB,RESULT,N,NR,NR,S,Surface,
1994-09-11 00:00:00,0.0,-99.0,OC9097,CX0015,A8,GRAB,RESULT,N,NR,NR,S,Surface,
1995-05-31 00:00:00,0.0,-99.0,OC9097,CX0015,A9,GRAB,RESULT,N,NR,NR,S,Surface,
1995-10-23 00:00:00,0.0,-99.0,OC9097,CX0015,AA,GRAB,RESULT,N,NR,NR,S,Surface,
1996-05-22 00:00:00,0.0,-99.0,OC9097,CX0015,AB,GRAB,RESULT,N,NR,NR,S,Surface,
1996-10-16 00:00:00,0.0,-99.0,OC9097,CX0015,AC,GRAB,RESULT,N,NR,NR,S,Surface,
1996-11-14 00:00:00,0.0,-99.0,OC9097,CX0015,AD,GRAB,RESULT,N,NR,NR,S,Surface,
1997-04-30 00:00:00,0.0,-99.0,OC9097,CX0015,AE,GRAB,RESULT,N,NR,NR,S,Surface,
1991-08-29 00:00:00,0.0,17.0,OC9097,CX0016,AG,GRAB,RESULT,N,NR,NR,S,Surface,
1992-06-24 00:00:00,0.0,-99.0,OC9097,CX0016,AH,GRAB,RESULT,N,NR,NR,S,Surface,
1992-11-24 00:00:00,0.0,-99.0,OC9097,CX0016,AJ,GRAB,RESULT,N,NR,NR,S,Surface,
1993-07-06 00:00:00,0.0,-99.0,OC9097,CX0016,AK,GRAB,RESULT,N,NR,NR,S,Surface,
1993-10-27 00:00:00,0.0,-99.0,OC9097,CX0016,AL,GRAB,RESULT,N,NR,NR,S,Surface,
1994-05-05 00:00:00,0.0,-99.0,OC9097,CX0016,AM,GRAB,RESULT,N,NR,NR,S,Surface,
1994-09-11 00:00:00,0.0,-99.0,OC9097,CX0016,AN,GRAB,RESULT,N,NR,NR,S,Surface,
1995-05-31 00:00:00,0.0,-99.0,OC9097,CX0016,AP,GRAB,RESULT,N,NR,NR,S,Surface,
1995-10-23 00:00:00,0.0,-99.0,OC9097,CX0016,AQ,GRAB,RESULT,N,NR,NR,S,Surface,
1996-05-22 00:00:00,0.0,-99.0,OC9097,CX0016,AR,GRAB,RESULT,N,NR,NR,S,Surface,
1996-10-16 00:00:00,0.0,-99.0,OC9097,CX0016,AS,GRAB,RESULT,N,NR,NR,S,Surface,
1996-11-14 00:00:00,0.0,-99.0,OC9097,CX0016,AT,GRAB,RESULT,N,NR,NR,S,Surface,
1997-04-30 00:00:00,0.0,-99.0,OC9097,CX0016,AU,GRAB,RESULT,N,NR,NR,S,Surface,
1992-06-24 00:00:00,0.0,-99.0,OC9097,CX0017,A7,GRAB,RESULT,N,NR,NR,S,Surface,
1991-08-29 00:00:00,0.0,12.0,OC9097,CX0018,AH,GRAB,RESULT,N,NR,NR,S,Surface,
1992-06-24 00:00:00,0.0,-99.0,OC9097,CX0018,AJ,GRAB,RESULT,N,NR,NR,S,Surface,
1992-11-24 00:00:00,0.0,-99.0,OC9097,CX0018,AK,GRAB,RESULT,N,NR,NR,S,Surface,
1993-07-06 00:00:00,0.0,-99.0,OC9097,CX0018,AL,GRAB,RESULT,N,NR,NR,S,Surface,
1993-10-27 00:00:00,0.0,-99.0,OC9097,CX0018,AM,GRAB,RESULT,N,NR,NR,S,Surface,
1994-05-05 00:00:00,0.0,-99.0,OC9097,CX0018,AN,GRAB,RESULT,N,NR,NR,S,Surface,
1994-09-11 00:00:00,0.0,-99.0,OC9097,CX0018,AP,GRAB,RESULT,N,NR,NR,S,Surface,
1995-05-31 00:00:00,0.0,-99.0,OC9097,CX0018,AQ,GRAB,RESULT,N,NR,NR,S,Surface,
1995-10-23 00:00:00,0.0,-99.0,OC9097,CX0018,AR,GRAB,RESULT,N,NR,NR,S,Surface,
1996-05-22 00:00:00,0.0,-99.0,OC9097,CX0018,AS,GRAB,RESULT,N,NR,NR,S,Surface,
1996-10-16 00:00:00,0.0,-99.0,OC9097,CX0018,AT,GRAB,RESULT,N,NR,NR,S,Surface,
1996-11-14 00:00:00,0.0,-99.0,OC9097,CX0018,AU,GRAB,RESULT,N,NR,NR,S,Surface,
1997-04-30 00:00:00,0.0,-99.0,OC9097,CX0018,AV,GRAB,RESULT,N,NR,NR,S,Surface,
1990-01-17 00:00:00,0.0,-99.0,OC9097,CX0020,A2,GRAB,RESULT,N,NR,NR,S,Surface,
1991-07-23 00:00:00,0.0,-99.0,OC9097,CX0020,A3,GRAB,RESULT,N,NR,NR,S,Surface,
1992-04-22 00:00:00,0.0,-99.0,OC9097,CX0020,A4,GRAB,RESULT,N,NR,NR,S,Surface,
1992-10-28 00:00:00,0.0,-99.0,OC9097,CX0020,A5,GRAB,RESULT,N,NR,NR,S,Surface,
1993-05-26 00:00:00,0.0,-99.0,OC9097,CX0020,A6,GRAB,RESULT,N,NR,NR,S,Surface,
1993-10-27 00:00:00,0.0,-99.0,OC9097,CX0020,A7,GRAB,RESULT,N,NR,NR,S,Surface,
1994-04-20 00:00:00,0.0,-99.0,OC9097,CX0020,A8,GRAB,RESULT,N,NR,NR,S,Surface,
1994-11-30 00:00:00,0.0,-99.0,OC9097,CX0020,A9,GRAB,RESULT,N,NR,NR,S,Surface,
1995-05-17 00:00:00,0.0,-99.0,OC9097,CX0020,AA,GRAB,RESULT,N,NR,NR,S,Surface,
1995-10-24 00:00:00,0.0,-99.0,OC9097,CX0020,AB,GRAB,RESULT,N,NR,NR,S,Surface,
1996-04-23 00:00:00,0.0,-99.0,OC9097,CX0020,AC,GRAB,RESULT,N,NR,NR,S,Surface,
1996-05-11 00:00:00,0.0,-99.0,OC9097,CX0020,AD,GRAB,RESULT,N,NR,NR,S,Surface,
1997-04-15 00:00:00,0.0,-99.0,OC9097,CX0020,AE,GRAB,RESULT,N,NR,NR,S,Surface,
1990-01-17 00:00:00,0.0,-99.0,OC9097,CX0021,A5,GRAB,RESULT,N,NR,NR,S,Surface,
1991-07-23 00:00:00,0.0,-99.0,OC9097,CX0021,A6,GRAB,RESULT,N,NR,NR,S,Surface,
1992-04-22 00:00:00,0.0,-99.0,OC9097,CX0021,A7,GRAB,RESULT,N,NR,NR,S,Surface,
1992-10-28 00:00:00,0.0,-99.0,OC9097,CX0021,A8,GRAB,RESULT,N,NR,NR,S,Surface,
1993-05-26 00:00:00,0.0,-99.0,OC9097,CX0021,A9,GRAB,RESULT,N,NR,NR,S,Surface,
1993-10-27 00:00:00,0.0,-99.0,OC9097,CX0021,AA,GRAB,RESULT,N,NR,NR,S,Surface,
1990-01-25 00:00:00,0.0,1.0,OC9097,CX0022,AR,GRAB,RESULT,N,NR,NR,S,Surface,
1991-08-13 00:00:00,0.0,12.0,OC9097,CX0022,AS,GRAB,RESULT,N,NR,NR,S,Surface,
1992-06-30 00:00:00,0.0,-99.0,OC9097,CX0022,AT,GRAB,RESULT,N,NR,NR,S,Surface,
1992-11-18 00:00:00,0.0,-99.0,OC9097,CX0022,AU,GRAB,RESULT,N,NR,NR,S,Surface,
1993-06-15 00:00:00,0.0,-99.0,OC9097,CX0022,AV,GRAB,RESULT,N,NR,NR,S,Surface,
1993-10-21 00:00:00,0.0,-99.0,OC9097,CX0022,AW,GRAB,RESULT,N,NR,NR,S,Surface,
1994-04-13 00:00:00,0.0,-99.0,OC9097,CX0022,AX,GRAB,RESULT,N,NR,NR,S,Surface,
1994-08-11 00:00:00,0.0,-99.0,OC9097,CX0022,AY,GRAB,RESULT,N,NR,NR,S,Surface,
1995-10-05 00:00:00,0.0,-99.0,OC9097,CX0022,AZ,GRAB,RESULT,N,NR,NR,S,Surface,
1995-11-10 00:00:00,0.0,-99.0,OC9097,CX0022,B2,GRAB,RESULT,N,NR,NR,S,Surface,
1996-01-05 00:00:00,0.0,-99.0,OC9097,CX0022,B3,GRAB,RESULT,N,NR,NR,S,Surface,
1996-09-10 00:00:00,0.0,-99.0,OC9097,CX0022,B4,GRAB,RESULT,N,NR,NR,S,Surface,
1997-04-29 00:00:00,0.0,-99.0,OC9097,CX0022,B5,GRAB,RESULT,N,NR,NR,S,Surface,
1990-01-25 00:00:00,0.0,1.0,OC9097,CX0023,A8,GRAB,RESULT,N,NR,NR,S,Surface,
1991-08-13 00:00:00,0.0,15.0,OC9097,CX0023,A9,GRAB,RESULT,N,NR,NR,S,Surface,
1992-06-30 00:00:00,0.0,-99.0,OC9097,CX0023,AA,GRAB,RESULT,N,NR,NR,S,Surface,
1992-11-18 00:00:00,0.0,-99.0,OC9097,CX0023,AB,GRAB,RESULT,N,NR,NR,S,Surface,
1993-06-15 00:00:00,0.0,-99.0,OC9097,CX0023,AC,GRAB,RESULT,N,NR,NR,S,Surface,
1993-10-21 00:00:00,0.0,-99.0,OC9097,CX0023,AD,GRAB,RESULT,N,NR,NR,S,Surface,
1994-04-13 00:00:00,0.0,-99.0,OC9097,CX0023,AE,GRAB,RESULT,N,NR,NR,S,Surface,
1994-08-11 00:00:00,0.0,-99.0,OC9097,CX0023,AF,GRAB,RESULT,N,NR,NR,S,Surface,
1995-10-05 00:00:00,0.0,-99.0,OC9097,CX0023,AG,GRAB,RESULT,N,NR,NR,S,Surface,
1995-11-10 00:00:00,0.0,-99.0,OC9097,CX0023,AH,GRAB,RESULT,N,NR,NR,S,Surface,
1996-01-05 00:00:00,0.0,-99.0,OC9097,CX0023,AJ,GRAB,RESULT,N,NR,NR,S,Surface,
1996-09-10 00:00:00,0.0,-99.0,OC9097,CX0023,AK,GRAB,RESULT,N,NR,NR,S,Surface,
1997-04-29 00:00:00,0.0,-99.0,OC9097,CX0023,AL,GRAB,RESULT,N,NR,NR,S,Surface,
1990-01-25 00:00:00,0.0,1.0,OC9097,CX0025,AS,GRAB,RESULT,N,NR,NR,S,Surface,
1991-08-13 00:00:00,0.0,13.0,OC9097,CX0025,AT,GRAB,RESULT,N,NR,NR,S,Surface,
1992-06-30 00:00:00,0.0,-99.0,OC9097,CX0025,AU,GRAB,RESULT,N,NR,NR,S,Surface,
1992-11-18 00:00:00,0.0,-99.0,OC9097,CX0025,AV,GRAB,RESULT,N,NR,NR,S,Surface,
1993-06-15 00:00:00,0.0,-99.0,OC9097,CX0025,AW,GRAB,RESULT,N,NR,NR,S,Surface,
1993-10-21 00:00:00,0.0,-99.0,OC9097,CX0025,AX,GRAB,RESULT,N,NR,NR,S,Surface,
1994-04-13 00:00:00,0.0,-99.0,OC9097,CX0025,AY,GRAB,RESULT,N,NR,NR,S,Surface,
1994-08-11 00:00:00,0.0,-99.0,OC9097,CX0025,AZ,GRAB,RESULT,N,NR,NR,S,Surface,
1995-10-05 00:00:00,0.0,-99.0,OC9097,CX0025,B2,GRAB,RESULT,N,NR,NR,S,Surface,
1995-11-10 00:00:00,0.0,-99.0,OC9097,CX0025,B3,GRAB,RESULT,N,NR,NR,S,Surface,
1996-01-05 00:00:00,0.0,-99.0,OC9097,CX0025,B4,GRAB,RESULT,N,NR,NR,S,Surface,
1996-09-10 00:00:00,0.0,-99.0,OC9097,CX0025,B5,GRAB,RESULT,N,NR,NR,S,Surface,
1997-04-29 00:00:00,0.0,-99.0,OC9097,CX0025,B6,GRAB,RESULT,N,NR,NR,S,Surface,
1991-07-23 00:00:00,0.0,-99.0,OC9097,CX0028,AA,GRAB,RESULT,N,NR,NR,S,Surface,
1992-04-22 00:00:00,0.0,-99.0,OC9097,CX0028,AB,GRAB,RESULT,N,NR,NR,S,Surface,
1992-10-28 00:00:00,0.0,-99.0,OC9097,CX0028,AC,GRAB,RESULT,N,NR,NR,S,Surface,
1993-05-26 00:00:00,0.0,-99.0,OC9097,CX0028,AD,GRAB,RESULT,N,NR,NR,S,Surface,
1993-10-27 00:00:00,0.0,-99.0,OC9097,CX0028,AE,GRAB,RESULT,N,NR,NR,S,Surface,
1994-04-20 00:00:00,0.0,-99.0,OC9097,CX0028,AF,GRAB,RESULT,N,NR,NR,S,Surface,
1994-11-30 00:00:00,0.0,-99.0,OC9097,CX0028,AG,GRAB,RESULT,N,NR,NR,S,Surface,
1995-05-17 00:00:00,0.0,-99.0,OC9097,CX0028,AH,GRAB,RESULT,N,NR,NR,S,Surface,
1995-10-24 00:00:00,0.0,-99.0,OC9097,CX0028,AJ,GRAB,RESULT,N,NR,NR,S,Surface,
1995-10-24 00:00:00,0.0,-99.0,OC9097,CX0028,AK,GRAB,RESULT,N,NR,NR,S,Surface,
1996-04-23 00:00:00,0.0,-99.0,OC9097,CX0028,AL,GRAB,RESULT,N,NR,NR,S,Surface,
1996-05-11 00:00:00,0.0,-99.0,OC9097,CX0028,AM,GRAB,RESULT,N,NR,NR,S,Surface,
1997-04-15 00:00:00,0.0,-99.0,OC9097,CX0028,AN,GRAB,RESULT,N,NR,NR,S,Surface,
1991-07-25 00:00:00,0.0,-99.0,OC9097,CX0030,AD,GRAB,RESULT,N,NR,NR,S,Surface,
1992-04-23 00:00:00,0.0,-99.0,OC9097,CX0030,AE,GRAB,RESULT,N,NR,NR,S,Surface,
1992-10-29 00:00:00,0.0,-99.0,OC9097,CX0030,AF,GRAB,RESULT,N,NR,NR,S,Surface,
1993-05-27 00:00:00,0.0,-99.0,OC9097,CX0030,AG,GRAB,RESULT,N,NR,NR,S,Surface,
1993-10-27 00:00:00,0.0,-99.0,OC9097,CX0030,AH,GRAB,RESULT,N,NR,NR,S,Surface,
1994-04-21 00:00:00,0.0,-99.0,OC9097,CX0030,AJ,GRAB,RESULT,N,NR,NR,S,Surface,
1994-01-12 00:00:00,0.0,-99.0,OC9097,CX0030,AK,GRAB,RESULT,N,NR,NR,S,Surface,
1995-05-18 00:00:00,0.0,-99.0,OC9097,CX0030,AL,GRAB,RESULT,N,NR,NR,S,Surface,
1995-10-31 00:00:00,0.0,-99.0,OC9097,CX0030,AM,GRAB,RESULT,N,NR,NR,S,Surface,
1996-04-25 00:00:00,0.0,-99.0,OC9097,CX0030,AN,GRAB,RESULT,N,NR,NR,S,Surface,
1996-07-11 00:00:00,0.0,-99.0,OC9097,CX0030,AP,GRAB,RESULT,N,NR,NR,S,Surface,
1997-04-17 00:00:00,0.0,-99.0,OC9097,CX0030,AQ,GRAB,RESULT,N,NR,NR,S,Surface,
1990-01-19 00:00:00,0.0,10.0,OC9097,CX0031,AL,GRAB,RESULT,N,NR,NR,S,Surface,
1991-07-25 00:00:00,0.0,-99.0,OC9097,CX0031,AM,GRAB,RESULT,N,NR,NR,S,Surface,
1992-04-23 00:00:00,0.0,-99.0,OC9097,CX0031,AN,GRAB,RESULT,N,NR,NR,S,Surface,
1992-10-29 00:00:00,0.0,-99.0,OC9097,CX0031,AP,GRAB,RESULT,N,NR,NR,S,Surface,
1993-05-27 00:00:00,0.0,-99.0,OC9097,CX0031,AQ,GRAB,RESULT,N,NR,NR,S,Surface,
1993-10-27 00:00:00,0.0,-99.0,OC9097,CX0031,AR,GRAB,RESULT,N,NR,NR,S,Surface,
1994-04-21 00:00:00,0.0,-99.0,OC9097,CX0031,AS,GRAB,RESULT,N,NR,NR,S,Surface,
1994-01-12 00:00:00,0.0,-99.0,OC9097,CX0031,AT,GRAB,RESULT,N,NR,NR,S,Surface,
1995-05-18 00:00:00,0.0,-99.0,OC9097,CX0031,AU,GRAB,RESULT,N,NR,NR,S,Surface,
1995-10-31 00:00:00,0.0,-99.0,OC9097,CX0031,AV,GRAB,RESULT,N,NR,NR,S,Surface,
1996-04-25 00:00:00,0.0,-99.0,OC9097,CX0031,AW,GRAB,RESULT,N,NR,NR,S,Surface,
1996-07-11 00:00:00,0.0,-99.0,OC9097,CX0031,AX,GRAB,RESULT,N,NR,NR,S,Surface,
1997-04-17 00:00:00,0.0,-99.0,OC9097,CX0031,AY,GRAB,RESULT,N,NR,NR,S,Surface,
1997-04-17 00:00:00,0.0,-99.0,OC9097,CX0032,AC,GRAB,RESULT,N,NR,NR,S,Surface,
1991-08-29 00:00:00,0.0,-99.0,OC9097,CX0039,A5,GRAB,RESULT,N,NR,NR,S,Surface,
1992-06-18 00:00:00,0.0,-99.0,OC9097,CX0039,A6,GRAB,RESULT,N,NR,NR,S,Surface,
1992-05-11 00:00:00,0.0,-99.0,OC9097,CX0039,A7,GRAB,RESULT,N,NR,NR,S,Surface,
1993-06-14 00:00:00,0.0,-99.0,OC9097,CX0039,A8,GRAB,RESULT,N,NR,NR,S,Surface,
1993-06-10 00:00:00,0.0,-99.0,OC9097,CX0039,A9,GRAB,RESULT,N,NR,NR,S,Surface,
1994-04-05 00:00:00,0.0,-99.0,OC9097,CX0039,AA,GRAB,RESULT,N,NR,NR,S,Surface,
1994-08-11 00:00:00,0.0,-99.0,OC9097,CX0039,AB,GRAB,RESULT,N,NR,NR,S,Surface,
1995-05-25 00:00:00,0.0,-99.0,OC9097,CX0039,AC,GRAB,RESULT,N,NR,NR,S,Surface,
1995-10-19 00:00:00,0.0,-99.0,OC9097,CX0039,AD,GRAB,RESULT,N,NR,NR,S,Surface,
1996-04-17 00:00:00,0.0,-99.0,OC9097,CX0039,AE,GRAB,RESULT,N,NR,NR,S,Surface,
1996-06-11 00:00:00,0.0,-99.0,OC9097,CX0039,AF,GRAB,RESULT,N,NR,NR,S,Surface,
1997-08-04 00:00:00,0.0,-99.0,OC9097,CX0039,AG,GRAB,RESULT,N,NR,NR,S,Surface,
1994-04-05 00:00:00,0.0,-99.0,OC9097,CX0040,A2,GRAB,RESULT,N,NR,NR,S,Surface,
1995-10-19 00:00:00,0.0,-99.0,OC9097,CX0040,A3,GRAB,RESULT,N,NR,NR,S,Surface,
1991-07-23 00:00:00,0.0,-99.0,OC9097,CX0041,A2,GRAB,RESULT,N,NR,NR,S,Surface,
1992-04-22 00:00:00,0.0,-99.0,OC9097,CX0041,A3,GRAB,RESULT,N,NR,NR,S,Surface,
1992-10-28 00:00:00,0.0,-99.0,OC9097,CX0041,A4,GRAB,RESULT,N,NR,NR,S,Surface,
1993-05-26 00:00:00,0.0,-99.0,OC9097,CX0041,A5,GRAB,RESULT,N,NR,NR,S,Surface,
1993-10-27 00:00:00,0.0,-99.0,OC9097,CX0041,A6,GRAB,RESULT,N,NR,NR,S,Surface,
1994-04-20 00:00:00,0.0,-99.0,OC9097,CX0041,A7,GRAB,RESULT,N,NR,NR,S,Surface,
1994-11-30 00:00:00,0.0,-99.0,OC9097,CX0041,A8,GRAB,RESULT,N,NR,NR,S,Surface,
1995-05-17 00:00:00,0.0,-99.0,OC9097,CX0041,A9,GRAB,RESULT,N,NR,NR,S,Surface,
1995-10-24 00:00:00,0.0,-99.0,OC9097,CX0041,AA,GRAB,RESULT,N,NR,NR,S,Surface,
1996-04-23 00:00:00,0.0,-99.0,OC9097,CX0041,AB,GRAB,RESULT,N,NR,NR,S,Surface,
1996-05-11 00:00:00,0.0,-99.0,OC9097,CX0041,AC,GRAB,RESULT,N,NR,NR,S,Surface,
1996-05-11 00:00:00,0.0,-99.0,OC9097,CX0041,AD,GRAB,RESULT,N,NR,NR,S,Surface,
1997-04-15 00:00:00,0.0,-99.0,OC9097,CX0041,AE,GRAB,RESULT,N,NR,NR,S,Surface,
1995-09-05 00:00:00,0.0,-99.0,OC9097,CX0043,A2,GRAB,RESULT,N,NR,NR,S,Surface,
1995-12-10 00:00:00,0.0,-99.0,OC9097,CX0043,A3,GRAB,RESULT,N,NR,NR,S,Surface,
1991-12-09 00:00:00,0.0,-99.0,OC9097,CX0044,A2,GRAB,RESULT,N,NR,NR,S,Surface,
1995-09-05 00:00:00,0.0,-99.0,OC9097,CX0044,A3,GRAB,RESULT,N,NR,NR,S,Surface,
1995-12-10 00:00:00,0.0,-99.0,OC9097,CX0044,A4,GRAB,RESULT,N,NR,NR,S,Surface,
1991-08-29 00:00:00,0.0,-99.0,OC9097,CX0045,A8,GRAB,RESULT,N,NR,NR,S,Surface,
1991-07-23 00:00:00,0.0,-99.0,OC9097,CX0046,A2,GRAB,RESULT,N,NR,NR,S,Surface,
1992-04-22 00:00:00,0.0,-99.0,OC9097,CX0046,A3,GRAB,RESULT,N,NR,NR,S,Surface,
1992-10-28 00:00:00,0.0,-99.0,OC9097,CX0046,A4,GRAB,RESULT,N,NR,NR,S,Surface,
1993-05-26 00:00:00,0.0,-99.0,OC9097,CX0046,A5,GRAB,RESULT,N,NR,NR,S,Surface,
1993-10-27 00:00:00,0.0,-99.0,OC9097,CX0046,A6,GRAB,RESULT,N,NR,NR,S,Surface,
1994-04-20 00:00:00,0.0,-99.0,OC9097,CX0046,A7,GRAB,RESULT,N,NR,NR,S,Surface,
1994-11-30 00:00:00,0.0,-99.0,OC9097,CX0046,A8,GRAB,RESULT,N,NR,NR,S,Surface,
1995-05-17 00:00:00,0.0,-99.0,OC9097,CX0046,A9,GRAB,RESULT,N,NR,NR,S,Surface,
1995-10-24 00:00:00,0.0,-99.0,OC9097,CX0046,AA,GRAB,RESULT,N,NR,NR,S,Surface,
1996-04-23 00:00:00,0.0,-99.0,OC9097,CX0046,AB,GRAB,RESULT,N,NR,NR,S,Surface,
1996-05-11 00:00:00,0.0,-99.0,OC9097,CX0046,AC,GRAB,RESULT,N,NR,NR,S,Surface,
1997-04-15 00:00:00,0.0,-99.0,OC9097,CX0046,AD,GRAB,RESULT,N,NR,NR,S,Surface,
1992-06-18 00:00:00,0.0,-99.0,OC9097,CX0047,A2,GRAB,RESULT,N,NR,NR,S,Surface,
1992-05-11 00:00:00,0.0,-99.0,OC9097,CX0047,A3,GRAB,RESULT,N,NR,NR,S,Surface,
1993-06-14 00:00:00,0.0,-99.0,OC9097,CX0047,A4,GRAB,RESULT,N,NR,NR,S,Surface,
1993-06-10 00:00:00,0.0,-99.0,OC9097,CX0047,A5,GRAB,RESULT,N,NR,NR,S,Surface,
1994-04-05 00:00:00,0.0,-99.0,OC9097,CX0047,A6,GRAB,RESULT,N,NR,NR,S,Surface,
1994-08-11 00:00:00,0.0,-99.0,OC9097,CX0047,A7,GRAB,RESULT,N,NR,NR,S,Surface,
1995-05-25 00:00:00,0.0,-99.0,OC9097,CX0047,A8,GRAB,RESULT,N,NR,NR,S,Surface,
1995-10-19 00:00:00,0.0,-99.0,OC9097,CX0047,A9,GRAB,RESULT,N,NR,NR,S,Surface,
1996-04-17 00:00:00,0.0,-99.0,OC9097,CX0047,AA,GRAB,RESULT,N,NR,NR,S,Surface,
1996-06-11 00:00:00,0.0,-99.0,OC9097,CX0047,AB,GRAB,RESULT,N,NR,NR,S,Surface,
1997-08-04 00:00:00,0.0,-99.0,OC9097,CX0047,AC,GRAB,RESULT,N,NR,NR,S,Surface,
1990-01-17 00:00:00,0.0,-99.0,OC9097,CX0049,AK,GRAB,RESULT,N,NR,NR,S,Surface,
1991-07-23 00:00:00,0.0,-99.0,OC9097,CX0049,AL,GRAB,RESULT,N,NR,NR,S,Surface,
1992-04-22 00:00:00,0.0,-99.0,OC9097,CX0049,AM,GRAB,RESULT,N,NR,NR,S,Surface,
1992-10-28 00:00:00,0.0,-99.0,OC9097,CX0049,AN,GRAB,RESULT,N,NR,NR,S,Surface,
1993-05-26 00:00:00,0.0,-99.0,OC9097,CX0049,AP,GRAB,RESULT,N,NR,NR,S,Surface,
1993-10-27 00:00:00,0.0,-99.0,OC9097,CX0049,AQ,GRAB,RESULT,N,NR,NR,S,Surface,
1994-04-20 00:00:00,0.0,-99.0,OC9097,CX0049,AR,GRAB,RESULT,N,NR,NR,S,Surface,
1994-11-30 00:00:00,0.0,-99.0,OC9097,CX0049,AS,GRAB,RESULT,N,NR,NR,S,Surface,
1995-05-17 00:00:00,0.0,-99.0,OC9097,CX0049,AT,GRAB,RESULT,N,NR,NR,S,Surface,
1995-10-24 00:00:00,0.0,-99.0,OC9097,CX0049,AU,GRAB,RESULT,N,NR,NR,S,Surface,
1996-04-23 00:00:00,0.0,-99.0,OC9097,CX0049,AV,GRAB,RESULT,N,NR,NR,S,Surface,
1996-05-11 00:00:00,0.0,-99.0,OC9097,CX0049,AW,GRAB,RESULT,N,NR,NR,S,Surface,
1997-04-15 00:00:00,0.0,-99.0,OC9097,CX0049,AX,GRAB,RESULT,N,NR,NR,S,Surface,
1992-06-18 00:00:00,0.0,-99.0,OC9097,CX0050,A3,GRAB,RESULT,N,NR,NR,S,Surface,
1992-04-22 00:00:00,0.0,-99.0,OC9097,CX0051,A2,GRAB,RESULT,N,NR,NR,S,Surface,
1992-10-28 00:00:00,0.0,-99.0,OC9097,CX0051,A3,GRAB,RESULT,N,NR,NR,S,Surface,
1993-05-26 00:00:00,0.0,-99.0,OC9097,CX0051,A4,GRAB,RESULT,N,NR,NR,S,Surface,
1993-10-27 00:00:00,0.0,-99.0,OC9097,CX0051,A5,GRAB,RESULT,N,NR,NR,S,Surface,
1994-04-20 00:00:00,0.0,-99.0,OC9097,CX0051,A6,GRAB,RESULT,N,NR,NR,S,Surface,
1994-11-30 00:00:00,0.0,-99.0,OC9097,CX0051,A7,GRAB,RESULT,N,NR,NR,S,Surface,
1995-05-17 00:00:00,0.0,-99.0,OC9097,CX0051,A8,GRAB,RESULT,N,NR,NR,S,Surface,
1995-10-24 00:00:00,0.0,-99.0,OC9097,CX0051,A9,GRAB,RESULT,N,NR,NR,S,Surface,
1996-04-23 00:00:00,0.0,-99.0,OC9097,CX0051,AA,GRAB,RESULT,N,NR,NR,S,Surface,
1996-05-11 00:00:00,0.0,-99.0,OC9097,CX0051,AB,GRAB,RESULT,N,NR,NR,S,Surface,
1997-04-15 00:00:00,0.0,-99.0,OC9097,CX0051,AC,GRAB,RESULT,N,NR,NR,S,Surface,
1995-09-05 00:00:00,0.0,-99.0,OC9097,CX0052,A2,GRAB,RESULT,N,NR,NR,S,Surface,
1991-08-29 00:00:00,0.0,-99.0,OC9097,CX0053,AF,GRAB,RESULT,N,NR,NR,S,Surface,
1992-06-18 00:00:00,0.0,-99.0,OC9097,CX0054,A2,GRAB,RESULT,N,NR,NR,S,Surface,
1993-06-14 00:00:00,0.0,-99.0,OC9097,CX0054,A3,GRAB,RESULT,N,NR,NR,S,Surface,
1993-06-10 00:00:00,0.0,-99.0,OC9097,CX0054,A4,GRAB,RESULT,N,NR,NR,S,Surface,
1994-04-05 00:00:00,0.0,-99.0,OC9097,CX0054,A5,GRAB,RESULT,N,NR,NR,S,Surface,
1995-05-25 00:00:00,0.0,-99.0,OC9097,CX0054,A6,GRAB,RESULT,N,NR,NR,S,Surface,
1995-10-19 00:00:00,0.0,-99.0,OC9097,CX0054,A7,GRAB,RESULT,N,NR,NR,S,Surface,
1996-04-17 00:00:00,0.0,-99.0,OC9097,CX0054,A8,GRAB,RESULT,N,NR,NR,S,Surface,
1996-06-11 00:00:00,0.0,-99.0,OC9097,CX0054,A9,GRAB,RESULT,N,NR,NR,S,Surface,
1997-08-04 00:00:00,0.0,-99.0,OC9097,CX0054,AA,GRAB,RESULT,N,NR,NR,S,Surface,
1994-04-05 00:00:00,0.0,-99.0,OC9097,CX0055,A2,GRAB,RESULT,N,NR,NR,S,Surface,
1995-05-25 00:00:00,0.0,-99.0,OC9097,CX0055,A3,GRAB,RESULT,N,NR,NR,S,Surface,
1996-04-17 00:00:00,0.0,-99.0,OC9097,CX0055,A4,GRAB,RESULT,N,NR,NR,S,Surface,
1997-08-04 00:00:00,0.0,-99.0,OC9097,CX0055,A5,GRAB,RESULT,N,NR,NR,S,Surface,
1991-08-29 00:00:00,0.0,-99.0,OC9097,CX0056,A6,GRAB,RESULT,N,NR,NR,S,Surface,
1993-06-14 00:00:00,0.0,-99.0,OC9097,CX0056,A7,GRAB,RESULT,N,NR,NR,S,Surface,
1993-06-10 00:00:00,0.0,-99.0,OC9097,CX0056,A8,GRAB,RESULT,N,NR,NR,S,Surface,
1994-04-05 00:00:00,0.0,-99.0,OC9097,CX0056,A9,GRAB,RESULT,N,NR,NR,S,Surface,
1994-08-11 00:00:00,0.0,-99.0,OC9097,CX0056,AA,GRAB,RESULT,N,NR,NR,S,Surface,
1995-05-25 00:00:00,0.0,-99.0,OC9097,CX0056,AB,GRAB,RESULT,N,NR,NR,S,Surface,
1995-10-19 00:00:00,0.0,-99.0,OC9097,CX0056,AC,GRAB,RESULT,N,NR,NR,S,Surface,
1996-04-17 00:00:00,0.0,-99.0,OC9097,CX0056,AD,GRAB,RESULT,N,NR,NR,S,Surface,
1996-06-11 00:00:00,0.0,-99.0,OC9097,CX0056,AE,GRAB,RESULT,N,NR,NR,S,Surface,
1997-08-04 00:00:00,0.0,-99.0,OC9097,CX0056,AF,GRAB,RESULT,N,NR,NR,S,Surface,
1990-01-19 00:00:00,0.0,3.0,OC9097,CX0057,AL,GRAB,RESULT,N,NR,NR,S,Surface,
1991-07-24 00:00:00,0.0,-99.0,OC9097,CX0057,AM,GRAB,RESULT,N,NR,NR,S,Surface,
1992-04-23 00:00:00,0.0,-99.0,OC9097,CX0057,AN,GRAB,RESULT,N,NR,NR,S,Surface,
1992-10-29 00:00:00,0.0,-99.0,OC9097,CX0057,AP,GRAB,RESULT,N,NR,NR,S,Surface,
1993-05-27 00:00:00,0.0,-99.0,OC9097,CX0057,AQ,GRAB,RESULT,N,NR,NR,S,Surface,
1993-10-27 00:00:00,0.0,-99.0,OC9097,CX0057,AR,GRAB,RESULT,N,NR,NR,S,Surface,
1994-04-21 00:00:00,0.0,-99.0,OC9097,CX0057,AS,GRAB,RESULT,N,NR,NR,S,Surface,
1994-01-12 00:00:00,0.0,-99.0,OC9097,CX0057,AT,GRAB,RESULT,N,NR,NR,S,Surface,
1995-05-18 00:00:00,0.0,-99.0,OC9097,CX0057,AU,GRAB,RESULT,N,NR,NR,S,Surface,
1995-10-31 00:00:00,0.0,-99.0,OC9097,CX0057,AV,GRAB,RESULT,N,NR,NR,S,Surface,
1996-04-25 00:00:00,0.0,-99.0,OC9097,CX0057,AW,GRAB,RESULT,N,NR,NR,S,Surface,
1996-07-11 00:00:00,0.0,-99.0,OC9097,CX0057,AX,GRAB,RESULT,N,NR,NR,S,Surface,
1997-04-17 00:00:00,0.0,-99.0,OC9097,CX0057,AY,GRAB,RESULT,N,NR,NR,S,Surface,
1991-07-24 00:00:00,0.0,-99.0,OC9097,CX0059,A2,GRAB,RESULT,N,NR,NR,S,Surface,
1992-04-23 00:00:00,0.0,-99.0,OC9097,CX0059,A3,GRAB,RESULT,N,NR,NR,S,Surface,
1992-10-29 00:00:00,0.0,-99.0,OC9097,CX0059,A4,GRAB,RESULT,N,NR,NR,S,Surface,
1993-10-27 00:00:00,0.0,-99.0,OC9097,CX0059,A5,GRAB,RESULT,N,NR,NR,S,Surface,
1994-01-12 00:00:00,0.0,-99.0,OC9097,CX0059,A6,GRAB,RESULT,N,NR,NR,S,Surface,
1995-05-18 00:00:00,0.0,-99.0,OC9097,CX0059,A7,GRAB,RESULT,N,NR,NR,S,Surface,
1995-10-31 00:00:00,0.0,-99.0,OC9097,CX0059,A8,GRAB,RESULT,N,NR,NR,S,Surface,
1996-05-31 00:00:00,0.0,-99.0,OC9097,CX0059,A9,GRAB,RESULT,N,NR,NR,S,Surface,
1996-07-11 00:00:00,0.0,-99.0,OC9097,CX0059,AA,GRAB,RESULT,N,NR,NR,S,Surface,
1997-04-17 00:00:00,0.0,-99.0,OC9097,CX0059,AB,GRAB,RESULT,N,NR,NR,S,Surface,
1991-07-24 00:00:00,0.0,-99.0,OC9097,CX0060,A3,GRAB,RESULT,N,NR,NR,S,Surface,
1992-04-23 00:00:00,0.0,-99.0,OC9097,CX0060,A4,GRAB,RESULT,N,NR,NR,S,Surface,
1992-10-29 00:00:00,0.0,-99.0,OC9097,CX0060,A5,GRAB,RESULT,N,NR,NR,S,Surface,
1993-05-27 00:00:00,0.0,-99.0,OC9097,CX0060,A6,GRAB,RESULT,N,NR,NR,S,Surface,
1993-10-27 00:00:00,0.0,-99.0,OC9097,CX0060,A7,GRAB,RESULT,N,NR,NR,S,Surface,
1994-04-21 00:00:00,0.0,-99.0,OC9097,CX0060,A8,GRAB,RESULT,N,NR,NR,S,Surface,
1994-01-12 00:00:00,0.0,-99.0,OC9097,CX0060,A9,GRAB,RESULT,N,NR,NR,S,Surface,
1995-05-18 00:00:00,0.0,-99.0,OC9097,CX0060,AA,GRAB,RESULT,N,NR,NR,S,Surface,
1995-10-31 00:00:00,0.0,-99.0,OC9097,CX0060,AB,GRAB,RESULT,N,NR,NR,S,Surface,
1996-04-25 00:00:00,0.0,-99.0,OC9097,CX0060,AC,GRAB,RESULT,N,NR,NR,S,Surface,
1996-07-11 00:00:00,0.0,-99.0,OC9097,CX0060,AD,GRAB,RESULT,N,NR,NR,S,Surface,
1997-04-17 00:00:00,0.0,-99.0,OC9097,CX0060,AE,GRAB,RESULT,N,NR,NR,S,Surface,
1990-01-19 00:00:00,0.0,13.0,OC9097,CX0062,AP,GRAB,RESULT,N,NR,NR,S,Surface,
1991-07-24 00:00:00,0.0,-99.0,OC9097,CX0062,AQ,GRAB,RESULT,N,NR,NR,S,Surface,
1992-04-23 00:00:00,0.0,-99.0,OC9097,CX0062,AR,GRAB,RESULT,N,NR,NR,S,Surface,
1992-10-29 00:00:00,0.0,-99.0,OC9097,CX0062,AS,GRAB,RESULT,N,NR,NR,S,Surface,
1993-05-27 00:00:00,0.0,-99.0,OC9097,CX0062,AT,GRAB,RESULT,N,NR,NR,S,Surface,
1993-10-27 00:00:00,0.0,-99.0,OC9097,CX0062,AU,GRAB,RESULT,N,NR,NR,S,Surface,
1994-04-21 00:00:00,0.0,-99.0,OC9097,CX0062,AV,GRAB,RESULT,N,NR,NR,S,Surface,
1994-01-12 00:00:00,0.0,-99.0,OC9097,CX0062,AW,GRAB,RESULT,N,NR,NR,S,Surface,
1995-05-18 00:00:00,0.0,-99.0,OC9097,CX0062,AX,GRAB,RESULT,N,NR,NR,S,Surface,
1995-10-31 00:00:00,0.0,-99.0,OC9097,CX0062,AY,GRAB,RESULT,N,NR,NR,S,Surface,
1996-04-25 00:00:00,0.0,-99.0,OC9097,CX0062,AZ,GRAB,RESULT,N,NR,NR,S,Surface,
1996-07-11 00:00:00,0.0,-99.0,OC9097,CX0062,B2,GRAB,RESULT,N,NR,NR,S,Surface,
1997-04-17 00:00:00,0.0,-99.0,OC9097,CX0062,B3,GRAB,RESULT,N,NR,NR,S,Surface,
1991-07-23 00:00:00,0.0,-99.0,OC9097,CX0063,A2,GRAB,RESULT,N,NR,NR,S,Surface,
1992-04-22 00:00:00,0.0,-99.0,OC9097,CX0063,A3,GRAB,RESULT,N,NR,NR,S,Surface,
1992-10-28 00:00:00,0.0,-99.0,OC9097,CX0063,A4,GRAB,RESULT,N,NR,NR,S,Surface,
1993-05-26 00:00:00,0.0,-99.0,OC9097,CX0063,A5,GRAB,RESULT,N,NR,NR,S,Surface,
1993-10-27 00:00:00,0.0,-99.0,OC9097,CX0063,A6,GRAB,RESULT,N,NR,NR,S,Surface,
1994-04-20 00:00:00,0.0,-99.0,OC9097,CX0063,A7,GRAB,RESULT,N,NR,NR,S,Surface,
1994-11-30 00:00:00,0.0,-99.0,OC9097,CX0063,A8,GRAB,RESULT,N,NR,NR,S,Surface,
1995-05-17 00:00:00,0.0,-99.0,OC9097,CX0063,A9,GRAB,RESULT,N,NR,NR,S,Surface,
1995-10-24 00:00:00,0.0,-99.0,OC9097,CX0063,AA,GRAB,RESULT,N,NR,NR,S,Surface,
1996-04-23 00:00:00,0.0,-99.0,OC9097,CX0063,AB,GRAB,RESULT,N,NR,NR,S,Surface,
1900-01-01 00:00:00,0.0,-99.0,ODES_EN,N03863,01,GRAB,RESULT,N,NR,NR,S,Surface,
1900-01-01 00:00:00,0.0,-99.0,ODES_EN,N03864,01,GRAB,RESULT,N,NR,NR,S,Surface,
1900-01-01 00:00:00,0.0,-99.0,ODES_EN,N03868,01,GRAB,RESULT,N,NR,NR,S,Surface,
1900-01-01 00:00:00,0.0,-99.0,ODES_EN,N03869,01,GRAB,RESULT,N,NR,NR,S,Surface,
1900-01-01 00:00:00,0.0,-99.0,ODES_EN,N03874,01,GRAB,RESULT,N,NR,NR,S,Surface,
1900-01-01 00:00:00,0.0,-99.0,ODES_EN,N03875,01,GRAB,RESULT,N,NR,NR,S,Surface,
1900-01-01 00:00:00,0.0,-99.0,ODES_EN,N03881,01,GRAB,RESULT,N,NR,NR,S,Surface,
1900-01-01 00:00:00,0.0,-99.0,ODES_EN,N03882,01,GRAB,RESULT,N,NR,NR,S,Surface,
1900-01-01 00:00:00,0.0,-99.0,ODES_EN,N03885,01,GRAB,RESULT,N,NR,NR,S,Surface,
1900-01-01 00:00:00,0.0,2.0,ODES_EN,N03885,03,GRAB,RESULT,N,NR,NR,S,Surface,
1900-01-01 00:00:00,0.0,-99.0,ODES_EN,N03888,01,GRAB,RESULT,N,NR,NR,S,Surface,
1900-01-01 00:00:00,0.0,2.0,ODES_EN,N03888,03,GRAB,RESULT,N,NR,NR,S,Surface,
1900-01-01 00:00:00,0.0,-99.0,ODES_EN,N03893,01,GRAB,RESULT,N,NR,NR,S,Surface,
1900-01-01 00:00:00,0.0,-99.0,ODES_EN,N03894,01,GRAB,RESULT,N,NR,NR,S,Surface,
1900-01-01 00:00:00,0.0,-99.0,ODES_EN,N03900,01,GRAB,RESULT,N,NR,NR,S,Surface,
1900-01-01 00:00:00,0.0,-99.0,ODES_EN,N03901,01,GRAB,RESULT,N,NR,NR,S,Surface,
1990-10-16 00:00:00,0.0,2.0,ODES_GO,N04211,01,GRAB,RESULT,N,NR,NR,S,Surface,
1990-10-16 00:00:00,0.0,2.0,ODES_GO,N04211,02,GRAB,RESULT,N,NR,NR,S,Surface,
1990-10-16 00:00:00,0.0,2.0,ODES_GO,N04211,03,GRAB,RESULT,N,NR,NR,S,Surface,
1990-10-16 00:00:00,0.0,2.0,ODES_GO,N04211,04,GRAB,RESULT,N,NR,NR,S,Surface,
1991-04-24 00:00:00,0.0,2.0,ODES_GO,N04212,01,GRAB,RESULT,N,NR,NR,S,Surface,
1991-04-24 00:00:00,0.0,2.0,ODES_GO,N04212,02,GRAB,RESULT,N,NR,NR,S,Surface,
1991-04-24 00:00:00,0.0,2.0,ODES_GO,N04212,03,GRAB,RESULT,N,NR,NR,S,Surface,
1991-04-24 00:00:00,0.0,2.0,ODES_GO,N04212,04,GRAB,RESULT,N,NR,NR,S,Surface,
1991-10-23 00:00:00,0.0,2.0,ODES_GO,N04213,01,GRAB,RESULT,N,NR,NR,S,Surface,
1991-10-23 00:00:00,0.0,2.0,ODES_GO,N04213,02,GRAB,RESULT,N,NR,NR,S,Surface,
1991-10-23 00:00:00,0.0,2.0,ODES_GO,N04213,03,GRAB,RESULT,N,NR,NR,S,Surface,
1991-10-23 00:00:00,0.0,2.0,ODES_GO,N04213,04,GRAB,RESULT,N,NR,NR,S,Surface,
1992-01-04 00:00:00,0.0,2.0,ODES_GO,N04214,01,GRAB,RESULT,N,NR,NR,S,Surface,
1992-01-04 00:00:00,0.0,2.0,ODES_GO,N04214,02,GRAB,RESULT,N,NR,NR,S,Surface,
1992-01-04 00:00:00,0.0,2.0,ODES_GO,N04214,03,GRAB,RESULT,N,NR,NR,S,Surface,
1992-01-04 00:00:00,0.0,2.0,ODES_GO,N04214,04,GRAB,RESULT,N,NR,NR,S,Surface,
1990-04-04 00:00:00,0.0,2.0,ODES_GO,N04226,01,GRAB,RESULT,N,NR,NR,S,Surface,
1990-04-04 00:00:00,0.0,2.0,ODES_GO,N04226,02,GRAB,RESULT,N,NR,NR,S,Surface,
1990-04-04 00:00:00,0.0,2.0,ODES_GO,N04226,03,GRAB,RESULT,N,NR,NR,S,Surface,
1990-04-04 00:00:00,0.0,2.0,ODES_GO,N04226,04,GRAB,RESULT,N,NR,NR,S,Surface,
1990-04-04 00:00:00,0.0,2.0,ODES_GO,N04236,01,GRAB,RESULT,N,NR,NR,S,Surface,
1990-04-04 00:00:00,0.0,2.0,ODES_GO,N04236,02,GRAB,RESULT,N,NR,NR,S,Surface,
1990-04-04 00:00:00,0.0,2.0,ODES_GO,N04236,03,GRAB,RESULT,N,NR,NR,S,Surface,
1990-04-04 00:00:00,0.0,2.0,ODES_GO,N04236,04,GRAB,RESULT,N,NR,NR,S,Surface,
1990-10-16 00:00:00,0.0,2.0,ODES_GO,N04237,01,GRAB,RESULT,N,NR,NR,S,Surface,
1990-10-16 00:00:00,0.0,2.0,ODES_GO,N04237,02,GRAB,RESULT,N,NR,NR,S,Surface,
1990-10-16 00:00:00,0.0,2.0,ODES_GO,N04237,03,GRAB,RESULT,N,NR,NR,S,Surface,
1990-10-16 00:00:00,0.0,2.0,ODES_GO,N04237,04,GRAB,RESULT,N,NR,NR,S,Surface,
1991-04-24 00:00:00,0.0,2.0,ODES_GO,N04238,01,GRAB,RESULT,N,NR,NR,S,Surface,
1991-04-24 00:00:00,0.0,2.0,ODES_GO,N04238,02,GRAB,RESULT,N,NR,NR,S,Surface,
1991-04-24 00:00:00,0.0,2.0,ODES_GO,N04238,03,GRAB,RESULT,N,NR,NR,S,Surface,
1991-04-24 00:00:00,0.0,2.0,ODES_GO,N04238,04,GRAB,RESULT,N,NR,NR,S,Surface,
1991-10-23 00:00:00,0.0,2.0,ODES_GO,N04239,01,GRAB,RESULT,N,NR,NR,S,Surface,
1991-10-23 00:00:00,0.0,2.0,ODES_GO,N04239,02,GRAB,RESULT,N,NR,NR,S,Surface,
1991-10-23 00:00:00,0.0,2.0,ODES_GO,N04239,03,GRAB,RESULT,N,NR,NR,S,Surface,
1991-10-23 00:00:00,0.0,2.0,ODES_GO,N04239,04,GRAB,RESULT,N,NR,NR,S,Surface,
1992-01-04 00:00:00,0.0,2.0,ODES_GO,N04240,01,GRAB,RESULT,N,NR,NR,S,Surface,
1992-01-04 00:00:00,0.0,2.0,ODES_GO,N04240,02,GRAB,RESULT,N,NR,NR,S,Surface,
1992-01-04 00:00:00,0.0,2.0,ODES_GO,N04240,03,GRAB,RESULT,N,NR,NR,S,Surface,
1992-01-04 00:00:00,0.0,2.0,ODES_GO,N04240,04,GRAB,RESULT,N,NR,NR,S,Surface,
1990-04-04 00:00:00,0.0,2.0,ODES_GO,N04247,01,GRAB,RESULT,N,NR,NR,S,Surface,
1990-04-04 00:00:00,0.0,2.0,ODES_GO,N04247,02,GRAB,RESULT,N,NR,NR,S,Surface,
1990-04-04 00:00:00,0.0,2.0,ODES_GO,N04247,03,GRAB,RESULT,N,NR,NR,S,Surface,
1990-04-04 00:00:00,0.0,2.0,ODES_GO,N04247,04,GRAB,RESULT,N,NR,NR,S,Surface,
1990-10-16 00:00:00,0.0,2.0,ODES_GO,N04248,01,GRAB,RESULT,N,NR,NR,S,Surface,
1990-10-16 00:00:00,0.0,2.0,ODES_GO,N04248,02,GRAB,RESULT,N,NR,NR,S,Surface,
1990-10-16 00:00:00,0.0,2.0,ODES_GO,N04248,03,GRAB,RESULT,N,NR,NR,S,Surface,
1990-10-16 00:00:00,0.0,2.0,ODES_GO,N04248,04,GRAB,RESULT,N,NR,NR,S,Surface,
1991-04-24 00:00:00,0.0,2.0,ODES_GO,N04249,01,GRAB,RESULT,N,NR,NR,S,Surface,
1991-04-24 00:00:00,0.0,2.0,ODES_GO,N04249,02,GRAB,RESULT,N,NR,NR,S,Surface,
1991-04-24 00:00:00,0.0,2.0,ODES_GO,N04249,03,GRAB,RESULT,N,NR,NR,S,Surface,
1991-04-24 00:00:00,0.0,2.0,ODES_GO,N04249,04,GRAB,RESULT,N,NR,NR,S,Surface,
1991-10-23 00:00:00,0.0,2.0,ODES_GO,N04250,01,GRAB,RESULT,N,NR,NR,S,Surface,
1991-10-23 00:00:00,0.0,2.0,ODES_GO,N04250,02,GRAB,RESULT,N,NR,NR,S,Surface,
1991-10-23 00:00:00,0.0,2.0,ODES_GO,N04250,03,GRAB,RESULT,N,NR,NR,S,Surface,
1991-10-23 00:00:00,0.0,2.0,ODES_GO,N04250,04,GRAB,RESULT,N,NR,NR,S,Surface,
1992-01-04 00:00:00,0.0,2.0,ODES_GO,N04251,01,GRAB,RESULT,N,NR,NR,S,Surface,
1992-01-04 00:00:00,0.0,2.0,ODES_GO,N04251,02,GRAB,RESULT,N,NR,NR,S,Surface,
1992-01-04 00:00:00,0.0,2.0,ODES_GO,N04251,03,GRAB,RESULT,N,NR,NR,S,Surface,
1992-01-04 00:00:00,0.0,2.0,ODES_GO,N04251,04,GRAB,RESULT,N,NR,NR,S,Surface,
1990-04-04 00:00:00,0.0,2.0,ODES_GO,N04259,01,GRAB,RESULT,N,NR,NR,S,Surface,
1990-04-04 00:00:00,0.0,2.0,ODES_GO,N04259,02,GRAB,RESULT,N,NR,NR,S,Surface,
1990-04-04 00:00:00,0.0,2.0,ODES_GO,N04259,03,GRAB,RESULT,N,NR,NR,S,Surface,
1990-04-04 00:00:00,0.0,2.0,ODES_GO,N04259,04,GRAB,RESULT,N,NR,NR,S,Surface,
1990-10-16 00:00:00,0.0,2.0,ODES_GO,N04260,01,GRAB,RESULT,N,NR,NR,S,Surface,
1990-10-16 00:00:00,0.0,2.0,ODES_GO,N04260,02,GRAB,RESULT,N,NR,NR,S,Surface,
1990-10-16 00:00:00,0.0,2.0,ODES_GO,N04260,03,GRAB,RESULT,N,NR,NR,S,Surface,
1990-10-16 00:00:00,0.0,2.0,ODES_GO,N04260,04,GRAB,RESULT,N,NR,NR,S,Surface,
1991-04-24 00:00:00,0.0,2.0,ODES_GO,N04261,01,GRAB,RESULT,N,NR,NR,S,Surface,
1991-04-24 00:00:00,0.0,2.0,ODES_GO,N04261,02,GRAB,RESULT,N,NR,NR,S,Surface,
1991-04-24 00:00:00,0.0,2.0,ODES_GO,N04261,03,GRAB,RESULT,N,NR,NR,S,Surface,
1991-04-24 00:00:00,0.0,2.0,ODES_GO,N04261,04,GRAB,RESULT,N,NR,NR,S,Surface,
1991-10-23 00:00:00,0.0,2.0,ODES_GO,N04262,01,GRAB,RESULT,N,NR,NR,S,Surface,
1991-10-23 00:00:00,0.0,2.0,ODES_GO,N04262,02,GRAB,RESULT,N,NR,NR,S,Surface,
1991-10-23 00:00:00,0.0,2.0,ODES_GO,N04262,03,GRAB,RESULT,N,NR,NR,S,Surface,
1991-10-23 00:00:00,0.0,2.0,ODES_GO,N04262,04,GRAB,RESULT,N,NR,NR,S,Surface,
1992-01-04 00:00:00,0.0,2.0,ODES_GO,N04263,01,GRAB,RESULT,N,NR,NR,S,Surface,
1992-01-04 00:00:00,0.0,2.0,ODES_GO,N04263,02,GRAB,RESULT,N,NR,NR,S,Surface,
1992-01-04 00:00:00,0.0,2.0,ODES_GO,N04263,03,GRAB,RESULT,N,NR,NR,S,Surface,
1992-01-04 00:00:00,0.0,2.0,ODES_GO,N04263,04,GRAB,RESULT,N,NR,NR,S,Surface,
1990-10-15 00:00:00,0.0,2.0,ODES_GO,N04266,01,GRAB,RESULT,N,NR,NR,S,Surface,
1990-10-15 00:00:00,0.0,2.0,ODES_GO,N04266,02,GRAB,RESULT,N,NR,NR,S,Surface,
1990-10-15 00:00:00,0.0,2.0,ODES_GO,N04266,03,GRAB,RESULT,N,NR,NR,S,Surface,
1990-10-15 00:00:00,0.0,2.0,ODES_GO,N04266,04,GRAB,RESULT,N,NR,NR,S,Surface,
1991-04-24 00:00:00,0.0,2.0,ODES_GO,N04267,01,GRAB,RESULT,N,NR,NR,S,Surface,
1991-04-24 00:00:00,0.0,2.0,ODES_GO,N04267,02,GRAB,RESULT,N,NR,NR,S,Surface,
1991-04-24 00:00:00,0.0,2.0,ODES_GO,N04267,03,GRAB,RESULT,N,NR,NR,S,Surface,
1991-04-24 00:00:00,0.0,2.0,ODES_GO,N04267,04,GRAB,RESULT,N,NR,NR,S,Surface,
1991-10-23 00:00:00,0.0,2.0,ODES_GO,N04268,01,GRAB,RESULT,N,NR,NR,S,Surface,
1991-10-23 00:00:00,0.0,2.0,ODES_GO,N04268,02,GRAB,RESULT,N,NR,NR,S,Surface,
1991-10-23 00:00:00,0.0,2.0,ODES_GO,N04268,03,GRAB,RESULT,N,NR,NR,S,Surface,
1991-10-23 00:00:00,0.0,2.0,ODES_GO,N04268,04,GRAB,RESULT,N,NR,NR,S,Surface,
1992-01-04 00:00:00,0.0,2.0,ODES_GO,N04269,01,GRAB,RESULT,N,NR,NR,S,Surface,
1992-01-04 00:00:00,0.0,2.0,ODES_GO,N04269,02,GRAB,RESULT,N,NR,NR,S,Surface,
1992-01-04 00:00:00,0.0,2.0,ODES_GO,N04269,03,GRAB,RESULT,N,NR,NR,S,Surface,
1992-01-04 00:00:00,0.0,2.0,ODES_GO,N04269,04,GRAB,RESULT,N,NR,NR,S,Surface,
1990-04-04 00:00:00,0.0,2.0,ODES_GO,N04278,01,GRAB,RESULT,N,NR,NR,S,Surface,
1990-04-04 00:00:00,0.0,2.0,ODES_GO,N04278,02,GRAB,RESULT,N,NR,NR,S,Surface,
1990-04-04 00:00:00,0.0,2.0,ODES_GO,N04278,03,GRAB,RESULT,N,NR,NR,S,Surface,
1990-04-04 00:00:00,0.0,2.0,ODES_GO,N04278,04,GRAB,RESULT,N,NR,NR,S,Surface,
1990-10-15 00:00:00,0.0,2.0,ODES_GO,N04279,01,GRAB,RESULT,N,NR,NR,S,Surface,
1990-10-15 00:00:00,0.0,2.0,ODES_GO,N04279,02,GRAB,RESULT,N,NR,NR,S,Surface,
1990-10-15 00:00:00,0.0,2.0,ODES_GO,N04279,03,GRAB,RESULT,N,NR,NR,S,Surface,
1990-10-15 00:00:00,0.0,2.0,ODES_GO,N04279,04,GRAB,RESULT,N,NR,NR,S,Surface,
1991-04-24 00:00:00,0.0,2.0,ODES_GO,N04280,01,GRAB,RESULT,N,NR,NR,S,Surface,
1991-04-24 00:00:00,0.0,2.0,ODES_GO,N04280,02,GRAB,RESULT,N,NR,NR,S,Surface,
1991-04-24 00:00:00,0.0,2.0,ODES_GO,N04280,03,GRAB,RESULT,N,NR,NR,S,Surface,
1991-04-24 00:00:00,0.0,2.0,ODES_GO,N04280,04,GRAB,RESULT,N,NR,NR,S,Surface,
1991-10-23 00:00:00,0.0,2.0,ODES_GO,N04281,01,GRAB,RESULT,N,NR,NR,S,Surface,
1991-10-23 00:00:00,0.0,2.0,ODES_GO,N04281,02,GRAB,RESULT,N,NR,NR,S,Surface,
1991-10-23 00:00:00,0.0,2.0,ODES_GO,N04281,03,GRAB,RESULT,N,NR,NR,S,Surface,
1991-10-23 00:00:00,0.0,2.0,ODES_GO,N04281,04,GRAB,RESULT,N,NR,NR,S,Surface,
1992-01-04 00:00:00,0.0,2.0,ODES_GO,N04282,01,GRAB,RESULT,N,NR,NR,S,Surface,
1992-01-04 00:00:00,0.0,2.0,ODES_GO,N04282,02,GRAB,RESULT,N,NR,NR,S,Surface,
1992-01-04 00:00:00,0.0,2.0,ODES_GO,N04282,03,GRAB,RESULT,N,NR,NR,S,Surface,
1992-01-04 00:00:00,0.0,2.0,ODES_GO,N04282,04,GRAB,RESULT,N,NR,NR,S,Surface,
1990-04-04 00:00:00,0.0,2.0,ODES_GO,N04292,01,GRAB,RESULT,N,NR,NR,S,Surface,
1990-04-04 00:00:00,0.0,2.0,ODES_GO,N04292,02,GRAB,RESULT,N,NR,NR,S,Surface,
1990-04-04 00:00:00,0.0,2.0,ODES_GO,N04292,03,GRAB,RESULT,N,NR,NR,S,Surface,
1990-04-04 00:00:00,0.0,2.0,ODES_GO,N04292,04,GRAB,RESULT,N,NR,NR,S,Surface,
1990-10-16 00:00:00,0.0,2.0,ODES_GO,N04294,01,GRAB,RESULT,N,NR,NR,S,Surface,
1990-10-16 00:00:00,0.0,2.0,ODES_GO,N04294,02,GRAB,RESULT,N,NR,NR,S,Surface,
1990-10-16 00:00:00,0.0,2.0,ODES_GO,N04294,03,GRAB,RESULT,N,NR,NR,S,Surface,
1990-10-16 00:00:00,0.0,2.0,ODES_GO,N04294,04,GRAB,RESULT,N,NR,NR,S,Surface,
1990-05-04 00:00:00,0.0,2.0,ODES_MB,N04465,01,GRAB,RESULT,N,NR,NR,S,Surface,
1990-10-18 00:00:00,0.0,2.0,ODES_MB,N04466,01,GRAB,RESULT,N,NR,NR,S,Surface,
1991-05-14 00:00:00,0.0,2.0,ODES_MB,N04467,01,GRAB,RESULT,N,NR,NR,S,Surface,
1991-10-25 00:00:00,0.0,2.0,ODES_MB,N04468,01,GRAB,RESULT,N,NR,NR,S,Surface,
1992-09-04 00:00:00,0.0,2.0,ODES_MB,N04469,01,GRAB,RESULT,N,NR,NR,S,Surface,
1990-05-04 00:00:00,0.0,2.0,ODES_MB,N04478,01,GRAB,RESULT,N,NR,NR,S,Surface,
1990-10-18 00:00:00,0.0,2.0,ODES_MB,N04479,01,GRAB,RESULT,N,NR,NR,S,Surface,
1991-05-14 00:00:00,0.0,2.0,ODES_MB,N04480,01,GRAB,RESULT,N,NR,NR,S,Surface,
1991-10-25 00:00:00,0.0,2.0,ODES_MB,N04481,01,GRAB,RESULT,N,NR,NR,S,Surface,
1992-09-04 00:00:00,0.0,2.0,ODES_MB,N04482,01,GRAB,RESULT,N,NR,NR,S,Surface,
1990-05-04 00:00:00,0.0,2.0,ODES_MB,N04491,01,GRAB,RESULT,N,NR,NR,S,Surface,
1990-10-18 00:00:00,0.0,2.0,ODES_MB,N04492,01,GRAB,RESULT,N,NR,NR,S,Surface,
1991-05-14 00:00:00,0.0,2.0,ODES_MB,N04493,01,GRAB,RESULT,N,NR,NR,S,Surface,
1991-10-25 00:00:00,0.0,2.0,ODES_MB,N04494,01,GRAB,RESULT,N,NR,NR,S,Surface,
1992-09-04 00:00:00,0.0,2.0,ODES_MB,N04495,01,GRAB,RESULT,N,NR,NR,S,Surface,
1990-05-04 00:00:00,0.0,2.0,ODES_MB,N04504,01,GRAB,RESULT,N,NR,NR,S,Surface,
1990-10-18 00:00:00,0.0,2.0,ODES_MB,N04505,01,GRAB,RESULT,N,NR,NR,S,Surface,
1991-05-14 00:00:00,0.0,2.0,ODES_MB,N04506,01,GRAB,RESULT,N,NR,NR,S,Surface,
1991-10-25 00:00:00,0.0,2.0,ODES_MB,N04507,01,GRAB,RESULT,N,NR,NR,S,Surface,
1992-09-04 00:00:00,0.0,2.0,ODES_MB,N04508,01,GRAB,RESULT,N,NR,NR,S,Surface,
1990-05-04 00:00:00,0.0,2.0,ODES_MB,N04517,01,GRAB,RESULT,N,NR,NR,S,Surface,
1990-10-18 00:00:00,0.0,2.0,ODES_MB,N04518,01,GRAB,RESULT,N,NR,NR,S,Surface,
1991-05-14 00:00:00,0.0,2.0,ODES_MB,N04519,01,GRAB,RESULT,N,NR,NR,S,Surface,
1991-10-25 00:00:00,0.0,2.0,ODES_MB,N04520,01,GRAB,RESULT,N,NR,NR,S,Surface,
1992-09-04 00:00:00,0.0,2.0,ODES_MB,N04521,01,GRAB,RESULT,N,NR,NR,S,Surface,
1990-05-04 00:00:00,0.0,2.0,ODES_MB,N04530,01,GRAB,RESULT,N,NR,NR,S,Surface,
1990-10-18 00:00:00,0.0,2.0,ODES_MB,N04531,01,GRAB,RESULT,N,NR,NR,S,Surface,
1991-05-14 00:00:00,0.0,2.0,ODES_MB,N04532,01,GRAB,RESULT,N,NR,NR,S,Surface,
1991-10-25 00:00:00,0.0,2.0,ODES_MB,N04533,01,GRAB,RESULT,N,NR,NR,S,Surface,
1992-09-04 00:00:00,0.0,2.0,ODES_MB,N04534,01,GRAB,RESULT,N,NR,NR,S,Surface,
1900-01-01 00:00:00,0.0,-99.0,ODES_OC,N05035,01,GRAB,RESULT,N,NR,NR,S,Surface,
1900-01-01 00:00:00,0.0,-99.0,ODES_OC,N05035,02,GRAB,RESULT,N,NR,NR,S,Surface,
1900-01-01 00:00:00,0.0,-99.0,ODES_OC,N05035,03,GRAB,RESULT,N,NR,NR,S,Surface,
1900-01-01 00:00:00,0.0,-99.0,ODES_OC,N05036,01,GRAB,RESULT,N,NR,NR,S,Surface,
1900-01-01 00:00:00,0.0,-99.0,ODES_OC,N05036,02,GRAB,RESULT,N,NR,NR,S,Surface,
1900-01-01 00:00:00,0.0,-99.0,ODES_OC,N05036,03,GRAB,RESULT,N,NR,NR,S,Surface,
1900-01-01 00:00:00,0.0,-99.0,ODES_OC,N05037,01,GRAB,RESULT,N,NR,NR,S,Surface,
1900-01-01 00:00:00,0.0,-99.0,ODES_OC,N05037,02,GRAB,RESULT,N,NR,NR,S,Surface,
1900-01-01 00:00:00,0.0,-99.0,ODES_OC,N05037,03,GRAB,RESULT,N,NR,NR,S,Surface,
1900-01-01 00:00:00,0.0,-99.0,ODES_OC,N05038,01,GRAB,RESULT,N,NR,NR,S,Surface,
1900-01-01 00:00:00,0.0,-99.0,ODES_OC,N05038,02,GRAB,RESULT,N,NR,NR,S,Surface,
1900-01-01 00:00:00,0.0,-99.0,ODES_OC,N05038,03,GRAB,RESULT,N,NR,NR,S,Surface,
1900-01-01 00:00:00,0.0,-99.0,ODES_OC,N05038,04,GRAB,RESULT,N,NR,NR,S,Surface,
1900-01-01 00:00:00,0.0,-99.0,ODES_OC,N05038,05,GRAB,RESULT,N,NR,NR,S,Surface,
1900-01-01 00:00:00,0.0,-99.0,ODES_OC,N05038,06,GRAB,RESULT,N,NR,NR,S,Surface,
1900-01-01 00:00:00,0.0,-99.0,ODES_OC,N05039,01,GRAB,RESULT,N,NR,NR,S,Surface,
1900-01-01 00:00:00,0.0,-99.0,ODES_OC,N05039,02,GRAB,RESULT,N,NR,NR,S,Surface,
1900-01-01 00:00:00,0.0,-99.0,ODES_OC,N05039,03,GRAB,RESULT,N,NR,NR,S,Surface,
1900-01-01 00:00:00,0.0,-99.0,ODES_OC,N05056,01,GRAB,RESULT,N,NR,NR,S,Surface,
1900-01-01 00:00:00,0.0,-99.0,ODES_OC,N05056,02,GRAB,RESULT,N,NR,NR,S,Surface,
1900-01-01 00:00:00,0.0,-99.0,ODES_OC,N05056,03,GRAB,RESULT,N,NR,NR,S,Surface,
1900-01-01 00:00:00,0.0,-99.0,ODES_OC,N05057,01,GRAB,RESULT,N,NR,NR,S,Surface,
1900-01-01 00:00:00,0.0,-99.0,ODES_OC,N05057,02,GRAB,RESULT,N,NR,NR,S,Surface,
1900-01-01 00:00:00,0.0,-99.0,ODES_OC,N05057,03,GRAB,RESULT,N,NR,NR,S,Surface,
1900-01-01 00:00:00,0.0,-99.0,ODES_OC,N05058,01,GRAB,RESULT,N,NR,NR,S,Surface,
1900-01-01 00:00:00,0.0,-99.0,ODES_OC,N05058,02,GRAB,RESULT,N,NR,NR,S,Surface,
1900-01-01 00:00:00,0.0,-99.0,ODES_OC,N05058,03,GRAB,RESULT,N,NR,NR,S,Surface,
1900-01-01 00:00:00,0.0,-99.0,ODES_OC,N05059,01,GRAB,RESULT,N,NR,NR,S,Surface,
1900-01-01 00:00:00,0.0,-99.0,ODES_OC,N05059,02,GRAB,RESULT,N,NR,NR,S,Surface,
1900-01-01 00:00:00,0.0,-99.0,ODES_OC,N05059,03,GRAB,RESULT,N,NR,NR,S,Surface,
1900-01-01 00:00:00,0.0,-99.0,ODES_OC,N05060,01,GRAB,RESULT,N,NR,NR,S,Surface,
1900-01-01 00:00:00,0.0,-99.0,ODES_OC,N05060,02,GRAB,RESULT,N,NR,NR,S,Surface,
1900-01-01 00:00:00,0.0,-99.0,ODES_OC,N05060,03,GRAB,RESULT,N,NR,NR,S,Surface,
1900-01-01 00:00:00,0.0,-99.0,ODES_OC,N05061,01,GRAB,RESULT,N,NR,NR,S,Surface,
1900-01-01 00:00:00,0.0,-99.0,ODES_OC,N05061,02,GRAB,RESULT,N,NR,NR,S,Surface,
1900-01-01 00:00:00,0.0,-99.0,ODES_OC,N05061,03,GRAB,RESULT,N,NR,NR,S,Surface,
1900-01-01 00:00:00,0.0,-99.0,ODES_OC,N05079,01,GRAB,RESULT,N,NR,NR,S,Surface,
1900-01-01 00:00:00,0.0,-99.0,ODES_OC,N05079,02,GRAB,RESULT,N,NR,NR,S,Surface,
1900-01-01 00:00:00,0.0,-99.0,ODES_OC,N05079,03,GRAB,RESULT,N,NR,NR,S,Surface,
1900-01-01 00:00:00,0.0,-99.0,ODES_OC,N05080,01,GRAB,RESULT,N,NR,NR,S,Surface,
1900-01-01 00:00:00,0.0,-99.0,ODES_OC,N05080,02,GRAB,RESULT,N,NR,NR,S,Surface,
1900-01-01 00:00:00,0.0,-99.0,ODES_OC,N05080,03,GRAB,RESULT,N,NR,NR,S,Surface,
1900-01-01 00:00:00,0.0,-99.0,ODES_OC,N05081,01,GRAB,RESULT,N,NR,NR,S,Surface,
1900-01-01 00:00:00,0.0,-99.0,ODES_OC,N05081,02,GRAB,RESULT,N,NR,NR,S,Surface,
1900-01-01 00:00:00,0.0,-99.0,ODES_OC,N05081,03,GRAB,RESULT,N,NR,NR,S,Surface,
1900-01-01 00:00:00,0.0,-99.0,ODES_OC,N05082,01,GRAB,RESULT,N,NR,NR,S,Surface,
1900-01-01 00:00:00,0.0,-99.0,ODES_OC,N05082,02,GRAB,RESULT,N,NR,NR,S,Surface,
1900-01-01 00:00:00,0.0,-99.0,ODES_OC,N05082,03,GRAB,RESULT,N,NR,NR,S,Surface,
1900-01-01 00:00:00,0.0,-99.0,ODES_OC,N05083,01,GRAB,RESULT,N,NR,NR,S,Surface,
1900-01-01 00:00:00,0.0,-99.0,ODES_OC,N05083,02,GRAB,RESULT,N,NR,NR,S,Surface,
1900-01-01 00:00:00,0.0,-99.0,ODES_OC,N05083,03,GRAB,RESULT,N,NR,NR,S,Surface,
1900-01-01 00:00:00,0.0,-99.0,ODES_OC,N05084,01,GRAB,RESULT,N,NR,NR,S,Surface,
1900-01-01 00:00:00,0.0,-99.0,ODES_OC,N05084,02,GRAB,RESULT,N,NR,NR,S,Surface,
1900-01-01 00:00:00,0.0,-99.0,ODES_OC,N05084,03,GRAB,RESULT,N,NR,NR,S,Surface,
1900-01-01 00:00:00,0.0,-99.0,ODES_OC,N05089,01,GRAB,RESULT,N,NR,NR,S,Surface,
1900-01-01 00:00:00,0.0,-99.0,ODES_OC,N05106,01,GRAB,RESULT,N,NR,NR,S,Surface,
1900-01-01 00:00:00,0.0,-99.0,ODES_OC,N05106,02,GRAB,RESULT,N,NR,NR,S,Surface,
1900-01-01 00:00:00,0.0,-99.0,ODES_OC,N05106,03,GRAB,RESULT,N,NR,NR,S,Surface,
1900-01-01 00:00:00,0.0,-99.0,ODES_OC,N05107,01,GRAB,RESULT,N,NR,NR,S,Surface,
1900-01-01 00:00:00,0.0,-99.0,ODES_OC,N05107,02,GRAB,RESULT,N,NR,NR,S,Surface,
1900-01-01 00:00:00,0.0,-99.0,ODES_OC,N05107,03,GRAB,RESULT,N,NR,NR,S,Surface,
1900-01-01 00:00:00,0.0,-99.0,ODES_OC,N05108,01,GRAB,RESULT,N,NR,NR,S,Surface,
1900-01-01 00:00:00,0.0,-99.0,ODES_OC,N05108,02,GRAB,RESULT,N,NR,NR,S,Surface,
1900-01-01 00:00:00,0.0,-99.0,ODES_OC,N05108,03,GRAB,RESULT,N,NR,NR,S,Surface,
1900-01-01 00:00:00,0.0,-99.0,ODES_OC,N05109,01,GRAB,RESULT,N,NR,NR,S,Surface,
1900-01-01 00:00:00,0.0,-99.0,ODES_OC,N05109,02,GRAB,RESULT,N,NR,NR,S,Surface,
1900-01-01 00:00:00,0.0,-99.0,ODES_OC,N05109,03,GRAB,RESULT,N,NR,NR,S,Surface,
1900-01-01 00:00:00,0.0,-99.0,ODES_OC,N05110,01,GRAB,RESULT,N,NR,NR,S,Surface,
1900-01-01 00:00:00,0.0,-99.0,ODES_OC,N05110,02,GRAB,RESULT,N,NR,NR,S,Surface,
1900-01-01 00:00:00,0.0,-99.0,ODES_OC,N05110,03,GRAB,RESULT,N,NR,NR,S,Surface,
1900-01-01 00:00:00,0.0,-99.0,ODES_OC,N05111,01,GRAB,RESULT,N,NR,NR,S,Surface,
1900-01-01 00:00:00,0.0,-99.0,ODES_OC,N05111,02,GRAB,RESULT,N,NR,NR,S,Surface,
1900-01-01 00:00:00,0.0,-99.0,ODES_OC,N05111,03,GRAB,RESULT,N,NR,NR,S,Surface,
1900-01-01 00:00:00,0.0,-99.0,ODES_OC,N05116,01,GRAB,RESULT,N,NR,NR,S,Surface,
1900-01-01 00:00:00,0.0,-99.0,ODES_OC,N05121,01,GRAB,RESULT,N,NR,NR,S,Surface,
1900-01-01 00:00:00,0.0,-99.0,ODES_OC,N05126,01,GRAB,RESULT,N,NR,NR,S,Surface,
1900-01-01 00:00:00,0.0,-99.0,ODES_OC,N05143,01,GRAB,RESULT,N,NR,NR,S,Surface,
1900-01-01 00:00:00,0.0,-99.0,ODES_OC,N05143,02,GRAB,RESULT,N,NR,NR,S,Surface,
1900-01-01 00:00:00,0.0,-99.0,ODES_OC,N05143,03,GRAB,RESULT,N,NR,NR,S,Surface,
1900-01-01 00:00:00,0.0,-99.0,ODES_OC,N05144,01,GRAB,RESULT,N,NR,NR,S,Surface,
1900-01-01 00:00:00,0.0,-99.0,ODES_OC,N05144,02,GRAB,RESULT,N,NR,NR,S,Surface,
1900-01-01 00:00:00,0.0,-99.0,ODES_OC,N05144,03,GRAB,RESULT,N,NR,NR,S,Surface,
1900-01-01 00:00:00,0.0,-99.0,ODES_OC,N05145,01,GRAB,RESULT,N,NR,NR,S,Surface,
1900-01-01 00:00:00,0.0,-99.0,ODES_OC,N05145,02,GRAB,RESULT,N,NR,NR,S,Surface,
1900-01-01 00:00:00,0.0,-99.0,ODES_OC,N05145,03,GRAB,RESULT,N,NR,NR,S,Surface,
1900-01-01 00:00:00,0.0,-99.0,ODES_OC,N05146,01,GRAB,RESULT,N,NR,NR,S,Surface,
1900-01-01 00:00:00,0.0,-99.0,ODES_OC,N05146,02,GRAB,RESULT,N,NR,NR,S,Surface,
1900-01-01 00:00:00,0.0,-99.0,ODES_OC,N05146,03,GRAB,RESULT,N,NR,NR,S,Surface,
1900-01-01 00:00:00,0.0,-99.0,ODES_OC,N05147,01,GRAB,RESULT,N,NR,NR,S,Surface,
1900-01-01 00:00:00,0.0,-99.0,ODES_OC,N05147,02,GRAB,RESULT,N,NR,NR,S,Surface,
1900-01-01 00:00:00,0.0,-99.0,ODES_OC,N05147,03,GRAB,RESULT,N,NR,NR,S,Surface,
1900-01-01 00:00:00,0.0,-99.0,ODES_OC,N05148,01,GRAB,RESULT,N,NR,NR,S,Surface,
1900-01-01 00:00:00,0.0,-99.0,ODES_OC,N05148,02,GRAB,RESULT,N,NR,NR,S,Surface,
1900-01-01 00:00:00,0.0,-99.0,ODES_OC,N05148,03,GRAB,RESULT,N,NR,NR,S,Surface,
1900-01-01 00:00:00,0.0,-99.0,ODES_OC,N05153,01,GRAB,RESULT,N,NR,NR,S,Surface,
1900-01-01 00:00:00,0.0,-99.0,ODES_OC,N05158,01,GRAB,RESULT,N,NR,NR,S,Surface,
1900-01-01 00:00:00,0.0,-99.0,ODES_OC,N05175,01,GRAB,RESULT,N,NR,NR,S,Surface,
1900-01-01 00:00:00,0.0,-99.0,ODES_OC,N05175,02,GRAB,RESULT,N,NR,NR,S,Surface,
1900-01-01 00:00:00,0.0,-99.0,ODES_OC,N05175,03,GRAB,RESULT,N,NR,NR,S,Surface,
1900-01-01 00:00:00,0.0,-99.0,ODES_OC,N05176,01,GRAB,RESULT,N,NR,NR,S,Surface,
1900-01-01 00:00:00,0.0,-99.0,ODES_OC,N05176,02,GRAB,RESULT,N,NR,NR,S,Surface,
1900-01-01 00:00:00,0.0,-99.0,ODES_OC,N05176,03,GRAB,RESULT,N,NR,NR,S,Surface,
1900-01-01 00:00:00,0.0,-99.0,ODES_OC,N05177,01,GRAB,RESULT,N,NR,NR,S,Surface,
1900-01-01 00:00:00,0.0,-99.0,ODES_OC,N05177,02,GRAB,RESULT,N,NR,NR,S,Surface,
1900-01-01 00:00:00,0.0,-99.0,ODES_OC,N05177,03,GRAB,RESULT,N,NR,NR,S,Surface,
1900-01-01 00:00:00,0.0,-99.0,ODES_OC,N05177,04,GRAB,RESULT,N,NR,NR,S,Surface,
1900-01-01 00:00:00,0.0,-99.0,ODES_OC,N05177,05,GRAB,RESULT,N,NR,NR,S,Surface,
1900-01-01 00:00:00,0.0,-99.0,ODES_OC,N05177,06,GRAB,RESULT,N,NR,NR,S,Surface,
1900-01-01 00:00:00,0.0,-99.0,ODES_OC,N05177,07,GRAB,RESULT,N,NR,NR,S,Surface,
1900-01-01 00:00:00,0.0,-99.0,ODES_OC,N05177,08,GRAB,RESULT,N,NR,NR,S,Surface,
1900-01-01 00:00:00,0.0,-99.0,ODES_OC,N05177,09,GRAB,RESULT,N,NR,NR,S,Surface,
1900-01-01 00:00:00,0.0,-99.0,ODES_OC,N05178,01,GRAB,RESULT,N,NR,NR,S,Surface,
1900-01-01 00:00:00,0.0,-99.0,ODES_OC,N05178,02,GRAB,RESULT,N,NR,NR,S,Surface,
1900-01-01 00:00:00,0.0,-99.0,ODES_OC,N05178,03,GRAB,RESULT,N,NR,NR,S,Surface,
1900-01-01 00:00:00,0.0,-99.0,ODES_OC,N05195,01,GRAB,RESULT,N,NR,NR,S,Surface,
1900-01-01 00:00:00,0.0,-99.0,ODES_OC,N05195,02,GRAB,RESULT,N,NR,NR,S,Surface,
1900-01-01 00:00:00,0.0,-99.0,ODES_OC,N05195,03,GRAB,RESULT,N,NR,NR,S,Surface,
1900-01-01 00:00:00,0.0,-99.0,ODES_OC,N05196,01,GRAB,RESULT,N,NR,NR,S,Surface,
1900-01-01 00:00:00,0.0,-99.0,ODES_OC,N05196,02,GRAB,RESULT,N,NR,NR,S,Surface,
1900-01-01 00:00:00,0.0,-99.0,ODES_OC,N05196,03,GRAB,RESULT,N,NR,NR,S,Surface,
1900-01-01 00:00:00,0.0,-99.0,ODES_OC,N05197,01,GRAB,RESULT,N,NR,NR,S,Surface,
1900-01-01 00:00:00,0.0,-99.0,ODES_OC,N05197,02,GRAB,RESULT,N,NR,NR,S,Surface,
1900-01-01 00:00:00,0.0,-99.0,ODES_OC,N05197,03,GRAB,RESULT,N,NR,NR,S,Surface,
1900-01-01 00:00:00,0.0,-99.0,ODES_OC,N05198,01,GRAB,RESULT,N,NR,NR,S,Surface,
1900-01-01 00:00:00,0.0,-99.0,ODES_OC,N05198,02,GRAB,RESULT,N,NR,NR,S,Surface,
1900-01-01 00:00:00,0.0,-99.0,ODES_OC,N05198,03,GRAB,RESULT,N,NR,NR,S,Surface,
1900-01-01 00:00:00,0.0,-99.0,ODES_OC,N05199,01,GRAB,RESULT,N,NR,NR,S,Surface,
1900-01-01 00:00:00,0.0,-99.0,ODES_OC,N05199,02,GRAB,RESULT,N,NR,NR,S,Surface,
1900-01-01 00:00:00,0.0,-99.0,ODES_OC,N05199,03,GRAB,RESULT,N,NR,NR,S,Surface,
1900-01-01 00:00:00,0.0,-99.0,ODES_OC,N05200,01,GRAB,RESULT,N,NR,NR,S,Surface,
1900-01-01 00:00:00,0.0,-99.0,ODES_OC,N05200,02,GRAB,RESULT,N,NR,NR,S,Surface,
1900-01-01 00:00:00,0.0,-99.0,ODES_OC,N05200,03,GRAB,RESULT,N,NR,NR,S,Surface,
1900-01-01 00:00:00,0.0,-99.0,ODES_OC,N05205,01,GRAB,RESULT,N,NR,NR,S,Surface,
1900-01-01 00:00:00,0.0,-99.0,ODES_OC,N05210,01,GRAB,RESULT,N,NR,NR,S,Surface,
1900-01-01 00:00:00,0.0,-99.0,ODES_OC,N05215,01,GRAB,RESULT,N,NR,NR,S,Surface,
1900-01-01 00:00:00,0.0,-99.0,ODES_OC,N05220,01,GRAB,RESULT,N,NR,NR,S,Surface,
1900-01-01 00:00:00,0.0,-99.0,ODES_OC,N05225,01,GRAB,RESULT,N,NR,NR,S,Surface,
1900-01-01 00:00:00,0.0,-99.0,ODES_OC,N05230,01,GRAB,RESULT,N,NR,NR,S,Surface,
1900-01-01 00:00:00,0.0,-99.0,ODES_OC,N05235,01,GRAB,RESULT,N,NR,NR,S,Surface,
1900-01-01 00:00:00,0.0,-99.0,ODES_OC,N05240,01,GRAB,RESULT,N,NR,NR,S,Surface,
1900-01-01 00:00:00,0.0,-99.0,ODES_OC,N05245,01,GRAB,RESULT,N,NR,NR,S,Surface,
1900-01-01 00:00:00,0.0,-99.0,ODES_OC,N05250,01,GRAB,RESULT,N,NR,NR,S,Surface,
1900-01-01 00:00:00,0.0,-99.0,ODES_OC,N05255,01,GRAB,RESULT,N,NR,NR,S,Surface,
1900-01-01 00:00:00,0.0,-99.0,ODES_OC,N05260,01,GRAB,RESULT,N,NR,NR,S,Surface,
1900-01-01 00:00:00,0.0,-99.0,ODES_OC,N05265,01,GRAB,RESULT,N,NR,NR,S,Surface,
1900-01-01 00:00:00,0.0,-99.0,ODES_OC,N05270,01,GRAB,RESULT,N,NR,NR,S,Surface,
1900-01-01 00:00:00,0.0,-99.0,ODES_OC,N05275,01,GRAB,RESULT,N,NR,NR,S,Surface,
1900-01-01 00:00:00,0.0,-99.0,ODES_OC,N05280,01,GRAB,RESULT,N,NR,NR,S,Surface,
1900-01-01 00:00:00,0.0,-99.0,ODES_OC,N05285,01,GRAB,RESULT,N,NR,NR,S,Surface,
1900-01-01 00:00:00,0.0,-99.0,ODES_OC,N05290,01,GRAB,RESULT,N,NR,NR,S,Surface,
1900-01-01 00:00:00,0.0,-99.0,ODES_OC,N05297,01,GRAB,RESULT,N,NR,NR,S,Surface,
1900-01-01 00:00:00,0.0,-99.0,ODES_OC,N05302,01,GRAB,RESULT,N,NR,NR,S,Surface,
1900-01-01 00:00:00,0.0,-99.0,ODES_OC,N05307,01,GRAB,RESULT,N,NR,NR,S,Surface,
1900-01-01 00:00:00,0.0,-99.0,ODES_OC,N05312,01,GRAB,RESULT,N,NR,NR,S,Surface,
1900-01-01 00:00:00,0.0,-99.0,ODES_OC,N05317,01,GRAB,RESULT,N,NR,NR,S,Surface,
1900-01-01 00:00:00,0.0,-99.0,ODES_OC,N05322,01,GRAB,RESULT,N,NR,NR,S,Surface,
1900-01-01 00:00:00,0.0,-99.0,ODES_OC,N05337,01,GRAB,RESULT,N,NR,NR,S,Surface,
1900-01-01 00:00:00,0.0,-99.0,ODES_OC,N05337,02,GRAB,RESULT,N,NR,NR,S,Surface,
1900-01-01 00:00:00,0.0,-99.0,ODES_OC,N05337,03,GRAB,RESULT,N,NR,NR,S,Surface,
1900-01-01 00:00:00,0.0,-99.0,ODES_OC,N05338,01,GRAB,RESULT,N,NR,NR,S,Surface,
1900-01-01 00:00:00,0.0,-99.0,ODES_OC,N05338,02,GRAB,RESULT,N,NR,NR,S,Surface,
1900-01-01 00:00:00,0.0,-99.0,ODES_OC,N05338,03,GRAB,RESULT,N,NR,NR,S,Surface,
1900-01-01 00:00:00,0.0,-99.0,ODES_OC,N05339,01,GRAB,RESULT,N,NR,NR,S,Surface,
1900-01-01 00:00:00,0.0,-99.0,ODES_OC,N05339,02,GRAB,RESULT,N,NR,NR,S,Surface,
1900-01-01 00:00:00,0.0,-99.0,ODES_OC,N05339,03,GRAB,RESULT,N,NR,NR,S,Surface,
1900-01-01 00:00:00,0.0,-99.0,ODES_OC,N05340,01,GRAB,RESULT,N,NR,NR,S,Surface,
1900-01-01 00:00:00,0.0,-99.0,ODES_OC,N05340,02,GRAB,RESULT,N,NR,NR,S,Surface,
1900-01-01 00:00:00,0.0,-99.0,ODES_OC,N05340,03,GRAB,RESULT,N,NR,NR,S,Surface,
1900-01-01 00:00:00,0.0,-99.0,ODES_OC,N05341,01,GRAB,RESULT,N,NR,NR,S,Surface,
1900-01-01 00:00:00,0.0,-99.0,ODES_OC,N05341,02,GRAB,RESULT,N,NR,NR,S,Surface,
1900-01-01 00:00:00,0.0,-99.0,ODES_OC,N05341,03,GRAB,RESULT,N,NR,NR,S,Surface,
1900-01-01 00:00:00,0.0,-99.0,ODES_OC,N05342,01,GRAB,RESULT,N,NR,NR,S,Surface,
1900-01-01 00:00:00,0.0,-99.0,ODES_OC,N05342,02,GRAB,RESULT,N,NR,NR,S,Surface,
1900-01-01 00:00:00,0.0,-99.0,ODES_OC,N05342,03,GRAB,RESULT,N,NR,NR,S,Surface,
1900-01-01 00:00:00,0.0,-99.0,ODES_OC,N05347,01,GRAB,RESULT,N,NR,NR,S,Surface,
1900-01-01 00:00:00,0.0,-99.0,ODES_OC,N05352,01,GRAB,RESULT,N,NR,NR,S,Surface,
1900-01-01 00:00:00,0.0,-99.0,ODES_OC,N05357,01,GRAB,RESULT,N,NR,NR,S,Surface,
1900-01-01 00:00:00,0.0,-99.0,ODES_OC,N05362,01,GRAB,RESULT,N,NR,NR,S,Surface,
1900-01-01 00:00:00,0.0,-99.0,ODES_OC,N05367,01,GRAB,RESULT,N,NR,NR,S,Surface,
1900-01-01 00:00:00,0.0,-99.0,ODES_OC,N05372,01,GRAB,RESULT,N,NR,NR,S,Surface,
1900-01-01 00:00:00,0.0,-99.0,ODES_OC,N05377,01,GRAB,RESULT,N,NR,NR,S,Surface,
1900-01-01 00:00:00,0.0,-99.0,ODES_OC,N05394,01,GRAB,RESULT,N,NR,NR,S,Surface,
1900-01-01 00:00:00,0.0,-99.0,ODES_OC,N05394,02,GRAB,RESULT,N,NR,NR,S,Surface,
1900-01-01 00:00:00,0.0,-99.0,ODES_OC,N05394,03,GRAB,RESULT,N,NR,NR,S,Surface,
1900-01-01 00:00:00,0.0,-99.0,ODES_OC,N05395,01,GRAB,RESULT,N,NR,NR,S,Surface,
1900-01-01 00:00:00,0.0,-99.0,ODES_OC,N05395,02,GRAB,RESULT,N,NR,NR,S,Surface,
1900-01-01 00:00:00,0.0,-99.0,ODES_OC,N05395,03,GRAB,RESULT,N,NR,NR,S,Surface,
1900-01-01 00:00:00,0.0,-99.0,ODES_OC,N05396,01,GRAB,RESULT,N,NR,NR,S,Surface,
1900-01-01 00:00:00,0.0,-99.0,ODES_OC,N05396,02,GRAB,RESULT,N,NR,NR,S,Surface,
1900-01-01 00:00:00,0.0,-99.0,ODES_OC,N05396,03,GRAB,RESULT,N,NR,NR,S,Surface,
1900-01-01 00:00:00,0.0,-99.0,ODES_OC,N05397,01,GRAB,RESULT,N,NR,NR,S,Surface,
1900-01-01 00:00:00,0.0,-99.0,ODES_OC,N05397,02,GRAB,RESULT,N,NR,NR,S,Surface,
1900-01-01 00:00:00,0.0,-99.0,ODES_OC,N05397,03,GRAB,RESULT,N,NR,NR,S,Surface,
1900-01-01 00:00:00,0.0,-99.0,ODES_OC,N05398,01,GRAB,RESULT,N,NR,NR,S,Surface,
1900-01-01 00:00:00,0.0,-99.0,ODES_OC,N05398,02,GRAB,RESULT,N,NR,NR,S,Surface,
1900-01-01 00:00:00,0.0,-99.0,ODES_OC,N05398,03,GRAB,RESULT,N,NR,NR,S,Surface,
1900-01-01 00:00:00,0.0,-99.0,ODES_OC,N05399,01,GRAB,RESULT,N,NR,NR,S,Surface,
1900-01-01 00:00:00,0.0,-99.0,ODES_OC,N05399,02,GRAB,RESULT,N,NR,NR,S,Surface,
1900-01-01 00:00:00,0.0,-99.0,ODES_OC,N05399,03,GRAB,RESULT,N,NR,NR,S,Surface,
1900-01-01 00:00:00,0.0,-99.0,ODES_OC,N05404,01,GRAB,RESULT,N,NR,NR,S,Surface,
1900-01-01 00:00:00,0.0,-99.0,ODES_OC,N05409,01,GRAB,RESULT,N,NR,NR,S,Surface,
1900-01-01 00:00:00,0.0,-99.0,ODES_OC,N05414,01,GRAB,RESULT,N,NR,NR,S,Surface,
1900-01-01 00:00:00,0.0,-99.0,ODES_OC,N05431,01,GRAB,RESULT,N,NR,NR,S,Surface,
1900-01-01 00:00:00,0.0,-99.0,ODES_OC,N05431,02,GRAB,RESULT,N,NR,NR,S,Surface,
1900-01-01 00:00:00,0.0,-99.0,ODES_OC,N05431,03,GRAB,RESULT,N,NR,NR,S,Surface,
1900-01-01 00:00:00,0.0,-99.0,ODES_OC,N05432,01,GRAB,RESULT,N,NR,NR,S,Surface,
1900-01-01 00:00:00,0.0,-99.0,ODES_OC,N05432,02,GRAB,RESULT,N,NR,NR,S,Surface,
1900-01-01 00:00:00,0.0,-99.0,ODES_OC,N05432,03,GRAB,RESULT,N,NR,NR,S,Surface,
1900-01-01 00:00:00,0.0,-99.0,ODES_OC,N05433,01,GRAB,RESULT,N,NR,NR,S,Surface,
1900-01-01 00:00:00,0.0,-99.0,ODES_OC,N05433,02,GRAB,RESULT,N,NR,NR,S,Surface,
1900-01-01 00:00:00,0.0,-99.0,ODES_OC,N05433,03,GRAB,RESULT,N,NR,NR,S,Surface,
1900-01-01 00:00:00,0.0,-99.0,ODES_OC,N05434,01,GRAB,RESULT,N,NR,NR,S,Surface,
1900-01-01 00:00:00,0.0,-99.0,ODES_OC,N05434,02,GRAB,RESULT,N,NR,NR,S,Surface,
1900-01-01 00:00:00,0.0,-99.0,ODES_OC,N05434,03,GRAB,RESULT,N,NR,NR,S,Surface,
1900-01-01 00:00:00,0.0,-99.0,ODES_OC,N05435,01,GRAB,RESULT,N,NR,NR,S,Surface,
1900-01-01 00:00:00,0.0,-99.0,ODES_OC,N05435,02,GRAB,RESULT,N,NR,NR,S,Surface,
1900-01-01 00:00:00,0.0,-99.0,ODES_OC,N05435,03,GRAB,RESULT,N,NR,NR,S,Surface,
1900-01-01 00:00:00,0.0,-99.0,ODES_OC,N05436,01,GRAB,RESULT,N,NR,NR,S,Surface,
1900-01-01 00:00:00,0.0,-99.0,ODES_OC,N05436,02,GRAB,RESULT,N,NR,NR,S,Surface,
1900-01-01 00:00:00,0.0,-99.0,ODES_OC,N05436,03,GRAB,RESULT,N,NR,NR,S,Surface,
1900-01-01 00:00:00,0.0,-99.0,ODES_OC,N05459,01,GRAB,RESULT,N,NR,NR,S,Surface,
1900-01-01 00:00:00,0.0,-99.0,ODES_OC,N05459,02,GRAB,RESULT,N,NR,NR,S,Surface,
1900-01-01 00:00:00,0.0,-99.0,ODES_OC,N05459,03,GRAB,RESULT,N,NR,NR,S,Surface,
1900-01-01 00:00:00,0.0,-99.0,ODES_OC,N05460,01,GRAB,RESULT,N,NR,NR,S,Surface,
1900-01-01 00:00:00,0.0,-99.0,ODES_OC,N05460,02,GRAB,RESULT,N,NR,NR,S,Surface,
1900-01-01 00:00:00,0.0,-99.0,ODES_OC,N05460,03,GRAB,RESULT,N,NR,NR,S,Surface,
1900-01-01 00:00:00,0.0,-99.0,ODES_OC,N05461,01,GRAB,RESULT,N,NR,NR,S,Surface,
1900-01-01 00:00:00,0.0,-99.0,ODES_OC,N05461,02,GRAB,RESULT,N,NR,NR,S,Surface,
1900-01-01 00:00:00,0.0,-99.0,ODES_OC,N05461,03,GRAB,RESULT,N,NR,NR,S,Surface,
1900-01-01 00:00:00,0.0,-99.0,ODES_OC,N05462,01,GRAB,RESULT,N,NR,NR,S,Surface,
1900-01-01 00:00:00,0.0,-99.0,ODES_OC,N05462,02,GRAB,RESULT,N,NR,NR,S,Surface,
1900-01-01 00:00:00,0.0,-99.0,ODES_OC,N05462,03,GRAB,RESULT,N,NR,NR,S,Surface,
1900-01-01 00:00:00,0.0,-99.0,ODES_OC,N05463,01,GRAB,RESULT,N,NR,NR,S,Surface,
1900-01-01 00:00:00,0.0,-99.0,ODES_OC,N05463,02,GRAB,RESULT,N,NR,NR,S,Surface,
1900-01-01 00:00:00,0.0,-99.0,ODES_OC,N05463,03,GRAB,RESULT,N,NR,NR,S,Surface,
1900-01-01 00:00:00,0.0,-99.0,ODES_OC,N05464,01,GRAB,RESULT,N,NR,NR,S,Surface,
1900-01-01 00:00:00,0.0,-99.0,ODES_OC,N05464,02,GRAB,RESULT,N,NR,NR,S,Surface,
1900-01-01 00:00:00,0.0,-99.0,ODES_OC,N05464,03,GRAB,RESULT,N,NR,NR,S,Surface,
1900-01-01 00:00:00,0.0,-99.0,ODES_OC,N05487,02,GRAB,RESULT,N,NR,NR,S,Surface,
1900-01-01 00:00:00,0.0,-99.0,ODES_OC,N05487,03,GRAB,RESULT,N,NR,NR,S,Surface,
1900-01-01 00:00:00,0.0,-99.0,ODES_OC,N05487,04,GRAB,RESULT,N,NR,NR,S,Surface,
1900-01-01 00:00:00,0.0,-99.0,ODES_OC,N05488,01,GRAB,RESULT,N,NR,NR,S,Surface,
1900-01-01 00:00:00,0.0,-99.0,ODES_OC,N05488,02,GRAB,RESULT,N,NR,NR,S,Surface,
1900-01-01 00:00:00,0.0,-99.0,ODES_OC,N05488,03,GRAB,RESULT,N,NR,NR,S,Surface,
1900-01-01 00:00:00,0.0,-99.0,ODES_OC,N05489,01,GRAB,RESULT,N,NR,NR,S,Surface,
1900-01-01 00:00:00,0.0,-99.0,ODES_OC,N05489,02,GRAB,RESULT,N,NR,NR,S,Surface,
1900-01-01 00:00:00,0.0,-99.0,ODES_OC,N05489,03,GRAB,RESULT,N,NR,NR,S,Surface,
1900-01-01 00:00:00,0.0,-99.0,ODES_OC,N05490,01,GRAB,RESULT,N,NR,NR,S,Surface,
1900-01-01 00:00:00,0.0,-99.0,ODES_OC,N05490,02,GRAB,RESULT,N,NR,NR,S,Surface,
1900-01-01 00:00:00,0.0,-99.0,ODES_OC,N05490,03,GRAB,RESULT,N,NR,NR,S,Surface,
1900-01-01 00:00:00,0.0,-99.0,ODES_OC,N05491,01,GRAB,RESULT,N,NR,NR,S,Surface,
1900-01-01 00:00:00,0.0,-99.0,ODES_OC,N05491,02,GRAB,RESULT,N,NR,NR,S,Surface,
1900-01-01 00:00:00,0.0,-99.0,ODES_OC,N05491,03,GRAB,RESULT,N,NR,NR,S,Surface,
1900-01-01 00:00:00,0.0,-99.0,ODES_OC,N05492,01,GRAB,RESULT,N,NR,NR,S,Surface,
1900-01-01 00:00:00,0.0,-99.0,ODES_OC,N05492,02,GRAB,RESULT,N,NR,NR,S,Surface,
1900-01-01 00:00:00,0.0,-99.0,ODES_OC,N05492,03,GRAB,RESULT,N,NR,NR,S,Surface,
1900-01-01 00:00:00,0.0,-99.0,ODES_OC,N05509,01,GRAB,RESULT,N,NR,NR,S,Surface,
1900-01-01 00:00:00,0.0,-99.0,ODES_OC,N05509,02,GRAB,RESULT,N,NR,NR,S,Surface,
1900-01-01 00:00:00,0.0,-99.0,ODES_OC,N05509,03,GRAB,RESULT,N,NR,NR,S,Surface,
1900-01-01 00:00:00,0.0,-99.0,ODES_OC,N05510,01,GRAB,RESULT,N,NR,NR,S,Surface,
1900-01-01 00:00:00,0.0,-99.0,ODES_OC,N05510,02,GRAB,RESULT,N,NR,NR,S,Surface,
1900-01-01 00:00:00,0.0,-99.0,ODES_OC,N05510,03,GRAB,RESULT,N,NR,NR,S,Surface,
1900-01-01 00:00:00,0.0,-99.0,ODES_OC,N05511,01,GRAB,RESULT,N,NR,NR,S,Surface,
1900-01-01 00:00:00,0.0,-99.0,ODES_OC,N05511,02,GRAB,RESULT,N,NR,NR,S,Surface,
1900-01-01 00:00:00,0.0,-99.0,ODES_OC,N05511,03,GRAB,RESULT,N,NR,NR,S,Surface,
1900-01-01 00:00:00,0.0,-99.0,ODES_OC,N05511,04,GRAB,RESULT,N,NR,NR,S,Surface,
1900-01-01 00:00:00,0.0,-99.0,ODES_OC,N05511,05,GRAB,RESULT,N,NR,NR,S,Surface,
1900-01-01 00:00:00,0.0,-99.0,ODES_OC,N05511,06,GRAB,RESULT,N,NR,NR,S,Surface,
1900-01-01 00:00:00,0.0,-99.0,ODES_OC,N05512,01,GRAB,RESULT,N,NR,NR,S,Surface,
1900-01-01 00:00:00,0.0,-99.0,ODES_OC,N05512,02,GRAB,RESULT,N,NR,NR,S,Surface,
1900-01-01 00:00:00,0.0,-99.0,ODES_OC,N05512,03,GRAB,RESULT,N,NR,NR,S,Surface,
1900-01-01 00:00:00,0.0,-99.0,ODES_OC,N05513,01,GRAB,RESULT,N,NR,NR,S,Surface,
1900-01-01 00:00:00,0.0,-99.0,ODES_OC,N05513,02,GRAB,RESULT,N,NR,NR,S,Surface,
1900-01-01 00:00:00,0.0,-99.0,ODES_OC,N05513,03,GRAB,RESULT,N,NR,NR,S,Surface,
1998-01-18 00:00:00,0.0,52.29999923706055,OYSTPT,1,1,PUSH,RESULT,Y,Silt/Clay,NR,SB,Subsurface,Push Corer
1998-01-18 00:00:00,0.0,88.30000305175781,OYSTPT,2,2,PUSH,RESULT,Y,Silt/Clay,NR,SB,Subsurface,Push Corer
1998-01-18 00:00:00,0.0,53.599998474121094,OYSTPT,3,3,PUSH,RESULT,Y,Silt/Clay,NR,SB,Subsurface,Push Corer
1998-01-18 00:00:00,0.0,52.400001525878906,OYSTPT,4,4,PUSH,RESULT,Y,Silt/Clay,NR,SB,Subsurface,Push Corer
1998-01-18 00:00:00,0.0,-99.0,OYSTPT,Control,Control,UNK,CNEG,U,NR,NR,B,CNEG,
1998-01-16 00:00:00,0.0,-99.0,OYSTPT,Reference,Reference,PDREDGE,REF,U,NR,NR,SB,Surface,Pipe dredge
2003-05-21 00:00:00,0.0,60.959999084472656,PINOLE,Area 1,Area 1,GRAV,RESULT,Y,Sand,Gray Brown,SB,Subsurface,
2003-05-21 00:00:00,0.0,63.25,PINOLE,Area 2,Area 2,GRAV,RESULT,Y,Sand,Gray Brown,SB,Subsurface,
2003-05-21 00:00:00,0.0,53.849998474121094,PINOLE,Area 3,Area 3,GRAV,RESULT,Y,Sand,Gray Brown,SB,Subsurface,
2003-05-20 00:00:00,0.0,-99.0,PINOLE,Control ,Control ,UNK,CNEG,N,NR,NR,B,CNEG,
2003-05-20 00:00:00,0.0,-99.0,PINOLE,L-Control,L-Control,UNK,CNEG,N,NR,NR,B,CNEG,
2003-05-19 00:00:00,0.0,-99.0,PINOLE,Reference,Reference,BUCKET,REF,N,NR,NR,SB,Surface,Bucket Dredge
2003-05-20 00:00:00,-99.0,-99.0,PINOLE,S-Control,S-Control,SWDRAW,CNEG,N,NR,NR,B,CNEG,
2000-09-28 00:00:00,0.0,487.70001220703125,PITT_POWER,1,1,CORE,Result,Y,Unconsolidated fines,NR,SB,Subsurface,Core type not reported.
2000-09-28 00:00:00,-99.0,-99.0,PITT_POWER,Control,Control,SWDRAW,CNEG,N,NR,NR,B,CNEG,
2000-09-28 00:00:00,0.0,-99.0,PITT_POWER,Control-NSF,Control,UNK,CNEG,N,NR,NR,B,CNEG,
2000-09-28 00:00:00,0.0,-99.0,PITT_POWER,Control-Tomales,Control,UNK,CNEG,N,NR,NR,B,CNEG,
2000-09-28 00:00:00,0.0,-99.0,PITT_POWER,Reference,Reference,UNK,REF,N,NR,NR,SB,Surface,Dredge type not reported.
1900-01-01 00:00:00,0.0,-99.0,POAK_50FT,CONTROL-PH1A,CONTROL-PH1A,UNK,CNEG,N,NR,NR,B,CNEG,
1900-01-01 00:00:00,0.0,-99.0,POAK_50FT,CONTROL-PH1B,CONTROL-PH1B,UNK,CNEG,N,NR,NR,B,CNEG,
1900-01-01 00:00:00,0.0,-99.0,POAK_50FT,CONTROL-PH1C,CONTROL-PH1C,UNK,CNEG,N,NR,NR,B,CNEG,
1900-01-01 00:00:00,0.0,-99.0,POAK_50FT,CONTROL-PH1D,CONTROL-PH1D,UNK,CNEG,N,NR,NR,B,CNEG,
1900-01-01 00:00:00,0.0,-99.0,POAK_50FT,CONTROL-PH1E,CONTROL-PH1E,UNK,CNEG,N,NR,NR,B,CNEG,
1900-01-01 00:00:00,0.0,-99.0,POAK_50FT,CONTROL-PH-BAT,CONTROL-PH-BAT,UNK,CNEG,N,NR,NR,B,CNEG,
1997-08-22 00:00:00,0.0,94.0,POAK_50FT,ICPH1A,IC-052-YS,VIBRA,RESULT,Y,NR,NR,SB,Subsurface,
1997-08-25 00:00:00,0.0,35.20000076293945,POAK_50FT,ICPH1B,IC-053-YS,VIBRA,RESULT,Y,NR,NR,SB,Subsurface,
1997-08-21 00:00:00,0.0,67.5999984741211,POAK_50FT,ICPH1C,IC-054-YS,VIBRA,RESULT,Y,NR,NR,SB,Subsurface,
1997-08-20 00:00:00,0.0,53.29999923706055,POAK_50FT,ICPH1D,IC-337-YS,VIBRA,RESULT,Y,NR,NR,S,Subsurface,
1997-08-01 00:00:00,0.0,88.4000015258789,POAK_50FT,ICPH1E,IC-102-YS,VIBRA,RESULT,Y,NR,NR,SB,Subsurface,
1998-01-24 00:00:00,0.0,195.10000610351562,POAK_50FT,ICPH2A,IC-116-YS,VIBRA,RESULT,Y,NR,NR,SB,Subsurface,
1998-01-25 00:00:00,0.0,169.1999969482422,POAK_50FT,ICPH2B,IC-117-YS,VIBRA,RESULT,Y,NR,NR,SB,Subsurface,
1998-01-26 00:00:00,0.0,72.0999984741211,POAK_50FT,ICPH2C,IC-118-YS,VIBRA,RESULT,Y,NR,NR,SB,Subsurface,
1998-01-24 00:00:00,0.0,107.4000015258789,POAK_50FT,ICPH2D,IC-119-YS,VIBRA,RESULT,Y,NR,NR,SB,Subsurface,
1998-01-23 00:00:00,0.0,10.600000381469727,POAK_50FT,ICPH2E,IC-120-YS,VIBRA,RESULT,Y,NR,NR,SB,Surface,
1998-01-24 00:00:00,0.0,223.5,POAK_50FT,ICPH2F,IC-121-YS,VIBRA,RESULT,Y,NR,NR,SB,Subsurface,
1998-04-08 00:00:00,0.0,66.30000305175781,POAK_50FT,ICPH3A,IC-125-YS,VIBRA,RESULT,Y,NR,NR,SB,Subsurface,
1998-04-06 00:00:00,0.0,61.0,POAK_50FT,ICPH3B,IC-126-YS,VIBRA,RESULT,Y,NR,NR,SB,Subsurface,
1998-04-10 00:00:00,0.0,36.599998474121094,POAK_50FT,ICPH3C,IC-127-YS,VIBRA,RESULT,Y,NR,NR,SB,Subsurface,
1998-04-10 00:00:00,0.0,95.5,POAK_50FT,ICPH3D,IC-128-YS,VIBRA,RESULT,Y,NR,NR,SB,Subsurface,
1900-01-01 00:00:00,-99.0,-99.0,POAK_50FT,IC-SW-C7,IC-SW-C7,VIBRA,CNEG,N,NR,NR,B,CNEG,
1997-08-08 00:00:00,0.0,105.9000015258789,POAK_50FT,IWPH1A,IW-069-YS,VIBRA,RESULT,Y,NR,NR,SB,Subsurface,
1997-08-07 00:00:00,0.0,121.9000015258789,POAK_50FT,IWPH1B,IW-070-YS,VIBRA,RESULT,Y,NR,NR,SB,Subsurface,
1997-08-07 00:00:00,121.9000015258789,221.0,POAK_50FT,IWPH1B,IW-075-YM,VIBRA,RESULT,Y,NR,NR,SB,Subsurface,
1997-08-07 00:00:00,221.0,236.1999969482422,POAK_50FT,IWPH1B,IW-076-YB,VIBRA,RESULT,Y,NR,NR,SB,Subsurface,
1997-08-07 00:00:00,0.0,121.9000015258789,POAK_50FT,IWPH1C,IW-071-YS,VIBRA,RESULT,Y,NR,NR,SB,Subsurface,
1997-08-07 00:00:00,121.9000015258789,243.8000030517578,POAK_50FT,IWPH1C,IW-077-YM,VIBRA,RESULT,Y,NR,NR,SB,Subsurface,
1997-08-07 00:00:00,243.8000030517578,362.0,POAK_50FT,IWPH1C,IW-078-YB,VIBRA,RESULT,Y,NR,NR,SB,Subsurface,Lower depth (core length) verified from original report.
1997-08-07 00:00:00,0.0,121.9000015258789,POAK_50FT,IWPH1D,IW-072-YS,VIBRA,RESULT,Y,NR,NR,SB,Subsurface,
1997-08-07 00:00:00,121.9000015258789,259.1000061035156,POAK_50FT,IWPH1D,IW-079-YM,VIBRA,RESULT,Y,NR,NR,SB,Subsurface,
1998-04-07 00:00:00,0.0,189.0,POAK_50FT,IWPH3A,IW-129-YS,VIBRA,RESULT,Y,NR,NR,SB,Subsurface,
1998-04-07 00:00:00,0.0,121.9000015258789,POAK_50FT,IWPH3B,IW-130-YS,VIBRA,RESULT,Y,NR,NR,SB,Subsurface,
1998-04-07 00:00:00,121.9000015258789,229.89999389648438,POAK_50FT,IWPH3B,IW-132-YM,VIBRA,RESULT,Y,NR,NR,SB,Subsurface,
1998-04-08 00:00:00,0.0,121.9000015258789,POAK_50FT,IWPH3C,IW-131-YS,VIBRA,RESULT,Y,NR,NR,SB,Subsurface,
1998-04-08 00:00:00,121.9000015258789,217.10000610351562,POAK_50FT,IWPH3C,IW-133-YM,VIBRA,RESULT,Y,NR,NR,SB,Subsurface,
1998-04-08 00:00:00,243.8000030517578,308.6000061035156,POAK_50FT,IWPH3D,IW-134-YB,VIBRA,RESULT,Y,NR,NR,SB,Subsurface,
1900-01-01 00:00:00,-99.0,-99.0,POAK_50FT,IW-SW-C3,IW-SW-C3,VIBRA,CNEG,N,NR,NR,B,CNEG,
1900-01-01 00:00:00,-99.0,-99.0,POAK_50FT,IW-SW-C4,IW-SW-C4,VIBRA,CNEG,N,NR,NR,B,CNEG,
1997-08-12 00:00:00,0.0,45.20000076293945,POAK_50FT,OCPH1A,OC-011-YS,VIBRA,RESULT,Y,NR,NR,SB,Subsurface,
1997-08-15 00:00:00,0.0,81.4000015258789,POAK_50FT,OCPH1B,OC-012-YS,VIBRA,RESULT,Y,NR,NR,SB,Subsurface,
1997-08-19 00:00:00,0.0,68.4000015258789,POAK_50FT,OCPH1C,OC-013-YS,VIBRA,RESULT,Y,NR,NR,SB,Subsurface,
1998-01-19 00:00:00,0.0,184.39999389648438,POAK_50FT,OCPH2A,OC-107-YS,VIBRA,RESULT,Y,NR,NR,SB,Subsurface,
1998-01-19 00:00:00,0.0,189.0,POAK_50FT,OCPH2B,OC-108-YS,VIBRA,RESULT,Y,NR,NR,SB,Subsurface,
1998-01-22 00:00:00,0.0,118.0999984741211,POAK_50FT,OCPH2C,OC-109-YS,VIBRA,RESULT,Y,NR,NR,SB,Subsurface,
1998-01-24 00:00:00,0.0,112.80000305175781,POAK_50FT,OCPH2D,OC-110-YS,VIBRA,RESULT,Y,NR,NR,SB,Subsurface,
1998-01-21 00:00:00,0.0,183.60000610351562,POAK_50FT,OCPH2E,OC-112-YS,VIBRA,RESULT,Y,NR,NR,SB,Subsurface,
1998-01-21 00:00:00,0.0,258.1000061035156,POAK_50FT,OCPH2F,OC-113-YS,VIBRA,RESULT,Y,NR,NR,SB,Subsurface,
1998-01-24 00:00:00,0.0,271.29998779296875,POAK_50FT,OCPH2G,OC-114A-YS,VIBRA,RESULT,Y,NR,NR,SB,Subsurface,
1998-01-24 00:00:00,0.0,201.1999969482422,POAK_50FT,OCPH2H,OC-114B-YS,VIBRA,RESULT,Y,NR,NR,SB,Subsurface,
1998-01-20 00:00:00,0.0,262.1000061035156,POAK_50FT,OCPH2I,OC-115-YS,VIBRA,RESULT,Y,NR,NR,SB,Subsurface,
1998-04-10 00:00:00,0.0,31.200000762939453,POAK_50FT,OCPH3A,OC-122-YS,VIBRA,RESULT,Y,NR,NR,SB,Subsurface,
1998-04-10 00:00:00,0.0,54.099998474121094,POAK_50FT,OCPH3B,OC-123-YS,VIBRA,RESULT,Y,NR,NR,SB,Subsurface,
1998-04-06 00:00:00,0.0,40.400001525878906,POAK_50FT,OCPH3C,OC-124-YS,VIBRA,RESULT,Y,NR,NR,SB,Subsurface,
1900-01-01 00:00:00,-99.0,-99.0,POAK_50FT,OC-SW-C5,OC-SW-C5,VIBRA,CNEG,N,NR,NR,B,CNEG,
1900-01-01 00:00:00,-99.0,-99.0,POAK_50FT,OC-SW-C7,OC-SW-C7,VIBRA,CNEG,N,NR,NR,B,CNEG,
1997-08-04 00:00:00,0.0,121.9000015258789,POAK_50FT,OWPH1A,OW-014-YS,VIBRA,RESULT,Y,NR,NR,SB,Subsurface,
1997-08-04 00:00:00,121.9000015258789,243.8000030517578,POAK_50FT,OWPH1A,OW-023-YM,VIBRA,RESULT,Y,NR,NR,SB,Subsurface,
1997-08-04 00:00:00,243.8000030517578,549.7000122070312,POAK_50FT,OWPH1A,OW-024-YB,VIBRA,RESULT,Y,NR,NR,SB,Subsurface,Lower depth (core length) verified from original report.
1997-08-04 00:00:00,0.0,121.9000015258789,POAK_50FT,OWPH1B,OW-015-YS,VIBRA,RESULT,Y,NR,NR,SB,Subsurface,
1997-08-04 00:00:00,121.9000015258789,243.8000030517578,POAK_50FT,OWPH1B,OW-025-YM,VIBRA,RESULT,Y,NR,NR,SB,Subsurface,
1997-08-04 00:00:00,243.8000030517578,781.9000244140625,POAK_50FT,OWPH1B,OW-026-YB,VIBRA,RESULT,Y,NR,NR,SB,Subsurface,Lower depth (core length) verified from original report.
1997-08-05 00:00:00,0.0,121.9000015258789,POAK_50FT,OWPH1C,OW-016-YS,VIBRA,RESULT,Y,NR,NR,SB,Subsurface,
1997-08-05 00:00:00,121.9000015258789,243.8000030517578,POAK_50FT,OWPH1C,OW-027-YM,VIBRA,RESULT,Y,NR,NR,SB,Subsurface,
1997-08-05 00:00:00,243.8000030517578,511.0,POAK_50FT,OWPH1C,OW-028-YB,VIBRA,RESULT,Y,NR,NR,SB,Subsurface,Lower depth (core length) verified from original report.
1997-08-05 00:00:00,0.0,106.69999694824219,POAK_50FT,OWPH1D,OW-017-YS,VIBRA,RESULT,Y,NR,NR,SB,Subsurface,
1997-08-05 00:00:00,106.69999694824219,217.39999389648438,POAK_50FT,OWPH1D,OW-029-YM,VIBRA,RESULT,Y,NR,NR,S,Subsurface,
1997-08-13 00:00:00,0.0,121.9000015258789,POAK_50FT,OWPH1E,OW-018-YS,VIBRA,RESULT,Y,NR,NR,SB,Subsurface,
1997-08-13 00:00:00,121.9000015258789,238.6999969482422,POAK_50FT,OWPH1E,OW-031-YM,VIBRA,RESULT,Y,NR,NR,SB,Subsurface,
1997-08-13 00:00:00,238.6999969482422,287.5,POAK_50FT,OWPH1E,OW-032-YB,VIBRA,RESULT,Y,NR,NR,SB,Subsurface,
1997-08-13 00:00:00,0.0,121.9000015258789,POAK_50FT,OWPH1F,OW-019-YS,VIBRA,RESULT,Y,NR,NR,SB,Subsurface,
1997-08-13 00:00:00,121.9000015258789,243.8000030517578,POAK_50FT,OWPH1F,OW-033-YM,VIBRA,RESULT,Y,NR,NR,SB,Subsurface,
1997-08-13 00:00:00,243.8000030517578,428.20001220703125,POAK_50FT,OWPH1F,OW-034-YB,VIBRA,RESULT,Y,NR,NR,SB,Subsurface,Lower depth (core length) verified from original report.
1997-08-14 00:00:00,0.0,121.9000015258789,POAK_50FT,OWPH1G,OW-020-YS,VIBRA,RESULT,Y,NR,NR,SB,Subsurface,
1997-08-14 00:00:00,121.9000015258789,243.8000030517578,POAK_50FT,OWPH1G,OW-035-YM,VIBRA,RESULT,Y,NR,NR,SB,Subsurface,
1997-08-14 00:00:00,243.8000030517578,303.20001220703125,POAK_50FT,OWPH1G,OW-036-YB,VIBRA,RESULT,Y,NR,NR,SB,Subsurface,
1997-08-14 00:00:00,0.0,96.80000305175781,POAK_50FT,OWPH1H,OW-021-YS,VIBRA,RESULT,Y,NR,NR,SB,Subsurface,
1997-08-14 00:00:00,88.4000015258789,146.3000030517578,POAK_50FT,OWPH1H,OW-037-YM,VIBRA,RESULT,Y,NR,NR,SB,Subsurface,
1997-08-06 00:00:00,0.0,121.9000015258789,POAK_50FT,OWPH1I,OW-022-YS,VIBRA,RESULT,Y,NR,NR,SB,Subsurface,
1997-08-06 00:00:00,121.9000015258789,-99.0,POAK_50FT,OWPH1I,OW-039-YM,VIBRA,RESULT,Y,NR,NR,SB,Subsurface,
1900-01-01 00:00:00,-99.0,-99.0,POAK_50FT,OW-SW-C1,OW-SW-C1,VIBRA,CNEG,N,NR,NR,B,CNEG,
1900-01-01 00:00:00,-99.0,-99.0,POAK_50FT,OW-SW-C2,OW-SW-C2,VIBRA,CNEG,N,NR,NR,B,CNEG,
1900-01-01 00:00:00,-99.0,-99.0,POAK_50FT,OW-SW-C3,OW-SW-C3,VIBRA,CNEG,N,NR,NR,B,CNEG,
1900-01-01 00:00:00,-99.0,-99.0,POAK_50FT,OW-SW-C4,OW-SW-C4,VIBRA,CNEG,N,NR,NR,B,CNEG,
1900-01-01 00:00:00,-99.0,-99.0,POAK_50FT,OW-SW-C5,OW-SW-C5,VIBRA,CNEG,N,NR,NR,B,CNEG,
1900-01-01 00:00:00,-99.0,-99.0,POAK_50FT,OW-SW-C6,OW-SW-C6,VIBRA,CNEG,N,NR,NR,B,CNEG,
1994-04-01 00:00:00,0.0,-99.0,POAK_B2630,AAControl,AAControl,GRAB,CNEG,N,NR,NR,B,CNEG,
1994-03-14 00:00:00,0.0,117.4000015258789,POAK_B2630,Berth 26,Berth 26,CORE,RESULT,Y,Clay,Brown,SB,Subsurface,
1994-03-14 00:00:00,0.0,121.9000015258789,POAK_B2630,Berth 30,Berth 30,CORE,RESULT,Y,Clay,Gray,SB,Subsurface,
1994-03-14 00:00:00,0.0,97.9000015258789,POAK_B2630,OHCI,OHCI,CORE,RESULT,Y,Clay,Gray,SB,Subsurface,
1994-03-14 00:00:00,0.0,112.0,POAK_B2630,OHCII,OHCII,CORE,RESULT,Y,Clay,Gray,SB,Subsurface,
2001-04-30 00:00:00,0.0,396.0,POLA_B100,Area A,Area A,CORE,RESULT,Y,NR,NR,S,Subsurface,
2001-04-27 00:00:00,0.0,177.0,POLA_B100,Area B,Area B,CORE,RESULT,Y,Shell Hash,NR,S,Subsurface,
1993-05-28 00:00:00,0.0,229.0,POLA_B10709,107-9 A,A-Entire,CORE,RESULT,N,NR,NR,SE,Subsurface,
1993-05-29 00:00:00,264.0,366.0,POLA_B10709,107-9 B,B-Bot,CORE,RESULT,N,Silty Sand,Black,SE,Subsurface,
1993-05-29 00:00:00,122.0,264.0,POLA_B10709,107-9 B,B-Mid,CORE,RESULT,N,Silty Sand,Black,SE,Subsurface,
1993-05-29 00:00:00,0.0,122.0,POLA_B10709,107-9 B,B-Top,CORE,RESULT,N,Silty Sand,Black,SE,Subsurface,
1993-05-29 00:00:00,122.0,280.0,POLA_B10709,107-9 C,C-Bot,CORE,RESULT,N,"Silts, clays, sand",Black,SE,Subsurface,
1993-05-29 00:00:00,0.0,122.0,POLA_B10709,107-9 C,C-Top,CORE,RESULT,N,"Silts, clays, sand",Black,SE,Subsurface,
1993-05-29 00:00:00,198.0,320.0,POLA_B10709,107-9 D,D-Bot,CORE,RESULT,N,Sandy Silt with Shell Hash,Black,SE,Subsurface,
1993-05-29 00:00:00,0.0,198.0,POLA_B10709,107-9 D,D-Top,CORE,RESULT,N,Sandy Silt with Shell Hash,Black,SE,Subsurface,
1993-05-29 00:00:00,0.0,213.0,POLA_B10709,107-9 E,E-Entire,CORE,RESULT,N,Shell Hash,NR,SE,Subsurface,
1993-05-29 00:00:00,0.0,216.0,POLA_B10709,107-9 F,F-Entire,CORE,RESULT,N,Shell Hash,NR,SE,Subsurface,
1993-05-29 00:00:00,0.0,241.0,POLA_B10709,107-9 G,G-Entire,CORE,RESULT,N,Shell Hash,NR,SE,Subsurface,
1993-05-29 00:00:00,229.0,366.0,POLA_B10709,107-9 H,H-Bot,CORE,RESULT,N,"Silts, clays, sand with Shell Hash",Black,SE,Subsurface,
1993-05-29 00:00:00,122.0,229.0,POLA_B10709,107-9 H,H-Mid,CORE,RESULT,N,"Silts, clays, sand with Shell Hash",Black,SE,Subsurface,
1993-05-29 00:00:00,0.0,122.0,POLA_B10709,107-9 H,H-Top,CORE,RESULT,N,"Silts, clays, sand with Shell Hash",Black,SE,Subsurface,
1993-05-28 00:00:00,259.0,366.0,POLA_B10709,107-9 I,I-Bot,CORE,RESULT,N,"Silts, clays, sand with Shell Hash",Black,SE,Subsurface,
1993-05-28 00:00:00,122.0,259.0,POLA_B10709,107-9 I,I-Mid,CORE,RESULT,N,"Silts, clays, sand with Shell Hash",Black,SE,Subsurface,
1993-05-28 00:00:00,0.0,122.0,POLA_B10709,107-9 I,I-Top,CORE,RESULT,N,"Silts, clays, sand with Shell Hash",Black,SE,Subsurface,
1993-05-28 00:00:00,259.0,442.0,POLA_B10709,107-9 J,J-Bot,CORE,RESULT,N,"Silts, clays, sand with Shell Hash",Black,SE,Subsurface,
1993-05-28 00:00:00,122.0,259.0,POLA_B10709,107-9 J,J-Mid,CORE,RESULT,N,"Silts, clays, sand with Shell Hash",Black,SE,Subsurface,
1993-05-28 00:00:00,0.0,122.0,POLA_B10709,107-9 J,J-Top,CORE,RESULT,N,"Silts, clays, sand with Shell Hash",Black,SE,Subsurface,
1993-05-28 00:00:00,0.0,-99.0,POLA_B10709,Harbor,Harbor,GRAB,REF,N,NR,NR,E,Surface,
1997-04-14 00:00:00,0.0,224.0,POLA_B11820,118/120,118/120 Comp,CORE,RESULT,Y,NR,NR,SEB,Subsurface,
1997-04-14 00:00:00,-99.0,-99.0,POLA_B11820,Inner Harbor,Dredge Site Water,SWDRAW,CNEG,Y,NR,NR,B,CNEG,
1997-04-14 00:00:00,-99.0,-99.0,POLA_B11820,Main Channel,Harbor Water,SWDRAW,REF,Y,NR,NR,E,NA,
1997-04-14 00:00:00,0.0,-99.0,POLA_B11820,Outer Harbor,Reference,UNK,REF,Y,NR,NR,B,Surface,
1997-04-14 00:00:00,0.0,10.0,POLA_B11820,Santa Cruz,Lab Control,UNK,CNEG,N,NR,NR,B,CNEG,
2000-12-21 00:00:00,0.0,274.0,POLA_B12124,Berth 121-2,Berth 121-2,CORE,RESULT,Y,NR,NR,TB,Subsurface,
2000-12-21 00:00:00,162.0,289.0,POLA_B12124,Berth 121-2,Berth 121-2 Bot,CORE,RESULT,Y,Silty Sand,Gray Black,S,Subsurface,
2000-12-21 00:00:00,0.0,162.0,POLA_B12124,Berth 121-2,Berth 121-2 Top,CORE,RESULT,Y,Silty Sand,Gray Black,S,Subsurface,
2000-12-19 00:00:00,0.0,122.0,POLA_B12124,Berth 122,Berth 122,CORE,RESULT,Y,NR,NR,STB,Subsurface,
2000-12-19 00:00:00,0.0,10.0,POLA_B12124,Control,Control,GRAB,CNEG,N,NR,NR,B,CNEG,
2000-12-19 00:00:00,0.0,10.0,POLA_B12124,LA-2 Ref,LA-2 REF,GRAB,REF,N,NR,NR,STB,Surface,
1997-02-26 00:00:00,0.0,152.0,POLA_B12126,Berth 121,121-1,CORE,RESULT,Y,NR,NR,S,Subsurface,
1997-02-26 00:00:00,0.0,152.0,POLA_B12126,Berth 121,121-4,CORE,RESULT,Y,NR,NR,S,Subsurface,
1997-02-26 00:00:00,0.0,183.0,POLA_B12126,Berth 121,121-5,CORE,RESULT,Y,NR,NR,S,Subsurface,
1997-02-26 00:00:00,0.0,91.0,POLA_B12126,Berth 121,121-6,CORE,RESULT,Y,NR,NR,S,Subsurface,
1997-02-26 00:00:00,0.0,91.0,POLA_B12126,Berth 121,121-7,CORE,RESULT,Y,NR,NR,S,Subsurface,
1997-02-26 00:00:00,0.0,134.0,POLA_B12126,Berth 121,121-COMP,CORE,RESULT,Y,NR,NR,STB,Subsurface,
1997-02-27 00:00:00,0.0,152.0,POLA_B12126,Berth 126,126-1,CORE,RESULT,Y,Shell Hash,NR,S,Subsurface,
1997-02-27 00:00:00,0.0,183.0,POLA_B12126,Berth 126,126-2,CORE,RESULT,Y,Shell Hash,NR,S,Subsurface,
1997-02-27 00:00:00,0.0,152.0,POLA_B12126,Berth 126,126-3,CORE,RESULT,Y,Shell Hash,NR,S,Subsurface,
1997-02-27 00:00:00,0.0,91.0,POLA_B12126,Berth 126,126-4,CORE,RESULT,Y,Shell Hash,NR,S,Subsurface,
1997-02-27 00:00:00,0.0,61.0,POLA_B12126,Berth 126,126-5,CORE,RESULT,Y,Shell Hash,NR,S,Subsurface,
1997-02-27 00:00:00,0.0,128.0,POLA_B12126,Berth 126,126-COMP,CORE,RESULT,Y,Shell Hash,NR,STB,Subsurface,
1997-03-01 00:00:00,0.0,10.0,POLA_B12126,LA-2 Reference,Reference,GRAB,REF,N,NR,NR,STB,Surface,
1997-03-01 00:00:00,0.0,10.0,POLA_B12126,Newport Control,Newport Control,GRAB,CNEG,N,NR,NR,B,CNEG,
1997-03-01 00:00:00,0.0,10.0,POLA_B12126,Tomales Control,Tomales Control,GRAB,CNEG,N,NR,NR,B,CNEG,
1995-05-06 00:00:00,0.0,10.0,POLA_B12731,LA-2 Reference,LA2-Ref,SPIPE,REF,N,NR,NR,STEB,Surface,
1995-05-06 00:00:00,0.0,10.0,POLA_B12731,Newport Control,NB-Cont,GRAB,CNEG,N,NR,NR,SB,CNEG,
1995-05-06 00:00:00,-99.0,-99.0,POLA_B12731,Scripps Control,SCRIPPS-Cont,SWDRAW,CNEG,N,NR,NR,B,CNEG,
1995-05-10 00:00:00,0.0,-99.0,POLA_B12731,Test Site,Test-Comp,CORE,RESULT,Y,NR,NR,STEB,Subsurface,
1995-05-06 00:00:00,0.0,10.0,POLA_B12731,Tomales Control,TB-Cont,GRAB,CNEG,N,NR,NR,SB,CNEG,
1992-06-30 00:00:00,0.0,1158.0,POLA_B142,Berth 142,Berth 142,CORE,RESULT,Y,NR,NR,STB,Subsurface,Lower measure verified.
1992-06-30 00:00:00,0.0,10.0,POLA_B142,LA-2 Reference,LA2-Reference,VV,REF,N,NR,NR,STB,Surface,
1992-06-30 00:00:00,0.0,10.0,POLA_B142,SanFranciscoBay,SanFran-Control,VV,CNEG,N,NR,NR,B,CNEG,
1992-06-30 00:00:00,0.0,10.0,POLA_B142,Tomales Control,Tomales-Control,GRAB,CNEG,N,NR,NR,STB,CNEG,
1992-06-30 00:00:00,0.0,303.0,POLA_B14244,Berth 143 I,Berth 143 I,CORE,RESULT,Y,NR,NR,STEB,Subsurface,
1992-06-30 00:00:00,0.0,163.0,POLA_B14244,Berth 143-144 O,Berth 143-144 O,CORE,RESULT,Y,NR,NR,STEB,Subsurface,
1992-06-30 00:00:00,0.0,343.0,POLA_B14244,Berth 144 I,Berth 144 I,CORE,RESULT,Y,NR,NR,STEB,Subsurface,
1992-07-05 00:00:00,0.0,-99.0,POLA_B14244,Control,Control,CORE,CNEG,N,NR,NR,STB,CNEG,
1992-07-01 00:00:00,0.0,10.0,POLA_B14244,LA-2 Reference,Reference,GRAB,REF,N,NR,NR,STB,Surface,
1992-07-01 00:00:00,-99.0,-99.0,POLA_B14244,Lab Sea Water,Lab Control,SWDRAW,CNEG,N,NR,NR,B,CNEG,
1996-04-30 00:00:00,0.0,122.0,POLA_B144,Berth,Berth-1,CORE,RESULT,Y,NR,NR,S,Subsurface,
1996-04-30 00:00:00,0.0,244.0,POLA_B144,Berth,Berth-2,CORE,RESULT,Y,NR,NR,S,Subsurface,
1996-04-30 00:00:00,0.0,183.0,POLA_B144,Berth,Berth-3,CORE,RESULT,Y,NR,NR,S,Subsurface,
1996-04-30 00:00:00,0.0,152.0,POLA_B144,Berth,Berth-4,CORE,RESULT,Y,NR,NR,S,Subsurface,
1996-04-30 00:00:00,0.0,274.0,POLA_B144,Berth,Berth-5,CORE,RESULT,Y,NR,NR,S,Subsurface,
1996-04-30 00:00:00,0.0,195.0,POLA_B144,Berth,Berth-comp,CORE,RESULT,Y,NR,NR,STB,Subsurface,
1996-04-01 00:00:00,0.0,10.0,POLA_B144,LA-2 Reference,Ref,SPIPE,REF,N,NR,NR,SB,Surface,
1996-04-01 00:00:00,0.0,10.0,POLA_B144,Newport-Cont,Newp-Cont,GRAB,CNEG,N,NR,NR,SB,CNEG,
1996-04-01 00:00:00,0.0,-99.0,POLA_B144,Sea Water,Sea Water Control,GRAB,CNEG,N,NR,NR,B,CNEG,
1996-06-01 00:00:00,232.0,445.0,POLA_B144,Shore,Shore1-Mid,DRILL,RESULT,Y,NR,NR,S,Subsurface,
1996-06-01 00:00:00,475.0,-99.0,POLA_B144,Shore,Shore1-Nat,DRILL,RESULT,Y,NR,NR,S,Subsurface,
1996-06-01 00:00:00,0.0,201.0,POLA_B144,Shore,Shore1-Top,DRILL,RESULT,Y,NR,NR,S,Subsurface,
1996-06-01 00:00:00,232.0,445.0,POLA_B144,Shore,Shore2-Mid,DRILL,RESULT,Y,NR,NR,S,Subsurface,
1996-06-01 00:00:00,475.0,-99.0,POLA_B144,Shore,Shore2-Nat,DRILL,RESULT,Y,NR,NR,S,Subsurface,
1996-06-01 00:00:00,0.0,201.0,POLA_B144,Shore,Shore2-Top,DRILL,RESULT,Y,NR,NR,S,Subsurface,
1996-06-01 00:00:00,232.0,445.0,POLA_B144,Shore,Shore3-Mid,DRILL,RESULT,Y,NR,NR,S,Subsurface,
1996-06-01 00:00:00,475.0,-99.0,POLA_B144,Shore,Shore3-Nat,DRILL,RESULT,Y,NR,NR,S,Subsurface,
1996-06-01 00:00:00,0.0,201.0,POLA_B144,Shore,Shore3-Top,DRILL,RESULT,Y,NR,NR,S,Subsurface,
1996-06-01 00:00:00,232.0,445.0,POLA_B144,Shore,Shore-Comp-Mid,DRILL,RESULT,Y,NR,NR,STB,Subsurface,
1996-06-01 00:00:00,0.0,201.0,POLA_B144,Shore,Shore-Comp-Top,DRILL,RESULT,Y,NR,NR,STB,Subsurface,
1996-04-01 00:00:00,0.0,10.0,POLA_B144,Tomales-Cont,Tom-Cont,GRAB,CNEG,N,NR,NR,STB,CNEG,
1996-05-01 00:00:00,0.0,300.0,POLA_B147,Berth,Berth-1,CORE,RESULT,Y,NR,NR,S,Subsurface,
1996-05-01 00:00:00,0.0,120.0,POLA_B147,Berth,Berth-2,CORE,RESULT,Y,NR,NR,S,Subsurface,
1996-05-01 00:00:00,0.0,300.0,POLA_B147,Berth,Berth-3,CORE,RESULT,Y,NR,NR,S,Subsurface,
1996-05-01 00:00:00,0.0,120.0,POLA_B147,Berth,Berth-4,CORE,RESULT,Y,NR,NR,S,Subsurface,
1996-05-01 00:00:00,0.0,270.0,POLA_B147,Berth,Berth-5,CORE,RESULT,Y,NR,NR,S,Subsurface,
1996-05-01 00:00:00,0.0,222.0,POLA_B147,Berth,Berth-Comp,CORE,RESULT,Y,NR,NR,STB,Subsurface,
1996-04-26 00:00:00,0.0,10.0,POLA_B147,LA-2 Reference,Reference,SPIPE,REF,N,NR,NR,SB,Surface,
1996-04-26 00:00:00,0.0,10.0,POLA_B147,Newport Control,Newp-Control,GRAB,CNEG,N,NR,NR,SB,CNEG,
1996-04-26 00:00:00,730.0,1070.0,POLA_B147,Shore,Shore1-Bot,CORE,RESULT,Y,NR,NR,S,Subsurface,Shore-based directional core length verified.
1996-04-26 00:00:00,300.0,700.0,POLA_B147,Shore,Shore1-Mid,CORE,RESULT,Y,NR,NR,S,Subsurface,Shore-based directional core length verified.
1996-04-26 00:00:00,1100.0,1220.0,POLA_B147,Shore,Shore1-Nat,CORE,RESULT,Y,NR,NR,S,Subsurface,Shore-based directional core length verified.
1996-04-26 00:00:00,0.0,270.0,POLA_B147,Shore,Shore1-Top,CORE,RESULT,Y,NR,NR,S,Subsurface,
1996-04-26 00:00:00,730.0,1040.0,POLA_B147,Shore,Shore2-Bot,CORE,RESULT,Y,NR,NR,S,Subsurface,Shore-based directional core length verified.
1996-04-26 00:00:00,300.0,700.0,POLA_B147,Shore,Shore2-Mid,CORE,RESULT,Y,NR,NR,S,Subsurface,Shore-based directional core length verified.
1996-04-26 00:00:00,1070.0,1130.0,POLA_B147,Shore,Shore2-Nat,CORE,RESULT,Y,NR,NR,S,Subsurface,Shore-based directional core length verified.
1996-04-26 00:00:00,0.0,270.0,POLA_B147,Shore,Shore2-Top,CORE,RESULT,Y,NR,NR,S,Subsurface,
1996-04-26 00:00:00,730.0,1040.0,POLA_B147,Shore,Shore3-Bot,CORE,RESULT,Y,NR,NR,S,Subsurface,Shore-based directional core length verified.
1996-04-26 00:00:00,270.0,700.0,POLA_B147,Shore,Shore3-Mid,CORE,RESULT,Y,NR,NR,S,Subsurface,Shore-based directional core length verified.
1996-04-26 00:00:00,1070.0,1190.0,POLA_B147,Shore,Shore3-Nat,CORE,RESULT,Y,NR,NR,S,Subsurface,Shore-based directional core length verified.
1996-04-26 00:00:00,0.0,240.0,POLA_B147,Shore,Shore3-Top,CORE,RESULT,Y,NR,NR,S,Subsurface,
1996-04-26 00:00:00,730.0,1040.0,POLA_B147,Shore,Shore-Comp-Bot,CORE,RESULT,Y,NR,NR,STB,Subsurface,Shore-based directional core length verified.
1996-04-26 00:00:00,270.0,700.0,POLA_B147,Shore,Shore-Comp-Mid,CORE,RESULT,Y,NR,NR,SB,Subsurface,Shore-based directional core length verified.
1996-04-26 00:00:00,0.0,270.0,POLA_B147,Shore,Shore-Comp-Top,CORE,RESULT,Y,NR,NR,STB,Subsurface,
1996-04-26 00:00:00,0.0,10.0,POLA_B147,Tomales Control,Tomal-Control,GRAB,CNEG,N,NR,NR,STB,CNEG,
1996-04-26 00:00:00,-99.0,-99.0,POLA_B147,Water Control,W-Cont-Berth,SWDRAW,CNEG,N,NR,NR,B,CNEG,
1996-04-26 00:00:00,-99.0,-99.0,POLA_B147,Water Control,W-Cont-Shore-Bot,SWDRAW,CNEG,N,NR,NR,B,CNEG,
1996-04-26 00:00:00,-99.0,-99.0,POLA_B147,Water Control,W-Cont-Shore-Mid,SWDRAW,CNEG,N,NR,NR,B,CNEG,
1996-04-26 00:00:00,-99.0,-99.0,POLA_B147,Water Control,W-Cont-Shore-Top,SWDRAW,CNEG,N,NR,NR,B,CNEG,
1999-05-21 00:00:00,0.0,204.0,POLA_B14851,148-151,03-A,CORE,RESULT,Y,NR,NR,S,Subsurface,
1999-05-21 00:00:00,0.0,198.0,POLA_B14851,148-151,03-B,CORE,RESULT,Y,NR,NR,S,Subsurface,
1999-05-21 00:00:00,0.0,128.0,POLA_B14851,148-151,03-C,CORE,RESULT,Y,NR,NR,S,Subsurface,
1999-05-21 00:00:00,0.0,265.0,POLA_B14851,148-151,03-D,CORE,RESULT,Y,NR,NR,S,Subsurface,
1999-05-21 00:00:00,0.0,199.0,POLA_B14851,148-151,Site 03 (Comp),CORE,RESULT,Y,NR,NR,STB,Subsurface,
1999-05-21 00:00:00,0.0,-99.0,POLA_B14851,Control,CONTROL,CORE,CNEG,N,NR,NR,STB,CNEG,
1999-05-21 00:00:00,0.0,10.0,POLA_B14851,LA-2 Reference,Ref Site,GRAB,REF,N,NR,NR,STB,Surface,
1996-05-21 00:00:00,0.0,185.0,POLA_B16364,163-A,163-A COMP,CORE,RESULT,Y,NR,NR,STB,Subsurface,
1996-05-21 00:00:00,0.0,183.0,POLA_B16364,163-A,163-A1,CORE,RESULT,Y,NR,NR,S,Subsurface,
1996-05-21 00:00:00,0.0,198.0,POLA_B16364,163-A,163-A2,CORE,RESULT,Y,NR,NR,S,Subsurface,
1996-05-21 00:00:00,0.0,189.0,POLA_B16364,163-A,163-A3,CORE,RESULT,Y,NR,NR,S,Subsurface,
1996-05-21 00:00:00,0.0,174.0,POLA_B16364,163-A,163-A4,CORE,RESULT,Y,NR,NR,S,Subsurface,
1996-05-21 00:00:00,0.0,183.0,POLA_B16364,163-A,163-A5,CORE,RESULT,Y,NR,NR,S,Subsurface,
1996-05-22 00:00:00,0.0,167.0,POLA_B16364,163-B,163-B COMP,CORE,RESULT,Y,NR,NR,STB,Subsurface,
1996-05-22 00:00:00,0.0,189.0,POLA_B16364,163-B,163-B1,CORE,RESULT,Y,NR,NR,S,Subsurface,
1996-05-22 00:00:00,0.0,198.0,POLA_B16364,163-B,163-B2,CORE,RESULT,Y,NR,NR,S,Subsurface,
1996-05-22 00:00:00,0.0,104.0,POLA_B16364,163-B,163-B3,CORE,RESULT,Y,NR,NR,S,Subsurface,
1996-05-22 00:00:00,0.0,171.0,POLA_B16364,163-B,163-B4,CORE,RESULT,Y,NR,NR,S,Subsurface,
1996-05-22 00:00:00,0.0,174.0,POLA_B16364,163-B,163-B5,CORE,RESULT,Y,NR,NR,S,Subsurface,
1996-05-22 00:00:00,0.0,-99.0,POLA_B16364,Baseline,Baseline ,GRAB,RESULT,Y,NR,NR,T,Surface,
1996-05-22 00:00:00,0.0,10.0,POLA_B16364,LA2 Reference,Reference,GRAB,REF,N,NR,NR,STB,Surface,
1996-05-22 00:00:00,0.0,10.0,POLA_B16364,Tomales Control,Control,GRAB,CNEG,N,NR,NR,STB,CNEG,
1999-06-25 00:00:00,0.0,85.0,POLA_B16769_00,167-169,01-A,CORE,RESULT,Y,Shell Hash,NR,S,Subsurface,
1999-06-25 00:00:00,0.0,125.0,POLA_B16769_00,167-169,01-B,CORE,RESULT,Y,Shell Hash,NR,S,Subsurface,
1999-06-25 00:00:00,0.0,98.0,POLA_B16769_00,167-169,01-C,CORE,RESULT,Y,Shell Hash,NR,S,Subsurface,
1999-06-25 00:00:00,0.0,113.0,POLA_B16769_00,167-169,01-D,CORE,RESULT,Y,Shell Hash,NR,S,Subsurface,
1999-06-25 00:00:00,0.0,105.0,POLA_B16769_00,167-169,Site 01 (Comp),CORE,RESULT,Y,Shell Hash,NR,STB,Subsurface,
1999-06-25 00:00:00,0.0,-99.0,POLA_B16769_00,Control,CONTROL,CORE,CNEG,N,NR,NR,STB,CNEG,
1999-06-25 00:00:00,0.0,10.0,POLA_B16769_00,LA-2 Reference,Ref Site,SPIPE,REF,N,NR,NR,STB,Surface,
1991-11-27 00:00:00,0.0,122.0,POLA_B16769_92,Berths 167-169,Berths 167-169,CORE,RESULT,Y,NR,NR,STB,Subsurface,
1991-11-27 00:00:00,0.0,10.0,POLA_B16769_92,Control,Control,GRAB,CNEG,N,NR,NR,STB,CNEG,
1991-11-27 00:00:00,0.0,10.0,POLA_B16769_92,REF,REF,GRAB,REF,N,NR,NR,STB,Surface,
1996-07-17 00:00:00,116.0,251.0,POLA_B17173,Area I,I-Bot,CORE,RESULT,Y,NR,NR,STB,Subsurface,
1996-07-17 00:00:00,0.0,116.0,POLA_B17173,Area I,I-Top,CORE,RESULT,Y,NR,NR,STB,Subsurface,
1996-07-19 00:00:00,104.0,227.0,POLA_B17173,Area II,II-Bot,CORE,RESULT,Y,NR,NR,STB,Subsurface,
1996-07-19 00:00:00,0.0,104.0,POLA_B17173,Area II,II-Top,CORE,RESULT,Y,NR,NR,STB,Subsurface,
1996-07-19 00:00:00,0.0,10.0,POLA_B17173,Control,Control,GRAB,CNEG,N,NR,NR,B,CNEG,
1996-07-17 00:00:00,145.0,244.0,POLA_B17173,IA,IA-Bot,CORE,RESULT,N,Sand with Shell Hash,Olive Green,S,Subsurface,
1996-07-17 00:00:00,0.0,145.0,POLA_B17173,IA,IA-Top,CORE,RESULT,N,Sand with Shell Hash,Olive Green,S,Subsurface,
1996-07-17 00:00:00,99.0,236.0,POLA_B17173,IB,IB-Bot,CORE,RESULT,N,Sand with Shell Hash,Gray,S,Subsurface,
1996-07-17 00:00:00,0.0,99.0,POLA_B17173,IB,IB-Top,CORE,RESULT,N,Sand with Shell Hash,Gray,S,Subsurface,
1996-07-17 00:00:00,99.0,244.0,POLA_B17173,IC,1C-Bot,CORE,RESULT,N,Sand with Shell Hash,Green/gray,S,Subsurface,
1996-07-17 00:00:00,0.0,99.0,POLA_B17173,IC,1C-Top,CORE,RESULT,N,Sand with Shell Hash,Green/gray,S,Subsurface,
1996-07-19 00:00:00,91.0,274.0,POLA_B17173,ID,ID-Bot,CORE,RESULT,N,"Silts, clays, sand with Shell Hash",Gray Brown,S,Subsurface,
1996-07-19 00:00:00,0.0,91.0,POLA_B17173,ID,ID-Top,CORE,RESULT,N,"Silts, clays, sand with Shell Hash",Gray Brown,S,Subsurface,
1996-07-19 00:00:00,145.0,259.0,POLA_B17173,IE,IE-Bot,CORE,RESULT,N,Sand with Shell Hash,Gray Black,S,Subsurface,
1996-07-19 00:00:00,0.0,145.0,POLA_B17173,IE,IE-Top,CORE,RESULT,N,Sand with Shell Hash,Gray Black,S,Subsurface,
1996-07-19 00:00:00,122.0,229.0,POLA_B17173,IIA,IIA-Bot,CORE,RESULT,N,Sand with Shell Hash,Green/gray,S,Subsurface,
1996-07-19 00:00:00,0.0,122.0,POLA_B17173,IIA,IIA-Top,CORE,RESULT,N,Sand with Shell Hash,Green/gray,S,Subsurface,
1996-07-19 00:00:00,61.0,274.0,POLA_B17173,IIB,IIB-Bot,CORE,RESULT,N,Silty Sand with Shell Hash,Black,S,Subsurface,
1996-07-19 00:00:00,0.0,61.0,POLA_B17173,IIB,IIB-Top,CORE,RESULT,N,Silty Sand with Shell Hash,Black,S,Subsurface,
1996-07-19 00:00:00,122.0,221.0,POLA_B17173,IIC,IIC-Bot,CORE,RESULT,N,Sand with Shell Hash,Gray,S,Subsurface,
1996-07-19 00:00:00,0.0,122.0,POLA_B17173,IIC,IIC-Top,CORE,RESULT,N,Sand with Shell Hash,Gray,S,Subsurface,
1996-07-19 00:00:00,122.0,175.0,POLA_B17173,IID,IID-Bot,CORE,RESULT,N,Sand with Shell Hash,Gray,S,Subsurface,
1996-07-19 00:00:00,0.0,122.0,POLA_B17173,IID,IID-Top,CORE,RESULT,N,Sand with Shell Hash,Gray,S,Subsurface,
1996-07-19 00:00:00,91.0,236.0,POLA_B17173,IIE,IIE-Bot,CORE,RESULT,N,Sand with Shell Hash,Gray,S,Subsurface,
1996-07-19 00:00:00,0.0,91.0,POLA_B17173,IIE,IIE-Top,CORE,RESULT,N,Sand with Shell Hash,Gray,S,Subsurface,
1996-07-19 00:00:00,0.0,10.0,POLA_B17173,LA2-Ref,LA2-Ref,GRAB,REF,N,NR,NR,STB,Surface,
1993-08-04 00:00:00,0.0,10.0,POLA_B17476,LA-2 Reference,Reference,VV,REF,N,NR,NR,STB,Surface,
1993-08-05 00:00:00,0.0,155.0,POLA_B17476,Site A,SITE A-COMP,CORE,RESULT,Y,NR,NR,STB,Subsurface,
1993-08-06 00:00:00,0.0,132.0,POLA_B17476,Site B,SITE B-COMP,CORE,RESULT,Y,NR,NR,STB,Subsurface,
1993-08-04 00:00:00,0.0,10.0,POLA_B17476,Tomales Control,Tomales Control,GRAB,CNEG,N,NR,NR,TB,CNEG,
1995-05-06 00:00:00,0.0,10.0,POLA_B18790,LA-2 Reference,LA2REF,SPIPE,REF,N,NR,NR,SB,Surface,
1995-05-06 00:00:00,0.0,10.0,POLA_B18790,Newport Control,NEWPORT CONTROL,GRAB,CNEG,N,NR,NR,SB,CNEG,
1995-05-06 00:00:00,-99.0,-99.0,POLA_B18790,Seawater,SEA WATER CONTROL,SWDRAW,CNEG,N,NR,NR,B,CNEG,
1995-05-11 00:00:00,0.0,98.0,POLA_B18790,Site 4,SITE 4,CORE,RESULT,Y,NR,NR,SB,Subsurface,
1995-05-06 00:00:00,0.0,10.0,POLA_B18790,Tomales Control,TOMALES CONTROL,GRAB,CNEG,N,NR,NR,SB,CNEG,
1997-02-28 00:00:00,0.0,-99.0,POLA_B191,Berth 191,191-1,VIBRA,RESULT,Y,Shell Hash,NR,S,Subsurface,
1997-02-28 00:00:00,0.0,-99.0,POLA_B191,Berth 191,191-2,VIBRA,RESULT,Y,Shell Hash,NR,S,Subsurface,
1997-02-28 00:00:00,0.0,-99.0,POLA_B191,Berth 191,191-3,VIBRA,RESULT,Y,Shell Hash,NR,S,Subsurface,
1997-02-28 00:00:00,0.0,-99.0,POLA_B191,Berth 191,191-4,VIBRA,RESULT,Y,Shell Hash,NR,S,Subsurface,
1997-02-28 00:00:00,0.0,-99.0,POLA_B191,Berth 191,191-5,VIBRA,RESULT,Y,Shell Hash,NR,S,Subsurface,
1997-02-28 00:00:00,0.0,-99.0,POLA_B191,Berth 191,191-COMP,VIBRA,RESULT,Y,Shell Hash,NR,SB,Subsurface,
1997-02-28 00:00:00,0.0,10.0,POLA_B191,LA-2 Reference,REF,GRAB,REF,N,NR,NR,SB,Surface,
1997-02-28 00:00:00,0.0,10.0,POLA_B191,Newport Control,Newport Control,GRAB,CNEG,N,NR,NR,B,CNEG,
1997-02-28 00:00:00,-99.0,-99.0,POLA_B191,Scripps Pier,Sea Water Control,SWDRAW,CNEG,N,NR,NR,B,CNEG,
1997-02-28 00:00:00,0.0,10.0,POLA_B191,Tomales Control,Tomales Control,GRAB,CNEG,N,NR,NR,B,CNEG,
1999-05-21 00:00:00,0.0,98.0,POLA_B21215,212-215,Site 04,CORE,RESULT,Y,NR,NR,ST,Subsurface,
1999-05-21 00:00:00,0.0,98.0,POLA_B21215,212-215,Site 04 (COMP),CORE,RESULT,Y,NR,NR,SB,Subsurface,
1999-05-21 00:00:00,0.0,98.0,POLA_B21215,212-215,Station 04-A,CORE,RESULT,Y,NR,NR,S,Subsurface,
1999-05-21 00:00:00,0.0,98.0,POLA_B21215,212-215,Station 04-B,CORE,RESULT,Y,NR,NR,S,Subsurface,
1999-05-21 00:00:00,0.0,98.0,POLA_B21215,212-215,Station 04-C,CORE,RESULT,Y,NR,NR,S,Subsurface,
1999-05-21 00:00:00,0.0,98.0,POLA_B21215,212-215,Station 04-D,CORE,RESULT,Y,NR,NR,S,Subsurface,
1999-05-21 00:00:00,0.0,98.0,POLA_B21215,212-215,Station 04-E,CORE,RESULT,Y,NR,NR,S,Subsurface,
1999-05-21 00:00:00,0.0,-99.0,POLA_B21215,Control,CONTROL,GRAB,CNEG,N,NR,NR,STB,CNEG,
1999-05-21 00:00:00,0.0,10.0,POLA_B21215,LA-2 Reference,Reference,PDREDGE,REF,N,NR,NR,STB,Surface,
1996-05-23 00:00:00,0.0,169.0,POLA_B21621,Area A,216-A COMP,CORE,RESULT,Y,NR,NR,STB,Subsurface,
1996-05-23 00:00:00,0.0,162.0,POLA_B21621,Area A,216-A1,CORE,RESULT,Y,NR,NR,S,Subsurface,
1996-05-23 00:00:00,0.0,171.0,POLA_B21621,Area A,216-A2,CORE,RESULT,Y,NR,NR,S,Subsurface,
1996-05-23 00:00:00,0.0,162.0,POLA_B21621,Area A,216-A3,CORE,RESULT,Y,NR,NR,S,Subsurface,
1996-05-23 00:00:00,0.0,186.0,POLA_B21621,Area A,216-A4,CORE,RESULT,Y,NR,NR,S,Subsurface,
1996-05-23 00:00:00,0.0,168.0,POLA_B21621,Area A,216-A5,CORE,RESULT,Y,NR,NR,S,Subsurface,
1996-05-22 00:00:00,0.0,169.0,POLA_B21621,Area B,216-B COMP,CORE,RESULT,Y,NR,NR,STB,Subsurface,
1996-05-22 00:00:00,0.0,171.0,POLA_B21621,Area B,216-B1,CORE,RESULT,Y,NR,NR,S,Subsurface,
1996-05-22 00:00:00,0.0,186.0,POLA_B21621,Area B,216-B2,CORE,RESULT,Y,NR,NR,S,Subsurface,
1996-05-22 00:00:00,0.0,137.0,POLA_B21621,Area B,216-B3,CORE,RESULT,Y,NR,NR,S,Subsurface,
1996-05-22 00:00:00,0.0,171.0,POLA_B21621,Area B,216-B4,CORE,RESULT,Y,NR,NR,S,Subsurface,
1996-05-22 00:00:00,0.0,180.0,POLA_B21621,Area B,216-B5,CORE,RESULT,Y,NR,NR,S,Subsurface,
1996-05-22 00:00:00,0.0,-99.0,POLA_B21621,Baseline,Baseline,GRAB,RESULT,Y,NR,NR,T,Surface,
1996-05-23 00:00:00,0.0,-99.0,POLA_B21621,Control,CONTROL,GRAB,CNEG,N,NR,NR,B,CNEG,
1996-05-23 00:00:00,0.0,10.0,POLA_B21621,Control,Home ,GRAB,CNEG,N,NR,NR,T,CNEG,
1996-05-23 00:00:00,0.0,10.0,POLA_B21621,LA-2 Reference,REF,GRAB,REF,N,NR,NR,STB,Surface,
1996-05-23 00:00:00,0.0,186.0,POLA_B23336,Area A,233-A1,CORE,RESULT,Y,NR,NR,S,Subsurface,
1996-05-23 00:00:00,0.0,180.0,POLA_B23336,Area A,233-A2,CORE,RESULT,Y,NR,NR,S,Subsurface,
1996-05-23 00:00:00,0.0,177.0,POLA_B23336,Area A,233-A3,CORE,RESULT,Y,NR,NR,S,Subsurface,
1996-05-23 00:00:00,0.0,180.0,POLA_B23336,Area A,233-A4,CORE,RESULT,Y,NR,NR,S,Subsurface,
1996-05-23 00:00:00,0.0,168.0,POLA_B23336,Area A,233-A5,CORE,RESULT,Y,NR,NR,S,Subsurface,
1996-05-23 00:00:00,0.0,178.0,POLA_B23336,Area A,233-A-COMP,CORE,RESULT,Y,NR,NR,STB,Subsurface,
1996-05-24 00:00:00,0.0,320.0,POLA_B23336,Area B,233-B1,CORE,RESULT,Y,NR,NR,S,Subsurface,
1996-05-24 00:00:00,0.0,219.0,POLA_B23336,Area B,233-B2,CORE,RESULT,Y,NR,NR,S,Subsurface,
1996-05-24 00:00:00,0.0,244.0,POLA_B23336,Area B,233-B3,CORE,RESULT,Y,NR,NR,S,Subsurface,
1996-05-24 00:00:00,0.0,168.0,POLA_B23336,Area B,233-B4,CORE,RESULT,Y,NR,NR,S,Subsurface,
1996-05-24 00:00:00,0.0,244.0,POLA_B23336,Area B,233-B5,CORE,RESULT,Y,NR,NR,S,Subsurface,
1996-05-24 00:00:00,0.0,239.0,POLA_B23336,Area B,233-B-COMP,CORE,RESULT,Y,NR,NR,STB,Subsurface,
1996-05-24 00:00:00,0.0,-99.0,POLA_B23336,Baseline,Baseline,GRAB,RESULT,Y,NR,NR,T,Surface,
1996-05-24 00:00:00,0.0,-99.0,POLA_B23336,Control,CONTROL,GRAB,CNEG,N,NR,NR,SB,CNEG,
1996-05-24 00:00:00,0.0,10.0,POLA_B23336,Control,Home,GRAB,CNEG,N,NR,NR,T,CNEG,
1996-05-24 00:00:00,0.0,10.0,POLA_B23336,LA-2 Reference,REF,PPIPE,REF,N,NR,NR,STB,Surface,
1996-05-20 00:00:00,0.0,183.0,POLA_B23739,Area A,237-A1,CORE,RESULT,Y,NR,NR,S,Subsurface,
1996-05-20 00:00:00,0.0,82.0,POLA_B23739,Area A,237-A2,CORE,RESULT,Y,NR,NR,S,Subsurface,
1996-05-20 00:00:00,0.0,177.0,POLA_B23739,Area A,237-A3,CORE,RESULT,Y,NR,NR,S,Subsurface,
1996-05-20 00:00:00,0.0,186.0,POLA_B23739,Area A,237-A4,CORE,RESULT,Y,NR,NR,S,Subsurface,
1996-05-20 00:00:00,0.0,119.0,POLA_B23739,Area A,237-A5,CORE,RESULT,Y,NR,NR,S,Subsurface,
1996-05-20 00:00:00,0.0,149.0,POLA_B23739,Area A,237-A-COMP,CORE,RESULT,Y,NR,NR,STB,Subsurface,
1996-05-20 00:00:00,0.0,10.0,POLA_B23739,LA-2 Reference,REF,GRAB,REF,N,NR,NR,STB,Surface,
1996-05-20 00:00:00,-99.0,-99.0,POLA_B23739,Lab,Baseline,UNK,RESULT,N,NR,NR,T,NA,
1996-05-20 00:00:00,0.0,-99.0,POLA_B23739,Lab,Control - SC,UNK,CNEG,N,NR,NR,B,CNEG,
1996-05-20 00:00:00,0.0,10.0,POLA_B23739,Tomales Control,Control-TB,GRAB,CNEG,N,NR,NR,B,CNEG,
1996-05-20 00:00:00,0.0,10.0,POLA_B23739,Tomales Control,Home,GRAB,CNEG,N,NR,NR,T,CNEG,
2002-12-20 00:00:00,0.0,122.0,POLA_B240B,Berth 240B,Berth 240B,VIBRA,RESULT,Y,Shell Hash,NR,STB,Subsurface,
2002-12-20 00:00:00,0.0,10.0,POLA_B240B,Control,Control,GRAB,CNEG,N,NR,NR,B,CNEG,
2002-12-20 00:00:00,0.0,10.0,POLA_B240B,Control 1,Control 1,GRAB,CNEG,N,NR,NR,B,CNEG,
2002-12-20 00:00:00,0.0,10.0,POLA_B240B,Control 2,Control 2,GRAB,CNEG,N,NR,NR,B,CNEG,
2002-12-20 00:00:00,0.0,10.0,POLA_B240B,LA-2 Ref,LA-2 Ref,GRAB,REF,N,NR,NR,STB,Surface,
1995-05-12 00:00:00,0.0,91.4000015258789,POLA_B25859,Berth 258,Core 1,CORE,RESULT,Y,NR,NR,S,Subsurface,
1995-05-12 00:00:00,0.0,91.4000015258789,POLA_B25859,Berth 258,Core 2,CORE,RESULT,Y,NR,NR,S,Subsurface,
1995-05-06 00:00:00,0.0,10.0,POLA_B25859,LA-2 Reference,Reference,SPIPE,REF,N,NR,NR,S,Surface,
1998-08-10 00:00:00,0.0,114.0,POLA_B26162,Berths 261-262,261-262-Comp,CORE,RESULT,Y,Shell Hash,NR,STB,Subsurface,
1998-08-15 00:00:00,0.0,10.0,POLA_B26162,LA-2 Reference,Reference,SPIPE,REF,N,NR,NR,STB,Surface,
1998-08-29 00:00:00,-99.0,-99.0,POLA_B26162,Seawater,Control - SPP,SWDRAW,CNEG,N,NR,NR,B,CNEG,
1998-07-15 00:00:00,0.0,10.0,POLA_B26162,Tomales Control,Control_TB-NA,GRAB,CNEG,N,NR,NR,B,CNEG,
1998-08-29 00:00:00,0.0,10.0,POLA_B26162,West Beach,Control_WB-RA,GRAB,CNEG,Y,NR,NR,B,CNEG,
1999-05-21 00:00:00,0.0,46.0,POLA_B26364,263-264,02-A,CORE,RESULT,Y,NR,NR,S,Subsurface,
1999-05-21 00:00:00,0.0,137.0,POLA_B26364,263-264,02-B,CORE,RESULT,Y,NR,NR,S,Subsurface,
1999-05-21 00:00:00,0.0,88.0,POLA_B26364,263-264,02-C,CORE,RESULT,Y,NR,NR,S,Subsurface,
1999-05-21 00:00:00,0.0,192.0,POLA_B26364,263-264,02-D,CORE,RESULT,Y,NR,NR,S,Subsurface,
1999-05-21 00:00:00,0.0,177.0,POLA_B26364,263-264,02-E,CORE,RESULT,Y,NR,NR,S,Subsurface,
1999-05-21 00:00:00,0.0,128.0,POLA_B26364,263-264,Site 02 (comp),CORE,RESULT,Y,NR,NR,SB,Subsurface,
1999-05-21 00:00:00,0.0,10.0,POLA_B26364,LA-2 Reference,Ref Site,GRAB,REF,N,NR,NR,SB,Surface,
1999-05-21 00:00:00,0.0,10.0,POLA_B26364,SanFranciscoBay,Control-SF,CORE,CNEG,N,NR,NR,B,CNEG,
1999-05-21 00:00:00,0.0,10.0,POLA_B26364,Tomales Control,Control-TB,GRAB,CNEG,N,NR,NR,SB,CNEG,
1995-05-06 00:00:00,0.0,67.0,POLA_B35,Berth 35,Core 1,CORE,RESULT,Y,NR,NR,S,Subsurface,
1995-05-06 00:00:00,0.0,274.0,POLA_B35,Berth 35,Core 2,CORE,RESULT,Y,NR,NR,S,Subsurface,
1995-05-06 00:00:00,0.0,10.0,POLA_B35,LA-2 Reference,Reference,SPIPE,REF,N,NR,NR,S,Surface,
2001-10-04 00:00:00,0.0,137.0,POLA_B36,B36-1,B36-1,CORE,RESULT,N,NR,NR,SE,Subsurface,
2001-10-04 00:00:00,0.0,-99.0,POLA_B36,B36-2,B36-2,CORE,FR,N,NR,NR,SE,Surface,
1996-09-18 00:00:00,0.0,354.0,POLA_B400,CG-1,CG-1,CORE,RESULT,Y,NR,NR,SE,Subsurface,
1996-09-18 00:00:00,147.0,354.0,POLA_B400,CG-1,CG-1A BOT,CORE,RESULT,Y,NR,NR,SE,Subsurface,
1996-09-18 00:00:00,0.0,147.0,POLA_B400,CG-1,CG-1A SUF,CORE,RESULT,Y,NR,NR,SE,Subsurface,
1996-09-18 00:00:00,154.0,393.0,POLA_B400,CG-1,CG-1B BOT,CORE,RESULT,Y,NR,NR,SE,Subsurface,
1996-09-18 00:00:00,0.0,149.0,POLA_B400,CG-1,CG-1B SUF,CORE,RESULT,Y,NR,NR,SE,Subsurface,
1995-05-09 00:00:00,0.0,152.0,POLA_B4044_95,CORE-1,5-1,CORE,RESULT,N,NR,NR,S,Subsurface,
1995-05-09 00:00:00,0.0,152.0,POLA_B4044_95,CORE-2,5-2,CORE,RESULT,N,NR,NR,S,Subsurface,
1995-05-09 00:00:00,0.0,152.0,POLA_B4044_95,CORE-3,5-3,CORE,RESULT,N,NR,NR,S,Subsurface,
1995-05-12 00:00:00,0.0,152.0,POLA_B4044_95,CORE-4,5-4,CORE,RESULT,N,NR,NR,S,Subsurface,
1995-05-12 00:00:00,0.0,152.0,POLA_B4044_95,CORE-5,5-5,CORE,RESULT,N,NR,NR,S,Subsurface,
1995-05-12 00:00:00,0.0,152.0,POLA_B4044_95,CORE-6,5-6,CORE,RESULT,N,NR,NR,S,Subsurface,
1995-05-06 00:00:00,0.0,10.0,POLA_B4044_95,LA-2 Reference,POLA REF,CORE,REF,N,NR,NR,S,Surface,
1998-08-14 00:00:00,0.0,205.0,POLA_B4044_98,Area WA,WA1,CORE,RESULT,Y,Shell Hash,NR,S,Subsurface,
1998-08-14 00:00:00,0.0,205.0,POLA_B4044_98,Area WA,WA2,CORE,RESULT,Y,Shell Hash,NR,S,Subsurface,
1998-08-14 00:00:00,0.0,205.0,POLA_B4044_98,Area WA,WA3,CORE,RESULT,Y,Shell Hash,NR,S,Subsurface,
1998-08-14 00:00:00,0.0,205.0,POLA_B4044_98,Area WA,WA4,CORE,RESULT,Y,Shell Hash,NR,S,Subsurface,
1998-08-14 00:00:00,0.0,205.0,POLA_B4044_98,Area WA,WA5,CORE,RESULT,Y,Shell Hash,NR,S,Subsurface,
1998-08-14 00:00:00,0.0,205.0,POLA_B4044_98,Area WA,WA-5,CORE,FR,Y,Shell Hash,NR,S,Subsurface,
1998-08-14 00:00:00,0.0,205.0,POLA_B4044_98,Area WA,WA6,CORE,RESULT,Y,Shell Hash,NR,S,Subsurface,
1998-08-14 00:00:00,0.0,205.0,POLA_B4044_98,Area WA,WA-Comp,CORE,RESULT,Y,Shell Hash,NR,STB,Subsurface,
1998-08-14 00:00:00,0.0,142.0,POLA_B4044_98,Area WB,WB1,CORE,RESULT,Y,Shell Hash,NR,S,Subsurface,
1998-08-14 00:00:00,0.0,142.0,POLA_B4044_98,Area WB,WB2,CORE,RESULT,Y,Shell Hash,NR,S,Subsurface,
1998-08-14 00:00:00,0.0,142.0,POLA_B4044_98,Area WB,WB-2,CORE,FR,Y,Shell Hash,NR,S,Subsurface,
1998-08-14 00:00:00,0.0,142.0,POLA_B4044_98,Area WB,WB3,CORE,RESULT,Y,Shell Hash,NR,S,Subsurface,
1998-08-14 00:00:00,0.0,142.0,POLA_B4044_98,Area WB,WB4,CORE,RESULT,Y,Shell Hash,NR,S,Subsurface,
1998-08-14 00:00:00,0.0,142.0,POLA_B4044_98,Area WB,WB-4,CORE,FR,Y,Shell Hash,NR,S,Subsurface,
1998-08-14 00:00:00,0.0,142.0,POLA_B4044_98,Area WB,WB5,CORE,RESULT,Y,Shell Hash,NR,S,Subsurface,
1998-08-14 00:00:00,0.0,142.0,POLA_B4044_98,Area WB,WB6,CORE,RESULT,Y,Shell Hash,NR,S,Subsurface,
1998-08-14 00:00:00,0.0,142.0,POLA_B4044_98,Area WB,WB-6,CORE,FR,Y,Shell Hash,NR,S,Subsurface,
1998-08-14 00:00:00,0.0,142.0,POLA_B4044_98,Area WB,WB-Comp,CORE,RESULT,Y,Shell Hash,NR,STB,Subsurface,
1998-08-14 00:00:00,0.0,10.0,POLA_B4044_98,Booth Bay,Booth Bay Control,GRAB,CNEG,N,NR,NR,B,CNEG,
1998-08-14 00:00:00,0.0,10.0,POLA_B4044_98,LA-2 Reference,Reference,SPIPE,REF,N,NR,NR,STB,Surface,
1998-08-14 00:00:00,-99.0,-99.0,POLA_B4044_98,Seawater,Sea Water Control,SWDRAW,CNEG,N,NR,NR,B,CNEG,
1998-08-14 00:00:00,0.0,10.0,POLA_B4044_98,Tomales Control,Tomales Control,UNK,CNEG,N,NR,NR,B,CNEG,
1998-08-13 00:00:00,-99.0,-99.0,POLA_B4044_98,West Beach,West Beach,UNK,CNEG,Y,NR,NR,B,CNEG,
1995-05-06 00:00:00,0.0,10.0,POLA_B4547,LA-2 Reference,LA2-Ref,SPIPE,REF,N,NR,NR,STB,Surface,
1995-05-09 00:00:00,0.0,10.0,POLA_B4547,Newport Control,NB-Cont,GRAB,CNEG,N,NR,NR,SB,CNEG,
1995-05-09 00:00:00,-99.0,-99.0,POLA_B4547,Scripps Control,Scripps-Cont,SWDRAW,CNEG,N,NR,NR,B,CNEG,
1995-05-09 00:00:00,0.0,-99.0,POLA_B4547,Site 1,Site1-Comp,CORE,RESULT,Y,NR,NR,STB,Subsurface,
1995-05-09 00:00:00,0.0,-99.0,POLA_B4547,Site 2,Site2-Comp,CORE,RESULT,Y,NR,NR,STB,Subsurface,
1995-05-09 00:00:00,0.0,10.0,POLA_B4547,Tomales Control,TB-Cont,GRAB,CNEG,N,NR,NR,SB,CNEG,
1998-07-01 00:00:00,0.0,10.0,POLA_B5,Amph Control,Control A,GRAB,CNEG,N,NR,NR,B,CNEG,
1998-07-01 00:00:00,0.0,10.0,POLA_B5,LA2 Reference,Reference,GRAB,REF,N,NR,NR,STB,Surface,
1998-07-01 00:00:00,0.0,170.0,POLA_B5,Slip 5,S5 COMP,CORE,RESULT,Y,NR,NR,STB,Subsurface,
1998-07-01 00:00:00,0.0,98.0,POLA_B5,Slip 5,S5-A,CORE,RESULT,Y,NR,NR,S,Subsurface,
1998-07-01 00:00:00,0.0,98.0,POLA_B5,Slip 5,S5-B,CORE,RESULT,Y,NR,NR,S,Subsurface,
1998-07-01 00:00:00,0.0,98.0,POLA_B5,Slip 5,S5-C,CORE,RESULT,Y,NR,NR,S,Subsurface,
1998-07-01 00:00:00,0.0,98.0,POLA_B5,Slip 5,S5-D,CORE,RESULT,Y,NR,NR,S,Subsurface,
1998-07-01 00:00:00,0.0,98.0,POLA_B5,Slip 5,S5-E,CORE,RESULT,Y,NR,NR,S,Subsurface,
1998-07-01 00:00:00,0.0,98.0,POLA_B5,Slip 5,S5-F,CORE,RESULT,Y,NR,NR,S,Subsurface,
1998-07-01 00:00:00,0.0,10.0,POLA_B5,Tomales Control,Control T,GRAB,CNEG,N,NR,NR,SB,CNEG,
1996-05-24 00:00:00,0.0,146.0,POLA_B5155,51-A,51-A,CORE,RESULT,Y,Shell Hash,NR,SE,Subsurface,
1996-05-24 00:00:00,0.0,137.0,POLA_B5155,51-B,51-B,CORE,RESULT,Y,NR,NR,SE,Subsurface,
1994-03-22 00:00:00,0.0,10.0,POLA_B5758,REF,REF,GRAB,REF,N,NR,NR,STB,Surface,
1994-03-22 00:00:00,0.0,10.0,POLA_B5758,REF,REF Dup,GRAB,REF,N,NR,NR,B,Surface,
1994-03-22 00:00:00,0.0,137.0,POLA_B5758,Site A,Site A,CORE,RESULT,Y,Shell Hash,NR,STB,Subsurface,
1994-03-22 00:00:00,0.0,137.0,POLA_B5758,Site A,Site A Dup,CORE,RESULT,Y,Shell Hash,NR,B,Subsurface,
1994-03-22 00:00:00,0.0,10.0,POLA_B5758,SPBay Control,SPBay Control,GRAB,CNEG,N,NR,NR,B,CNEG,
1994-03-22 00:00:00,0.0,10.0,POLA_B5758,SPBay Control,SPBay Control Dup,GRAB,CNEG,N,NR,NR,B,CNEG,
1994-03-22 00:00:00,0.0,10.0,POLA_B5758,Tomales Control,Tomales Control,GRAB,CNEG,N,NR,NR,ST,CNEG,
1998-09-28 00:00:00,0.0,152.0,POLA_B71,71A,71A,CORE,RESULT,N,NR,NR,S,Subsurface,
1998-09-28 00:00:00,0.0,120.0,POLA_B71,71B,71B,CORE,RESULT,N,NR,NR,S,Subsurface,
1998-09-28 00:00:00,0.0,104.0,POLA_B71,71C,71C,CORE,RESULT,N,NR,NR,S,Subsurface,
1998-09-28 00:00:00,0.0,183.0,POLA_B71,71D,71D,CORE,RESULT,N,NR,NR,S,Subsurface,
1998-09-28 00:00:00,0.0,10.0,POLA_B71,AAControl,AAControl,GRAB,CNEG,N,NR,NR,B,CNEG,
1998-09-28 00:00:00,0.0,140.0,POLA_B71,Berth 71,Berth 71,CORE,RESULT,Y,NR,NR,STB,Subsurface,
1998-09-28 00:00:00,0.0,10.0,POLA_B71,LA2-Ref,LA2-Ref,GRAB,REF,N,NR,NR,STB,Surface,
1998-09-28 00:00:00,0.0,10.0,POLA_B71,Tomales Control,Tomales Control,GRAB,CNEG,N,NR,NR,STB,CNEG,
1995-05-20 00:00:00,159.0,341.0,POLA_B97102,Area A,A-BOT COMP,CORE,RESULT,Y,NR,NR,STB,Subsurface,
1995-05-20 00:00:00,0.0,158.0,POLA_B97102,Area A,A-TOP COMP,CORE,RESULT,Y,NR,NR,S,Subsurface,
1995-05-21 00:00:00,171.0,349.0,POLA_B97102,Area B,B-BOT COMP,CORE,RESULT,Y,NR,NR,STB,Subsurface,
1995-05-21 00:00:00,0.0,171.0,POLA_B97102,Area B,B-TOP COMP,CORE,RESULT,Y,NR,NR,S,Subsurface,
1995-05-18 00:00:00,152.0,691.0,POLA_B97102,Area C,C-BOT COMP,DRILL,RESULT,Y,NR,NR,S,Subsurface,
1995-05-18 00:00:00,0.0,691.0,POLA_B97102,Area C,C-COMP,DRILL,RESULT,Y,NR,NR,TB,Subsurface,
1995-05-18 00:00:00,0.0,152.0,POLA_B97102,Area C,C-TOP COMP,DRILL,RESULT,Y,NR,NR,S,Subsurface,
1995-05-19 00:00:00,183.0,366.0,POLA_B97102,Area D,D-BOT COMP,DRILL,RESULT,Y,NR,NR,STB,Subsurface,
1995-05-19 00:00:00,-99.0,-99.0,POLA_B97102,Area D,D-FLO,DRILL,RESULT,Y,NR,NR,S,Subsurface,
1995-05-19 00:00:00,0.0,183.0,POLA_B97102,Area D,D-TOP COMP,DRILL,RESULT,Y,NR,NR,SB,Subsurface,
1995-05-19 00:00:00,0.0,-99.0,POLA_B97102,Baseline,Baseline,GRAB,RESULT,Y,NR,NR,T,Surface,
1995-05-19 00:00:00,0.0,10.0,POLA_B97102,LA-2 Reference,REF LA2,UNK,REF,N,NR,NR,STB,Surface,
1995-05-19 00:00:00,-99.0,-99.0,POLA_B97102,SW CONTROL,Control,SWDRAW,CNEG,N,NR,NR,B,CNEG,
1995-05-19 00:00:00,-99.0,-99.0,POLA_B97102,SW CONTROL,Home,SWDRAW,CNEG,N,NR,NR,T,CNEG,
1993-08-31 00:00:00,0.0,-99.0,POLA_Bmulti,Baseline,Baseline,UNK,RESULT,Y,NR,NR,T,Surface,
1993-08-31 00:00:00,0.0,158.0,POLA_Bmulti,Berth 145,145-A,CORE,RESULT,Y,NR,NR,S,Subsurface,
1993-08-31 00:00:00,0.0,158.0,POLA_Bmulti,Berth 145,145-B,CORE,RESULT,Y,NR,NR,S,Subsurface,
1993-08-31 00:00:00,0.0,158.0,POLA_Bmulti,Berth 145,145-C,CORE,RESULT,Y,NR,NR,S,Subsurface,
1993-08-31 00:00:00,0.0,158.0,POLA_Bmulti,Berth 145,145-D,CORE,RESULT,Y,NR,NR,S,Subsurface,
1993-08-31 00:00:00,0.0,158.0,POLA_Bmulti,Berth 145,145-E,CORE,RESULT,Y,NR,NR,S,Subsurface,
1993-08-31 00:00:00,0.0,158.0,POLA_Bmulti,Berth 145,Berth 145,CORE,RESULT,Y,NR,NR,STB,Subsurface,
1993-08-31 00:00:00,0.0,183.0,POLA_Bmulti,Berth 146,146-A,CORE,RESULT,Y,NR,NR,S,Subsurface,
1993-08-31 00:00:00,0.0,183.0,POLA_Bmulti,Berth 146,146-B,CORE,RESULT,Y,NR,NR,S,Subsurface,
1993-08-31 00:00:00,0.0,183.0,POLA_Bmulti,Berth 146,146-C,CORE,RESULT,Y,NR,NR,S,Subsurface,
1993-08-31 00:00:00,0.0,183.0,POLA_Bmulti,Berth 146,146-D,CORE,RESULT,Y,NR,NR,S,Subsurface,
1993-08-31 00:00:00,0.0,183.0,POLA_Bmulti,Berth 146,146-E,CORE,RESULT,Y,NR,NR,S,Subsurface,
1993-08-31 00:00:00,0.0,183.0,POLA_Bmulti,Berth 146,Berth 146,CORE,RESULT,Y,NR,NR,STB,Subsurface,
1993-09-01 00:00:00,0.0,49.0,POLA_Bmulti,Berths 121-122,121-122-A,CORE,RESULT,Y,NR,NR,S,Subsurface,
1993-09-01 00:00:00,0.0,49.0,POLA_Bmulti,Berths 121-122,121-122-B,CORE,RESULT,Y,NR,NR,S,Subsurface,
1993-09-01 00:00:00,0.0,49.0,POLA_Bmulti,Berths 121-122,121-122-C,CORE,RESULT,Y,NR,NR,S,Subsurface,
1993-09-01 00:00:00,0.0,49.0,POLA_Bmulti,Berths 121-122,121-122-D,CORE,RESULT,Y,NR,NR,S,Subsurface,
1993-09-01 00:00:00,0.0,49.0,POLA_Bmulti,Berths 121-122,121-122-E,CORE,RESULT,Y,NR,NR,S,Subsurface,
1993-09-01 00:00:00,0.0,49.0,POLA_Bmulti,Berths 121-122,Berth 121-122,CORE,RESULT,Y,NR,NR,STB,Subsurface,
1993-09-01 00:00:00,0.0,-99.0,POLA_Bmulti,Control,Control,GRAB,CNEG,N,NR,NR,STB,CNEG,
1993-09-01 00:00:00,0.0,10.0,POLA_Bmulti,LA-2 Reference,LA2 Reference,SPIPE,REF,N,NR,NR,STB,Surface,
1997-04-16 00:00:00,202.0,576.0,POLA_CHAN,CG-2,CG-2A-BOT,CORE,RESULT,Y,NR,NR,SE,Subsurface,
1997-04-16 00:00:00,0.0,202.0,POLA_CHAN,CG-2,CG-2A-TOP,CORE,RESULT,Y,NR,NR,SE,Subsurface,
1997-04-16 00:00:00,101.0,481.0,POLA_CHAN,CG-2,CG-2B-BOT,CORE,RESULT,Y,NR,NR,SE,Subsurface,
1997-04-16 00:00:00,0.0,101.0,POLA_CHAN,CG-2,CG-2B-TOP,CORE,RESULT,Y,NR,NR,SE,Subsurface,
1997-04-16 00:00:00,0.0,562.0,POLA_CHAN,CG-2,CG-2C-BOT,CORE,RESULT,Y,NR,NR,SE,Subsurface,
1997-04-18 00:00:00,173.0,510.0,POLA_CHAN,CG-3,CG-3A-BOT,CORE,RESULT,Y,NR,NR,SE,Subsurface,
1997-04-18 00:00:00,0.0,173.0,POLA_CHAN,CG-3,CG-3A-TOP,CORE,RESULT,Y,NR,NR,SE,Subsurface,
1997-04-18 00:00:00,232.0,524.0,POLA_CHAN,CG-3,CG-3B-BOT,CORE,RESULT,Y,NR,NR,SE,Subsurface,
1997-04-18 00:00:00,0.0,232.0,POLA_CHAN,CG-3,CG-3B-TOP,CORE,RESULT,Y,NR,NR,SE,Subsurface,
1997-04-18 00:00:00,0.0,500.0,POLA_CHAN,CG-3,CG-3C-BOT,CORE,RESULT,Y,NR,NR,SE,Subsurface,
1997-04-20 00:00:00,223.0,584.0,POLA_CHAN,CG-4,CG-4A-BOT,CORE,RESULT,Y,NR,NR,SE,Subsurface,
1997-04-20 00:00:00,0.0,223.0,POLA_CHAN,CG-4,CG-4A-TOP,CORE,RESULT,Y,NR,NR,SE,Subsurface,
1997-04-20 00:00:00,203.0,573.0,POLA_CHAN,CG-4,CG-4B-BOT,CORE,RESULT,Y,NR,NR,SE,Subsurface,
1997-04-20 00:00:00,0.0,203.0,POLA_CHAN,CG-4,CG-4B-TOP,CORE,RESULT,Y,NR,NR,SE,Subsurface,
1997-04-05 00:00:00,0.0,163.0,POLA_CHAN,FG-1,FG-1A COMP,CORE,RESULT,Y,NR,NR,STB,Subsurface,
1997-04-05 00:00:00,0.0,163.0,POLA_CHAN,FG-1,FG-1A-1,CORE,RESULT,Y,NR,NR,S,Subsurface,
1997-04-05 00:00:00,0.0,163.0,POLA_CHAN,FG-1,FG-1A-2,CORE,RESULT,Y,NR,NR,S,Subsurface,
1997-04-05 00:00:00,0.0,163.0,POLA_CHAN,FG-1,FG-1A-3,CORE,RESULT,Y,NR,NR,S,Subsurface,
1997-04-05 00:00:00,0.0,163.0,POLA_CHAN,FG-1,FG-1A-4,CORE,RESULT,Y,NR,NR,S,Subsurface,
1997-04-05 00:00:00,0.0,163.0,POLA_CHAN,FG-1,FG-1A-5,CORE,RESULT,Y,NR,NR,S,Subsurface,
1997-04-05 00:00:00,0.0,163.0,POLA_CHAN,FG-1,FG-1B COMP,CORE,RESULT,Y,NR,NR,STB,Subsurface,
1997-04-05 00:00:00,0.0,163.0,POLA_CHAN,FG-1,FG-1B-10,CORE,RESULT,Y,NR,NR,S,Subsurface,
1997-04-05 00:00:00,0.0,163.0,POLA_CHAN,FG-1,FG-1B-6,CORE,RESULT,Y,NR,NR,S,Subsurface,
1997-04-05 00:00:00,0.0,163.0,POLA_CHAN,FG-1,FG-1B-7,CORE,RESULT,Y,NR,NR,S,Subsurface,
1997-04-05 00:00:00,0.0,163.0,POLA_CHAN,FG-1,FG-1B-8,CORE,RESULT,Y,NR,NR,S,Subsurface,
1997-04-05 00:00:00,0.0,163.0,POLA_CHAN,FG-1,FG-1B-9,CORE,RESULT,Y,NR,NR,S,Subsurface,
1997-04-03 00:00:00,0.0,156.0,POLA_CHAN,FG-2,FG-2A COMP,CORE,RESULT,Y,NR,NR,STB,Subsurface,
1997-04-03 00:00:00,0.0,156.0,POLA_CHAN,FG-2,FG-2A-1,CORE,RESULT,Y,NR,NR,S,Subsurface,
1997-04-03 00:00:00,0.0,156.0,POLA_CHAN,FG-2,FG-2A-2,CORE,RESULT,Y,NR,NR,S,Subsurface,
1997-04-03 00:00:00,0.0,156.0,POLA_CHAN,FG-2,FG-2A-3,CORE,RESULT,Y,NR,NR,S,Subsurface,
1997-04-03 00:00:00,0.0,156.0,POLA_CHAN,FG-2,FG-2A-4,CORE,RESULT,Y,NR,NR,S,Subsurface,
1997-04-03 00:00:00,0.0,156.0,POLA_CHAN,FG-2,FG-2A-5,CORE,RESULT,Y,NR,NR,S,Subsurface,
1997-04-03 00:00:00,0.0,156.0,POLA_CHAN,FG-2,FG-2B COMP,CORE,RESULT,Y,NR,NR,STB,Subsurface,
1997-04-03 00:00:00,0.0,156.0,POLA_CHAN,FG-2,FG-2B-10,CORE,RESULT,Y,NR,NR,S,Subsurface,
1997-04-03 00:00:00,0.0,156.0,POLA_CHAN,FG-2,FG-2B-6,CORE,RESULT,Y,NR,NR,S,Subsurface,
1997-04-03 00:00:00,0.0,156.0,POLA_CHAN,FG-2,FG-2B-7,CORE,RESULT,Y,NR,NR,S,Subsurface,
1997-04-03 00:00:00,0.0,156.0,POLA_CHAN,FG-2,FG-2B-8,CORE,RESULT,Y,NR,NR,S,Subsurface,
1997-04-03 00:00:00,0.0,156.0,POLA_CHAN,FG-2,FG-2B-9,CORE,RESULT,Y,NR,NR,S,Subsurface,
1997-04-01 00:00:00,0.0,205.0,POLA_CHAN,FG-3,FG-3A COMP,CORE,RESULT,Y,NR,NR,STB,Subsurface,
1997-04-01 00:00:00,0.0,205.0,POLA_CHAN,FG-3,FG-3A-1,CORE,RESULT,Y,NR,NR,S,Subsurface,
1997-04-01 00:00:00,0.0,205.0,POLA_CHAN,FG-3,FG-3A-2,CORE,RESULT,Y,NR,NR,S,Subsurface,
1997-04-01 00:00:00,0.0,205.0,POLA_CHAN,FG-3,FG-3A-3,CORE,RESULT,Y,NR,NR,S,Subsurface,
1997-04-01 00:00:00,0.0,205.0,POLA_CHAN,FG-3,FG-3A-4,CORE,RESULT,Y,NR,NR,S,Subsurface,
1997-04-01 00:00:00,0.0,205.0,POLA_CHAN,FG-3,FG-3A-5,CORE,RESULT,Y,NR,NR,S,Subsurface,
1997-04-01 00:00:00,0.0,205.0,POLA_CHAN,FG-3,FG-3B COMP,CORE,RESULT,Y,NR,NR,STB,Subsurface,
1997-04-01 00:00:00,0.0,205.0,POLA_CHAN,FG-3,FG-3B-10,CORE,RESULT,Y,NR,NR,S,Subsurface,
1997-04-01 00:00:00,0.0,205.0,POLA_CHAN,FG-3,FG-3B-6,CORE,RESULT,Y,NR,NR,S,Subsurface,
1997-04-01 00:00:00,0.0,205.0,POLA_CHAN,FG-3,FG-3B-7,CORE,RESULT,Y,NR,NR,S,Subsurface,
1997-04-01 00:00:00,0.0,205.0,POLA_CHAN,FG-3,FG-3B-8,CORE,RESULT,Y,NR,NR,S,Subsurface,
1997-04-01 00:00:00,0.0,205.0,POLA_CHAN,FG-3,FG-3B-9,CORE,RESULT,Y,NR,NR,S,Subsurface,
1997-04-01 00:00:00,0.0,205.0,POLA_CHAN,FG-3,FG-3C COMP,CORE,RESULT,Y,NR,NR,STB,Subsurface,
1997-04-01 00:00:00,0.0,205.0,POLA_CHAN,FG-3,FG-3C-11,CORE,RESULT,Y,NR,NR,S,Subsurface,
1997-04-01 00:00:00,0.0,205.0,POLA_CHAN,FG-3,FG-3C-12,CORE,RESULT,Y,NR,NR,S,Subsurface,
1997-04-01 00:00:00,0.0,205.0,POLA_CHAN,FG-3,FG-3C-13,CORE,RESULT,Y,NR,NR,S,Subsurface,
1997-04-01 00:00:00,0.0,205.0,POLA_CHAN,FG-3,FG-3C-14,CORE,RESULT,Y,NR,NR,S,Subsurface,
1997-04-01 00:00:00,0.0,205.0,POLA_CHAN,FG-3,FG-3C-15,CORE,RESULT,Y,NR,NR,S,Subsurface,
1997-04-08 00:00:00,0.0,158.0,POLA_CHAN,FM-1,FM 1-2,CORE,RESULT,Y,NR,NR,S,Subsurface,
1997-04-08 00:00:00,0.0,158.0,POLA_CHAN,FM-1,FM 1-8,CORE,RESULT,Y,NR,NR,SE,Subsurface,
1997-04-08 00:00:00,0.0,158.0,POLA_CHAN,FM-1,FM-1A COMP,CORE,RESULT,Y,NR,NR,STB,Subsurface,
1997-04-08 00:00:00,0.0,158.0,POLA_CHAN,FM-1,FM-1A-1,CORE,RESULT,Y,NR,NR,S,Subsurface,
1997-04-08 00:00:00,0.0,158.0,POLA_CHAN,FM-1,FM-1A-2,CORE,RESULT,Y,NR,NR,S,Subsurface,
1997-04-08 00:00:00,0.0,158.0,POLA_CHAN,FM-1,FM-1A-3,CORE,RESULT,Y,NR,NR,S,Subsurface,
1997-04-08 00:00:00,0.0,158.0,POLA_CHAN,FM-1,FM-1A-4,CORE,RESULT,Y,NR,NR,S,Subsurface,
1997-04-08 00:00:00,0.0,158.0,POLA_CHAN,FM-1,FM-1A-5,CORE,RESULT,Y,NR,NR,S,Subsurface,
1997-04-08 00:00:00,0.0,158.0,POLA_CHAN,FM-1,FM-1B COMP,CORE,RESULT,Y,NR,NR,STB,Subsurface,
1997-04-08 00:00:00,0.0,158.0,POLA_CHAN,FM-1,FM-1B-10,CORE,RESULT,Y,NR,NR,S,Subsurface,
1997-04-08 00:00:00,0.0,158.0,POLA_CHAN,FM-1,FM-1B-6,CORE,RESULT,Y,NR,NR,S,Subsurface,
1997-04-08 00:00:00,0.0,158.0,POLA_CHAN,FM-1,FM-1B-7,CORE,RESULT,Y,NR,NR,S,Subsurface,
1997-04-08 00:00:00,0.0,158.0,POLA_CHAN,FM-1,FM-1B-8,CORE,RESULT,Y,NR,NR,S,Subsurface,
1997-04-08 00:00:00,0.0,158.0,POLA_CHAN,FM-1,FM-1B-9,CORE,RESULT,Y,NR,NR,S,Subsurface,
1997-04-08 00:00:00,0.0,10.0,POLA_CHAN,LA-2 Reference,LA2 Reference,GRAB,REF,N,NR,NR,STB,Surface,
1997-04-08 00:00:00,0.0,10.0,POLA_CHAN,LA-3 Reference,LA3 Reference,GRAB,REF,N,NR,NR,STB,Surface,
1997-04-08 00:00:00,-99.0,-99.0,POLA_CHAN,Lab,Control Seawater -SC,SWDRAW,CNEG,N,NR,NR,EB,CNEG,
1997-04-15 00:00:00,-99.0,-99.0,POLA_CHAN,Main Channel,Harbor Water,SWDRAW,REF,Y,NR,NR,E,NA,
1997-04-08 00:00:00,0.0,10.0,POLA_CHAN,Tomales Control,Control-TB,UNK,CNEG,N,NR,NR,B,CNEG,
1997-04-08 00:00:00,0.0,10.0,POLA_CHAN,Whidbey Island,Control-WI,UNK,CNEG,N,NR,NR,B,CNEG,
1997-05-12 00:00:00,0.0,183.0,POLA_CONSOL,A,A,CORE,RESULT,Y,NR,NR,SE,Subsurface,
1997-05-13 00:00:00,0.0,131.0,POLA_CONSOL,B,B,CORE,RESULT,Y,Shell Hash,NR,SE,Subsurface,
1997-05-13 00:00:00,0.0,137.0,POLA_CONSOL,C,C,CORE,RESULT,Y,NR,NR,SE,Subsurface,
1997-04-25 00:00:00,0.0,10.0,POLA_PIPE,Control,Control,GRAB,CNEG,N,NR,NR,B,CNEG,
1997-04-25 00:00:00,0.0,-99.0,POLA_PIPE,DWP-GEO,DWP-GEO,DRILL,RESULT,Y,NR,NR,STB,Subsurface,
1997-04-25 00:00:00,0.0,16.0,POLA_PIPE,DWP-V7,DWP-V7,CORE,RESULT,N,Shell Hash,NR,S,Surface,
1997-04-09 00:00:00,0.0,473.0,POLA_PIPE,DWP-VA,DWP-VA,CORE,RESULT,Y,Shell Hash,NR,STB,Subsurface,
1997-04-09 00:00:00,0.0,549.0,POLA_PIPE,DWP-VB,DWP-VB,CORE,RESULT,Y,NR,NR,STB,Subsurface,
1997-04-25 00:00:00,0.0,10.0,POLA_PIPE,LA-2 Ref,LA-2 Ref,GRAB,REF,N,NR,NR,STB,Surface,
1997-04-25 00:00:00,0.0,10.0,POLA_PIPE,LA-3 Ref,LA-3 Ref,GRAB,REF,N,NR,NR,STB,Surface,
1994-11-01 00:00:00,0.0,82.0,POLB_B8894,Area A,A1-TOP,CORE,RESULT,Y,Silt/Clay with Shell Hash,Black,STB,Subsurface,
1994-11-01 00:00:00,82.0,388.0,POLB_B8894,Area A,A2-BOT,CORE,RESULT,Y,Silt/Clay with Shell Hash,Black,STB,Subsurface,
1994-11-01 00:00:00,0.0,70.0,POLB_B8894,Area B,B1-TOP,CORE,RESULT,Y,Silt/Clay with Shell Hash,Gray,STB,Subsurface,
1994-11-01 00:00:00,70.0,511.0,POLB_B8894,Area B,B2-BOT,CORE,RESULT,Y,Silt/Clay with Shell Hash,Gray,STB,Subsurface,
1994-10-31 00:00:00,0.0,10.0,POLB_B8894,LA-2 Reference,REFERENCE,SPIPE,REF,N,NR,NR,STB,Surface,
1994-10-31 00:00:00,0.0,10.0,POLB_B8894,Newport Control,NEWPORT CONTROL,GRAB,CNEG,N,NR,NR,S,CNEG,
1994-10-31 00:00:00,-99.0,-99.0,POLB_B8894,Seawater,CONTOL-SW,SWDRAW,CNEG,N,NR,NR,B,CNEG,
1994-10-31 00:00:00,0.0,10.0,POLB_B8894,Tomales Control,TOMALES CONTROL,GRAB,CNEG,N,NR,NR,SB,CNEG,
1997-03-06 00:00:00,0.0,75.0,POLB_BJ24547,Area-1,Area-1,CORE,RESULT,Y,Shell Hash,NR,STB,Subsurface,
1997-03-06 00:00:00,0.0,149.0,POLB_BJ24547,Area-2,Area-2,CORE,RESULT,Y,Shell Hash,NR,STB,Subsurface,
1997-03-06 00:00:00,0.0,10.0,POLB_BJ24547,Elkhorn Slough,Elkhorn Control,UNK,CNEG,N,NR,NR,B,CNEG,
1997-03-06 00:00:00,0.0,10.0,POLB_BJ24547,LA-2 Reference,Reference,SPIPE,REF,N,NR,NR,STB,Surface,
1997-03-06 00:00:00,0.0,10.0,POLB_BJ24547,San Pablo Bay,San Pablo Control,GRAB,CNEG,N,NR,NR,B,CNEG,
1997-03-06 00:00:00,-99.0,-99.0,POLB_BJ24547,Seawater,Sea Water,SWDRAW,CNEG,N,NR,NR,B,CNEG,
1997-03-06 00:00:00,0.0,10.0,POLB_BJ24547,Tomales Control,Tomales Control,GRAB,CNEG,N,NR,NR,B,CNEG,
1997-07-29 00:00:00,0.0,229.0,POLB_BJ26670,Area A,A-1,CORE,RESULT,Y,NR,NR,S,Subsurface,
1997-07-29 00:00:00,0.0,189.0,POLB_BJ26670,Area A,A-2,CORE,RESULT,Y,NR,NR,S,Subsurface,
1997-07-29 00:00:00,0.0,244.0,POLB_BJ26670,Area A,A-3,CORE,RESULT,Y,NR,NR,S,Subsurface,
1997-07-29 00:00:00,0.0,213.0,POLB_BJ26670,Area A,A-4,CORE,RESULT,Y,NR,NR,S,Subsurface,
1997-07-29 00:00:00,0.0,219.0,POLB_BJ26670,Area A,A-Comp,CORE,RESULT,Y,NR,NR,STB,Subsurface,
1997-07-29 00:00:00,0.0,232.0,POLB_BJ26670,Area B,B-1,CORE,RESULT,Y,NR,NR,S,Subsurface,
1997-07-29 00:00:00,0.0,250.0,POLB_BJ26670,Area B,B-2,CORE,RESULT,Y,NR,NR,S,Subsurface,
1997-07-29 00:00:00,0.0,171.0,POLB_BJ26670,Area B,B-3,CORE,RESULT,Y,NR,NR,S,Subsurface,
1997-07-29 00:00:00,0.0,213.0,POLB_BJ26670,Area B,B-4A,CORE,RESULT,Y,NR,NR,S,Subsurface,
1997-07-29 00:00:00,0.0,229.0,POLB_BJ26670,Area B,B-5,CORE,RESULT,Y,NR,NR,S,Subsurface,
1997-07-29 00:00:00,0.0,219.0,POLB_BJ26670,Area B,B-Comp,CORE,RESULT,Y,NR,NR,STB,Subsurface,
1997-07-29 00:00:00,0.0,10.0,POLB_BJ26670,LA-2 Reference,Reference,SPIPE,REF,N,NR,NR,STB,Surface,
1997-07-29 00:00:00,0.0,10.0,POLB_BJ26670,Tomales Control,Home,GRAB,CNEG,N,NR,NR,T,CNEG,
1997-07-29 00:00:00,0.0,-99.0,POLB_BJ26670,Water-StCruz,Control-StCruz,GRAB,CNEG,N,NR,NR,B,CNEG,
1997-07-29 00:00:00,0.0,10.0,POLB_BJ26670,Whidbey Island,WI-Control,GRAB,CNEG,N,NR,NR,B,CNEG,
1998-02-18 00:00:00,0.0,91.0,POLB_Bmulti,Site 1,1A,CORE,RESULT,Y,NR,NR,S,Subsurface,
1998-02-18 00:00:00,0.0,107.0,POLB_Bmulti,Site 1,1B,CORE,RESULT,Y,NR,NR,S,Subsurface,
1998-02-18 00:00:00,0.0,91.0,POLB_Bmulti,Site 1,1C,CORE,RESULT,Y,NR,NR,S,Subsurface,
1998-02-18 00:00:00,0.0,152.0,POLB_Bmulti,Site 2,2A,CORE,RESULT,Y,NR,NR,S,Subsurface,
1998-02-18 00:00:00,0.0,183.0,POLB_Bmulti,Site 2,2B,CORE,RESULT,Y,NR,NR,S,Subsurface,
1998-02-18 00:00:00,0.0,229.0,POLB_Bmulti,Site 2,2C,CORE,RESULT,Y,NR,NR,S,Subsurface,
1998-02-18 00:00:00,0.0,91.0,POLB_Bmulti,Site 3,3A,CORE,RESULT,Y,NR,NR,S,Subsurface,
1998-02-18 00:00:00,0.0,61.0,POLB_Bmulti,Site 3,3B,CORE,RESULT,Y,NR,NR,S,Subsurface,
1998-02-18 00:00:00,0.0,107.0,POLB_Bmulti,Site 3,3C,CORE,RESULT,Y,NR,NR,S,Subsurface,
1998-02-18 00:00:00,0.0,61.0,POLB_Bmulti,Site 4,4A,CORE,RESULT,Y,NR,NR,S,Subsurface,
1998-02-18 00:00:00,0.0,61.0,POLB_Bmulti,Site 4,4B,CORE,RESULT,Y,NR,NR,S,Subsurface,
1998-02-18 00:00:00,0.0,137.0,POLB_Bmulti,Site 5,5A,CORE,RESULT,Y,NR,NR,S,Subsurface,
1998-02-18 00:00:00,0.0,140.0,POLB_Bmulti,Site 5,5B,CORE,RESULT,Y,NR,NR,S,Subsurface,
1998-02-18 00:00:00,0.0,107.0,POLB_Bmulti,Site 5,5C,CORE,RESULT,Y,NR,NR,S,Subsurface,
1998-02-18 00:00:00,0.0,259.0,POLB_Bmulti,Site 5,5D,CORE,RESULT,Y,NR,NR,S,Subsurface,
1998-11-01 00:00:00,114.0,218.0,POLB_CHAN2,Area A,A BOT COMP 0398,CORE,RESULT,Y,NR,NR,SB,Subsurface,
1998-11-01 00:00:00,91.0,225.0,POLB_CHAN2,Area A,A BOT COMP 1198,CORE,RESULT,Y,NR,NR,SB,Subsurface,
1998-11-01 00:00:00,0.0,114.0,POLB_CHAN2,Area A,A TOP COMP 0398,CORE,RESULT,Y,NR,NR,SB,Subsurface,
1998-11-01 00:00:00,0.0,91.0,POLB_CHAN2,Area A,A TOP COMP 1198,CORE,RESULT,Y,NR,NR,SB,Subsurface,
1998-11-01 00:00:00,152.0,332.0,POLB_CHAN2,Area A,A1B,CORE,RESULT,Y,NR,NR,SP,Subsurface,
1998-11-01 00:00:00,0.0,152.0,POLB_CHAN2,Area A,A1T,CORE,RESULT,Y,NR,NR,S,Subsurface,
1998-11-01 00:00:00,91.0,265.0,POLB_CHAN2,Area A,A2B,CORE,RESULT,Y,NR,NR,SP,Subsurface,
1998-11-01 00:00:00,0.0,91.0,POLB_CHAN2,Area A,A2T,CORE,RESULT,Y,NR,NR,S,Subsurface,
1998-11-01 00:00:00,128.0,230.0,POLB_CHAN2,Area A,A3B,CORE,RESULT,Y,NR,NR,SP,Subsurface,
1998-11-01 00:00:00,0.0,128.0,POLB_CHAN2,Area A,A3T,CORE,RESULT,Y,NR,NR,S,Subsurface,
1998-11-01 00:00:00,118.0,200.0,POLB_CHAN2,Area A,A4B,CORE,RESULT,Y,NR,NR,SP,Subsurface,
1998-11-01 00:00:00,0.0,118.0,POLB_CHAN2,Area A,A4T,CORE,RESULT,Y,NR,NR,S,Subsurface,
1998-11-01 00:00:00,91.0,163.0,POLB_CHAN2,Area A,A5B,CORE,RESULT,Y,NR,NR,SP,Subsurface,
1998-11-01 00:00:00,0.0,91.0,POLB_CHAN2,Area A,A5T,CORE,RESULT,Y,NR,NR,S,Subsurface,
1998-11-01 00:00:00,91.0,142.0,POLB_CHAN2,Area A,A6B,CORE,RESULT,Y,NR,NR,SP,Subsurface,
1998-11-01 00:00:00,0.0,91.0,POLB_CHAN2,Area A,A6T,CORE,RESULT,Y,NR,NR,S,Subsurface,
1998-11-01 00:00:00,91.0,225.0,POLB_CHAN2,Area A,T981119.72,CORE,RESULT,Y,NR,NR,SP,Subsurface,
1998-11-01 00:00:00,91.0,225.0,POLB_CHAN2,Area A,T981119.73,CORE,RESULT,Y,NR,NR,SP,Subsurface,
1998-11-01 00:00:00,91.0,225.0,POLB_CHAN2,Area A,T981119.74,CORE,RESULT,Y,NR,NR,SP,Subsurface,
1998-11-01 00:00:00,91.0,225.0,POLB_CHAN2,Area A,T981119.75,CORE,RESULT,Y,NR,NR,SP,Subsurface,
1998-11-01 00:00:00,91.0,225.0,POLB_CHAN2,Area A,T981119.76,CORE,RESULT,Y,NR,NR,SP,Subsurface,
1998-11-01 00:00:00,91.0,225.0,POLB_CHAN2,Area A,T981119.78,CORE,RESULT,Y,NR,NR,SP,Subsurface,
1998-11-01 00:00:00,91.0,225.0,POLB_CHAN2,Area A,T981119.79,CORE,RESULT,Y,NR,NR,SP,Subsurface,
1998-11-01 00:00:00,91.0,225.0,POLB_CHAN2,Area A,T981119.82,CORE,RESULT,Y,NR,NR,SP,Subsurface,
1998-11-01 00:00:00,91.0,225.0,POLB_CHAN2,Area A,T981119.83,CORE,RESULT,Y,NR,NR,SP,Subsurface,
1998-03-01 00:00:00,91.0,197.0,POLB_CHAN2,Area B,B BOT COMP 0398,CORE,RESULT,Y,NR,NR,SB,Subsurface,
1998-03-01 00:00:00,0.0,91.0,POLB_CHAN2,Area B,B TOP COMP 0398,CORE,RESULT,Y,NR,NR,SB,Subsurface,
1998-03-01 00:00:00,91.0,215.0,POLB_CHAN2,Area B,B1B,CORE,RESULT,Y,NR,NR,S,Subsurface,
1998-03-01 00:00:00,0.0,91.0,POLB_CHAN2,Area B,B1T,CORE,RESULT,Y,NR,NR,S,Subsurface,
1998-03-01 00:00:00,91.0,157.0,POLB_CHAN2,Area B,B2B,CORE,RESULT,Y,NR,NR,S,Subsurface,
1998-03-01 00:00:00,0.0,91.0,POLB_CHAN2,Area B,B2T,CORE,RESULT,Y,NR,NR,S,Subsurface,
1998-03-01 00:00:00,91.0,273.0,POLB_CHAN2,Area B,B3B,CORE,RESULT,Y,NR,NR,S,Subsurface,
1998-03-01 00:00:00,0.0,91.0,POLB_CHAN2,Area B,B3T,CORE,RESULT,Y,NR,NR,S,Subsurface,
1998-03-01 00:00:00,91.0,139.0,POLB_CHAN2,Area B,B4B,CORE,RESULT,Y,NR,NR,S,Subsurface,
1998-03-01 00:00:00,0.0,91.0,POLB_CHAN2,Area B,B4T,CORE,RESULT,Y,NR,NR,S,Subsurface,
1998-03-01 00:00:00,91.0,206.0,POLB_CHAN2,Area B,B5B,CORE,RESULT,Y,NR,NR,S,Subsurface,
1998-03-01 00:00:00,0.0,91.0,POLB_CHAN2,Area B,B5T,CORE,RESULT,Y,NR,NR,S,Subsurface,
1998-03-01 00:00:00,91.0,190.0,POLB_CHAN2,Area B,B6B,CORE,RESULT,Y,NR,NR,S,Subsurface,
1998-03-01 00:00:00,0.0,91.0,POLB_CHAN2,Area B,B6T,CORE,RESULT,Y,NR,NR,S,Subsurface,
1998-11-01 00:00:00,91.0,174.0,POLB_CHAN2,Area C,C BOT COMP 0398,CORE,RESULT,Y,NR,NR,SB,Subsurface,
1998-11-01 00:00:00,0.0,87.0,POLB_CHAN2,Area C,C TOP COMP 0398,CORE,RESULT,Y,NR,NR,SB,Subsurface,
1998-11-01 00:00:00,0.0,91.0,POLB_CHAN2,Area C,C TOP COMP 1198,CORE,RESULT,Y,NR,NR,SB,Subsurface,
1998-11-01 00:00:00,91.0,162.0,POLB_CHAN2,Area C,C1B,CORE,RESULT,Y,NR,NR,S,Subsurface,
1998-11-01 00:00:00,0.0,91.0,POLB_CHAN2,Area C,C1T,CORE,RESULT,Y,NR,NR,S,Subsurface,
1998-11-01 00:00:00,91.0,369.0,POLB_CHAN2,Area C,C2B,CORE,RESULT,Y,NR,NR,S,Subsurface,
1998-11-01 00:00:00,0.0,91.0,POLB_CHAN2,Area C,C2T,CORE,RESULT,Y,NR,NR,S,Subsurface,
1998-11-01 00:00:00,91.0,136.0,POLB_CHAN2,Area C,C3B,CORE,RESULT,Y,NR,NR,S,Subsurface,
1998-11-01 00:00:00,0.0,91.0,POLB_CHAN2,Area C,C3T,CORE,RESULT,Y,NR,NR,S,Subsurface,
1998-11-01 00:00:00,91.0,142.0,POLB_CHAN2,Area C,C4B,CORE,RESULT,Y,NR,NR,S,Subsurface,
1998-11-01 00:00:00,0.0,91.0,POLB_CHAN2,Area C,C4T,CORE,RESULT,Y,NR,NR,S,Subsurface,
1998-11-01 00:00:00,0.0,66.0,POLB_CHAN2,Area C,C5T,CORE,RESULT,Y,NR,NR,S,Subsurface,
1998-11-01 00:00:00,91.0,160.0,POLB_CHAN2,Area C,C6B,CORE,RESULT,Y,NR,NR,S,Subsurface,
1998-11-01 00:00:00,0.0,91.0,POLB_CHAN2,Area C,C6T,CORE,RESULT,Y,NR,NR,S,Subsurface,
1998-11-01 00:00:00,0.0,91.0,POLB_CHAN2,Area C,F7T,CORE,RESULT,Y,NR,NR,S,Subsurface,
1998-03-01 00:00:00,91.0,281.0,POLB_CHAN2,Area D,D BOT COMP 0398,CORE,RESULT,Y,NR,NR,SB,Subsurface,
1998-03-01 00:00:00,0.0,91.0,POLB_CHAN2,Area D,D TOP COMP 0398,CORE,RESULT,Y,NR,NR,S,Subsurface,
1998-03-01 00:00:00,91.0,344.0,POLB_CHAN2,Area D,D1B,CORE,RESULT,Y,NR,NR,S,Subsurface,
1998-03-01 00:00:00,0.0,91.0,POLB_CHAN2,Area D,D1T,CORE,RESULT,Y,NR,NR,S,Subsurface,
1998-03-01 00:00:00,91.0,274.0,POLB_CHAN2,Area D,D2B,CORE,RESULT,Y,NR,NR,S,Subsurface,
1998-03-01 00:00:00,0.0,91.0,POLB_CHAN2,Area D,D2T,CORE,RESULT,Y,NR,NR,S,Subsurface,
1998-03-01 00:00:00,91.0,305.0,POLB_CHAN2,Area D,D3B,CORE,RESULT,Y,NR,NR,S,Subsurface,
1998-03-01 00:00:00,0.0,91.0,POLB_CHAN2,Area D,D3T,CORE,RESULT,Y,NR,NR,S,Subsurface,
1998-03-01 00:00:00,91.0,122.0,POLB_CHAN2,Area D,D4B,CORE,RESULT,Y,NR,NR,S,Subsurface,
1998-03-01 00:00:00,0.0,91.0,POLB_CHAN2,Area D,D4T,CORE,RESULT,Y,NR,NR,S,Subsurface,
1998-03-01 00:00:00,91.0,360.0,POLB_CHAN2,Area D,D5B,CORE,RESULT,Y,NR,NR,S,Subsurface,
1998-03-01 00:00:00,0.0,91.0,POLB_CHAN2,Area D,D5T,CORE,RESULT,Y,NR,NR,S,Subsurface,
1998-11-01 00:00:00,141.0,428.29998779296875,POLB_CHAN2,Area E,E BOT COMP 0398,CORE,RESULT,Y,NR,NR,SB,Subsurface,
1998-11-01 00:00:00,91.0,228.10000610351562,POLB_CHAN2,Area E,E BOT COMP 1198,CORE,RESULT,Y,NR,NR,SB,Subsurface,
1998-11-01 00:00:00,0.0,128.0,POLB_CHAN2,Area E,E TOP COMP 0398,CORE,RESULT,Y,NR,NR,S,Subsurface,
1998-11-01 00:00:00,152.0,216.0,POLB_CHAN2,Area E,E1B,CORE,RESULT,Y,NR,NR,S,Subsurface,
1998-11-01 00:00:00,0.0,152.0,POLB_CHAN2,Area E,E1T,CORE,RESULT,Y,NR,NR,S,Subsurface,
1998-11-01 00:00:00,168.0,245.5,POLB_CHAN2,Area E,E2B,CORE,RESULT,Y,NR,NR,S,Subsurface,
1998-11-01 00:00:00,0.0,168.0,POLB_CHAN2,Area E,E2T,CORE,RESULT,Y,NR,NR,S,Subsurface,
1998-11-01 00:00:00,122.0,238.0,POLB_CHAN2,Area E,E3B,CORE,RESULT,Y,NR,NR,S,Subsurface,
1998-11-01 00:00:00,0.0,122.0,POLB_CHAN2,Area E,E3T,CORE,RESULT,Y,NR,NR,S,Subsurface,
1998-11-01 00:00:00,91.0,238.0,POLB_CHAN2,Area E,E4B,CORE,RESULT,Y,NR,NR,S,Subsurface,
1998-11-01 00:00:00,0.0,91.0,POLB_CHAN2,Area E,E4T,CORE,RESULT,Y,NR,NR,S,Subsurface,
1998-11-01 00:00:00,91.0,341.0,POLB_CHAN2,Area E,E5B,CORE,RESULT,Y,NR,NR,S,Subsurface,
1998-11-01 00:00:00,0.0,91.0,POLB_CHAN2,Area E,E5T,CORE,RESULT,Y,NR,NR,S,Subsurface,
1998-11-01 00:00:00,149.0,287.0,POLB_CHAN2,Area E,E6B,CORE,RESULT,Y,NR,NR,S,Subsurface,
1998-11-01 00:00:00,0.0,149.0,POLB_CHAN2,Area E,E6T,CORE,RESULT,Y,NR,NR,S,Subsurface,
1998-11-01 00:00:00,213.0,378.0,POLB_CHAN2,Area E,E7B,CORE,RESULT,Y,NR,NR,S,Subsurface,
1998-11-01 00:00:00,0.0,213.0,POLB_CHAN2,Area E,E7T,CORE,RESULT,Y,NR,NR,S,Subsurface,
1998-03-01 00:00:00,100.0,285.0,POLB_CHAN2,Area F,F BOT COMP 0398,CORE,RESULT,Y,NR,NR,SB,Subsurface,
1998-03-01 00:00:00,0.0,100.0,POLB_CHAN2,Area F,F TOP COMP 0398,CORE,RESULT,Y,NR,NR,S,Subsurface,
1998-03-01 00:00:00,107.0,427.0,POLB_CHAN2,Area F,F1B,CORE,RESULT,Y,NR,NR,S,Subsurface,
1998-03-01 00:00:00,0.0,107.0,POLB_CHAN2,Area F,F1T,CORE,RESULT,Y,NR,NR,S,Subsurface,
1998-03-01 00:00:00,91.0,332.0,POLB_CHAN2,Area F,F2B,CORE,RESULT,Y,NR,NR,S,Subsurface,
1998-03-01 00:00:00,0.0,91.0,POLB_CHAN2,Area F,F2T,CORE,RESULT,Y,NR,NR,S,Subsurface,
1998-03-01 00:00:00,91.0,302.0,POLB_CHAN2,Area F,F3B,CORE,RESULT,Y,NR,NR,S,Subsurface,
1998-03-01 00:00:00,0.0,91.0,POLB_CHAN2,Area F,F3T,CORE,RESULT,Y,NR,NR,S,Subsurface,
1998-03-01 00:00:00,91.0,189.0,POLB_CHAN2,Area F,F4B,CORE,RESULT,Y,NR,NR,S,Subsurface,
1998-03-01 00:00:00,0.0,91.0,POLB_CHAN2,Area F,F4T,CORE,RESULT,Y,NR,NR,S,Subsurface,
1998-03-01 00:00:00,104.0,238.0,POLB_CHAN2,Area F,F5B,CORE,RESULT,Y,NR,NR,S,Subsurface,
1998-03-01 00:00:00,0.0,104.0,POLB_CHAN2,Area F,F5T,CORE,RESULT,Y,NR,NR,S,Subsurface,
1998-03-01 00:00:00,91.0,229.0,POLB_CHAN2,Area F,F6B,CORE,RESULT,Y,NR,NR,S,Subsurface,
1998-03-01 00:00:00,0.0,91.0,POLB_CHAN2,Area F,F6T,CORE,RESULT,Y,NR,NR,S,Subsurface,
1998-03-01 00:00:00,91.0,311.0,POLB_CHAN2,Area F,F7B,CORE,RESULT,Y,NR,NR,S,Subsurface,
1998-03-01 00:00:00,0.0,91.0,POLB_CHAN2,Area F,F7T,CORE,RESULT,Y,NR,NR,S,Subsurface,
1998-03-01 00:00:00,143.0,238.0,POLB_CHAN2,Area F,F8B,CORE,RESULT,Y,NR,NR,S,Subsurface,
1998-03-01 00:00:00,0.0,143.0,POLB_CHAN2,Area F,F8T,CORE,RESULT,Y,NR,NR,S,Subsurface,
1998-03-01 00:00:00,0.0,91.0,POLB_CHAN2,Bodega Bay,SEA WATER,GRAB,CNEG,N,NR,NR,B,CNEG,
1998-03-01 00:00:00,0.0,-99.0,POLB_CHAN2,Control,CONTROL 0398,GRAB,CNEG,N,NR,NR,S,CNEG,
1998-03-01 00:00:00,0.0,-99.0,POLB_CHAN2,Control,CONTROL 1198,GRAB,CNEG,N,NR,NR,S,CNEG,
1998-03-01 00:00:00,0.0,10.0,POLB_CHAN2,Elkhorn Slough,0398-CONTROLB-ES,GRAB,CNEG,N,NR,NR,B,CNEG,
1998-03-01 00:00:00,0.0,10.0,POLB_CHAN2,LA-2 Reference,REFERENCE 0398,GRAB,REF,N,NR,NR,SB,Surface,
1998-03-01 00:00:00,0.0,10.0,POLB_CHAN2,LA-2 Reference,REFERENCE 1198,GRAB,REF,N,NR,NR,SB,Surface,
1998-03-01 00:00:00,0.0,10.0,POLB_CHAN2,San Pablo Bay,1198-CONTROLB-SP,GRAB,CNEG,N,NR,NR,B,CNEG,
1998-03-01 00:00:00,-99.0,-99.0,POLB_CHAN2,Scripps Pier,SCRIPP'S Sea Water,SWDRAW,CNEG,N,NR,NR,B,CNEG,
1998-03-01 00:00:00,0.0,10.0,POLB_CHAN2,Whidbey Island,0398-CONTROLA-WI,GRAB,CNEG,N,NR,NR,B,CNEG,
1998-03-01 00:00:00,0.0,10.0,POLB_CHAN2,Whidbey Island,1198-CONTROLA-WI,GRAB,CNEG,N,NR,NR,B,CNEG,
2001-11-19 00:00:00,0.0,76.0,POLB_PJ,Area 1,SITE 1,CORE,RESULT,Y,NR,NR,STB,Subsurface,
2001-11-19 00:00:00,0.0,134.0,POLB_PJ,Area 2,SITE 2,CORE,RESULT,Y,NR,NR,STB,Subsurface,
2001-11-19 00:00:00,0.0,165.0,POLB_PJ,Area 3,SITE 3,CORE,RESULT,Y,NR,NR,STB,Subsurface,
1991-11-21 00:00:00,0.0,10.0,POLB_PJ,LA-2 Reference,REFERENCE,VV,REF,N,NR,NR,STB,Surface,
1991-11-21 00:00:00,0.0,10.0,POLB_PJ,SanFranciscoBay,SFB CONTROL,GRAB,CNEG,N,NR,NR,B,CNEG,
1991-11-21 00:00:00,0.0,10.0,POLB_PJ,Tomales Control,TOMALES CONTROL,GRAB,CNEG,N,NR,NR,STB,CNEG,
1999-09-20 00:00:00,0.0,10.0,POLB_PS,LA-2 Reference,Reference,SPIPE,REF,N,NR,NR,STB,Surface,
1999-09-20 00:00:00,0.0,10.0,POLB_PS,Newport Control,ControlN,GRAB,CNEG,N,NR,NR,B,CNEG,
1999-09-20 00:00:00,134.0,317.0,POLB_PS,Site 1,Site1-BOT,CORE,RESULT,Y,Sandy silt with Shell Hash,Gray Black,STB,Subsurface,
1999-09-20 00:00:00,0.0,134.0,POLB_PS,Site 1,Site1-TOP,CORE,RESULT,Y,Sandy silt with Shell Hash,Gray Black,STB,Subsurface,
1999-09-20 00:00:00,152.0,495.0,POLB_PS,Site 2,Site2-BOT,CORE,RESULT,Y,Silty Sand with Shell Hash,Gray,STB,Subsurface,
1999-09-20 00:00:00,0.0,152.0,POLB_PS,Site 2,Site2-TOP,CORE,RESULT,Y,Silty Sand with Shell Hash,Gray,STB,Subsurface,
1999-09-20 00:00:00,0.0,10.0,POLB_PS,Tomales Control,ControlT,GRAB,CNEG,N,NR,NR,B,CNEG,
1999-09-20 00:00:00,0.0,10.0,POLB_PS,Tomales Control,ControlT1,GRAB,CNEG,N,NR,NR,B,CNEG,
1999-09-20 00:00:00,0.0,10.0,POLB_PS,Tomales Control,ControlT2,GRAB,CNEG,N,NR,NR,B,CNEG,
1996-03-11 00:00:00,0.0,-99.0,POLB_WEST12367,Baseline,Baseline,UNK,RESULT,Y,NR,NR,T,Surface,
1996-03-11 00:00:00,0.0,-99.0,POLB_WEST12367,Control,CONTROL,GRAB,CNEG,N,NR,NR,SB,CNEG,
1996-03-11 00:00:00,0.0,-99.0,POLB_WEST12367,Control,Home,GRAB,CNEG,N,NR,NR,TB,CNEG,
1996-03-11 00:00:00,0.0,10.0,POLB_WEST12367,LA-2 Reference,LA2 Ref,PDREDGE,REF,N,NR,NR,STB,Surface,
1996-03-11 00:00:00,0.0,29.0,POLB_WEST12367,SubArea I,C22-1,VIBRA,RESULT,Y,Sand,Gray Black,S,Surface,
1996-03-11 00:00:00,29.0,88.0,POLB_WEST12367,SubArea I,C22-2,VIBRA,RESULT,Y,Sand,Gray Black,S,Subsurface,
1996-03-11 00:00:00,88.0,118.0,POLB_WEST12367,SubArea I,C22-3,VIBRA,RESULT,Y,Sand,Gray Black,S,Subsurface,
1996-03-11 00:00:00,0.0,44.0,POLB_WEST12367,SubArea I,C23-1,VIBRA,RESULT,Y,Sand,Green/gray,S,Subsurface,
1996-03-11 00:00:00,44.0,88.0,POLB_WEST12367,SubArea I,C23-2,VIBRA,RESULT,Y,Sand,Green/gray,S,Subsurface,
1996-03-11 00:00:00,88.0,176.0,POLB_WEST12367,SubArea I,C23-3,VIBRA,RESULT,Y,Sand,Green/gray,S,Subsurface,
1996-03-11 00:00:00,0.0,74.0,POLB_WEST12367,SubArea I,C24-1,VIBRA,RESULT,Y,Silt,Green/gray,S,Subsurface,
1996-03-11 00:00:00,74.0,153.0,POLB_WEST12367,SubArea I,C24-2,VIBRA,RESULT,Y,Silt,Green/gray,S,Subsurface,
1996-03-11 00:00:00,153.0,265.0,POLB_WEST12367,SubArea I,C24-3,VIBRA,RESULT,Y,Silt,Green/gray,S,Subsurface,
1996-03-11 00:00:00,265.0,353.0,POLB_WEST12367,SubArea I,C24-4,VIBRA,RESULT,Y,Silt,Green/gray,S,Subsurface,
1996-03-11 00:00:00,353.0,441.0,POLB_WEST12367,SubArea I,C24-5,VIBRA,RESULT,Y,Silt,Green/gray,S,Subsurface,
1996-03-11 00:00:00,441.0,532.0,POLB_WEST12367,SubArea I,C24-6,VIBRA,RESULT,Y,Silt,Green/gray,S,Subsurface,
1996-03-11 00:00:00,0.0,514.0,POLB_WEST12367,SubArea I,C26,VIBRA,RESULT,Y,NR,NR,S,Subsurface,
1996-03-11 00:00:00,0.0,514.0,POLB_WEST12367,SubArea I,C27,VIBRA,RESULT,Y,NR,NR,S,Subsurface,
1996-03-11 00:00:00,0.0,387.0,POLB_WEST12367,SubArea I,Composite Area I,VIBRA,RESULT,Y,NR,NR,STB,Subsurface,
1996-03-11 00:00:00,0.0,74.0,POLB_WEST12367,SubArea I,R1-1,VIBRA,RESULT,Y,Silty Sand,Gray,S,Subsurface,
1996-03-11 00:00:00,74.0,176.0,POLB_WEST12367,SubArea I,R1-2,VIBRA,RESULT,Y,Silty Sand,Gray,S,Subsurface,
1996-03-11 00:00:00,176.0,250.0,POLB_WEST12367,SubArea I,R1-3,VIBRA,RESULT,Y,Silty Sand,Gray,S,Subsurface,
1996-03-11 00:00:00,0.0,59.0,POLB_WEST12367,SubArea I,R2-1,VIBRA,RESULT,Y,Silty Sand,Green/gray,S,Subsurface,
1996-03-11 00:00:00,59.0,132.0,POLB_WEST12367,SubArea I,R2-2,VIBRA,RESULT,Y,Silty Sand,Green/gray,S,Subsurface,
1996-03-11 00:00:00,0.0,206.0,POLB_WEST12367,SubArea I,R4,VIBRA,RESULT,Y,NR,NR,S,Subsurface,
1996-03-11 00:00:00,0.0,294.0,POLB_WEST12367,SubArea I,R5,VIBRA,RESULT,Y,NR,NR,S,Subsurface,
1996-03-11 00:00:00,0.0,406.0,POLB_WEST12367,SubArea I,R6,VIBRA,RESULT,Y,NR,NR,S,Subsurface,
1996-03-12 00:00:00,0.0,103.0,POLB_WEST12367,SubArea II,C20-1,VIBRA,RESULT,Y,Silty Sand with Shell Hash,Gray Black,S,Subsurface,
1996-03-12 00:00:00,103.0,176.0,POLB_WEST12367,SubArea II,C20-2,VIBRA,RESULT,Y,Silty Sand with Shell Hash,Gray Black,S,Subsurface,
1996-03-12 00:00:00,176.0,265.0,POLB_WEST12367,SubArea II,C20-3,VIBRA,RESULT,Y,Silty Sand with Shell Hash,Gray Black,S,Subsurface,
1996-03-12 00:00:00,265.0,353.0,POLB_WEST12367,SubArea II,C20-4,VIBRA,RESULT,Y,Silty Sand with Shell Hash,Gray Black,S,Subsurface,
1996-03-12 00:00:00,353.0,412.0,POLB_WEST12367,SubArea II,C20-5,VIBRA,RESULT,Y,Silty Sand with Shell Hash,Gray Black,S,Subsurface,
1996-03-12 00:00:00,0.0,74.0,POLB_WEST12367,SubArea II,C21-1,VIBRA,RESULT,Y,Silt with Shell Hash,Black,S,Subsurface,
1996-03-12 00:00:00,74.0,162.0,POLB_WEST12367,SubArea II,C21-2,VIBRA,RESULT,Y,Silt with Shell Hash,Black,S,Subsurface,
1996-03-12 00:00:00,162.0,241.0,POLB_WEST12367,SubArea II,C21-3,VIBRA,RESULT,Y,Silt with Shell Hash,Black,S,Subsurface,
1996-03-12 00:00:00,0.0,514.0,POLB_WEST12367,SubArea II,C25,VIBRA,RESULT,Y,Shell Hash,NR,S,Subsurface,
1996-03-12 00:00:00,0.0,465.0,POLB_WEST12367,SubArea II,C28,VIBRA,RESULT,Y,Shell Hash,NR,S,Subsurface,
1996-03-12 00:00:00,0.0,458.0,POLB_WEST12367,SubArea II,Composite Area II,VIBRA,RESULT,Y,Shell Hash,NR,STB,Subsurface,
1996-03-12 00:00:00,0.0,88.0,POLB_WEST12367,SubArea II,R3-1,VIBRA,RESULT,Y,Silty Sand with Shell Hash,Gray,S,Subsurface,
1996-03-12 00:00:00,88.0,176.0,POLB_WEST12367,SubArea II,R3-2,VIBRA,RESULT,Y,Silty Sand with Shell Hash,Gray,S,Subsurface,
1996-03-12 00:00:00,0.0,441.0,POLB_WEST12367,SubArea II,R7,VIBRA,RESULT,Y,Shell Hash,NR,S,Subsurface,
1996-03-12 00:00:00,0.0,412.0,POLB_WEST12367,SubArea II,R8,VIBRA,RESULT,Y,Shell Hash,NR,S,Subsurface,
1996-03-11 00:00:00,0.0,276.0,POLB_WEST12367,SubArea III,C29,VIBRA,RESULT,Y,NR,NR,S,Subsurface,
1996-03-11 00:00:00,0.0,228.0,POLB_WEST12367,SubArea III,C30,VIBRA,RESULT,Y,NR,NR,S,Subsurface,
1996-03-11 00:00:00,0.0,236.0,POLB_WEST12367,SubArea III,Composite Area III,VIBRA,RESULT,Y,NR,NR,STB,Subsurface,
1996-03-11 00:00:00,0.0,220.0,POLB_WEST12367,SubArea III,R10,VIBRA,RESULT,Y,NR,NR,S,Subsurface,
1996-03-11 00:00:00,0.0,220.0,POLB_WEST12367,SubArea III,R11,VIBRA,RESULT,Y,NR,NR,S,Subsurface,
1996-03-11 00:00:00,0.0,235.0,POLB_WEST12367,SubArea III,R9,VIBRA,RESULT,Y,NR,NR,S,Subsurface,
1996-03-13 00:00:00,0.0,206.0,POLB_WEST12367,SubArea VI,C31,VIBRA,RESULT,Y,NR,NR,S,Subsurface,
1996-03-13 00:00:00,0.0,228.0,POLB_WEST12367,SubArea VI,C32,VIBRA,RESULT,Y,NR,NR,S,Subsurface,
1996-03-13 00:00:00,0.0,252.0,POLB_WEST12367,SubArea VI,Composite Area VI,VIBRA,RESULT,Y,NR,NR,STB,Subsurface,
1996-03-13 00:00:00,0.0,213.0,POLB_WEST12367,SubArea VI,R13,VIBRA,RESULT,Y,NR,NR,S,Subsurface,
1996-03-13 00:00:00,0.0,220.0,POLB_WEST12367,SubArea VI,R16,VIBRA,RESULT,Y,NR,NR,S,Subsurface,
1996-03-13 00:00:00,0.0,394.0,POLB_WEST12367,SubArea VI,R17,VIBRA,RESULT,Y,NR,NR,S,Subsurface,
1996-03-15 00:00:00,0.0,191.0,POLB_WEST12367,SubArea VII,C33,VIBRA,RESULT,Y,NR,NR,S,Subsurface,
1996-03-15 00:00:00,0.0,200.0,POLB_WEST12367,SubArea VII,C34,VIBRA,RESULT,Y,NR,NR,S,Subsurface,
1996-03-15 00:00:00,0.0,220.0,POLB_WEST12367,SubArea VII,C35,VIBRA,RESULT,Y,NR,NR,S,Subsurface,
1996-03-15 00:00:00,0.0,226.0,POLB_WEST12367,SubArea VII,C36,VIBRA,RESULT,Y,NR,NR,S,Subsurface,
1996-03-15 00:00:00,0.0,209.0,POLB_WEST12367,SubArea VII,Composite Area VII,VIBRA,RESULT,Y,NR,NR,STB,Subsurface,
1996-04-03 00:00:00,0.0,244.0,POLB_WEST45,SubArea IV,IV-1A,CORE,RESULT,Y,NR,NR,SE,Subsurface,
1996-04-03 00:00:00,244.0,463.0,POLB_WEST45,SubArea IV,IV-1B,CORE,RESULT,Y,NR,NR,SE,Subsurface,
1996-04-03 00:00:00,0.0,122.0,POLB_WEST45,SubArea IV,IV-2A,CORE,RESULT,Y,NR,NR,SE,Subsurface,
1996-04-03 00:00:00,122.0,238.0,POLB_WEST45,SubArea IV,IV-2B,CORE,RESULT,Y,NR,NR,SE,Subsurface,
1996-04-03 00:00:00,0.0,235.0,POLB_WEST45,SubArea IV,IV-3,CORE,RESULT,Y,NR,NR,SE,Subsurface,
1996-04-03 00:00:00,0.0,229.0,POLB_WEST45,SubArea IV,IV-4,CORE,RESULT,Y,NR,NR,SE,Subsurface,
1996-04-03 00:00:00,0.0,207.0,POLB_WEST45,SubArea IV,IV-5,CORE,RESULT,Y,NR,NR,SE,Subsurface,
1996-04-04 00:00:00,0.0,168.0,POLB_WEST45,SubArea V,V-1A,CORE,RESULT,Y,NR,NR,SE,Subsurface,
1996-04-04 00:00:00,168.0,457.0,POLB_WEST45,SubArea V,V-1B,CORE,RESULT,Y,NR,NR,SE,Subsurface,
1996-04-04 00:00:00,0.0,122.0,POLB_WEST45,SubArea V,V-2A,CORE,RESULT,Y,NR,NR,SE,Subsurface,
1996-04-04 00:00:00,122.0,390.0,POLB_WEST45,SubArea V,V-2B,CORE,RESULT,Y,NR,NR,SE,Subsurface,
1996-04-04 00:00:00,0.0,122.0,POLB_WEST45,SubArea V,V-3A,CORE,RESULT,Y,NR,NR,SE,Subsurface,
1996-04-04 00:00:00,122.0,387.0,POLB_WEST45,SubArea V,V-3B,CORE,RESULT,Y,NR,NR,SE,Subsurface,
1996-04-04 00:00:00,0.0,223.0,POLB_WEST45,SubArea V,V-4,CORE,RESULT,Y,NR,NR,SE,Subsurface,
1996-04-04 00:00:00,0.0,244.0,POLB_WEST45,West Basin,IV&V,UNK,RESULT,Y,NR,NR,SE,Subsurface,
1996-06-22 00:00:00,0.0,168.0,POLB_WEST696,I,IA1,CORE,RESULT,Y,Silt/Clay,Gray,S,Subsurface,
1996-06-22 00:00:00,0.0,244.0,POLB_WEST696,I,IB1,CORE,RESULT,Y,Silty Sand,Green/gray,S,Subsurface,
1996-06-23 00:00:00,0.0,91.0,POLB_WEST696,II,IIA1,CORE,RESULT,Y,Coarse and Fine Sand with Shell Hash,Green/gray,S,Subsurface,
1996-06-23 00:00:00,91.0,183.0,POLB_WEST696,II,IIA2,CORE,RESULT,Y,Coarse and Fine Sand with Shell Hash,Green/gray,S,Subsurface,
1996-06-23 00:00:00,183.0,274.0,POLB_WEST696,II,IIA3,CORE,RESULT,Y,Coarse and Fine Sand with Shell Hash,Green/gray,S,Subsurface,
1996-06-23 00:00:00,274.0,366.0,POLB_WEST696,II,IIA4,CORE,RESULT,Y,Coarse and Fine Sand with Shell Hash,Green/gray,S,Subsurface,
1996-06-23 00:00:00,366.0,457.0,POLB_WEST696,II,IIA5,CORE,RESULT,Y,Coarse and Fine Sand with Shell Hash,Green/gray,S,Subsurface,
1996-06-23 00:00:00,0.0,91.0,POLB_WEST696,II,IIB1,CORE,RESULT,Y,Fine Sand with Silt with Shell Hash,Green/gray,S,Subsurface,
1996-06-23 00:00:00,91.0,183.0,POLB_WEST696,II,IIB2,CORE,RESULT,Y,Fine Sand with Silt with Shell Hash,Green/gray,S,Subsurface,
1996-06-23 00:00:00,183.0,274.0,POLB_WEST696,II,IIB3,CORE,RESULT,Y,Fine Sand with Silt with Shell Hash,Green/gray,S,Subsurface,
1996-06-23 00:00:00,274.0,366.0,POLB_WEST696,II,IIB4,CORE,RESULT,Y,Fine Sand with Silt with Shell Hash,Green/gray,S,Subsurface,
1996-06-23 00:00:00,366.0,512.0,POLB_WEST696,II,IIB5,CORE,RESULT,Y,Fine Sand with Silt with Shell Hash,Green/gray,S,Subsurface,
1996-06-23 00:00:00,0.0,91.0,POLB_WEST696,II,IIC1,CORE,RESULT,Y,Coarse Sand with Shell Hash,Green/gray,S,Subsurface,
1996-06-23 00:00:00,91.0,183.0,POLB_WEST696,II,IIC2,CORE,RESULT,Y,Coarse Sand with Shell Hash,Green/gray,S,Subsurface,
1996-06-23 00:00:00,183.0,274.0,POLB_WEST696,II,IIC3,CORE,RESULT,Y,Coarse Sand with Shell Hash,Green/gray,S,Subsurface,
1996-06-23 00:00:00,274.0,366.0,POLB_WEST696,II,IIC4,CORE,RESULT,Y,Coarse Sand with Shell Hash,Green/gray,S,Subsurface,
1996-06-23 00:00:00,366.0,-99.0,POLB_WEST696,II,IIC5,CORE,RESULT,Y,Coarse Sand with Shell Hash,Green/gray,S,Subsurface,
1996-06-23 00:00:00,0.0,415.0,POLB_WEST696,II,IID1,CORE,RESULT,Y,Shell Hash,NR,S,Subsurface,
1996-06-23 00:00:00,91.0,183.0,POLB_WEST696,II,IID2,CORE,RESULT,Y,Fine Sand with Silt with Shell Hash,Green/gray,S,Subsurface,
1996-06-23 00:00:00,0.0,152.0,POLB_WEST696,III,IIIA1,CORE,RESULT,Y,Fine Sand with Silt,Green/gray,S,Subsurface,
1996-06-23 00:00:00,0.0,91.0,POLB_WEST696,IV,IVA1,CORE,RESULT,Y,Fine Sand with Silt with Shell Hash,Green/gray,S,Subsurface,
1996-06-23 00:00:00,91.0,183.0,POLB_WEST696,IV,IVA2,CORE,RESULT,Y,Fine Sand with Silt with Shell Hash,Green/gray,S,Subsurface,
1996-06-23 00:00:00,183.0,274.0,POLB_WEST696,IV,IVA3,CORE,RESULT,Y,Fine Sand with Silt with Shell Hash,Green/gray,S,Subsurface,
1996-06-23 00:00:00,274.0,366.0,POLB_WEST696,IV,IVA4,CORE,RESULT,Y,Fine Sand with Silt with Shell Hash,Green/gray,S,Subsurface,
1996-06-23 00:00:00,366.0,457.0,POLB_WEST696,IV,IVA5,CORE,RESULT,Y,Fine Sand with Silt with Shell Hash,Green/gray,S,Subsurface,
1996-06-23 00:00:00,457.0,579.0,POLB_WEST696,IV,IVA6,CORE,RESULT,Y,Fine Sand with Silt with Shell Hash,Green/gray,S,Subsurface,
1996-06-23 00:00:00,0.0,91.0,POLB_WEST696,IV,IVB1,CORE,RESULT,Y,Fine Sand with Silt with Shell Hash,Green/gray,S,Subsurface,
1996-06-23 00:00:00,91.0,183.0,POLB_WEST696,IV,IVB2,CORE,RESULT,Y,Fine Sand with Silt with Shell Hash,Green/gray,S,Subsurface,
1996-06-23 00:00:00,183.0,274.0,POLB_WEST696,IV,IVB3,CORE,RESULT,Y,Fine Sand with Silt with Shell Hash,Green/gray,S,Subsurface,
1996-06-23 00:00:00,274.0,442.0,POLB_WEST696,IV,IVB4,CORE,RESULT,Y,Fine Sand with Silt with Shell Hash,Green/gray,S,Subsurface,
1996-06-23 00:00:00,0.0,91.0,POLB_WEST696,IV,IVC1,CORE,RESULT,Y,Fine Sand with Silt with Shell Hash,Black,S,Subsurface,
1996-06-23 00:00:00,91.0,162.0,POLB_WEST696,IV,IVC2,CORE,RESULT,Y,Fine Sand with Silt with Shell Hash,Black,S,Subsurface,
1996-06-23 00:00:00,0.0,104.0,POLB_WEST696,IV,IVD1,CORE,RESULT,Y,Silt with Shell Hash,Black,S,Subsurface,
1996-06-23 00:00:00,0.0,91.0,POLB_WEST696,IV,IVE1,CORE,RESULT,Y,Fine Sand with Silt with Shell Hash,Green/gray,S,Subsurface,
1996-06-23 00:00:00,91.0,183.0,POLB_WEST696,IV,IVE2,CORE,RESULT,Y,Fine Sand with Silt with Shell Hash,Green/gray,S,Subsurface,
1996-06-23 00:00:00,183.0,274.0,POLB_WEST696,IV,IVE3,CORE,RESULT,Y,Fine Sand with Silt with Shell Hash,Green/gray,S,Subsurface,
1996-06-23 00:00:00,274.0,366.0,POLB_WEST696,IV,IVE4,CORE,RESULT,Y,Fine Sand with Silt with Shell Hash,Green/gray,S,Subsurface,
1996-06-23 00:00:00,366.0,457.0,POLB_WEST696,IV,IVE5,CORE,RESULT,Y,Fine Sand with Silt with Shell Hash,Green/gray,S,Subsurface,
1996-06-23 00:00:00,457.0,503.0,POLB_WEST696,IV,IVE6,CORE,RESULT,Y,Fine Sand with Silt with Shell Hash,Green/gray,S,Subsurface,
1996-06-23 00:00:00,0.0,91.0,POLB_WEST696,IV,IVF1,CORE,RESULT,Y,Fine Sand with Silt with Shell Hash,Green/gray,S,Subsurface,
1996-06-23 00:00:00,91.0,183.0,POLB_WEST696,IV,IVF2,CORE,RESULT,Y,Fine Sand with Silt with Shell Hash,Green/gray,S,Subsurface,
1996-06-23 00:00:00,0.0,91.0,POLB_WEST696,IV,IVG1,CORE,RESULT,Y,Fine Sand with Silt with Shell Hash,Green/gray,S,Subsurface,
1996-06-23 00:00:00,91.0,183.0,POLB_WEST696,IV,IVG2,CORE,RESULT,Y,Fine Sand with Silt with Shell Hash,Green/gray,S,Subsurface,
1996-06-23 00:00:00,0.0,91.0,POLB_WEST696,IV,IVH1,CORE,RESULT,Y,Fine Sand with Silt with Shell Hash,Green/gray,S,Subsurface,
1996-06-23 00:00:00,91.0,183.0,POLB_WEST696,IV,IVH2,CORE,RESULT,Y,Fine Sand with Silt with Shell Hash,Green/gray,S,Subsurface,
1996-06-23 00:00:00,183.0,274.0,POLB_WEST696,IV,IVH3,CORE,RESULT,Y,Fine Sand with Silt with Shell Hash,Green/gray,S,Subsurface,
1996-06-23 00:00:00,274.0,421.0,POLB_WEST696,IV,IVH4,CORE,RESULT,Y,Fine Sand with Silt with Shell Hash,Green/gray,S,Subsurface,
1996-06-23 00:00:00,0.0,91.0,POLB_WEST696,V,VA1,CORE,RESULT,Y,Fine Sand with Silt,Green/gray,S,Subsurface,
1996-06-23 00:00:00,91.0,183.0,POLB_WEST696,V,VA2,CORE,RESULT,Y,Fine Sand with Silt,Green/gray,S,Subsurface,
1996-06-23 00:00:00,183.0,347.0,POLB_WEST696,V,VA3,CORE,RESULT,Y,Fine Sand with Silt,Green/gray,S,Subsurface,
1996-06-23 00:00:00,0.0,91.0,POLB_WEST696,V,VB1,CORE,RESULT,Y,Fine Sand with Silt,Green/gray,S,Subsurface,
1996-06-23 00:00:00,91.0,152.0,POLB_WEST696,V,VB2,CORE,RESULT,Y,Fine Sand with Silt,Green/gray,S,Subsurface,
1996-06-23 00:00:00,0.0,91.0,POLB_WEST696,V,VC1,CORE,RESULT,Y,Fine Sand with Silt,Green/gray,S,Subsurface,
1996-06-23 00:00:00,91.0,158.0,POLB_WEST696,V,VC2,CORE,RESULT,Y,Fine Sand with Silt,Green/gray,S,Subsurface,
1996-08-03 00:00:00,0.0,91.0,POLB_WEST896,I,C24,CORE,RESULT,Y,NR,NR,S,Subsurface,
1996-08-03 00:00:00,0.0,91.0,POLB_WEST896,I,C27,CORE,RESULT,Y,NR,NR,S,Subsurface,
1996-08-03 00:00:00,0.0,30.0,POLB_WEST896,III,IIIA-1,CORE,RESULT,Y,NR,NR,S,Surface,
1996-08-03 00:00:00,30.0,61.0,POLB_WEST896,III,IIIA-2,CORE,RESULT,Y,NR,NR,S,Subsurface,
1996-08-03 00:00:00,61.0,91.0,POLB_WEST896,III,IIIA-3,CORE,RESULT,Y,NR,NR,S,Subsurface,
1996-08-03 00:00:00,91.0,122.0,POLB_WEST896,III,IIIA-4,CORE,RESULT,Y,NR,NR,S,Subsurface,
1996-08-03 00:00:00,122.0,152.0,POLB_WEST896,III,IIIA-5,CORE,RESULT,Y,NR,NR,S,Subsurface,
1996-08-03 00:00:00,152.0,183.0,POLB_WEST896,III,IIIA-6,CORE,RESULT,Y,NR,NR,S,Subsurface,
1996-08-03 00:00:00,0.0,30.0,POLB_WEST896,III,R11-1,CORE,RESULT,Y,NR,NR,S,Surface,
1996-08-03 00:00:00,30.0,61.0,POLB_WEST896,III,R11-2,CORE,RESULT,Y,NR,NR,S,Subsurface,
1996-08-03 00:00:00,61.0,91.0,POLB_WEST896,III,R11-3,CORE,RESULT,Y,NR,NR,S,Subsurface,
1996-08-03 00:00:00,91.0,122.0,POLB_WEST896,III,R11-4,CORE,RESULT,Y,NR,NR,S,Subsurface,
1996-08-03 00:00:00,122.0,152.0,POLB_WEST896,III,R11-5,CORE,RESULT,Y,NR,NR,S,Subsurface,
1996-08-03 00:00:00,152.0,183.0,POLB_WEST896,III,R11-6,CORE,RESULT,Y,NR,NR,S,Subsurface,
1996-08-03 00:00:00,0.0,30.0,POLB_WEST896,IV,IVC-1,CORE,RESULT,Y,NR,NR,S,Surface,
1996-08-03 00:00:00,30.0,61.0,POLB_WEST896,IV,IVC-2,CORE,RESULT,Y,NR,NR,S,Subsurface,
1996-08-03 00:00:00,61.0,91.0,POLB_WEST896,IV,IVC-3,CORE,RESULT,Y,NR,NR,S,Subsurface,
1996-08-03 00:00:00,91.0,122.0,POLB_WEST896,IV,IVC-4,CORE,RESULT,Y,NR,NR,S,Subsurface,
1996-08-03 00:00:00,0.0,30.0,POLB_WEST896,IV,IVD-1,CORE,RESULT,Y,NR,NR,S,Surface,
1996-08-03 00:00:00,30.0,61.0,POLB_WEST896,IV,IVD-2,CORE,RESULT,Y,NR,NR,S,Subsurface,
1996-08-03 00:00:00,61.0,91.0,POLB_WEST896,IV,IVD-3,CORE,RESULT,Y,NR,NR,S,Subsurface,
1996-08-03 00:00:00,91.0,122.0,POLB_WEST896,IV,IVD-4,CORE,RESULT,Y,NR,NR,S,Subsurface,
1996-08-03 00:00:00,122.0,152.0,POLB_WEST896,IV,IVD-5,CORE,RESULT,Y,NR,NR,S,Subsurface,
1996-08-03 00:00:00,152.0,183.0,POLB_WEST896,IV,IVD-6,CORE,RESULT,Y,NR,NR,S,Subsurface,
1996-08-03 00:00:00,0.0,30.0,POLB_WEST896,V,VB-1,CORE,RESULT,Y,NR,NR,S,Surface,
1996-08-03 00:00:00,30.0,61.0,POLB_WEST896,V,VB-2,CORE,RESULT,Y,NR,NR,S,Subsurface,
1996-08-03 00:00:00,61.0,91.0,POLB_WEST896,V,VB-3,CORE,RESULT,Y,NR,NR,S,Subsurface,
1996-08-03 00:00:00,91.0,122.0,POLB_WEST896,V,VB-4,CORE,RESULT,Y,NR,NR,S,Subsurface,
1996-08-03 00:00:00,122.0,152.0,POLB_WEST896,V,VB-5,CORE,RESULT,Y,NR,NR,S,Subsurface,
1996-08-03 00:00:00,152.0,183.0,POLB_WEST896,V,VB-6,CORE,RESULT,Y,NR,NR,S,Subsurface,
1996-08-03 00:00:00,0.0,30.0,POLB_WEST896,V,VC-1,CORE,RESULT,Y,NR,NR,S,Surface,
1996-08-03 00:00:00,30.0,61.0,POLB_WEST896,V,VC-2,CORE,RESULT,Y,NR,NR,S,Subsurface,
1996-08-03 00:00:00,61.0,91.0,POLB_WEST896,V,VC-3,CORE,RESULT,Y,NR,NR,S,Subsurface,
1996-08-03 00:00:00,91.0,122.0,POLB_WEST896,V,VC-4,CORE,RESULT,Y,NR,NR,S,Subsurface,
1996-08-03 00:00:00,122.0,152.0,POLB_WEST896,V,VC-5,CORE,RESULT,Y,NR,NR,S,Subsurface,
1996-08-03 00:00:00,152.0,183.0,POLB_WEST896,V,VC-6,CORE,RESULT,Y,NR,NR,S,Subsurface,
1996-08-03 00:00:00,0.0,91.0,POLB_WEST896,VI,C31,CORE,RESULT,Y,NR,NR,S,Subsurface,
1996-08-03 00:00:00,0.0,91.0,POLB_WEST896,VI,C33,CORE,RESULT,Y,NR,NR,S,Subsurface,
1998-08-27 00:00:00,152.0,271.0,POLB_WEST98,Area A,A-Lower,CORE,RESULT,Y,NR,NR,STB,Subsurface,
1998-08-27 00:00:00,0.0,147.0,POLB_WEST98,Area A,A-Upper,CORE,RESULT,Y,NR,NR,STB,Subsurface,
1998-08-27 00:00:00,152.0,315.0,POLB_WEST98,Area B,B-Lower,CORE,RESULT,Y,NR,NR,STB,Subsurface,
1998-08-27 00:00:00,0.0,152.0,POLB_WEST98,Area B,B-Upper,CORE,RESULT,Y,NR,NR,STB,Subsurface,
1998-08-27 00:00:00,0.0,149.0,POLB_WEST98,Area C,C-Comp,CORE,RESULT,Y,NR,NR,STB,Subsurface,
1998-08-27 00:00:00,0.0,139.0,POLB_WEST98,Area D,D-Comp,CORE,RESULT,Y,NR,NR,STB,Subsurface,
1998-08-27 00:00:00,0.0,152.0,POLB_WEST98,Area E,E-Upper,HAMMER,RESULT,Y,NR,NR,STB,Subsurface,
1998-08-28 00:00:00,152.0,872.0,POLB_WEST98,Area E/F,E/F-Lower,CORE,RESULT,Y,NR,NR,STB,Subsurface,
1998-08-27 00:00:00,0.0,152.0,POLB_WEST98,Area F,F-Upper,HAMMER,RESULT,Y,NR,NR,STB,Subsurface,
1998-08-27 00:00:00,0.0,152.0,POLB_WEST98,Area G,G-Upper,CORE,RESULT,Y,NR,NR,STB,Subsurface,
1998-08-28 00:00:00,152.0,298.0,POLB_WEST98,Area G/H,G/H-Lower,CORE,RESULT,Y,NR,NR,STB,Subsurface,
1998-08-27 00:00:00,0.0,152.0,POLB_WEST98,Area H,H-Upper,CORE,RESULT,Y,NR,NR,STB,Subsurface,
1998-08-27 00:00:00,-99.0,-99.0,POLB_WEST98,Bodega Bay,Sea Water-A,SWDRAW,CNEG,N,NR,NR,B,CNEG,
1998-08-27 00:00:00,-99.0,-99.0,POLB_WEST98,Bodega Bay,Sea Water-B,SWDRAW,CNEG,N,NR,NR,B,CNEG,
1998-08-27 00:00:00,-99.0,-99.0,POLB_WEST98,Bodega Bay,Sea Water-C,SWDRAW,CNEG,N,NR,NR,B,CNEG,
1998-08-27 00:00:00,0.0,10.0,POLB_WEST98,LA-2 Reference,LA2-Reference,SPIPE,REF,N,NR,NR,STB,Surface,
1998-08-27 00:00:00,0.0,-99.0,POLB_WEST98,Maine,Maine-A,GRAB,CNEG,N,NR,NR,B,CNEG,
1998-08-27 00:00:00,0.0,-99.0,POLB_WEST98,Maine,Maine-B,GRAB,CNEG,N,NR,NR,B,CNEG,
1998-08-27 00:00:00,0.0,-99.0,POLB_WEST98,Whidbey Island,Whidbey-B,GRAB,CNEG,N,NR,NR,B,CNEG,
1998-08-27 00:00:00,0.0,-99.0,POLB_WEST98,Whidbey Island,Whidbey-C,GRAB,CNEG,N,NR,NR,B,CNEG,
1900-01-01 00:00:00,-99.0,-99.0,PRCH_T1,C-AM,C-AM,UNK,CNEG,N,NR,NR,B,CNEG,
1994-02-07 00:00:00,0.0,423.1000061035156,PRCH_T1,COMP A,COMP A,VIBRA,RESULT,Y,Clay,Black/dark gray,STB,Subsurface,
1994-02-07 00:00:00,0.0,423.70001220703125,PRCH_T1,COMP A-1,COMP A-1,VIBRA,RESULT,N,Clay,Dark gray,S,Subsurface,"1-4"" core & 1-12"" core collected at each station"
1994-02-07 00:00:00,0.0,374.8999938964844,PRCH_T1,COMP A-2,COMP A-2,VIBRA,RESULT,N,Clay,Dark gray,S,Subsurface,"1-4"" core & 1-12"" core collected at each station"
1994-02-08 00:00:00,0.0,457.20001220703125,PRCH_T1,COMP A-3,COMP A-3,VIBRA,RESULT,N,Clay,Dark gray,S,Subsurface,"1-4"" core & 1-12"" core collected at each station"
1994-02-08 00:00:00,0.0,402.29998779296875,PRCH_T1,COMP A-4,COMP A-4,VIBRA,RESULT,N,Clay,Dark gray,S,Subsurface,"1-4"" core & 1-12"" core collected at each station"
1994-02-08 00:00:00,0.0,457.20001220703125,PRCH_T1,COMP A-5,COMP A-5,VIBRA,RESULT,N,Clay,Black/dark gray,S,Subsurface,"1-4"" core & 1-12"" core collected at each station"
1900-01-01 00:00:00,0.0,-99.0,PRCH_T1,C-SB,C-SB,SDREDGE,CNEG,N,NR,NR,TB,CNEG,
1900-01-01 00:00:00,0.0,-99.0,PRCH_T1,C-WB,C-WB,SDREDGE,CNEG,N,NR,NR,B,CNEG,
1900-01-01 00:00:00,-99.0,-99.0,PRCH_T1,MN_Back,MN_Back,UNK,CNEG,N,NR,NR,T,CNEG,
1900-01-01 00:00:00,0.0,-99.0,PRCH_T1,R-AM,R-AM,SDREDGE,REF,Y,NR,NR,STB,Surface,
1900-01-01 00:00:00,0.0,-99.0,PRCH_T1,R-BF,R-BF,PDREDGE,REF,Y,NR,NR,STB,Surface,
1900-01-01 00:00:00,0.0,-99.0,PRCH_T1,R-OS,R-OS,PDREDGE,REF,N,NR,NR,STB,Surface,
1994-02-07 00:00:00,0.0,121.9000015258789,PRCH_T1,TB 1-2,TB 1-2,VIBRA,RESULT,N,Clay,Black/dark gray,SB,Subsurface,"1-4"" core & 1-12"" core collected at each station"
1994-02-07 00:00:00,0.0,231.60000610351562,PRCH_T1,TB 1-4,TB 1-4,VIBRA,RESULT,N,Clay,Black/dark gray,SB,Subsurface,"1-4"" core & 1-12"" core collected at each station"
1994-02-07 00:00:00,0.0,533.4000244140625,PRCH_T1,TB 1-6,TB 1-6,VIBRA,RESULT,N,Clay,Black/dark gray,SB,Subsurface,"1-4"" core & 1-12"" core collected at each station"
1992-12-16 00:00:00,0.0,393.0,PRCH_T1T4,COMP A,COMP A,VIBRA,RESULT,Y,Silt/Clay,Gray Black,SB,Subsurface,
1992-12-16 00:00:00,0.0,213.0,PRCH_T1T4,COMP B,COMP B,VIBRA,RESULT,Y,Silt/Clay,Gray Black,SB,Subsurface,
1993-01-11 00:00:00,0.0,179.0,PRCH_T1T4,COMP C,COMP C,VIBRA,RESULT,Y,"Silts, clays, sand",Gray Black,SB,Subsurface,
1900-01-01 00:00:00,0.0,-99.0,PRCH_T1T4,CSPB,CSPB,GRAB,CNEG,N,NR,NR,B,CNEG,
1900-01-01 00:00:00,0.0,-99.0,PRCH_T1T4,CSPB,CSPB2,GRAB,CNEG,N,NR,NR,B,CNEG,
1900-01-01 00:00:00,0.0,-99.0,PRCH_T1T4,CWB,CWB,GRAB,CNEG,N,NR,NR,B,CNEG,
1900-01-01 00:00:00,0.0,-99.0,PRCH_T1T4,CWB,CWB2,GRAB,CNEG,N,NR,NR,B,CNEG,
1900-01-01 00:00:00,0.0,-99.0,PRCH_T1T4,RAM,RAM,SDREDGE,REF,Y,NR,NR,SB,Surface,
2003-01-30 00:00:00,0.0,-99.0,PSF_P35E_03,Control,Control,UNK,CNEG,N,NR,NR,B,CNEG,
2003-01-28 00:00:00,0.0,117.30000305175781,PSF_P35E_03,DU-1,DU-1,CORE,RESULT,Y,NR,NR,SB,Subsurface,
2003-01-28 00:00:00,0.0,42.33000183105469,PSF_P35E_03,DU-2,DU-2,CORE,RESULT,Y,NR,NR,SB,Subsurface,
2003-01-28 00:00:00,0.0,109.0,PSF_P35E_03,DU-3,DU-3,CORE,RESULT,Y,NR,NR,SB,Subsurface,
2003-01-30 00:00:00,0.0,-99.0,PSF_P35E_03,PCove,Pcove,UNK,CNEG,N,NR,NR,SB,CNEG,
2003-01-30 00:00:00,0.0,-99.0,PSF_P35E_03,Reference,Reference,UNK,REF,N,NR,NR,SB,Surface,
2002-08-30 00:00:00,0.0,-99.0,PSF_P35W_02,Control,Control,UNK,CNEG,N,NR,NR,B,CNEG,
2002-08-28 00:00:00,0.0,89.9000015258789,PSF_P35W_02,DU-2,DU-2,VIBRA,RESULT,Y,NR,NR,SB,Subsurface,Vibracore
2002-09-04 00:00:00,0.0,-99.0,PSF_P35W_02,PCove,Pcove,UNK,CNEG,N,NR,NR,SB,CNEG,
2002-08-30 00:00:00,0.0,-99.0,PSF_P35W_02,Reference,Reference,UNK,REF,N,NR,NR,SB,Surface,
1980-05-13 00:00:00,0.0,10.0,PV85,CONT,CONT,GRAB,CNEG,N,NR,NR,B,CNEG,
1980-05-13 00:00:00,0.0,10.0,PV85,REF,REF,VV,REF,N,NR,NR,SB,Surface,
1980-05-13 00:00:00,0.0,10.0,PV85,STN01,STN01,VV,RESULT,N,NR,NR,SB,Surface,
1980-05-13 00:00:00,0.0,10.0,PV85,STN02,STN02,VV,RESULT,N,NR,NR,SB,Surface,
1980-05-13 00:00:00,0.0,10.0,PV85,STN03,STN03,VV,RESULT,N,NR,NR,SB,Surface,
1980-05-13 00:00:00,0.0,10.0,PV85,STN04,STN04,VV,RESULT,N,NR,NR,SB,Surface,
1980-05-13 00:00:00,0.0,10.0,PV85,STN05,STN05,VV,RESULT,N,NR,NR,SB,Surface,
1980-05-13 00:00:00,0.0,10.0,PV85,STN06,STN06,VV,RESULT,N,NR,NR,SB,Surface,
1983-06-27 00:00:00,0.0,10.0,PV86,CONT,CONT,GRAB,CNEG,N,NR,NR,B,CNEG,
1983-06-27 00:00:00,0.0,10.0,PV86,REF,REF,VV,REF,N,NR,NR,SPB,Surface,
1983-06-27 00:00:00,0.0,10.0,PV86,STN01,STN01,VV,RESULT,N,NR,NR,SPB,Surface,
1983-06-27 00:00:00,0.0,10.0,PV86,STN03,STN03,VV,RESULT,N,NR,NR,SPB,Surface,
1983-06-27 00:00:00,0.0,10.0,PV86,STN04,STN04,VV,RESULT,N,NR,NR,SPB,Surface,
1983-06-27 00:00:00,0.0,10.0,PV86,STN06,STN06,VV,RESULT,N,NR,NR,SPB,Surface,
1983-06-27 00:00:00,0.0,10.0,PV86,STN08,STN08,VV,RESULT,N,NR,NR,SPB,Surface,
1987-09-19 00:00:00,0.0,10.0,PV88,CNTRL,CNTRL,GRAB,CNEG,N,NR,NR,SB,CNEG,
1987-11-03 00:00:00,0.0,10.0,PV88,DPMR_N,DPMR_N,VV,RESULT,N,NR,NR,SB,Surface,
1987-09-19 00:00:00,0.0,10.0,PV88,DPMR_S,DPMR_S,VV,RESULT,N,NR,NR,SB,Surface,
1987-11-03 00:00:00,0.0,10.0,PV88,LAHNOV,LAHNOV,VV,RESULT,N,NR,NR,SB,Surface,
1987-11-03 00:00:00,0.0,10.0,PV88,LARNOV,LARNOV,VV,RESULT,N,NR,NR,SB,Surface,
1987-09-19 00:00:00,0.0,10.0,PV88,OCSEPT,OCSEPT,VV,RESULT,N,NR,NR,SB,Surface,
1987-11-03 00:00:00,0.0,10.0,PV88,PVNOV,PVNOV,VV,RESULT,N,NR,NR,SB,Surface,
1987-09-19 00:00:00,0.0,10.0,PV88,SD7SEP,SD7SEP,VV,RESULT,N,NR,NR,SB,Surface,
1987-09-19 00:00:00,0.0,10.0,PV88,SDCSEP,SDCSEP,VV,RESULT,N,NR,NR,SB,Surface,
1987-09-19 00:00:00,0.0,10.0,PV88,SDNSEP,SDNSEP,VV,RESULT,N,NR,NR,SB,Surface,
1987-11-03 00:00:00,0.0,10.0,PV88,SMPR_N,SMPR_N,VV,RESULT,N,NR,NR,SB,Surface,
1987-09-19 00:00:00,0.0,10.0,PV88,SMPR_S,SMPR_S,VV,RESULT,N,NR,NR,SB,Surface,
1987-11-03 00:00:00,0.0,10.0,PV88,SMSNOV,SMSNOV,VV,RESULT,N,NR,NR,SB,Surface,
1986-06-01 00:00:00,0.0,10.0,PV91BEN,CONT,CONT,GRAB,CNEG,N,NR,NR,B,CNEG,
1986-06-01 00:00:00,0.0,10.0,PV91BEN,STN01,STN01,VV,RESULT,N,NR,NR,SB,Surface,
1986-06-01 00:00:00,0.0,10.0,PV91BEN,STN03,STN03,VV,RESULT,N,NR,NR,SB,Surface,
1986-06-01 00:00:00,0.0,10.0,PV91BEN,STN04,STN04,VV,RESULT,N,NR,NR,SB,Surface,
1986-06-01 00:00:00,0.0,10.0,PV91BEN,STN05,STN05,VV,RESULT,N,NR,NR,SB,Surface,
1986-06-01 00:00:00,0.0,10.0,PV91BEN,STN06,STN06,VV,RESULT,N,NR,NR,SB,Surface,
1986-06-01 00:00:00,0.0,10.0,PV91BEN,STN07,STN07,VV,RESULT,N,NR,NR,SB,Surface,
1986-06-01 00:00:00,0.0,10.0,PV91BEN,STN08,STN08,VV,RESULT,N,NR,NR,SB,Surface,
1986-06-01 00:00:00,0.0,10.0,PV91BEN,STN09,STN09,VV,RESULT,N,NR,NR,SB,Surface,
1985-03-15 00:00:00,0.0,5.0,PV91CORE,C6,C605,CORE,RESULT,N,NR,NR,SB,Surface,
1985-03-15 00:00:00,10.0,15.0,PV91CORE,C6,C61015,CORE,RESULT,N,NR,NR,SB,Subsurface,
1985-03-15 00:00:00,15.0,20.0,PV91CORE,C6,C61520,CORE,RESULT,N,NR,NR,SB,Subsurface,
1985-03-15 00:00:00,20.0,25.0,PV91CORE,C6,C62025,CORE,RESULT,N,NR,NR,SB,Subsurface,
1985-03-15 00:00:00,25.0,30.0,PV91CORE,C6,C62530,CORE,RESULT,N,NR,NR,SB,Subsurface,
1985-03-15 00:00:00,30.0,35.0,PV91CORE,C6,C63035,CORE,RESULT,N,NR,NR,SB,Subsurface,
1985-03-15 00:00:00,35.0,40.0,PV91CORE,C6,C63540,CORE,RESULT,N,NR,NR,SB,Subsurface,
1985-03-15 00:00:00,40.0,45.0,PV91CORE,C6,C64045,CORE,RESULT,N,NR,NR,SB,Subsurface,
1985-03-15 00:00:00,45.0,50.0,PV91CORE,C6,C64550,CORE,RESULT,N,NR,NR,SB,Subsurface,
1985-03-15 00:00:00,5.0,10.0,PV91CORE,C6,C6510,CORE,RESULT,N,NR,NR,SB,Subsurface,
1985-03-15 00:00:00,0.0,5.0,PV91CORE,C8,C805,CORE,RESULT,N,NR,NR,SB,Surface,
1985-03-15 00:00:00,10.0,15.0,PV91CORE,C8,C81015,CORE,RESULT,N,NR,NR,SB,Subsurface,
1985-03-15 00:00:00,15.0,20.0,PV91CORE,C8,C81520,CORE,RESULT,N,NR,NR,SB,Subsurface,
1985-03-15 00:00:00,20.0,25.0,PV91CORE,C8,C82025,CORE,RESULT,N,NR,NR,SB,Subsurface,
1985-03-15 00:00:00,25.0,30.0,PV91CORE,C8,C82530,CORE,RESULT,N,NR,NR,SB,Subsurface,
1985-03-15 00:00:00,30.0,35.0,PV91CORE,C8,C83035,CORE,RESULT,N,NR,NR,SB,Subsurface,
1985-03-15 00:00:00,35.0,40.0,PV91CORE,C8,C83540,CORE,RESULT,N,NR,NR,SB,Subsurface,
1985-03-15 00:00:00,40.0,45.0,PV91CORE,C8,C84045,CORE,RESULT,N,NR,NR,SB,Subsurface,
1985-03-15 00:00:00,45.0,50.0,PV91CORE,C8,C84550,CORE,RESULT,N,NR,NR,SB,Subsurface,
1985-03-15 00:00:00,5.0,10.0,PV91CORE,C8,C8510,CORE,RESULT,N,NR,NR,SB,Subsurface,
1985-03-15 00:00:00,0.0,10.0,PV91CORE,CNTRL,CNTRL,GRAB,CNEG,N,NR,NR,B,CNEG,
1985-03-15 00:00:00,0.0,5.0,PV91CORE,OC,OC05,CORE,RESULT,N,NR,NR,SB,Surface,
1985-03-15 00:00:00,10.0,15.0,PV91CORE,OC,OC1015,CORE,RESULT,N,NR,NR,SB,Subsurface,
1985-03-15 00:00:00,15.0,20.0,PV91CORE,OC,OC1520,CORE,RESULT,N,NR,NR,SB,Subsurface,
1985-03-15 00:00:00,20.0,25.0,PV91CORE,OC,OC2025,CORE,RESULT,N,NR,NR,SB,Subsurface,
1985-03-15 00:00:00,25.0,30.0,PV91CORE,OC,OC2530,CORE,RESULT,N,NR,NR,SB,Subsurface,
1985-03-15 00:00:00,5.0,10.0,PV91CORE,OC,OC510,CORE,RESULT,N,NR,NR,SB,Subsurface,
1985-03-15 00:00:00,0.0,5.0,PV91CORE,PD,PD05,CORE,REF,N,NR,NR,SB,Surface,
1985-03-15 00:00:00,10.0,15.0,PV91CORE,PD,PD1015,CORE,REF,N,NR,NR,SB,Subsurface,
1985-03-15 00:00:00,15.0,20.0,PV91CORE,PD,PD1520,CORE,REF,N,NR,NR,SB,Subsurface,
1985-03-15 00:00:00,20.0,25.0,PV91CORE,PD,PD2025,CORE,REF,N,NR,NR,SB,Subsurface,
1985-03-15 00:00:00,5.0,10.0,PV91CORE,PD,PD510,CORE,REF,N,NR,NR,SB,Subsurface,
1992-06-24 00:00:00,0.0,10.0,PV94,B5,B5,GOMEX,RESULT,N,NR,NR,SPB,Surface,
1992-06-24 00:00:00,0.0,10.0,PV94,B6,B6,GOMEX,RESULT,N,NR,NR,SPB,Surface,
1992-06-24 00:00:00,0.0,10.0,PV94,B8,B8,GOMEX,RESULT,N,NR,NR,SPB,Surface,
1992-06-24 00:00:00,0.0,10.0,PV94,C1,C1,GOMEX,RESULT,N,NR,NR,SPB,Surface,
1992-06-24 00:00:00,0.0,10.0,PV94,C5,C5,GOMEX,RESULT,N,NR,NR,SPB,Surface,
1992-06-24 00:00:00,0.0,10.0,PV94,C6,C6,GOMEX,RESULT,N,NR,NR,SPB,Surface,
1992-06-24 00:00:00,0.0,10.0,PV94,C8,C8,GOMEX,RESULT,N,NR,NR,SPB,Surface,
1992-06-24 00:00:00,0.0,10.0,PV94,C9,C9,GOMEX,RESULT,N,NR,NR,SPB,Surface,
1992-06-24 00:00:00,0.0,10.0,PV94,CNRL_S,CNRL_S,GRAB,CNEG,N,NR,NR,B,CNEG,
1992-06-24 00:00:00,0.0,10.0,PV94,CNRL_Y,CNRL_Y,GRAB,CNEG,N,NR,NR,B,CNEG,
1992-06-24 00:00:00,0.0,10.0,PV94,D6,D6,GOMEX,RESULT,N,NR,NR,SPB,Surface,
1992-06-24 00:00:00,0.0,10.0,PV94,D9,D9,GOMEX,RESULT,N,NR,NR,SB,Surface,
1992-06-24 00:00:00,0.0,10.0,PV94,OA_REF,OA_REF,GOMEX,REF,N,NR,NR,SPB,Surface,
1992-06-24 00:00:00,0.0,10.0,PV94,OC,OC,GOMEX,RESULT,N,NR,NR,SPB,Surface,
1992-06-24 00:00:00,0.0,10.0,PV94,R52,R52,GOMEX,REF,N,NR,NR,SPB,Surface,
1991-06-17 00:00:00,0.0,137.1999969482422,RH_92,C-1,C-1,VIBRA,RESULT,N,Clay,Dark gray,S,Subsurface,"HCL odor, shell hash"
1991-06-17 00:00:00,0.0,143.3000030517578,RH_92,C-10,C-10,VIBRA,RESULT,N,Clay,Gray,S,Subsurface,HCL odor
1991-06-19 00:00:00,0.0,82.30000305175781,RH_92,C-11,C-11,VIBRA,RESULT,N,Clay,Gray,S,Subsurface,HCL odor
1991-06-19 00:00:00,0.0,137.1999969482422,RH_92,C-16,C-16,VIBRA,RESULT,N,Clay,Gray,S,Subsurface,HCL odor
1991-06-19 00:00:00,0.0,137.1999969482422,RH_92,C-18,C-18,VIBRA,RESULT,N,Clay,Gray,S,Subsurface,"HCL odor, iron nodules"
1991-06-19 00:00:00,0.0,182.89999389648438,RH_92,C-19,C-19,VIBRA,RESULT,N,Clay,Gray,S,Subsurface,"HCL odor, iron nodules"
1991-06-19 00:00:00,0.0,213.39999389648438,RH_92,C-20,C-20,VIBRA,RESULT,N,Clay,Gray,S,Subsurface,"HCL odor, iron nodules"
1991-06-18 00:00:00,0.0,219.5,RH_92,C-23,C-23,VIBRA,RESULT,N,Clay,Gray,S,Subsurface,HCL odor
1991-06-18 00:00:00,0.0,140.1999969482422,RH_92,C-24,C-24,VIBRA,RESULT,N,Clay,Gray,S,Subsurface,"HCL odor, shell hash"
1991-06-18 00:00:00,0.0,182.89999389648438,RH_92,C-25,C-25,VIBRA,RESULT,N,Clay,Gray,S,Subsurface,HCL odor
1991-06-18 00:00:00,0.0,137.1999969482422,RH_92,C-26,C-26,VIBRA,RESULT,N,Clay,Gray,S,Subsurface,HCL odor
1991-06-18 00:00:00,0.0,213.39999389648438,RH_92,C-29,C-29,VIBRA,RESULT,N,Clay,Gray,S,Subsurface,HCL odor
1991-06-17 00:00:00,0.0,121.9000015258789,RH_92,C-3,C-3,VIBRA,RESULT,N,Clay,Dark gray,S,Subsurface,
1991-06-18 00:00:00,0.0,182.89999389648438,RH_92,C-30,C-30,VIBRA,RESULT,N,Clay,Gray,S,Subsurface,HCL odor
1991-06-18 00:00:00,0.0,228.60000610351562,RH_92,C-32,C-32,VIBRA,RESULT,N,Clay,Gray,S,Subsurface,HCL odor
1991-06-18 00:00:00,0.0,182.89999389648438,RH_92,C-33,C-33,VIBRA,RESULT,N,Clay,Gray,S,Subsurface,HCL odor
1991-06-18 00:00:00,0.0,198.10000610351562,RH_92,C-35,C-35,VIBRA,RESULT,N,Clay,Gray,S,Subsurface,HCL odor
1991-06-18 00:00:00,0.0,259.1000061035156,RH_92,C-36,C-36,VIBRA,RESULT,N,Clay,Gray,S,Subsurface,HCL odor
1991-06-18 00:00:00,0.0,210.3000030517578,RH_92,C-37,C-37,VIBRA,RESULT,N,Clay,Gray,S,Subsurface,HCL odor
1991-06-18 00:00:00,0.0,204.1999969482422,RH_92,C-38,C-38,VIBRA,RESULT,N,Clay,Gray,S,Subsurface,HCL odor
1991-06-17 00:00:00,0.0,109.69999694824219,RH_92,C-5,C-5,VIBRA,RESULT,N,Clay,Dark gray,S,Subsurface,HCL odor
1991-06-17 00:00:00,0.0,143.3000030517578,RH_92,C-6,C-6,VIBRA,RESULT,N,Clay,Dark gray,S,Subsurface,HCL odor
1991-06-17 00:00:00,0.0,243.8000030517578,RH_92,C-8,C-8,VIBRA,RESULT,N,Silt/Clay,Dark gray,S,Subsurface,HCL odor
1991-06-01 00:00:00,0.0,10.0,RH_92,CNE,CNE,MVV,CNEG,N,NR,NR,STB,CNEG,
1991-06-17 00:00:00,0.0,140.1999969482422,RH_92,COMP-1,COMP-1,VIBRA,RESULT,Y,Clay,Dark gray,STB,Subsurface,HCL odor
1991-06-19 00:00:00,0.0,142.1999969482422,RH_92,COMP-2,COMP-2,VIBRA,RESULT,Y,Clay,Gray,STB,Subsurface,HCL odor
1991-06-20 00:00:00,0.0,346.70001220703125,RH_92,COMP-3,COMP-3,VIBRA,RESULT,Y,Clay,Gray,STB,Subsurface,"HCL odor, shell hash"
1991-06-19 00:00:00,369.5,640.0999755859375,RH_92,COMP-4,COMP-4,VIBRA,RESULT,Y,Clay,Gray,STB,Subsurface,"HCL odor, shell hash; lower measure verified"
1991-06-18 00:00:00,0.0,128.5,RH_92,COMP-5,COMP-5,VIBRA,RESULT,Y,Clay,Gray,STB,Subsurface,HCL odor
1991-06-18 00:00:00,0.0,137.1999969482422,RH_92,COMP-6,COMP-6,VIBRA,RESULT,Y,Clay,Gray,STB,Subsurface,HCL odor
1991-06-01 00:00:00,0.0,10.0,RH_92,CSB,CSB,MVV,CNEG,N,NR,NR,STB,CNEG,
1991-06-01 00:00:00,0.0,10.0,RH_92,CWB,CWB,MVV,CNEG,N,NR,NR,SB,CNEG,
1991-06-01 00:00:00,0.0,-99.0,RH_92,RAC,RAC,PDREDGE,REF,Y,NR,NR,STB,Surface,
1991-06-01 00:00:00,0.0,-99.0,RH_92,RAM,RAM,PDREDGE,REF,Y,NR,NR,STB,Surface,
1991-06-01 00:00:00,0.0,-99.0,RH_92,RBF,RBF,PDREDGE,REF,Y,NR,NR,STB,Surface,
1991-06-01 00:00:00,0.0,-99.0,RH_92,ROS,ROS,PDREDGE,REF,Y,NR,NR,STB,Surface,
1991-06-01 00:00:00,0.0,-99.0,RH_92,RPF,RPF,PDREDGE,REF,Y,NR,NR,STB,Surface,
1991-06-20 00:00:00,304.79998779296875,768.0999755859375,RH_92,TC-1,TC-1L,VIBRA,RESULT,N,Clay,Gray,S,Subsurface,"HCL odor, shell hash; lower measure verified"
1991-06-20 00:00:00,0.0,304.79998779296875,RH_92,TC-1,TC-1U,VIBRA,RESULT,N,Clay,Gray,S,Subsurface,"HCL odor, shell hash"
1991-06-20 00:00:00,115.80000305175781,627.9000244140625,RH_92,TC-2,TC-2L,VIBRA,RESULT,N,Clay,Gray,S,Subsurface,"HCL odor, shell hash; lower measure verified"
1991-06-20 00:00:00,0.0,115.80000305175781,RH_92,TC-2,TC-2U,VIBRA,RESULT,N,Clay,Gray,S,Subsurface,"HCL odor, shell hash"
1991-06-19 00:00:00,481.6000061035156,786.4000244140625,RH_92,TC-3,TC-3L,VIBRA,RESULT,N,Clay,Gray,S,Subsurface,"HCL odor, shell hash; lower measure verified"
1991-06-19 00:00:00,0.0,481.6000061035156,RH_92,TC-3,TC-3U,VIBRA,RESULT,N,Clay,Gray,S,Subsurface,"HCL odor, shell hash; lower measure verified"
1991-06-20 00:00:00,329.20001220703125,993.5999755859375,RH_92,TC-4,TC-4L,VIBRA,RESULT,N,Clay,Gray,S,Subsurface,"HCL odor, shell hash; lower measure verified"
1991-06-20 00:00:00,0.0,329.20001220703125,RH_92,TC-4,TC-4U,VIBRA,RESULT,N,Clay,Gray,S,Subsurface,"HCL odor, shell hash"
1991-06-19 00:00:00,-99.0,-99.0,RH_92,TC-5,TC-5C,VIBRA,RESULT,Y,Clay,Gray,STB,Subsurface,"HCL odor, shell hash"
1991-06-19 00:00:00,125.0,219.5,RH_92,TC-5,TC-5L,VIBRA,RESULT,N,Clay,Gray,S,Subsurface,"HCL odor, shell hash"
1991-06-19 00:00:00,-99.0,-99.0,RH_92,TC-5,TC5-Special,VIBRA,RESULT,N,Clay,Gray,S,Subsurface,"HCL odor, shell hash"
1991-06-19 00:00:00,0.0,445.0,RH_92,TC-5,TC-5U,VIBRA,RESULT,N,Clay,Gray,S,Subsurface,"HCL odor, shell hash; lower measure verified"
1991-06-19 00:00:00,0.0,91.4000015258789,RH_92,TC-6,TC-6-1,VIBRA,RESULT,N,Clay,Gray,S,Subsurface,"HCL odor, shell hash"
1991-06-19 00:00:00,0.0,701.0,RH_92,TC-6,TC-6-2,VIBRA,RESULT,N,Clay,Gray,S,Subsurface,"HCL odor, shell hash; lower measure verified"
1991-06-19 00:00:00,0.0,45.720001220703125,RH_92,TC-6,TC-6-3,VIBRA,RESULT,N,Clay,Gray,S,Subsurface,"HCL odor, shell hash"
1991-06-19 00:00:00,0.0,198.10000610351562,RH_92,TC-6,TC-6-4,VIBRA,RESULT,N,Clay,Gray,S,Subsurface,"HCL odor, shell hash"
1991-06-19 00:00:00,0.0,304.79998779296875,RH_92,TC-7,TC-7-1,VIBRA,RESULT,N,Clay,Gray,S,Subsurface,"HCL odor, shell hash"
1991-06-19 00:00:00,0.0,365.79998779296875,RH_92,TC-7,TC-7-2,VIBRA,RESULT,N,Clay,Gray,S,Subsurface,"HCL odor, shell hash; lower measure verified"
1991-06-19 00:00:00,0.0,51.81999969482422,RH_92,TC-7,TC-7-3,VIBRA,RESULT,N,Clay,Gray,S,Subsurface,"HCL odor, shell hash"
1991-06-19 00:00:00,0.0,161.5,RH_92,TC-7,TC-7-4,VIBRA,RESULT,N,Clay,Gray,S,Subsurface,"HCL odor, shell hash"
1991-10-09 00:00:00,0.0,10.0,RH_CERCLA_EPA,1,1-1,MVV,RESULT,N,NR,Black,STBI,Surface,
1991-10-09 00:00:00,0.0,10.0,RH_CERCLA_EPA,1,1-2,MVV,RESULT,N,NR,NR,STBI,Surface,
1991-10-09 00:00:00,0.0,10.0,RH_CERCLA_EPA,1,1-3,MVV,RESULT,N,NR,NR,STBI,Surface,
1991-10-09 00:00:00,0.0,10.0,RH_CERCLA_EPA,1,1-3_R10,MVV,FR,N,NR,NR,S,Surface,
1991-10-09 00:00:00,0.0,10.0,RH_CERCLA_EPA,1,1-3_R19,MVV,FR,N,NR,NR,S,Surface,
1991-10-09 00:00:00,0.0,10.0,RH_CERCLA_EPA,1,1-4,MVV,RESULT,N,NR,NR,STBI,Surface,
1991-10-09 00:00:00,0.0,10.0,RH_CERCLA_EPA,1,1-5,MVV,RESULT,N,NR,NR,STBI,Surface,
1991-10-09 00:00:00,0.0,10.0,RH_CERCLA_EPA,1,1-6,MVV,RESULT,N,NR,NR,SBI,Surface,
1991-10-09 00:00:00,0.0,10.0,RH_CERCLA_EPA,1,1-7,MVV,RESULT,N,NR,NR,SBI,Surface,
1991-10-09 00:00:00,0.0,10.0,RH_CERCLA_EPA,1,1-8,MVV,RESULT,N,NR,Green/gray,SBI,Surface,
1991-10-09 00:00:00,0.0,10.0,RH_CERCLA_EPA,1,1pooled,MVV,RESULT,N,NR,NR,B,Surface,
1991-10-01 00:00:00,-99.0,-99.0,RH_CERCLA_EPA,1,S1CDT012,HAND,RESULT,N,NR,NR,T,NA,
1991-10-01 00:00:00,-99.0,-99.0,RH_CERCLA_EPA,1,S1CDT015,HAND,RESULT,N,NR,NR,T,NA,
1991-10-01 00:00:00,-99.0,-99.0,RH_CERCLA_EPA,1,S1CDT016,HAND,RESULT,N,NR,NR,T,NA,
1991-10-10 00:00:00,0.0,10.0,RH_CERCLA_EPA,13,13-1,MVV,RESULT,N,NR,Green/gray,S,Surface,
1991-10-01 00:00:00,-99.0,-99.0,RH_CERCLA_EPA,13,S1CDT113,HAND,RESULT,N,NR,NR,T,NA,
1991-10-10 00:00:00,0.0,10.0,RH_CERCLA_EPA,14,14-1,MVV,RESULT,N,NR,NR,S,Surface,
1991-10-01 00:00:00,-99.0,-99.0,RH_CERCLA_EPA,14,S1CDT114,HAND,RESULT,N,NR,NR,T,NA,
1991-10-10 00:00:00,0.0,10.0,RH_CERCLA_EPA,15,15-1,MVV,RESULT,N,NR,Gray,S,Surface,
1991-10-10 00:00:00,0.0,10.0,RH_CERCLA_EPA,16,16-1,MVV,RESULT,N,NR,Gray,S,Surface,
1991-10-10 00:00:00,0.0,10.0,RH_CERCLA_EPA,17,17-1,MVV,RESULT,N,NR,Gray brown,S,Surface,
1991-10-10 00:00:00,0.0,10.0,RH_CERCLA_EPA,18,18-1,MVV,RESULT,N,NR,NR,S,Surface,
1991-10-09 00:00:00,0.0,10.0,RH_CERCLA_EPA,19,19-1,MVV,RESULT,N,NR,Gray,S,Surface,
1991-10-10 00:00:00,0.0,10.0,RH_CERCLA_EPA,2,2-1,MVV,RESULT,N,NR,NR,STBI,Surface,
1991-10-10 00:00:00,0.0,10.0,RH_CERCLA_EPA,2,2-2,MVV,RESULT,N,NR,NR,STBI,Surface,
1991-10-10 00:00:00,0.0,10.0,RH_CERCLA_EPA,2,2-3,MVV,RESULT,N,NR,NR,STBI,Surface,
1991-10-10 00:00:00,0.0,10.0,RH_CERCLA_EPA,2,2-4,MVV,RESULT,N,NR,NR,STBI,Surface,
1991-10-10 00:00:00,0.0,10.0,RH_CERCLA_EPA,2,2-5,MVV,RESULT,N,NR,Gray brown,STBI,Surface,
1991-10-10 00:00:00,0.0,10.0,RH_CERCLA_EPA,2,2pooled,MVV,RESULT,N,NR,NR,B,Surface,
1991-10-01 00:00:00,-99.0,-99.0,RH_CERCLA_EPA,2,S1CDT022,HAND,RESULT,N,NR,NR,T,NA,
1991-10-01 00:00:00,-99.0,-99.0,RH_CERCLA_EPA,2,S1CDT023,HAND,RESULT,N,NR,NR,T,NA,
1991-10-01 00:00:00,-99.0,-99.0,RH_CERCLA_EPA,2,S1CDT025,HAND,RESULT,N,NR,NR,T,NA,
1991-10-01 00:00:00,-99.0,-99.0,RH_CERCLA_EPA,2,S1CDT026,HAND,RESULT,N,NR,NR,T,NA,
1991-10-09 00:00:00,0.0,10.0,RH_CERCLA_EPA,20,20-1,MVV,RESULT,N,NR,Gray,S,Surface,
1991-10-01 00:00:00,-99.0,-99.0,RH_CERCLA_EPA,200,S1CHT201,TRAWL,RESULT,Y,NR,NR,T,NA,
1991-10-01 00:00:00,-99.0,-99.0,RH_CERCLA_EPA,200,S1CHT202,TRAWL,RESULT,Y,NR,NR,T,NA,
1991-10-01 00:00:00,-99.0,-99.0,RH_CERCLA_EPA,200,S1CHT203,TRAWL,RESULT,Y,NR,NR,T,NA,
1991-10-01 00:00:00,-99.0,-99.0,RH_CERCLA_EPA,200,S1CHT204,TRAWL,RESULT,Y,NR,NR,T,NA,
1991-10-01 00:00:00,-99.0,-99.0,RH_CERCLA_EPA,200,S1CHT205,TRAWL,RESULT,Y,NR,NR,T,NA,
1991-10-01 00:00:00,-99.0,-99.0,RH_CERCLA_EPA,200,S1CHT221,TRAWL,RESULT,Y,NR,NR,T,NA,
1991-10-01 00:00:00,-99.0,-99.0,RH_CERCLA_EPA,200,S1CHT231,TRAWL,RESULT,Y,NR,NR,T,NA,
1991-10-01 00:00:00,-99.0,-99.0,RH_CERCLA_EPA,200,S1CHT241,TRAWL,RESULT,Y,NR,NR,T,NA,
1991-10-01 00:00:00,-99.0,-99.0,RH_CERCLA_EPA,200,S1CHT251,TRAWL,RESULT,Y,NR,NR,T,NA,
1992-02-01 00:00:00,-99.0,-99.0,RH_CERCLA_EPA,200,S2ADT212,TRAWL,RESULT,Y,NR,NR,T,NA,
1992-02-01 00:00:00,-99.0,-99.0,RH_CERCLA_EPA,200,S2ADT213,UNK,RESULT,Y,NR,NR,T,NA,
1992-02-01 00:00:00,-99.0,-99.0,RH_CERCLA_EPA,200,S2ADT223,UNK,RESULT,Y,NR,NR,T,NA,
1992-02-01 00:00:00,-99.0,-99.0,RH_CERCLA_EPA,200,S2ADT233,UNK,RESULT,Y,NR,NR,T,NA,
1992-02-01 00:00:00,-99.0,-99.0,RH_CERCLA_EPA,200,S2ADT235,UNK,RESULT,Y,NR,NR,T,NA,
1992-02-01 00:00:00,-99.0,-99.0,RH_CERCLA_EPA,200,S2ADT245,UNK,RESULT,Y,NR,NR,T,NA,
1992-02-01 00:00:00,-99.0,-99.0,RH_CERCLA_EPA,200,S2ADT255,UNK,RESULT,Y,NR,NR,T,NA,
1992-02-01 00:00:00,-99.0,-99.0,RH_CERCLA_EPA,200,S2ADT263,UNK,RESULT,Y,NR,NR,T,NA,
1992-02-01 00:00:00,-99.0,-99.0,RH_CERCLA_EPA,200,S2ADT265,UNK,RESULT,Y,NR,NR,T,NA,
1992-02-01 00:00:00,-99.0,-99.0,RH_CERCLA_EPA,200,S2ADT273,UNK,RESULT,Y,NR,NR,T,NA,
1992-02-01 00:00:00,-99.0,-99.0,RH_CERCLA_EPA,200,S2AHT211,TRAWL,RESULT,Y,NR,NR,T,NA,
1992-02-01 00:00:00,-99.0,-99.0,RH_CERCLA_EPA,200,S2AHT221,TRAWL,RESULT,Y,NR,NR,T,NA,
1992-02-01 00:00:00,-99.0,-99.0,RH_CERCLA_EPA,200,S2AHT251,TRAWL,RESULT,Y,NR,NR,T,NA,
1991-10-10 00:00:00,0.0,10.0,RH_CERCLA_EPA,21,21-1,MVV,RESULT,N,Sand with Clay,Gray brown,S,Surface,
1991-10-10 00:00:00,0.0,10.0,RH_CERCLA_EPA,22,22-1,MVV,RESULT,N,NR,NR,SI,Surface,
1991-10-10 00:00:00,0.0,10.0,RH_CERCLA_EPA,23,23-1,MVV,RESULT,N,NR,NR,SI,Surface,
1991-10-09 00:00:00,0.0,10.0,RH_CERCLA_EPA,3,3-1,MVV,RESULT,N,NR,NR,STBI,Surface,
1991-10-09 00:00:00,0.0,10.0,RH_CERCLA_EPA,3,3-2,MVV,RESULT,N,NR,Green/gray,STBI,Surface,
1991-10-09 00:00:00,0.0,10.0,RH_CERCLA_EPA,3,3-3,MVV,RESULT,N,NR,Green/gray,STBI,Surface,
1991-10-09 00:00:00,0.0,10.0,RH_CERCLA_EPA,3,3-4,MVV,RESULT,N,NR,Green/gray,STBI,Surface,
1991-10-09 00:00:00,0.0,10.0,RH_CERCLA_EPA,3,3-5,MVV,RESULT,N,NR,Green/gray,STBI,Surface,
1991-10-09 00:00:00,0.0,10.0,RH_CERCLA_EPA,3,3pooled,MVV,RESULT,N,NR,NR,B,Surface,
1991-10-01 00:00:00,-99.0,-99.0,RH_CERCLA_EPA,3,S1CDT030,HAND,RESULT,N,NR,NR,T,NA,
1991-10-01 00:00:00,-99.0,-99.0,RH_CERCLA_EPA,3,S1CDT032,HAND,RESULT,N,NR,NR,T,NA,
1991-10-01 00:00:00,-99.0,-99.0,RH_CERCLA_EPA,3,S1CDT033,HAND,RESULT,N,NR,NR,T,NA,
1991-10-01 00:00:00,-99.0,-99.0,RH_CERCLA_EPA,3,S1CDT035,HAND,RESULT,N,NR,NR,T,NA,
1991-10-01 00:00:00,-99.0,-99.0,RH_CERCLA_EPA,3,S1CDT036,HAND,RESULT,N,NR,NR,T,NA,
1991-10-01 00:00:00,-99.0,-99.0,RH_CERCLA_EPA,300,S1CHT301,TRAWL,RESULT,Y,NR,NR,T,NA,
1991-10-01 00:00:00,-99.0,-99.0,RH_CERCLA_EPA,300,S1CHT321,TRAWL,RESULT,Y,NR,NR,T,NA,
1991-10-01 00:00:00,-99.0,-99.0,RH_CERCLA_EPA,300,S1CHT322,TRAWL,RESULT,Y,NR,NR,T,NA,
1991-10-01 00:00:00,-99.0,-99.0,RH_CERCLA_EPA,300,S1CHT323,TRAWL,RESULT,Y,NR,NR,T,NA,
1991-10-01 00:00:00,-99.0,-99.0,RH_CERCLA_EPA,300,S1CHT324,TRAWL,RESULT,Y,NR,NR,T,NA,
1991-10-01 00:00:00,-99.0,-99.0,RH_CERCLA_EPA,300,S1CHT325,TRAWL,RESULT,Y,NR,NR,T,NA,
1991-10-01 00:00:00,-99.0,-99.0,RH_CERCLA_EPA,300,S1CHT331,TRAWL,RESULT,Y,NR,NR,T,NA,
1992-02-01 00:00:00,-99.0,-99.0,RH_CERCLA_EPA,300,S2ADT304,UNK,RESULT,Y,NR,NR,T,NA,
1992-02-01 00:00:00,-99.0,-99.0,RH_CERCLA_EPA,300,S2ADT344,UNK,RESULT,Y,NR,NR,T,NA,
1992-02-01 00:00:00,-99.0,-99.0,RH_CERCLA_EPA,300,S2AHT301,TRAWL,RESULT,Y,NR,NR,T,NA,
1992-02-01 00:00:00,-99.0,-99.0,RH_CERCLA_EPA,300,S2AHT303,TRAWL,RESULT,Y,NR,NR,T,NA,
1992-02-01 00:00:00,-99.0,-99.0,RH_CERCLA_EPA,300,S2AHT321,TRAWL,RESULT,Y,NR,NR,T,NA,
1992-02-01 00:00:00,-99.0,-99.0,RH_CERCLA_EPA,300,S2AHT323,TRAWL,RESULT,Y,NR,NR,T,NA,
1992-02-01 00:00:00,-99.0,-99.0,RH_CERCLA_EPA,300,S2AHT341,TRAWL,RESULT,Y,NR,NR,T,NA,
1992-02-01 00:00:00,-99.0,-99.0,RH_CERCLA_EPA,300,S2AHT343,TRAWL,RESULT,Y,NR,NR,T,NA,
1992-02-01 00:00:00,-99.0,-99.0,RH_CERCLA_EPA,300,S2AHT345,TRAWL,RESULT,Y,NR,NR,T,NA,
1991-10-09 00:00:00,0.0,10.0,RH_CERCLA_EPA,4,4-1,MVV,RESULT,N,NR,Gray Brown,STBI,Surface,
1991-10-09 00:00:00,0.0,10.0,RH_CERCLA_EPA,4,4-2,MVV,RESULT,N,NR,NR,STBI,Surface,
1991-10-09 00:00:00,0.0,10.0,RH_CERCLA_EPA,4,4-3,MVV,RESULT,N,NR,Gray,STBI,Surface,
1991-10-09 00:00:00,0.0,10.0,RH_CERCLA_EPA,4,4-4,MVV,RESULT,N,NR,Gray,STBI,Surface,
1991-10-09 00:00:00,0.0,10.0,RH_CERCLA_EPA,4,4-5,MVV,RESULT,N,NR,NR,STBI,Surface,
1991-10-09 00:00:00,0.0,10.0,RH_CERCLA_EPA,4,4pooled,MVV,RESULT,N,NR,NR,B,Surface,
1991-10-01 00:00:00,-99.0,-99.0,RH_CERCLA_EPA,4,S1CDT041,HAND,RESULT,N,NR,NR,T,NA,
1991-10-01 00:00:00,-99.0,-99.0,RH_CERCLA_EPA,4,S1CDT046,HAND,RESULT,N,NR,NR,T,NA,
1991-10-01 00:00:00,-99.0,-99.0,RH_CERCLA_EPA,4,S1CHT042,HAND,RESULT,N,NR,NR,T,NA,
1991-10-01 00:00:00,-99.0,-99.0,RH_CERCLA_EPA,400,S1CHT401,TRAWL,RESULT,Y,NR,NR,T,NA,
1991-10-01 00:00:00,-99.0,-99.0,RH_CERCLA_EPA,400,S1CHT402,TRAWL,RESULT,Y,NR,NR,T,NA,
1991-10-01 00:00:00,-99.0,-99.0,RH_CERCLA_EPA,400,S1CHT403,TRAWL,RESULT,Y,NR,NR,T,NA,
1991-10-01 00:00:00,-99.0,-99.0,RH_CERCLA_EPA,400,S1CHT404,TRAWL,RESULT,Y,NR,NR,T,NA,
1991-10-01 00:00:00,-99.0,-99.0,RH_CERCLA_EPA,400,S1CHT405,TRAWL,RESULT,Y,NR,NR,T,NA,
1991-10-01 00:00:00,-99.0,-99.0,RH_CERCLA_EPA,400,S1CHT431,TRAWL,RESULT,Y,NR,NR,T,NA,
1991-10-01 00:00:00,-99.0,-99.0,RH_CERCLA_EPA,400,S1CHT432,TRAWL,RESULT,Y,NR,NR,T,NA,
1991-10-01 00:00:00,-99.0,-99.0,RH_CERCLA_EPA,400,S1CHT441,TRAWL,RESULT,Y,NR,NR,T,NA,
1991-10-01 00:00:00,-99.0,-99.0,RH_CERCLA_EPA,400,S1CHT451,TRAWL,RESULT,Y,NR,NR,T,NA,
1992-02-01 00:00:00,-99.0,-99.0,RH_CERCLA_EPA,400,S2AHT401,TRAWL,RESULT,Y,NR,NR,T,NA,
1992-02-01 00:00:00,-99.0,-99.0,RH_CERCLA_EPA,400,S2AHT402,TRAWL,RESULT,Y,NR,NR,T,NA,
1992-02-01 00:00:00,-99.0,-99.0,RH_CERCLA_EPA,400,S2AHT451,TRAWL,RESULT,Y,NR,NR,T,NA,
1992-02-01 00:00:00,-99.0,-99.0,RH_CERCLA_EPA,400,S2AHT452,TRAWL,RESULT,Y,NR,NR,T,NA,
1992-02-01 00:00:00,-99.0,-99.0,RH_CERCLA_EPA,400,S2AHT454,TRAWL,RESULT,Y,NR,NR,T,NA,
1992-02-01 00:00:00,-99.0,-99.0,RH_CERCLA_EPA,400,S2AHT461,TRAWL,RESULT,Y,NR,NR,T,NA,
1992-02-01 00:00:00,-99.0,-99.0,RH_CERCLA_EPA,400,S2AHT463,TRAWL,RESULT,Y,NR,NR,T,NA,
1992-02-01 00:00:00,-99.0,-99.0,RH_CERCLA_EPA,400,S2AHT464,TRAWL,RESULT,Y,NR,NR,T,NA,
1992-02-01 00:00:00,-99.0,-99.0,RH_CERCLA_EPA,400,S2AHT465,TRAWL,RESULT,Y,NR,NR,T,NA,
1992-02-01 00:00:00,-99.0,-99.0,RH_CERCLA_EPA,400,S2AHT466,TRAWL,RESULT,Y,NR,NR,T,NA,
1992-02-01 00:00:00,-99.0,-99.0,RH_CERCLA_EPA,400,S2AHT481,TRAWL,RESULT,Y,NR,NR,T,NA,
1992-02-01 00:00:00,-99.0,-99.0,RH_CERCLA_EPA,400,S2AHT482,TRAWL,RESULT,Y,NR,NR,T,NA,
1991-10-08 00:00:00,0.0,10.0,RH_CERCLA_EPA,5,5-1,MVV,RESULT,N,NR,NR,STBI,Surface,
1991-10-08 00:00:00,0.0,10.0,RH_CERCLA_EPA,5,5-1_R50,MVV,FR,N,NR,NR,S,Surface,
1991-10-08 00:00:00,0.0,10.0,RH_CERCLA_EPA,5,5-1_R59,MVV,FR,N,NR,NR,S,Surface,
1991-10-08 00:00:00,0.0,10.0,RH_CERCLA_EPA,5,5-2,MVV,RESULT,N,NR,Gray brown,SBI,Surface,
1991-10-08 00:00:00,0.0,10.0,RH_CERCLA_EPA,5,5-3,MVV,RESULT,N,NR,NR,STBI,Surface,
1991-10-08 00:00:00,0.0,10.0,RH_CERCLA_EPA,5,5-4,MVV,RESULT,N,NR,NR,STBI,Surface,
1991-10-08 00:00:00,0.0,10.0,RH_CERCLA_EPA,5,5-5,MVV,RESULT,N,NR,NR,STBI,Surface,
1991-10-08 00:00:00,0.0,10.0,RH_CERCLA_EPA,5,5pooled,MVV,RESULT,N,NR,NR,B,Surface,
1991-10-01 00:00:00,-99.0,-99.0,RH_CERCLA_EPA,5,S1CDT052,HAND,RESULT,N,NR,NR,T,NA,
1991-10-01 00:00:00,-99.0,-99.0,RH_CERCLA_EPA,5,S1CDT056,HAND,RESULT,N,NR,NR,T,NA,
1991-10-08 00:00:00,0.0,10.0,RH_CERCLA_EPA,6,6-1,MVV,RESULT,N,NR,Gray brown,STBI,Surface,
1991-10-08 00:00:00,0.0,10.0,RH_CERCLA_EPA,6,6-2,MVV,RESULT,N,NR,NR,SBI,Surface,
1991-10-08 00:00:00,0.0,10.0,RH_CERCLA_EPA,6,6-3,MVV,RESULT,N,NR,NR,STBI,Surface,
1991-10-08 00:00:00,0.0,10.0,RH_CERCLA_EPA,6,6-4,MVV,RESULT,N,NR,Brown,STBI,Surface,
1991-10-08 00:00:00,0.0,10.0,RH_CERCLA_EPA,6,6-5,MVV,RESULT,N,NR,NR,STBI,Surface,
1991-10-08 00:00:00,0.0,10.0,RH_CERCLA_EPA,6,6pooled,MVV,RESULT,N,NR,NR,B,Surface,
1991-10-08 00:00:00,0.0,10.0,RH_CERCLA_EPA,7,7-1,MVV,RESULT,N,NR,Gray,STBI,Surface,
1991-10-08 00:00:00,0.0,10.0,RH_CERCLA_EPA,7,7-1_R70,MVV,FR,N,NR,Gray,S,Surface,
1991-10-08 00:00:00,0.0,10.0,RH_CERCLA_EPA,7,7-1_R79,MVV,FR,N,NR,Gray,S,Surface,
1991-10-08 00:00:00,0.0,10.0,RH_CERCLA_EPA,7,7-2,MVV,RESULT,N,NR,Green/gray,STBI,Surface,
1991-10-08 00:00:00,0.0,10.0,RH_CERCLA_EPA,7,7-3,MVV,RESULT,N,NR,Green/gray,STBI,Surface,
1991-10-08 00:00:00,0.0,10.0,RH_CERCLA_EPA,7,7-4,MVV,RESULT,N,NR,NR,STBI,Surface,
1991-10-08 00:00:00,0.0,10.0,RH_CERCLA_EPA,7,7-5,MVV,RESULT,N,NR,NR,STBI,Surface,
1991-10-08 00:00:00,0.0,10.0,RH_CERCLA_EPA,7,7pooled,MVV,RESULT,N,NR,NR,B,Surface,
1991-10-07 00:00:00,0.0,10.0,RH_CERCLA_EPA,8,8-1,MVV,RESULT,N,NR,Green/gray,STBI,Surface,
1991-10-07 00:00:00,0.0,10.0,RH_CERCLA_EPA,8,8-2,MVV,RESULT,N,NR,Green/gray,STBI,Surface,
1991-10-07 00:00:00,0.0,10.0,RH_CERCLA_EPA,8,8-3,MVV,RESULT,N,NR,Green/gray,STBI,Surface,
1991-10-07 00:00:00,0.0,10.0,RH_CERCLA_EPA,8,8-4,MVV,RESULT,N,NR,Green/gray,STBI,Surface,
1991-10-07 00:00:00,0.0,10.0,RH_CERCLA_EPA,8,8-5,MVV,RESULT,N,NR,Green/gray,STBI,Surface,
1991-10-07 00:00:00,0.0,10.0,RH_CERCLA_EPA,8,8pooled,MVV,RESULT,N,NR,NR,B,Surface,
1991-10-01 00:00:00,-99.0,-99.0,RH_CERCLA_EPA,8,S1CDT082,HAND,RESULT,N,NR,NR,T,NA,
1991-10-07 00:00:00,0.0,10.0,RH_CERCLA_EPA,9,9-1,MVV,RESULT,N,NR,NR,STBI,Surface,
1991-10-07 00:00:00,0.0,10.0,RH_CERCLA_EPA,9,9-2,MVV,RESULT,N,NR,Gray,STBI,Surface,
1991-10-07 00:00:00,0.0,10.0,RH_CERCLA_EPA,9,9-3,MVV,RESULT,N,NR,NR,STBI,Surface,
1991-10-08 00:00:00,0.0,10.0,RH_CERCLA_EPA,9,9-4,MVV,RESULT,N,NR,NR,STBI,Surface,
1991-10-08 00:00:00,0.0,10.0,RH_CERCLA_EPA,9,9-5,MVV,RESULT,N,NR,NR,STBI,Surface,
1991-10-08 00:00:00,0.0,10.0,RH_CERCLA_EPA,9,9pooled,MVV,RESULT,N,NR,NR,B,Surface,
1991-10-01 00:00:00,-99.0,-99.0,RH_CERCLA_EPA,9,S1CDT094,HAND,RESULT,N,NR,NR,T,NA,
1991-10-07 00:00:00,0.0,10.0,RH_CERCLA_EPA,Alt-009,Alt-009-1,MVV,RESULT,N,NR,Gray,S,Surface,
1991-11-10 00:00:00,0.0,-99.0,RH_CERCLA_EPA,BEACHSAND,Control,UNK,CNEG,N,NR,NR,B,CNEG,
1991-10-07 00:00:00,-99.0,-99.0,RH_CERCLA_EPA,LC,S1CHT511,HAND,RESULT,N,NR,NR,T,NA,Overlying water depth 0.1-0.5M
1991-10-07 00:00:00,-99.0,-99.0,RH_CERCLA_EPA,LC,S1CHT512,HAND,RESULT,N,NR,NR,T,NA,Overlying water depth 0.1-0.5M
1991-10-07 00:00:00,-99.0,-99.0,RH_CERCLA_EPA,LC,S1CHT513,HAND,RESULT,N,NR,NR,T,NA,Overlying water depth 0.1-0.5M
1991-10-07 00:00:00,-99.0,-99.0,RH_CERCLA_EPA,LC,S1CHT514,HAND,RESULT,N,NR,NR,T,NA,Overlying water depth 0.1-0.5M
1991-10-07 00:00:00,-99.0,-99.0,RH_CERCLA_EPA,LC,S1CHT515,HAND,RESULT,N,NR,NR,T,NA,Overlying water depth 0.1-0.5M
1992-02-07 00:00:00,-99.0,-99.0,RH_CERCLA_EPA,LC,S2AHT511,HAND,RESULT,N,NR,NR,T,NA,
1992-02-07 00:00:00,-99.0,-99.0,RH_CERCLA_EPA,LC,S2AHT512,HAND,RESULT,N,NR,NR,T,NA,
1992-02-07 00:00:00,-99.0,-99.0,RH_CERCLA_EPA,LC,S2AHT513,HAND,RESULT,N,NR,NR,T,NA,
1992-02-07 00:00:00,-99.0,-99.0,RH_CERCLA_EPA,LC,S2AHT514,HAND,RESULT,N,NR,NR,T,NA,
1992-02-07 00:00:00,-99.0,-99.0,RH_CERCLA_EPA,LC,S2AHT515,HAND,RESULT,N,NR,NR,T,NA,
1991-11-10 00:00:00,0.0,-99.0,RH_CERCLA_EPA,LONGISLANDSD,Ref,UNK,REF,N,NR,NR,B,Surface,
1991-10-07 00:00:00,-99.0,-99.0,RH_CERCLA_EPA,NEWPORT,1,HAND,RESULT,N,NR,NR,T,NA,
1991-10-07 00:00:00,-99.0,-99.0,RH_CERCLA_EPA,NEWPORT,2,HAND,RESULT,N,NR,NR,T,NA,
1991-10-07 00:00:00,-99.0,-99.0,RH_CERCLA_EPA,NEWPORT,3,HAND,RESULT,N,NR,NR,T,NA,
1991-10-07 00:00:00,-99.0,-99.0,RH_CERCLA_EPA,NEWPORT,4,HAND,RESULT,N,NR,NR,T,NA,
1991-10-07 00:00:00,-99.0,-99.0,RH_CERCLA_EPA,NEWPORT,5,HAND,RESULT,N,NR,NR,T,NA,
1991-10-09 00:00:00,0.0,-99.0,RH_CERCLA_EPA,ONA BEACH,Control,UNK,CNEG,N,NR,NR,B,CNEG,
1991-10-07 00:00:00,-99.0,-99.0,RH_CERCLA_EPA,RCH,S1CHT521,HAND,RESULT,N,NR,NR,T,NA,Overlying water depth 0.1-0.5M
1991-10-07 00:00:00,-99.0,-99.0,RH_CERCLA_EPA,RCH,S1CHT522,HAND,RESULT,N,NR,NR,T,NA,Overlying water depth 0.1-0.5M
1991-10-07 00:00:00,-99.0,-99.0,RH_CERCLA_EPA,RCH,S1CHT523,HAND,RESULT,N,NR,NR,T,NA,Overlying water depth 0.1-0.5M
1991-10-07 00:00:00,-99.0,-99.0,RH_CERCLA_EPA,RCH,S1CHT524,HAND,RESULT,N,NR,NR,T,NA,Overlying water depth 0.1-0.5M
1991-10-07 00:00:00,-99.0,-99.0,RH_CERCLA_EPA,RCH,S1CHT525,HAND,RESULT,N,NR,NR,T,NA,Overlying water depth 0.1-0.5M
1992-02-07 00:00:00,-99.0,-99.0,RH_CERCLA_EPA,RCH,S2AHT521,HAND,RESULT,N,NR,NR,T,NA,
1992-02-07 00:00:00,-99.0,-99.0,RH_CERCLA_EPA,RCH,S2AHT522,HAND,RESULT,N,NR,NR,T,NA,
1992-02-07 00:00:00,-99.0,-99.0,RH_CERCLA_EPA,RCH,S2AHT523,HAND,RESULT,N,NR,NR,T,NA,
1992-02-07 00:00:00,-99.0,-99.0,RH_CERCLA_EPA,RCH,S2AHT524,HAND,RESULT,N,NR,NR,T,NA,
1992-02-07 00:00:00,-99.0,-99.0,RH_CERCLA_EPA,RCH,S2AHT525,HAND,RESULT,N,NR,NR,T,NA,
1992-02-07 00:00:00,-99.0,-99.0,RH_CERCLA_EPA,SFCB,S2AHT501,HAND,RESULT,N,NR,NR,T,NA,
1992-02-07 00:00:00,-99.0,-99.0,RH_CERCLA_EPA,SFCB,S2AHT502,HAND,RESULT,N,NR,NR,T,NA,
1992-02-07 00:00:00,-99.0,-99.0,RH_CERCLA_EPA,SFCB,S2AHT503,HAND,RESULT,N,NR,NR,T,NA,
1992-02-07 00:00:00,-99.0,-99.0,RH_CERCLA_EPA,SFCB,S2AHT504,HAND,RESULT,N,NR,NR,T,NA,
1992-02-07 00:00:00,-99.0,-99.0,RH_CERCLA_EPA,SFCB,S2AHT505,HAND,RESULT,N,NR,NR,T,NA,
1991-10-07 00:00:00,-99.0,-99.0,RH_CERCLA_EPA,SFCH,S1CHT501,HAND,RESULT,N,NR,NR,T,NA,Overlying water depth 0.1-0.5M
1991-10-07 00:00:00,-99.0,-99.0,RH_CERCLA_EPA,SFCH,S1CHT502,HAND,RESULT,N,NR,NR,T,NA,Overlying water depth 0.1-0.5M
1991-10-07 00:00:00,-99.0,-99.0,RH_CERCLA_EPA,SFCH,S1CHT503,HAND,RESULT,N,NR,NR,T,NA,Overlying water depth 0.1-0.5M
1991-10-07 00:00:00,-99.0,-99.0,RH_CERCLA_EPA,SFCH,S1CHT504,HAND,RESULT,N,NR,NR,T,NA,Overlying water depth 0.1-0.5M
1991-10-07 00:00:00,-99.0,-99.0,RH_CERCLA_EPA,SFCH,S1CHT505,HAND,RESULT,N,NR,NR,T,NA,Overlying water depth 0.1-0.5M
1991-10-09 00:00:00,0.0,5.0,RH_CERCLA_EPA,YAQUINA,1,UNK,CNEG,N,NR,NR,T,CNEG,Sediment used in lab bioaccumulation tests and Mulinea growth bioassays.  No che
1991-10-09 00:00:00,0.0,5.0,RH_CERCLA_EPA,YAQUINA,2,UNK,CNEG,N,NR,NR,T,CNEG,Sediment used in lab bioaccumulation tests and Mulinea growth bioassays.  No che
1991-10-09 00:00:00,0.0,5.0,RH_CERCLA_EPA,YAQUINA,3,UNK,CNEG,N,NR,NR,T,CNEG,Sediment used in lab bioaccumulation tests and Mulinea growth bioassays.  No che
1991-10-09 00:00:00,0.0,5.0,RH_CERCLA_EPA,YAQUINA,4,UNK,CNEG,N,NR,NR,T,CNEG,Sediment used in lab bioaccumulation tests and Mulinea growth bioassays.  No che
1991-10-09 00:00:00,0.0,5.0,RH_CERCLA_EPA,YAQUINA,5,UNK,CNEG,N,NR,NR,T,CNEG,Sediment used in lab bioaccumulation tests and Mulinea growth bioassays.  No che
1991-10-09 00:00:00,0.0,5.0,RH_CERCLA_EPA,YAQUINA,pooled,UNK,CNEG,N,NR,NR,B,CNEG,Sediment used in lab bioaccumulation tests and Mulinea growth bioassays.  No che
1998-02-26 00:00:00,0.0,5.0,RH_CERCLA_UCD,LC1,1-post,MVV,RESULT,Y,NR,NR,SB,Surface,
1996-07-23 00:00:00,0.0,5.0,RH_CERCLA_UCD,LC1,1-pre,MVV,RESULT,Y,Mud,Gray,B,Surface,Fine gray mud; oily sheen
1996-08-09 00:00:00,-99.0,-99.0,RH_CERCLA_UCD,LC1,1-pre-mc,BUOY,RESULT,Y,NR,NR,T,NA,caged mussels
1998-02-26 00:00:00,0.0,5.0,RH_CERCLA_UCD,LC2,2-post,MVV,RESULT,Y,NR,NR,SB,Surface,
1998-01-06 00:00:00,-99.0,-99.0,RH_CERCLA_UCD,LC2,2-post-mc,BUOY,RESULT,Y,NR,NR,T,NA,caged mussels
1996-07-23 00:00:00,0.0,5.0,RH_CERCLA_UCD,LC2,2-pre,MVV,RESULT,Y,Mud,Gray,B,Surface,Fine gray mud; no odor
1996-08-09 00:00:00,-99.0,-99.0,RH_CERCLA_UCD,LC2,2-pre-mc,BUOY,RESULT,Y,NR,NR,T,NA,caged mussels
1998-02-26 00:00:00,0.0,5.0,RH_CERCLA_UCD,LC3,3-post,MVV,RESULT,Y,NR,NR,SB,Surface,
1996-07-23 00:00:00,0.0,5.0,RH_CERCLA_UCD,LC3,3-pre,MVV,RESULT,Y,Mud,Brown,B,Surface,Fine brown mud; no odor
1996-08-09 00:00:00,-99.0,-99.0,RH_CERCLA_UCD,LC3,3-pre-mc,BUOY,RESULT,Y,NR,NR,T,NA,caged mussels
1998-03-01 00:00:00,0.0,5.0,RH_CERCLA_UCD,Paradise Cove,Ref-post,MVV,RESULT,Y,NR,NR,B,Surface,
1996-07-23 00:00:00,0.0,5.0,RH_CERCLA_UCD,Paradise Cove,Ref-pre,MVV,RESULT,Y,Mud,Brown,B,Surface,Fine brown mud; no odor
1998-02-26 00:00:00,0.0,5.0,RH_CERCLA_UCD,SF4,4-post,MVV,RESULT,Y,NR,NR,SB,Surface,
1998-01-06 00:00:00,-99.0,-99.0,RH_CERCLA_UCD,SF4,4-post-mc,BUOY,RESULT,Y,NR,NR,T,NA,caged mussels
1996-07-23 00:00:00,0.0,5.0,RH_CERCLA_UCD,SF4,4-pre,MVV,RESULT,Y,Mud,Brown,B,Surface,Fine brown mud; no odor
1996-08-09 00:00:00,-99.0,-99.0,RH_CERCLA_UCD,SF4,4-pre-mc,BUOY,RESULT,Y,NR,NR,T,NA,caged mussels
1900-01-01 00:00:00,0.0,-99.0,RH_CERCLA_UCD,Yaquina Bay,Ctrl,UNK,CNEG,N,NR,NR,B,CNEG,
1992-12-14 00:00:00,0.0,10.199999809265137,RH_LR_93,1,Comp1,GRAB,RESULT,Y,Sand/Silt,NR,SB,Surface,
1992-12-14 00:00:00,0.0,61.0,RH_LR_93,2,Comp2,COMP,RESULT,Y,Sand/Silt,NR,SB,Subsurface,"2 grabs, 3 cores"
1992-12-14 00:00:00,0.0,91.4000015258789,RH_LR_93,3,Comp3,COMP,RESULT,Y,Silt,NR,SB,Subsurface,"5 grabs, 1 core"
1992-12-14 00:00:00,0.0,91.4000015258789,RH_LR_93,4,Comp4,COMP,RESULT,Y,Silt,NR,SB,Subsurface,"5 grabs, 1 core"
1992-12-14 00:00:00,0.0,91.4000015258789,RH_LR_93,5,5-1,CORE,RESULT,N,NR,NR,S,Subsurface,
1992-12-14 00:00:00,0.0,76.19999694824219,RH_LR_93,5,5-2,CORE,RESULT,N,NR,NR,S,Subsurface,
1992-12-14 00:00:00,0.0,91.4000015258789,RH_LR_93,5,5-3,CORE,RESULT,N,NR,NR,S,Subsurface,
1992-12-14 00:00:00,0.0,61.0,RH_LR_93,5,5-4,CORE,RESULT,N,NR,NR,S,Subsurface,
1992-12-14 00:00:00,0.0,61.0,RH_LR_93,5,5-5,CORE,RESULT,N,NR,NR,S,Subsurface,
1992-12-14 00:00:00,0.0,73.19999694824219,RH_LR_93,5,5-6,CORE,RESULT,N,NR,NR,S,Subsurface,
1992-12-14 00:00:00,0.0,75.69999694824219,RH_LR_93,5,Comp5,CORE,RESULT,Y,NR,NR,STB,Subsurface,
1992-12-01 00:00:00,0.0,-99.0,RH_LR_93,C-SB,C-SB,GRAB,CNEG,N,NR,NR,B,CNEG,
1992-12-01 00:00:00,0.0,-99.0,RH_LR_93,C-WB,C-WB,GRAB,CNEG,N,NR,NR,B,CNEG,
1992-12-01 00:00:00,0.0,-99.0,RH_LR_93,R-AM,R-AM,GRAB,REF,N,NR,NR,STB,Surface,
1994-02-01 00:00:00,0.0,-99.0,RH_TURN,C-NE,C-NE,SHOVEL,CNEG,Y,NR,NR,B,CNEG,
1994-02-01 00:00:00,0.0,-99.0,RH_TURN,C-NV,C-NV,SHOVEL,CNEG,Y,NR,NR,TB,CNEG,
1994-02-01 00:00:00,0.0,-99.0,RH_TURN,C-SB,C-SB,GRAB,CNEG,Y,NR,NR,TB,CNEG,
1994-10-11 00:00:00,0.0,-99.0,RH_TURN,C-SB,C-SB-IS,GRAB,CNEG,Y,NR,NR,B,CNEG,
1994-02-01 00:00:00,0.0,-99.0,RH_TURN,C-WB,C-WB,ANCHOR,CNEG,Y,NR,NR,B,CNEG,
1994-10-11 00:00:00,0.0,-99.0,RH_TURN,C-WB,C-WB-IS,ANCHOR,CNEG,Y,NR,NR,B,CNEG,
1900-01-01 00:00:00,-99.0,-99.0,RH_TURN,MN_BACK,MN_BACK,UNK,CNEG,N,NR,NR,T,CNEG,M. nasuta background sample
1900-01-01 00:00:00,-99.0,-99.0,RH_TURN,NV_BACK,NV_BACK,UNK,CNEG,N,NR,NR,T,CNEG,N. virens background
1994-01-28 00:00:00,157.1999969482422,211.10000610351562,RH_TURN,OBM-COMP,OBM-COMP,HAMMER,RESULT,Y,Sandy Clay,Olive gray,STB,Subsurface,"silt, pebbles, clay; lt olive brown, olive grey, v dk grey, brown, dk grey, no o"
1994-10-18 00:00:00,-99.0,-99.0,RH_TURN,OBM-COMP,OBM-COMP-IS,HAMMER,RESULT,Y,NR,NR,SB,Subsurface,
1994-01-24 00:00:00,0.0,-99.0,RH_TURN,R-AM,R-AM A,PDREDGE,REF,N,NR,NR,S,Surface,
1994-01-24 00:00:00,0.0,-99.0,RH_TURN,R-AM,R-AM B,PDREDGE,REF,N,NR,NR,S,Surface,
1994-01-24 00:00:00,0.0,-99.0,RH_TURN,R-AM,R-AM C,PDREDGE,REF,N,NR,NR,S,Surface,
1994-01-24 00:00:00,0.0,-99.0,RH_TURN,R-AM,R-AM D,PDREDGE,REF,N,NR,NR,S,Surface,
1994-01-24 00:00:00,0.0,-99.0,RH_TURN,R-AM,R-AM F,PDREDGE,REF,N,NR,NR,S,Surface,
1994-01-24 00:00:00,0.0,-99.0,RH_TURN,R-AM,R-AM G,PDREDGE,REF,N,NR,NR,S,Surface,
1994-01-24 00:00:00,0.0,-99.0,RH_TURN,R-AM,R-AM H,PDREDGE,REF,N,NR,NR,S,Surface,
1994-01-24 00:00:00,0.0,-99.0,RH_TURN,R-AM,R-AM I,PDREDGE,REF,N,NR,NR,S,Surface,
1994-01-24 00:00:00,0.0,-99.0,RH_TURN,R-AM,R-AM-COMP,PDREDGE,REF,Y,NR,NR,STB,Surface,
1994-10-11 00:00:00,0.0,-99.0,RH_TURN,R-AM,R-AM-COMP-IS,PDREDGE,REF,Y,NR,NR,SB,Surface,
1994-01-24 00:00:00,0.0,-99.0,RH_TURN,R-BF,R-BF,PDREDGE,REF,Y,NR,NR,STB,Surface,
1994-10-11 00:00:00,0.0,-99.0,RH_TURN,R-BF,R-BF-IS,PDREDGE,REF,Y,NR,NR,SB,Surface,
1994-01-24 00:00:00,0.0,-99.0,RH_TURN,R-OS,R-OS,PDREDGE,REF,N,NR,NR,STB,Surface,
1994-10-11 00:00:00,0.0,-99.0,RH_TURN,R-OS,R-OS-IS,PDREDGE,REF,Y,NR,NR,SB,Surface,
1994-01-28 00:00:00,0.0,45.70000076293945,RH_TURN,SF-1,SF-1,HAMMER,RESULT,N,Clay,Dark gray,S,Subsurface,"clay; v dk grey, no odor"
1994-01-28 00:00:00,0.0,67.0999984741211,RH_TURN,SF-2,SF-2,HAMMER,RESULT,N,Clay,Black/dark gray,S,Subsurface,"clay; 0-1.25 ft v dk grey 1.25-2.2 ft black, no odor"
1994-01-28 00:00:00,0.0,91.4000015258789,RH_TURN,SF-3,SF-3,HAMMER,RESULT,N,Clay,Black/dark gray,S,Subsurface,"clay; 0-1.5 ft v dk grey 1.5-3 ft black, no odor"
1994-01-28 00:00:00,0.0,125.0,RH_TURN,SF-4,SF-4,HAMMER,RESULT,N,Clay,Dark gray,S,Subsurface,"clay; 0-2.5 ft v dk grey, 2.5-4.1 ft black, 2.5-3 ft petroleum odor"
1994-01-28 00:00:00,0.0,126.9000015258789,RH_TURN,SF-COMP,SF-COMP,HAMMER,RESULT,Y,Clay,Black/dark gray,STB,Subsurface,"clay; average v dk grey over black, no odor"
1994-01-28 00:00:00,0.0,216.39999389648438,RH_TURN,SFW-1,SFW-1,HAMMER,RESULT,N,Clay,Black/dark gray,S,Subsurface,"0-4.4 ft clay, 4.4-6.6 ft sand, 6.6-7.1 ft clay; 0-2.25 v dk grey, 2.25-4.4 ft b"
1994-01-28 00:00:00,0.0,179.8000030517578,RH_TURN,SFW-2,SFW-2,HAMMER,RESULT,N,Clay,Dark gray,S,Subsurface,"0-5.2 ft clay, some shell fragments, 5.2-5.9 ft silt; 0-1 ft v dk grey, 1-4 ft b"
1994-01-28 00:00:00,0.0,365.79998779296875,RH_TURN,SFW-3,SFW-3,HAMMER,RESULT,N,"Clay, Silt and Mud",Black/dark gray,S,Subsurface,"0-7.2 ft clay, 7.2-9.5 ft silt, 9.5-11 clay, 11-12.5 silt; 0-1.5 v dk grey, 1.5-"
1994-01-28 00:00:00,0.0,280.3999938964844,RH_TURN,SFW-4,SFW-4,HAMMER,RESULT,N,Clay,Black/dark gray,S,Subsurface,"0-4.5 ft clay, 4.5-8.6 ft silt, 8.6-9.2 ft clay; 0-3 ft black, 3-4.5 ft dk grey,"
1994-01-28 00:00:00,0.0,298.29998779296875,RH_TURN,SFW-COMP,SFW-COMP,HAMMER,RESULT,Y,Clay,Dark gray,STB,Subsurface,"average clay over silt; average dk or v dk grey over black over dk grey, no odor"
1994-01-28 00:00:00,152.39999389648438,280.3999938964844,RH_TURN,TB-1,TB-1-L,HAMMER,RESULT,N,Clay,Olive gray,S,Subsurface,"0-2.3 ft clay, 2.3-4.5 ft clay w/pebbles, 4.5-5 ft silty clay/clayey silt ; 0-2."
1994-10-18 00:00:00,152.39999389648438,280.3999938964844,RH_TURN,TB-1,TB-1-L-IS,HAMMER,RESULT,N,Clay,Olive brown,SB,Subsurface,"clay w/pebbles; olive brn, no odor"
1994-01-28 00:00:00,0.0,152.39999389648438,RH_TURN,TB-1,TB-1-U,HAMMER,RESULT,N,Clay,Dark gray,S,Subsurface,"5-9.2 ft silty clay/clayey silt; 5-9.2 ft grey & olive, no odor"
1994-01-28 00:00:00,152.39999389648438,1060.699951171875,RH_TURN,TB-2,TB-2-L,HAMMER,RESULT,N,Clay,Dark gray,S,Subsurface,"0-3.5 ft clay, 3.5-5 clay w/ mollusk shells; 0-5 ft dk grey, no odor"
1994-10-18 00:00:00,152.39999389648438,1021.0999755859375,RH_TURN,TB-2,TB-2-L-IS,HAMMER,RESULT,N,Clay with Shell Hash,Dark gray,SB,Subsurface,"clay w/shell hash; dk grey, strong H2S odor 5-12 ft, no odor below 12 ft"
1994-01-28 00:00:00,0.0,152.39999389648438,RH_TURN,TB-2,TB-2-U,HAMMER,RESULT,N,Clay,Dark gray,S,Subsurface,"5-27.5 ft clay w/intermittent roots & mollusk shells, 27.5-31.5 ft sandy silt/si"
1994-01-28 00:00:00,152.39999389648438,1027.199951171875,RH_TURN,TB-3,TB-3-L,HAMMER,RESULT,N,Clay,Dark gray,S,Subsurface,"0-5 ft clay w/ fragments of mollusk shells; 0-5 ft dk grey, no odor"
1994-10-18 00:00:00,152.39999389648438,1005.7999877929688,RH_TURN,TB-3,TB-3-L-IS,HAMMER,RESULT,N,Clay with Shell Hash,Dark gray,SB,Subsurface,"clay w/shell hash; dk grey, v strong H2S odor 5-16 ft, no odor below 16 ft"
1994-01-28 00:00:00,0.0,152.39999389648438,RH_TURN,TB-3,TB-3-U,HAMMER,RESULT,N,"Silts, clays, sand with Shell Hash",Dark gray,S,Subsurface,"5-27 ft clay w/ fragments of mollusk shells, 27-30 ft sandy silt/silty sand, 30-"
1994-01-28 00:00:00,304.79998779296875,457.20001220703125,RH_TURN,TB-4,TB-4-L,HAMMER,RESULT,N,Clay,Dark gray,S,Subsurface,0-5 ft clay; 0-5 ft v dk grey to v dk grey mixed w/ black
1994-10-18 00:00:00,317.0,365.79998779296875,RH_TURN,TB-4,TB-4-L-IS,HAMMER,RESULT,N,Clay,Dark gray,SB,Subsurface,"clay, dk grey, no odor"
1994-10-18 00:00:00,152.39999389648438,317.0,RH_TURN,TB-4,TB-4-M-IS,HAMMER,RESULT,N,Clay,Black/dark gray,SB,Subsurface,"clay, v dk grey/blk, faint HC odor"
1994-01-28 00:00:00,0.0,152.39999389648438,RH_TURN,TB-4,TB-4-U,HAMMER,RESULT,N,Clay,Black/dark gray,S,Subsurface,"5-11.7 ft clay; 5-10 ft, black, 10-11.7 ft dk grey"
1994-01-28 00:00:00,152.39999389648438,1066.800048828125,RH_TURN,TB-5,TB-5-L,HAMMER,RESULT,N,Clay,Dark gray,S,Subsurface,"0-5 ft clay w/ fragments of mollusk shells; 0-5 ft dk grey, no odor"
1994-10-19 00:00:00,152.39999389648438,981.5,RH_TURN,TB-5,TB-5-L-IS,HAMMER,RESULT,N,Clay,Dark gray,SB,Subsurface,"clay w/shell hash; dk grey, strong H2S odor 0-13 ft, no odor below 13 ft"
1994-01-28 00:00:00,0.0,152.39999389648438,RH_TURN,TB-5,TB-5-U,HAMMER,RESULT,N,Clay,Dark gray,S,Subsurface,"5-35 ft clay w/ framents of mollusk shells, some roots below 29 ft; 5-35 ft dk g"
1994-01-28 00:00:00,152.39999389648438,277.3999938964844,RH_TURN,TB-6,TB-6-L,HAMMER,RESULT,N,Clay,Dark gray,S,Subsurface,"0-3 ft clay w/roots, 3-5 ft clay; 0-5 ft dk grey, no odor"
1994-10-18 00:00:00,152.39999389648438,277.3999938964844,RH_TURN,TB-6,TB-6-L-IS,HAMMER,RESULT,N,Clay,Dark gray,SB,Subsurface,"clay; dk grey, no odor"
1994-01-28 00:00:00,0.0,152.39999389648438,RH_TURN,TB-6,TB-6-U,HAMMER,RESULT,N,Clay,Dark gray,S,Subsurface,"5-9.1 ft clay; 5-9.1 ft dk grey, no odor"
1994-01-28 00:00:00,152.39999389648438,957.0999755859375,RH_TURN,TB-7,TB-7-L,HAMMER,RESULT,N,Clay,Dark gray,S,Subsurface,"0-5 ft clay w/ fragments of mollusk shells; 0-5 ft dk grey, 1-5 ft strong odor"
1994-10-19 00:00:00,152.39999389648438,768.0999755859375,RH_TURN,TB-7,TB-7-L-IS,HAMMER,RESULT,N,Clay with Shell Hash,Dark gray,SB,Subsurface,"clay, dk grey, no odor"
1994-01-28 00:00:00,0.0,152.39999389648438,RH_TURN,TB-7,TB-7-U,HAMMER,RESULT,N,"Silts, clays, sand with Shell Hash",Dark gray,S,Subsurface,"5-16 ft clay w/fragments of mollusk shells, 16-22 ft clay, 22-25 sandy silt/silt"
1994-10-19 00:00:00,152.39999389648438,1140.0,RH_TURN,TB-8,TB-8-L-IS,HAMMER,RESULT,N,Clay with Shell Hash,Dark gray,SB,Subsurface,"clay, dk grey, strong H2S odor 5-12 ft, no odor below 12 ft"
1994-10-19 00:00:00,152.39999389648438,265.20001220703125,RH_TURN,TB-9,TB-9-L-IS,HAMMER,RESULT,N,Clay,Dark gray,SB,Subsurface,"clay, dk grey, no odor"
1994-01-28 00:00:00,152.39999389648438,732.4000244140625,RH_TURN,TB-COMP,TB-L-COMP,HAMMER,RESULT,Y,Clay,Dark gray,STB,Subsurface,"average = clay w/ mollusk shell fragments; average dk grey to v dk grey, no odor"
1994-01-28 00:00:00,0.0,152.39999389648438,RH_TURN,TB-COMP,TB-U-COMP,HAMMER,RESULT,Y,"Silts, clays, sand with Shell Hash",Dark gray,STB,Subsurface,average = clay or silty sand/sandy silt w/ mollusk shell fragments; average dk g
1994-01-28 00:00:00,0.0,94.5,RH_TURN,UIH-1,UIH-1,HAMMER,RESULT,N,Clay,Black/dark gray,S,Subsurface,"clay; 0-1.5 ft v dk grey, 1.5-3.1 ft black, no odor"
1994-01-28 00:00:00,0.0,143.3000030517578,RH_TURN,UIH-2,UIH-2,HAMMER,RESULT,N,Clay,Black/dark gray,S,Subsurface,"clay; 0-2.5 ft v dk grey, 2.5-3.5 black w/petroleum odor, 3.5-4.7 v dk grey"
1994-01-28 00:00:00,0.0,82.30000305175781,RH_TURN,UIH-3,UIH-3,HAMMER,RESULT,N,Clay,Black/dark gray,S,Subsurface,"clay; 0-1.5 ft v dk grey, 1.5-2.7 ft black, no odor"
1994-01-28 00:00:00,0.0,170.6999969482422,RH_TURN,UIH-4,UIH-4,HAMMER,RESULT,N,Clay,Dark gray,S,Subsurface,"clay; 0-4.5 ft v dk grey, no odor"
1994-01-28 00:00:00,0.0,121.9000015258789,RH_TURN,UIH-5,UIH-5,HAMMER,RESULT,N,Clay,Dark gray,S,Subsurface,"clay; 0-4 ft v dk grey, no odor"
1994-01-28 00:00:00,0.0,122.5,RH_TURN,UIH-COMP,UIH-COMP,HAMMER,RESULT,Y,Clay,Dark gray,STB,Subsurface,"clay; average v dk grey, no odor"
1900-01-01 00:00:00,0.0,-99.0,RHINE,Home Sediment,01,UNK,CNEG,N,NR,NR,B,CNEG,Tox core and chem grab assigned same sampleID.
2002-05-14 00:00:00,0.0,10.0,RHINE,RC1,01,GRAB,RESULT,N,"Silts, clays, sand",NR,SB,Surface,Tox core and chem grab assigned same sampleID.
2002-05-14 00:00:00,0.0,18.0,RHINE,RC10,10,GRAB,RESULT,N,"Silts, clays, sand",NR,SB,Surface,Tox core and chem grab assigned same sampleID.
2002-05-14 00:00:00,0.0,18.0,RHINE,RC11,11,GRAB,RESULT,N,"Silts, clays, sand",NR,SB,Surface,Tox core and chem grab assigned same sampleID.
2002-05-14 00:00:00,0.0,18.0,RHINE,RC12,12,GRAB,RESULT,N,"Silts, clays, sand",NR,SB,Surface,Tox core and chem grab assigned same sampleID.
2002-05-14 00:00:00,0.0,18.0,RHINE,RC13,13,GRAB,RESULT,N,"Silts, clays, sand",NR,SB,Surface,Tox core and chem grab assigned same sampleID.
2002-05-14 00:00:00,0.0,18.0,RHINE,RC14,14,GRAB,RESULT,N,"Silts, clays, sand",NR,SB,Surface,Tox core and chem grab assigned same sampleID.
2002-05-14 00:00:00,0.0,18.0,RHINE,RC15,15,GRAB,RESULT,N,"Silts, clays, sand",NR,SB,Surface,Tox core and chem grab assigned same sampleID.
2002-05-14 00:00:00,0.0,18.0,RHINE,RC2,02,GRAB,RESULT,N,"Silts, clays, sand",NR,SB,Surface,Tox core and chem grab assigned same sampleID.
2002-05-14 00:00:00,0.0,18.0,RHINE,RC3,03,GRAB,RESULT,N,"Silts, clays, sand",NR,SB,Surface,Tox core and chem grab assigned same sampleID.
2002-05-14 00:00:00,0.0,18.0,RHINE,RC4,04,GRAB,RESULT,N,"Silts, clays, sand",NR,SB,Surface,Tox core and chem grab assigned same sampleID.
2002-05-14 00:00:00,0.0,18.0,RHINE,RC5,05,GRAB,RESULT,N,"Silts, clays, sand",NR,SB,Surface,Tox core and chem grab assigned same sampleID.
2002-05-14 00:00:00,0.0,18.0,RHINE,RC6,06,GRAB,RESULT,N,"Silts, clays, sand",NR,SB,Surface,Tox core and chem grab assigned same sampleID.
2002-05-14 00:00:00,0.0,18.0,RHINE,RC7,07,GRAB,RESULT,N,"Silts, clays, sand",NR,SB,Surface,Tox core and chem grab assigned same sampleID.
2002-05-14 00:00:00,0.0,18.0,RHINE,RC8,08,GRAB,RESULT,N,"Silts, clays, sand",NR,SB,Surface,Tox core and chem grab assigned same sampleID.
2002-05-14 00:00:00,0.0,18.0,RHINE,RC9,09,GRAB,RESULT,N,"Silts, clays, sand",NR,SB,Surface,Tox core and chem grab assigned same sampleID.
1900-01-01 00:00:00,-99.0,-99.0,RHINE,Screen Blank,01,UNK,CNEG,N,NR,NR,B,CNEG,Tox core and chem grab assigned same sampleID.
1999-08-18 00:00:00,0.0,202.39999389648438,RMCLONESTAR,1,1,VIBRA,RESULT,Y,Silt/Clay,Green/gray,SB,Subsurface,
1999-08-18 00:00:00,0.0,272.79998779296875,RMCLONESTAR,2,2,VIBRA,RESULT,Y,Silt/Clay,Green/gray,SB,Subsurface,
1999-08-19 00:00:00,0.0,-99.0,RMCLONESTAR,Control,Control,UNK,CNEG,N,NR,NR,B,CNEG,
1999-08-19 00:00:00,0.0,-99.0,RMCLONESTAR,Reference,Reference,UNK,REF,Y,NR,NR,B,Surface,
1998-04-08 00:00:00,-99.0,-99.0,RMP,10STHB,1998RMPCL1,TRAWL,RESULT,Y,NR,NR,T,NA,
1997-03-12 00:00:00,-99.0,-99.0,RMP,1SBB,1997RMPF1,TRAWL,RESULT,N,NR,NR,T,NA,
1997-06-02 00:00:00,-99.0,-99.0,RMP,1SBB,1997RMPF10,TRAWL,RESULT,Y,NR,NR,T,NA,
1997-06-02 00:00:00,-99.0,-99.0,RMP,1SBB,1997RMPF11,TRAWL,RESULT,Y,NR,NR,T,NA,
1997-06-02 00:00:00,-99.0,-99.0,RMP,1SBB,1997RMPF12,TRAWL,RESULT,Y,NR,NR,T,NA,
1997-06-02 00:00:00,-99.0,-99.0,RMP,1SBB,1997RMPF13,TRAWL,RESULT,Y,NR,NR,T,NA,
1997-06-02 00:00:00,-99.0,-99.0,RMP,1SBB,1997RMPF14,TRAWL,RESULT,Y,NR,NR,T,NA,
1997-06-02 00:00:00,-99.0,-99.0,RMP,1SBB,1997RMPF15,TRAWL,RESULT,Y,NR,NR,T,NA,
1997-06-02 00:00:00,-99.0,-99.0,RMP,1SBB,1997RMPF16,TRAWL,RESULT,Y,NR,NR,T,NA,
1997-06-02 00:00:00,-99.0,-99.0,RMP,1SBB,1997RMPF17,TRAWL,RESULT,N,NR,NR,T,NA,
1997-06-02 00:00:00,-99.0,-99.0,RMP,1SBB,1997RMPF18,TRAWL,RESULT,Y,NR,NR,T,NA,
1997-06-02 00:00:00,-99.0,-99.0,RMP,1SBB,1997RMPF19,TRAWL,RESULT,Y,NR,NR,T,NA,
1997-03-12 00:00:00,-99.0,-99.0,RMP,1SBB,1997RMPF2,TRAWL,RESULT,Y,NR,NR,T,NA,
1997-06-02 00:00:00,-99.0,-99.0,RMP,1SBB,1997RMPF20,TRAWL,RESULT,N,NR,NR,T,NA,
1997-06-02 00:00:00,-99.0,-99.0,RMP,1SBB,1997RMPF21,TRAWL,RESULT,N,NR,NR,T,NA,
1997-06-02 00:00:00,-99.0,-99.0,RMP,1SBB,1997RMPF22,TRAWL,RESULT,N,NR,NR,T,NA,
1997-06-02 00:00:00,-99.0,-99.0,RMP,1SBB,1997RMPF23,TRAWL,RESULT,Y,NR,NR,T,NA,
1997-06-02 00:00:00,-99.0,-99.0,RMP,1SBB,1997RMPF24,TRAWL,RESULT,Y,NR,NR,T,NA,
1997-06-02 00:00:00,-99.0,-99.0,RMP,1SBB,1997RMPF25,TRAWL,RESULT,N,NR,NR,T,NA,
1997-06-03 00:00:00,-99.0,-99.0,RMP,1SBB,1997RMPF26,TRAWL,RESULT,N,NR,NR,T,NA,
1997-06-03 00:00:00,-99.0,-99.0,RMP,1SBB,1997RMPF27,TRAWL,RESULT,N,NR,NR,T,NA,
1997-06-03 00:00:00,-99.0,-99.0,RMP,1SBB,1997RMPF28,TRAWL,RESULT,N,NR,NR,T,NA,
1997-06-04 00:00:00,-99.0,-99.0,RMP,1SBB,1997RMPF29,TRAWL,RESULT,N,NR,NR,T,NA,
1997-03-12 00:00:00,-99.0,-99.0,RMP,1SBB,1997RMPF3,TRAWL,RESULT,N,NR,NR,T,NA,
1997-06-06 00:00:00,-99.0,-99.0,RMP,1SBB,1997RMPF30,TRAWL,RESULT,N,NR,NR,T,NA,
1997-03-12 00:00:00,-99.0,-99.0,RMP,1SBB,1997RMPF4,TRAWL,RESULT,Y,NR,NR,T,NA,
1997-03-12 00:00:00,-99.0,-99.0,RMP,1SBB,1997RMPF5,TRAWL,RESULT,N,NR,NR,T,NA,
1997-03-13 00:00:00,-99.0,-99.0,RMP,1SBB,1997RMPF6,TRAWL,RESULT,N,NR,NR,T,NA,
1997-03-13 00:00:00,-99.0,-99.0,RMP,1SBB,1997RMPF7,TRAWL,RESULT,N,NR,NR,T,NA,
1997-05-27 00:00:00,-99.0,-99.0,RMP,1SBB,1997RMPF8,TRAWL,RESULT,Y,NR,NR,T,NA,
1997-06-02 00:00:00,-99.0,-99.0,RMP,1SBB,1997RMPF9,TRAWL,RESULT,Y,NR,NR,T,NA,
2000-04-19 00:00:00,-99.0,-99.0,RMP,1SBB,2000RMPF1,TRAWL,RESULT,Y,NR,NR,T,NA,
2000-05-01 00:00:00,-99.0,-99.0,RMP,1SBB,2000RMPF10,TRAWL,RESULT,Y,NR,NR,T,NA,
2000-05-01 00:00:00,-99.0,-99.0,RMP,1SBB,2000RMPF11,TRAWL,RESULT,Y,NR,NR,T,NA,
2000-05-01 00:00:00,-99.0,-99.0,RMP,1SBB,2000RMPF12,TRAWL,RESULT,Y,NR,NR,T,NA,
2000-05-01 00:00:00,-99.0,-99.0,RMP,1SBB,2000RMPF13,TRAWL,RESULT,Y,NR,NR,T,NA,
2000-05-01 00:00:00,-99.0,-99.0,RMP,1SBB,2000RMPF14,TRAWL,RESULT,Y,NR,NR,T,NA,
2000-05-16 00:00:00,-99.0,-99.0,RMP,1SBB,2000RMPF15,TRAWL,RESULT,N,NR,NR,T,NA,
2000-05-01 00:00:00,-99.0,-99.0,RMP,1SBB,2000RMPF159,TRAWL,RESULT,Y,NR,NR,T,NA,
2000-05-16 00:00:00,-99.0,-99.0,RMP,1SBB,2000RMPF16,TRAWL,RESULT,Y,NR,NR,T,NA,
2000-05-16 00:00:00,-99.0,-99.0,RMP,1SBB,2000RMPF17,TRAWL,RESULT,N,NR,NR,T,NA,
2000-05-16 00:00:00,-99.0,-99.0,RMP,1SBB,2000RMPF18,TRAWL,RESULT,Y,NR,NR,T,NA,
2000-05-16 00:00:00,-99.0,-99.0,RMP,1SBB,2000RMPF19,TRAWL,RESULT,N,NR,NR,T,NA,
2000-04-19 00:00:00,-99.0,-99.0,RMP,1SBB,2000RMPF2,TRAWL,RESULT,N,NR,NR,T,NA,
2000-05-17 00:00:00,-99.0,-99.0,RMP,1SBB,2000RMPF20,TRAWL,RESULT,N,NR,NR,T,NA,
2000-05-17 00:00:00,-99.0,-99.0,RMP,1SBB,2000RMPF21,TRAWL,RESULT,N,NR,NR,T,NA,
2000-05-17 00:00:00,-99.0,-99.0,RMP,1SBB,2000RMPF22,TRAWL,RESULT,N,NR,NR,T,NA,
2000-05-17 00:00:00,-99.0,-99.0,RMP,1SBB,2000RMPF23,TRAWL,RESULT,N,NR,NR,T,NA,
2000-05-17 00:00:00,-99.0,-99.0,RMP,1SBB,2000RMPF24,TRAWL,RESULT,N,NR,NR,T,NA,
2000-05-18 00:00:00,-99.0,-99.0,RMP,1SBB,2000RMPF25,TRAWL,RESULT,N,NR,NR,T,NA,
2000-05-18 00:00:00,-99.0,-99.0,RMP,1SBB,2000RMPF26,TRAWL,RESULT,Y,NR,NR,T,NA,
2000-05-18 00:00:00,-99.0,-99.0,RMP,1SBB,2000RMPF27,TRAWL,RESULT,Y,NR,NR,T,NA,
2000-05-18 00:00:00,-99.0,-99.0,RMP,1SBB,2000RMPF28,TRAWL,RESULT,Y,NR,NR,T,NA,
2000-05-18 00:00:00,-99.0,-99.0,RMP,1SBB,2000RMPF29,TRAWL,RESULT,N,NR,NR,T,NA,
2000-04-19 00:00:00,-99.0,-99.0,RMP,1SBB,2000RMPF3,TRAWL,RESULT,N,NR,NR,T,NA,
2000-05-18 00:00:00,-99.0,-99.0,RMP,1SBB,2000RMPF30,TRAWL,RESULT,N,NR,NR,T,NA,
2000-05-18 00:00:00,-99.0,-99.0,RMP,1SBB,2000RMPF31,TRAWL,RESULT,N,NR,NR,T,NA,
2000-05-19 00:00:00,-99.0,-99.0,RMP,1SBB,2000RMPF32,TRAWL,RESULT,N,NR,NR,T,NA,
2000-05-19 00:00:00,-99.0,-99.0,RMP,1SBB,2000RMPF33,TRAWL,RESULT,N,NR,NR,T,NA,
2000-05-19 00:00:00,-99.0,-99.0,RMP,1SBB,2000RMPF34,TRAWL,RESULT,N,NR,NR,T,NA,
2000-05-19 00:00:00,-99.0,-99.0,RMP,1SBB,2000RMPF35,TRAWL,RESULT,N,NR,NR,T,NA,
2000-05-19 00:00:00,-99.0,-99.0,RMP,1SBB,2000RMPF36,TRAWL,RESULT,N,NR,NR,T,NA,
2000-05-23 00:00:00,-99.0,-99.0,RMP,1SBB,2000RMPF37,TRAWL,RESULT,N,NR,NR,T,NA,
2000-05-23 00:00:00,-99.0,-99.0,RMP,1SBB,2000RMPF38,TRAWL,RESULT,N,NR,NR,T,NA,
2000-05-23 00:00:00,-99.0,-99.0,RMP,1SBB,2000RMPF39,TRAWL,RESULT,N,NR,NR,T,NA,
2000-04-19 00:00:00,-99.0,-99.0,RMP,1SBB,2000RMPF4,TRAWL,RESULT,Y,NR,NR,T,NA,
2000-05-23 00:00:00,-99.0,-99.0,RMP,1SBB,2000RMPF40,TRAWL,RESULT,N,NR,NR,T,NA,
2000-05-23 00:00:00,-99.0,-99.0,RMP,1SBB,2000RMPF41,TRAWL,RESULT,N,NR,NR,T,NA,
2000-04-19 00:00:00,-99.0,-99.0,RMP,1SBB,2000RMPF5,TRAWL,RESULT,N,NR,NR,T,NA,
2000-04-20 00:00:00,-99.0,-99.0,RMP,1SBB,2000RMPF6,TRAWL,RESULT,N,NR,NR,T,NA,
2000-05-01 00:00:00,-99.0,-99.0,RMP,1SBB,2000RMPF7,TRAWL,RESULT,Y,NR,NR,T,NA,
2000-05-01 00:00:00,-99.0,-99.0,RMP,1SBB,2000RMPF8,TRAWL,RESULT,Y,NR,NR,T,NA,
2000-05-01 00:00:00,-99.0,-99.0,RMP,1SBB,2000RMPF9,TRAWL,RESULT,Y,NR,NR,T,NA,
1994-05-03 00:00:00,-99.0,-99.0,RMP,24001,1994BPTCP1,TRAWL,RESULT,Y,NR,NR,T,NA,
1994-05-03 00:00:00,-99.0,-99.0,RMP,24001,1994BPTCP2,TRAWL,RESULT,Y,NR,NR,T,NA,
1994-05-03 00:00:00,-99.0,-99.0,RMP,24001,1994BPTCP3,TRAWL,RESULT,Y,NR,NR,T,NA,
1994-05-03 00:00:00,-99.0,-99.0,RMP,24001,1994BPTCP4,TRAWL,RESULT,Y,NR,NR,T,NA,
1994-05-03 00:00:00,-99.0,-99.0,RMP,24001,1994BPTCP5,TRAWL,RESULT,Y,NR,NR,T,NA,
1994-05-03 00:00:00,-99.0,-99.0,RMP,24001,1994BPTCP6,TRAWL,RESULT,Y,NR,NR,T,NA,
1994-05-02 00:00:00,-99.0,-99.0,RMP,24002,1994BPTCP10,TRAWL,RESULT,Y,NR,NR,T,NA,
1994-05-02 00:00:00,-99.0,-99.0,RMP,24002,1994BPTCP7,TRAWL,RESULT,Y,NR,NR,T,NA,
1994-05-02 00:00:00,-99.0,-99.0,RMP,24002,1994BPTCP8,TRAWL,RESULT,Y,NR,NR,T,NA,
1994-05-02 00:00:00,-99.0,-99.0,RMP,24002,1994BPTCP9,TRAWL,RESULT,Y,NR,NR,T,NA,
1994-05-20 00:00:00,-99.0,-99.0,RMP,24003,1994BPTCP11,TRAWL,RESULT,Y,NR,NR,T,NA,
1994-05-20 00:00:00,-99.0,-99.0,RMP,24003,1994BPTCP12,TRAWL,RESULT,Y,NR,NR,T,NA,
1994-05-20 00:00:00,-99.0,-99.0,RMP,24003,1994BPTCP13,TRAWL,RESULT,Y,NR,NR,T,NA,
1994-05-20 00:00:00,-99.0,-99.0,RMP,24003,1994BPTCP14,TRAWL,RESULT,Y,NR,NR,T,NA,
1994-05-10 00:00:00,-99.0,-99.0,RMP,24004,1994BPTCP15,TRAWL,RESULT,Y,NR,NR,T,NA,
1994-05-10 00:00:00,-99.0,-99.0,RMP,24004,1994BPTCP16,TRAWL,RESULT,Y,NR,NR,T,NA,
1994-05-10 00:00:00,-99.0,-99.0,RMP,24004,1994BPTCP17,TRAWL,RESULT,Y,NR,NR,T,NA,
1994-05-10 00:00:00,-99.0,-99.0,RMP,24004,1994BPTCP18,TRAWL,RESULT,Y,NR,NR,T,NA,
1994-05-09 00:00:00,-99.0,-99.0,RMP,24005,1994BPTCP19,TRAWL,RESULT,Y,NR,NR,T,NA,
1994-05-09 00:00:00,-99.0,-99.0,RMP,24005,1994BPTCP20,TRAWL,RESULT,Y,NR,NR,T,NA,
1994-05-09 00:00:00,-99.0,-99.0,RMP,24005,1994BPTCP21,TRAWL,RESULT,Y,NR,NR,T,NA,
1994-05-09 00:00:00,-99.0,-99.0,RMP,24005,1994BPTCP22,TRAWL,RESULT,Y,NR,NR,T,NA,
1994-05-06 00:00:00,-99.0,-99.0,RMP,24006,1994BPTCP23,TRAWL,RESULT,Y,NR,NR,T,NA,
1994-05-06 00:00:00,-99.0,-99.0,RMP,24006,1994BPTCP24,TRAWL,RESULT,Y,NR,NR,T,NA,
1994-05-06 00:00:00,-99.0,-99.0,RMP,24006,1994BPTCP25,TRAWL,RESULT,Y,NR,NR,T,NA,
1994-05-06 00:00:00,-99.0,-99.0,RMP,24006,1994BPTCP26,TRAWL,RESULT,Y,NR,NR,T,NA,
1994-05-06 00:00:00,-99.0,-99.0,RMP,24006,1994BPTCP27,TRAWL,RESULT,Y,NR,NR,T,NA,
1998-04-08 00:00:00,-99.0,-99.0,RMP,24006,1998RMPCL2,TRAWL,RESULT,Y,NR,NR,T,NA,
1994-05-04 00:00:00,-99.0,-99.0,RMP,24007,1994BPTCP28,TRAWL,RESULT,Y,NR,NR,T,NA,
1994-05-04 00:00:00,-99.0,-99.0,RMP,24007,1994BPTCP29,TRAWL,RESULT,Y,NR,NR,T,NA,
1994-05-04 00:00:00,-99.0,-99.0,RMP,24007,1994BPTCP30,TRAWL,RESULT,Y,NR,NR,T,NA,
1994-05-04 00:00:00,-99.0,-99.0,RMP,24007,1994BPTCP31,TRAWL,RESULT,Y,NR,NR,T,NA,
1994-05-04 00:00:00,-99.0,-99.0,RMP,24008,1994BPTCP32,TRAWL,RESULT,Y,NR,NR,T,NA,
1994-05-04 00:00:00,-99.0,-99.0,RMP,24008,1994BPTCP33,TRAWL,RESULT,Y,NR,NR,T,NA,
1994-05-04 00:00:00,-99.0,-99.0,RMP,24008,1994BPTCP34,TRAWL,RESULT,Y,NR,NR,T,NA,
1994-05-04 00:00:00,-99.0,-99.0,RMP,24008,1994BPTCP35,TRAWL,RESULT,Y,NR,NR,T,NA,
1994-05-05 00:00:00,-99.0,-99.0,RMP,24009,1994BPTCP36,TRAWL,RESULT,Y,NR,NR,T,NA,
1994-05-05 00:00:00,-99.0,-99.0,RMP,24009,1994BPTCP37,TRAWL,RESULT,Y,NR,NR,T,NA,
1994-05-05 00:00:00,-99.0,-99.0,RMP,24009,1994BPTCP38,TRAWL,RESULT,Y,NR,NR,T,NA,
1994-05-05 00:00:00,-99.0,-99.0,RMP,24009,1994BPTCP39,TRAWL,RESULT,Y,NR,NR,T,NA,
1994-05-11 00:00:00,-99.0,-99.0,RMP,24010,1994BPTCP40,TRAWL,RESULT,Y,NR,NR,T,NA,
1994-05-11 00:00:00,-99.0,-99.0,RMP,24010,1994BPTCP41,TRAWL,RESULT,Y,NR,NR,T,NA,
1994-05-11 00:00:00,-99.0,-99.0,RMP,24010,1994BPTCP42,TRAWL,RESULT,Y,NR,NR,T,NA,
1994-05-11 00:00:00,-99.0,-99.0,RMP,24010,1994BPTCP43,TRAWL,RESULT,Y,NR,NR,T,NA,
1994-05-11 00:00:00,-99.0,-99.0,RMP,24010,1994BPTCP44,TRAWL,RESULT,Y,NR,NR,T,NA,
1994-05-11 00:00:00,-99.0,-99.0,RMP,24010,1994BPTCP45,TRAWL,RESULT,Y,NR,NR,T,NA,
1994-05-11 00:00:00,-99.0,-99.0,RMP,24010,1994BPTCP46,TRAWL,RESULT,Y,NR,NR,T,NA,
1994-05-12 00:00:00,-99.0,-99.0,RMP,24011,1994BPTCP47,TRAWL,RESULT,Y,NR,NR,T,NA,
1994-05-12 00:00:00,-99.0,-99.0,RMP,24011,1994BPTCP48,TRAWL,RESULT,Y,NR,NR,T,NA,
1994-05-12 00:00:00,-99.0,-99.0,RMP,24011,1994BPTCP49,TRAWL,RESULT,Y,NR,NR,T,NA,
1994-05-12 00:00:00,-99.0,-99.0,RMP,24011,1994BPTCP50,TRAWL,RESULT,Y,NR,NR,T,NA,
1994-05-09 00:00:00,-99.0,-99.0,RMP,24013,1994BPTCP51,TRAWL,RESULT,Y,NR,NR,T,NA,
1994-05-09 00:00:00,-99.0,-99.0,RMP,24013,1994BPTCP52,TRAWL,RESULT,Y,NR,NR,T,NA,
1994-05-09 00:00:00,-99.0,-99.0,RMP,24013,1994BPTCP53,TRAWL,RESULT,Y,NR,NR,T,NA,
1994-05-09 00:00:00,-99.0,-99.0,RMP,24013,1994BPTCP54,TRAWL,RESULT,Y,NR,NR,T,NA,
1994-06-01 00:00:00,-99.0,-99.0,RMP,24014,1994BPTCP55,TRAWL,RESULT,Y,NR,NR,T,NA,
1994-06-01 00:00:00,-99.0,-99.0,RMP,24014,1994BPTCP56,TRAWL,RESULT,Y,NR,NR,T,NA,
1994-06-01 00:00:00,-99.0,-99.0,RMP,24014,1994BPTCP57,TRAWL,RESULT,Y,NR,NR,T,NA,
1994-06-01 00:00:00,-99.0,-99.0,RMP,24014,1994BPTCP58,TRAWL,RESULT,Y,NR,NR,T,NA,
1994-05-14 00:00:00,-99.0,-99.0,RMP,24015,1994BPTCP59,TRAWL,RESULT,Y,NR,NR,T,NA,
1994-05-14 00:00:00,-99.0,-99.0,RMP,24015,1994BPTCP60,TRAWL,RESULT,Y,NR,NR,T,NA,
1994-05-14 00:00:00,-99.0,-99.0,RMP,24015,1994BPTCP61,TRAWL,RESULT,Y,NR,NR,T,NA,
1994-06-10 00:00:00,-99.0,-99.0,RMP,24016,1994BPTCP62,TRAWL,RESULT,Y,NR,NR,T,NA,
1994-06-04 00:00:00,-99.0,-99.0,RMP,24017,1994BPTCP63,TRAWL,RESULT,Y,NR,NR,T,NA,
1994-05-09 00:00:00,-99.0,-99.0,RMP,24018,1994BPTCP64,TRAWL,RESULT,Y,NR,NR,T,NA,
1994-05-09 00:00:00,-99.0,-99.0,RMP,24018,1994BPTCP65,TRAWL,RESULT,Y,NR,NR,T,NA,
1994-05-13 00:00:00,-99.0,-99.0,RMP,24018,1994BPTCP66,TRAWL,RESULT,Y,NR,NR,T,NA,
1997-06-05 00:00:00,-99.0,-99.0,RMP,2OAK,1997RMPF31,TRAWL,RESULT,Y,NR,NR,T,NA,
1997-06-05 00:00:00,-99.0,-99.0,RMP,2OAK,1997RMPF32,TRAWL,RESULT,Y,NR,NR,T,NA,
1997-06-05 00:00:00,-99.0,-99.0,RMP,2OAK,1997RMPF33,TRAWL,RESULT,Y,NR,NR,T,NA,
1997-06-11 00:00:00,-99.0,-99.0,RMP,2OAK,1997RMPF34,TRAWL,RESULT,Y,NR,NR,T,NA,
1997-06-11 00:00:00,-99.0,-99.0,RMP,2OAK,1997RMPF35,TRAWL,RESULT,Y,NR,NR,T,NA,
1997-06-11 00:00:00,-99.0,-99.0,RMP,2OAK,1997RMPF36,TRAWL,RESULT,Y,NR,NR,T,NA,
1997-06-11 00:00:00,-99.0,-99.0,RMP,2OAK,1997RMPF37,TRAWL,RESULT,Y,NR,NR,T,NA,
1997-06-30 00:00:00,-99.0,-99.0,RMP,2OAK,1997RMPF38,TRAWL,RESULT,Y,NR,NR,T,NA,
1997-06-30 00:00:00,-99.0,-99.0,RMP,2OAK,1997RMPF39,TRAWL,RESULT,Y,NR,NR,T,NA,
1997-07-02 00:00:00,-99.0,-99.0,RMP,2OAK,1997RMPF40,TRAWL,RESULT,Y,NR,NR,T,NA,
1997-07-02 00:00:00,-99.0,-99.0,RMP,2OAK,1997RMPF41,TRAWL,RESULT,Y,NR,NR,T,NA,
1997-07-02 00:00:00,-99.0,-99.0,RMP,2OAK,1997RMPF42,TRAWL,RESULT,Y,NR,NR,T,NA,
1997-07-02 00:00:00,-99.0,-99.0,RMP,2OAK,1997RMPF43,TRAWL,RESULT,Y,NR,NR,T,NA,
1997-07-11 00:00:00,-99.0,-99.0,RMP,2OAK,1997RMPF44,TRAWL,RESULT,Y,NR,NR,T,NA,
1997-07-11 00:00:00,-99.0,-99.0,RMP,2OAK,1997RMPF45,TRAWL,RESULT,Y,NR,NR,T,NA,
2000-03-08 00:00:00,-99.0,-99.0,RMP,2OAK,2000RMPF42,TRAWL,RESULT,Y,NR,NR,T,NA,
2000-03-08 00:00:00,-99.0,-99.0,RMP,2OAK,2000RMPF43,TRAWL,RESULT,Y,NR,NR,T,NA,
2000-03-08 00:00:00,-99.0,-99.0,RMP,2OAK,2000RMPF44,TRAWL,RESULT,Y,NR,NR,T,NA,
2000-06-12 00:00:00,-99.0,-99.0,RMP,2OAK,2000RMPF45,TRAWL,RESULT,Y,NR,NR,T,NA,
2000-06-16 00:00:00,-99.0,-99.0,RMP,2OAK,2000RMPF46,TRAWL,RESULT,Y,NR,NR,T,NA,
2000-06-16 00:00:00,-99.0,-99.0,RMP,2OAK,2000RMPF47,TRAWL,RESULT,Y,NR,NR,T,NA,
2000-06-20 00:00:00,-99.0,-99.0,RMP,2OAK,2000RMPF48,TRAWL,RESULT,Y,NR,NR,T,NA,
2000-06-20 00:00:00,-99.0,-99.0,RMP,2OAK,2000RMPF49,TRAWL,RESULT,Y,NR,NR,T,NA,
2000-06-21 00:00:00,-99.0,-99.0,RMP,2OAK,2000RMPF50,TRAWL,RESULT,Y,NR,NR,T,NA,
2000-06-21 00:00:00,-99.0,-99.0,RMP,2OAK,2000RMPF51,TRAWL,RESULT,Y,NR,NR,T,NA,
2000-06-21 00:00:00,-99.0,-99.0,RMP,2OAK,2000RMPF52,TRAWL,RESULT,Y,NR,NR,T,NA,
2000-06-22 00:00:00,-99.0,-99.0,RMP,2OAK,2000RMPF53,TRAWL,RESULT,Y,NR,NR,T,NA,
2000-06-22 00:00:00,-99.0,-99.0,RMP,2OAK,2000RMPF54,TRAWL,RESULT,Y,NR,NR,T,NA,
2000-09-26 00:00:00,-99.0,-99.0,RMP,2OAK,2000RMPF55,TRAWL,RESULT,Y,NR,NR,T,NA,
2000-09-26 00:00:00,-99.0,-99.0,RMP,2OAK,2000RMPF56,TRAWL,RESULT,Y,NR,NR,T,NA,
2000-09-26 00:00:00,-99.0,-99.0,RMP,2OAK,2000RMPF57,TRAWL,RESULT,Y,NR,NR,T,NA,
2000-12-18 00:00:00,-99.0,-99.0,RMP,2OAK,2000RMPF58,TRAWL,RESULT,Y,NR,NR,T,NA,
2000-12-18 00:00:00,-99.0,-99.0,RMP,2OAK,2000RMPF59,TRAWL,RESULT,Y,NR,NR,T,NA,
2000-12-18 00:00:00,-99.0,-99.0,RMP,2OAK,2000RMPF60,TRAWL,RESULT,Y,NR,NR,T,NA,
1997-06-19 00:00:00,-99.0,-99.0,RMP,3SFW,1997RMPF153,TRAWL,RESULT,Y,NR,NR,T,NA,
1997-06-19 00:00:00,-99.0,-99.0,RMP,3SFW,1997RMPF46,TRAWL,RESULT,Y,NR,NR,T,NA,
1997-06-19 00:00:00,-99.0,-99.0,RMP,3SFW,1997RMPF47,TRAWL,RESULT,Y,NR,NR,T,NA,
1997-06-19 00:00:00,-99.0,-99.0,RMP,3SFW,1997RMPF48,TRAWL,RESULT,Y,NR,NR,T,NA,
1997-07-01 00:00:00,-99.0,-99.0,RMP,3SFW,1997RMPF49,TRAWL,RESULT,Y,NR,NR,T,NA,
1997-07-01 00:00:00,-99.0,-99.0,RMP,3SFW,1997RMPF50,TRAWL,RESULT,Y,NR,NR,T,NA,
1997-07-01 00:00:00,-99.0,-99.0,RMP,3SFW,1997RMPF51,TRAWL,RESULT,Y,NR,NR,T,NA,
1997-07-01 00:00:00,-99.0,-99.0,RMP,3SFW,1997RMPF52,TRAWL,RESULT,Y,NR,NR,T,NA,
1997-07-01 00:00:00,-99.0,-99.0,RMP,3SFW,1997RMPF53,TRAWL,RESULT,Y,NR,NR,T,NA,
1997-07-10 00:00:00,-99.0,-99.0,RMP,3SFW,1997RMPF54,TRAWL,RESULT,Y,NR,NR,T,NA,
1997-07-10 00:00:00,-99.0,-99.0,RMP,3SFW,1997RMPF55,TRAWL,RESULT,Y,NR,NR,T,NA,
1997-07-10 00:00:00,-99.0,-99.0,RMP,3SFW,1997RMPF56,TRAWL,RESULT,Y,NR,NR,T,NA,
1997-07-11 00:00:00,-99.0,-99.0,RMP,3SFW,1997RMPF57,TRAWL,RESULT,Y,NR,NR,T,NA,
2000-05-03 00:00:00,-99.0,-99.0,RMP,3SFW,2000RMPF160,TRAWL,RESULT,Y,NR,NR,T,NA,
2000-05-04 00:00:00,-99.0,-99.0,RMP,3SFW,2000RMPF161,TRAWL,RESULT,Y,NR,NR,T,NA,
2000-05-03 00:00:00,-99.0,-99.0,RMP,3SFW,2000RMPF61,TRAWL,RESULT,Y,NR,NR,T,NA,
2000-05-03 00:00:00,-99.0,-99.0,RMP,3SFW,2000RMPF62,TRAWL,RESULT,N,NR,NR,T,NA,
2000-05-03 00:00:00,-99.0,-99.0,RMP,3SFW,2000RMPF63,TRAWL,RESULT,Y,NR,NR,T,NA,
2000-05-03 00:00:00,-99.0,-99.0,RMP,3SFW,2000RMPF64,TRAWL,RESULT,Y,NR,NR,T,NA,
2000-05-03 00:00:00,-99.0,-99.0,RMP,3SFW,2000RMPF65,TRAWL,RESULT,Y,NR,NR,T,NA,
2000-05-03 00:00:00,-99.0,-99.0,RMP,3SFW,2000RMPF66,TRAWL,RESULT,Y,NR,NR,T,NA,
2000-05-03 00:00:00,-99.0,-99.0,RMP,3SFW,2000RMPF67,TRAWL,RESULT,Y,NR,NR,T,NA,
2000-05-03 00:00:00,-99.0,-99.0,RMP,3SFW,2000RMPF68,TRAWL,RESULT,Y,NR,NR,T,NA,
2000-05-04 00:00:00,-99.0,-99.0,RMP,3SFW,2000RMPF69,TRAWL,RESULT,N,NR,NR,T,NA,
2000-05-04 00:00:00,-99.0,-99.0,RMP,3SFW,2000RMPF70,TRAWL,RESULT,Y,NR,NR,T,NA,
2000-05-04 00:00:00,-99.0,-99.0,RMP,3SFW,2000RMPF71,TRAWL,RESULT,N,NR,NR,T,NA,
2000-05-04 00:00:00,-99.0,-99.0,RMP,3SFW,2000RMPF72,TRAWL,RESULT,N,NR,NR,T,NA,
2000-05-04 00:00:00,-99.0,-99.0,RMP,3SFW,2000RMPF73,TRAWL,RESULT,Y,NR,NR,T,NA,
2000-05-25 00:00:00,-99.0,-99.0,RMP,3SFW,2000RMPF74,TRAWL,RESULT,N,NR,NR,T,NA,
2000-06-13 00:00:00,-99.0,-99.0,RMP,3SFW,2000RMPF75,TRAWL,RESULT,N,NR,NR,T,NA,
1999-09-28 00:00:00,-99.0,-99.0,RMP,3SFW_1,1999RMPCR1,TRAWL,RESULT,Y,NR,NR,T,NA,
1999-09-28 00:00:00,-99.0,-99.0,RMP,3SFW_1,1999RMPCR2,TRAWL,RESULT,Y,NR,NR,T,NA,
1999-09-28 00:00:00,-99.0,-99.0,RMP,3SFW_1,1999RMPCR8,TRAWL,RESULT,Y,NR,NR,T,NA,
1999-09-30 00:00:00,-99.0,-99.0,RMP,3SFW_2,1999RMPCR3,TRAWL,RESULT,Y,NR,NR,T,NA,
1999-09-30 00:00:00,-99.0,-99.0,RMP,3SFW_2,1999RMPCR4,TRAWL,RESULT,Y,NR,NR,T,NA,
1999-09-30 00:00:00,-99.0,-99.0,RMP,3SFW_2,1999RMPCR9,TRAWL,RESULT,Y,NR,NR,T,NA,
1997-06-12 00:00:00,-99.0,-99.0,RMP,4BRK,1997RMPF58,TRAWL,RESULT,N,NR,NR,T,NA,
1997-06-12 00:00:00,-99.0,-99.0,RMP,4BRK,1997RMPF59,TRAWL,RESULT,Y,NR,NR,T,NA,
1997-06-12 00:00:00,-99.0,-99.0,RMP,4BRK,1997RMPF60,TRAWL,RESULT,Y,NR,NR,T,NA,
1997-06-12 00:00:00,-99.0,-99.0,RMP,4BRK,1997RMPF61,TRAWL,RESULT,Y,NR,NR,T,NA,
1997-06-12 00:00:00,-99.0,-99.0,RMP,4BRK,1997RMPF62,TRAWL,RESULT,Y,NR,NR,T,NA,
1997-06-12 00:00:00,-99.0,-99.0,RMP,4BRK,1997RMPF63,TRAWL,RESULT,Y,NR,NR,T,NA,
1997-06-12 00:00:00,-99.0,-99.0,RMP,4BRK,1997RMPF64,TRAWL,RESULT,N,NR,NR,T,NA,
1997-06-13 00:00:00,-99.0,-99.0,RMP,4BRK,1997RMPF65,TRAWL,RESULT,N,NR,NR,T,NA,
1997-06-13 00:00:00,-99.0,-99.0,RMP,4BRK,1997RMPF66,TRAWL,RESULT,N,NR,NR,T,NA,
1997-06-13 00:00:00,-99.0,-99.0,RMP,4BRK,1997RMPF67,TRAWL,RESULT,Y,NR,NR,T,NA,
1997-06-13 00:00:00,-99.0,-99.0,RMP,4BRK,1997RMPF68,TRAWL,RESULT,Y,NR,NR,T,NA,
1997-06-13 00:00:00,-99.0,-99.0,RMP,4BRK,1997RMPF69,TRAWL,RESULT,Y,NR,NR,T,NA,
1997-06-13 00:00:00,-99.0,-99.0,RMP,4BRK,1997RMPF70,TRAWL,RESULT,Y,NR,NR,T,NA,
1997-06-13 00:00:00,-99.0,-99.0,RMP,4BRK,1997RMPF71,TRAWL,RESULT,Y,NR,NR,T,NA,
1997-06-13 00:00:00,-99.0,-99.0,RMP,4BRK,1997RMPF72,TRAWL,RESULT,Y,NR,NR,T,NA,
1997-06-13 00:00:00,-99.0,-99.0,RMP,4BRK,1997RMPF73,TRAWL,RESULT,Y,NR,NR,T,NA,
1997-06-13 00:00:00,-99.0,-99.0,RMP,4BRK,1997RMPF74,TRAWL,RESULT,N,NR,NR,T,NA,
1997-06-13 00:00:00,-99.0,-99.0,RMP,4BRK,1997RMPF75,TRAWL,RESULT,Y,NR,NR,T,NA,
1997-06-13 00:00:00,-99.0,-99.0,RMP,4BRK,1997RMPF76,TRAWL,RESULT,Y,NR,NR,T,NA,
1997-06-13 00:00:00,-99.0,-99.0,RMP,4BRK,1997RMPF77,TRAWL,RESULT,Y,NR,NR,T,NA,
1997-06-13 00:00:00,-99.0,-99.0,RMP,4BRK,1997RMPF78,TRAWL,RESULT,Y,NR,NR,T,NA,
1997-06-13 00:00:00,-99.0,-99.0,RMP,4BRK,1997RMPF79,TRAWL,RESULT,Y,NR,NR,T,NA,
1997-06-13 00:00:00,-99.0,-99.0,RMP,4BRK,1997RMPF80,TRAWL,RESULT,Y,NR,NR,T,NA,
1997-06-13 00:00:00,-99.0,-99.0,RMP,4BRK,1997RMPF81,TRAWL,RESULT,Y,NR,NR,T,NA,
1997-06-13 00:00:00,-99.0,-99.0,RMP,4BRK,1997RMPF82,TRAWL,RESULT,Y,NR,NR,T,NA,
1997-06-13 00:00:00,-99.0,-99.0,RMP,4BRK,1997RMPF83,TRAWL,RESULT,Y,NR,NR,T,NA,
1997-06-17 00:00:00,-99.0,-99.0,RMP,4BRK,1997RMPF84,TRAWL,RESULT,N,NR,NR,T,NA,
1997-06-17 00:00:00,-99.0,-99.0,RMP,4BRK,1997RMPF85,TRAWL,RESULT,N,NR,NR,T,NA,
1997-06-18 00:00:00,-99.0,-99.0,RMP,4BRK,1997RMPF86,TRAWL,RESULT,N,NR,NR,T,NA,
1997-06-18 00:00:00,-99.0,-99.0,RMP,4BRK,1997RMPF87,TRAWL,RESULT,Y,NR,NR,T,NA,
1997-06-18 00:00:00,-99.0,-99.0,RMP,4BRK,1997RMPF88,TRAWL,RESULT,Y,NR,NR,T,NA,
1997-06-18 00:00:00,-99.0,-99.0,RMP,4BRK,1997RMPF89,TRAWL,RESULT,N,NR,NR,T,NA,
2000-05-26 00:00:00,-99.0,-99.0,RMP,4BRK,2000RMPF100,TRAWL,RESULT,Y,NR,NR,T,NA,
2000-05-26 00:00:00,-99.0,-99.0,RMP,4BRK,2000RMPF101,TRAWL,RESULT,N,NR,NR,T,NA,
2000-06-14 00:00:00,-99.0,-99.0,RMP,4BRK,2000RMPF102,TRAWL,RESULT,Y,NR,NR,T,NA,
2000-06-14 00:00:00,-99.0,-99.0,RMP,4BRK,2000RMPF103,TRAWL,RESULT,N,NR,NR,T,NA,
2000-06-14 00:00:00,-99.0,-99.0,RMP,4BRK,2000RMPF104,TRAWL,RESULT,N,NR,NR,T,NA,
2000-06-15 00:00:00,-99.0,-99.0,RMP,4BRK,2000RMPF105,TRAWL,RESULT,Y,NR,NR,T,NA,
2000-06-15 00:00:00,-99.0,-99.0,RMP,4BRK,2000RMPF106,TRAWL,RESULT,N,NR,NR,T,NA,
2000-07-19 00:00:00,-99.0,-99.0,RMP,4BRK,2000RMPF107,TRAWL,RESULT,N,NR,NR,T,NA,
2000-07-19 00:00:00,-99.0,-99.0,RMP,4BRK,2000RMPF108,TRAWL,RESULT,N,NR,NR,T,NA,
2000-07-19 00:00:00,-99.0,-99.0,RMP,4BRK,2000RMPF109,TRAWL,RESULT,N,NR,NR,T,NA,
2000-05-05 00:00:00,-99.0,-99.0,RMP,4BRK,2000RMPF76,TRAWL,RESULT,Y,NR,NR,T,NA,
2000-05-05 00:00:00,-99.0,-99.0,RMP,4BRK,2000RMPF77,TRAWL,RESULT,Y,NR,NR,T,NA,
2000-05-05 00:00:00,-99.0,-99.0,RMP,4BRK,2000RMPF78,TRAWL,RESULT,Y,NR,NR,T,NA,
2000-05-24 00:00:00,-99.0,-99.0,RMP,4BRK,2000RMPF79,TRAWL,RESULT,Y,NR,NR,T,NA,
2000-05-24 00:00:00,-99.0,-99.0,RMP,4BRK,2000RMPF80,TRAWL,RESULT,N,NR,NR,T,NA,
2000-05-24 00:00:00,-99.0,-99.0,RMP,4BRK,2000RMPF81,TRAWL,RESULT,N,NR,NR,T,NA,
2000-05-24 00:00:00,-99.0,-99.0,RMP,4BRK,2000RMPF82,TRAWL,RESULT,N,NR,NR,T,NA,
2000-05-24 00:00:00,-99.0,-99.0,RMP,4BRK,2000RMPF83,TRAWL,RESULT,Y,NR,NR,T,NA,
2000-05-24 00:00:00,-99.0,-99.0,RMP,4BRK,2000RMPF84,TRAWL,RESULT,N,NR,NR,T,NA,
2000-05-24 00:00:00,-99.0,-99.0,RMP,4BRK,2000RMPF85,TRAWL,RESULT,Y,NR,NR,T,NA,
2000-05-24 00:00:00,-99.0,-99.0,RMP,4BRK,2000RMPF86,TRAWL,RESULT,N,NR,NR,T,NA,
2000-05-24 00:00:00,-99.0,-99.0,RMP,4BRK,2000RMPF87,TRAWL,RESULT,Y,NR,NR,T,NA,
2000-05-24 00:00:00,-99.0,-99.0,RMP,4BRK,2000RMPF88,TRAWL,RESULT,Y,NR,NR,T,NA,
2000-05-24 00:00:00,-99.0,-99.0,RMP,4BRK,2000RMPF89,TRAWL,RESULT,Y,NR,NR,T,NA,
2000-05-25 00:00:00,-99.0,-99.0,RMP,4BRK,2000RMPF90,TRAWL,RESULT,N,NR,NR,T,NA,
2000-05-25 00:00:00,-99.0,-99.0,RMP,4BRK,2000RMPF91,TRAWL,RESULT,N,NR,NR,T,NA,
2000-05-25 00:00:00,-99.0,-99.0,RMP,4BRK,2000RMPF92,TRAWL,RESULT,Y,NR,NR,T,NA,
2000-05-25 00:00:00,-99.0,-99.0,RMP,4BRK,2000RMPF93,TRAWL,RESULT,N,NR,NR,T,NA,
2000-05-25 00:00:00,-99.0,-99.0,RMP,4BRK,2000RMPF94,TRAWL,RESULT,N,NR,NR,T,NA,
2000-05-25 00:00:00,-99.0,-99.0,RMP,4BRK,2000RMPF95,TRAWL,RESULT,Y,NR,NR,T,NA,
2000-05-25 00:00:00,-99.0,-99.0,RMP,4BRK,2000RMPF96,TRAWL,RESULT,N,NR,NR,T,NA,
2000-05-25 00:00:00,-99.0,-99.0,RMP,4BRK,2000RMPF97,TRAWL,RESULT,N,NR,NR,T,NA,
2000-05-26 00:00:00,-99.0,-99.0,RMP,4BRK,2000RMPF98,TRAWL,RESULT,N,NR,NR,T,NA,
2000-05-26 00:00:00,-99.0,-99.0,RMP,4BRK,2000RMPF99,TRAWL,RESULT,N,NR,NR,T,NA,
1997-06-20 00:00:00,-99.0,-99.0,RMP,5SPB,1997RMPF100,TRAWL,RESULT,Y,NR,NR,T,NA,
1997-06-20 00:00:00,-99.0,-99.0,RMP,5SPB,1997RMPF101,TRAWL,RESULT,Y,NR,NR,T,NA,
1997-06-20 00:00:00,-99.0,-99.0,RMP,5SPB,1997RMPF102,TRAWL,RESULT,N,NR,NR,T,NA,
1997-06-23 00:00:00,-99.0,-99.0,RMP,5SPB,1997RMPF103,TRAWL,RESULT,Y,NR,NR,T,NA,
1997-06-23 00:00:00,-99.0,-99.0,RMP,5SPB,1997RMPF104,TRAWL,RESULT,Y,NR,NR,T,NA,
1997-06-23 00:00:00,-99.0,-99.0,RMP,5SPB,1997RMPF105,TRAWL,RESULT,Y,NR,NR,T,NA,
1997-06-23 00:00:00,-99.0,-99.0,RMP,5SPB,1997RMPF106,TRAWL,RESULT,Y,NR,NR,T,NA,
1997-06-23 00:00:00,-99.0,-99.0,RMP,5SPB,1997RMPF107,TRAWL,RESULT,Y,NR,NR,T,NA,
1997-06-24 00:00:00,-99.0,-99.0,RMP,5SPB,1997RMPF108,TRAWL,RESULT,N,NR,NR,T,NA,
1997-06-25 00:00:00,-99.0,-99.0,RMP,5SPB,1997RMPF109,TRAWL,RESULT,N,NR,NR,T,NA,
1997-06-25 00:00:00,-99.0,-99.0,RMP,5SPB,1997RMPF110,TRAWL,RESULT,N,NR,NR,T,NA,
1997-06-25 00:00:00,-99.0,-99.0,RMP,5SPB,1997RMPF111,TRAWL,RESULT,N,NR,NR,T,NA,
1997-06-25 00:00:00,-99.0,-99.0,RMP,5SPB,1997RMPF112,TRAWL,RESULT,N,NR,NR,T,NA,
1997-06-26 00:00:00,-99.0,-99.0,RMP,5SPB,1997RMPF113,TRAWL,RESULT,Y,NR,NR,T,NA,
1997-06-26 00:00:00,-99.0,-99.0,RMP,5SPB,1997RMPF114,TRAWL,RESULT,Y,NR,NR,T,NA,
1997-07-09 00:00:00,-99.0,-99.0,RMP,5SPB,1997RMPF115,TRAWL,RESULT,Y,NR,NR,T,NA,
1997-07-09 00:00:00,-99.0,-99.0,RMP,5SPB,1997RMPF116,TRAWL,RESULT,Y,NR,NR,T,NA,
1997-07-09 00:00:00,-99.0,-99.0,RMP,5SPB,1997RMPF117,TRAWL,RESULT,Y,NR,NR,T,NA,
1997-07-09 00:00:00,-99.0,-99.0,RMP,5SPB,1997RMPF118,TRAWL,RESULT,N,NR,NR,T,NA,
1997-07-09 00:00:00,-99.0,-99.0,RMP,5SPB,1997RMPF119,TRAWL,RESULT,N,NR,NR,T,NA,
1997-07-09 00:00:00,-99.0,-99.0,RMP,5SPB,1997RMPF120,TRAWL,RESULT,Y,NR,NR,T,NA,
1997-07-09 00:00:00,-99.0,-99.0,RMP,5SPB,1997RMPF121,TRAWL,RESULT,Y,NR,NR,T,NA,
1997-07-09 00:00:00,-99.0,-99.0,RMP,5SPB,1997RMPF122,TRAWL,RESULT,Y,NR,NR,T,NA,
1997-07-23 00:00:00,-99.0,-99.0,RMP,5SPB,1997RMPF123,TRAWL,RESULT,N,NR,NR,T,NA,
1997-07-24 00:00:00,-99.0,-99.0,RMP,5SPB,1997RMPF124,TRAWL,RESULT,Y,NR,NR,T,NA,
1997-10-08 00:00:00,-99.0,-99.0,RMP,5SPB,1997RMPF125,TRAWL,RESULT,Y,NR,NR,T,NA,
1997-10-08 00:00:00,-99.0,-99.0,RMP,5SPB,1997RMPF126,TRAWL,RESULT,N,NR,NR,T,NA,
1997-10-08 00:00:00,-99.0,-99.0,RMP,5SPB,1997RMPF127,TRAWL,RESULT,N,NR,NR,T,NA,
1997-10-08 00:00:00,-99.0,-99.0,RMP,5SPB,1997RMPF128,TRAWL,RESULT,Y,NR,NR,T,NA,
1997-10-08 00:00:00,-99.0,-99.0,RMP,5SPB,1997RMPF129,TRAWL,RESULT,N,NR,NR,T,NA,
1997-10-08 00:00:00,-99.0,-99.0,RMP,5SPB,1997RMPF130,TRAWL,RESULT,N,NR,NR,T,NA,
1997-10-08 00:00:00,-99.0,-99.0,RMP,5SPB,1997RMPF131,TRAWL,RESULT,N,NR,NR,T,NA,
1997-10-15 00:00:00,-99.0,-99.0,RMP,5SPB,1997RMPF132,TRAWL,RESULT,N,NR,NR,T,NA,
1997-03-28 00:00:00,-99.0,-99.0,RMP,5SPB,1997RMPF90,TRAWL,RESULT,N,NR,NR,T,NA,
1997-06-20 00:00:00,-99.0,-99.0,RMP,5SPB,1997RMPF91,TRAWL,RESULT,Y,NR,NR,T,NA,
1997-06-20 00:00:00,-99.0,-99.0,RMP,5SPB,1997RMPF92,TRAWL,RESULT,Y,NR,NR,T,NA,
1997-06-20 00:00:00,-99.0,-99.0,RMP,5SPB,1997RMPF93,TRAWL,RESULT,Y,NR,NR,T,NA,
1997-06-20 00:00:00,-99.0,-99.0,RMP,5SPB,1997RMPF94,TRAWL,RESULT,Y,NR,NR,T,NA,
1997-06-20 00:00:00,-99.0,-99.0,RMP,5SPB,1997RMPF95,TRAWL,RESULT,Y,NR,NR,T,NA,
1997-06-20 00:00:00,-99.0,-99.0,RMP,5SPB,1997RMPF96,TRAWL,RESULT,Y,NR,NR,T,NA,
1997-06-20 00:00:00,-99.0,-99.0,RMP,5SPB,1997RMPF97,TRAWL,RESULT,Y,NR,NR,T,NA,
1997-06-20 00:00:00,-99.0,-99.0,RMP,5SPB,1997RMPF98,TRAWL,RESULT,N,NR,NR,T,NA,
1997-06-20 00:00:00,-99.0,-99.0,RMP,5SPB,1997RMPF99,TRAWL,RESULT,N,NR,NR,T,NA,
2000-03-21 00:00:00,-99.0,-99.0,RMP,5SPB,2000RMPF110,TRAWL,RESULT,Y,NR,NR,T,NA,
2000-03-21 00:00:00,-99.0,-99.0,RMP,5SPB,2000RMPF111,TRAWL,RESULT,N,NR,NR,T,NA,
2000-03-22 00:00:00,-99.0,-99.0,RMP,5SPB,2000RMPF112,TRAWL,RESULT,N,NR,NR,T,NA,
2000-03-22 00:00:00,-99.0,-99.0,RMP,5SPB,2000RMPF113,TRAWL,RESULT,N,NR,NR,T,NA,
2000-03-22 00:00:00,-99.0,-99.0,RMP,5SPB,2000RMPF114,TRAWL,RESULT,Y,NR,NR,T,NA,
2000-03-22 00:00:00,-99.0,-99.0,RMP,5SPB,2000RMPF115,TRAWL,RESULT,N,NR,NR,T,NA,
2000-03-23 00:00:00,-99.0,-99.0,RMP,5SPB,2000RMPF116,TRAWL,RESULT,N,NR,NR,T,NA,
2000-03-24 00:00:00,-99.0,-99.0,RMP,5SPB,2000RMPF117,TRAWL,RESULT,N,NR,NR,T,NA,
2000-06-02 00:00:00,-99.0,-99.0,RMP,5SPB,2000RMPF118,TRAWL,RESULT,Y,NR,NR,T,NA,
2000-06-02 00:00:00,-99.0,-99.0,RMP,5SPB,2000RMPF119,TRAWL,RESULT,N,NR,NR,T,NA,
2000-06-02 00:00:00,-99.0,-99.0,RMP,5SPB,2000RMPF120,TRAWL,RESULT,Y,NR,NR,T,NA,
2000-06-02 00:00:00,-99.0,-99.0,RMP,5SPB,2000RMPF121,TRAWL,RESULT,Y,NR,NR,T,NA,
2000-06-02 00:00:00,-99.0,-99.0,RMP,5SPB,2000RMPF122,TRAWL,RESULT,Y,NR,NR,T,NA,
2000-06-02 00:00:00,-99.0,-99.0,RMP,5SPB,2000RMPF123,TRAWL,RESULT,Y,NR,NR,T,NA,
2000-06-02 00:00:00,-99.0,-99.0,RMP,5SPB,2000RMPF124,TRAWL,RESULT,N,NR,NR,T,NA,
2000-06-02 00:00:00,-99.0,-99.0,RMP,5SPB,2000RMPF125,TRAWL,RESULT,Y,NR,NR,T,NA,
2000-06-02 00:00:00,-99.0,-99.0,RMP,5SPB,2000RMPF126,TRAWL,RESULT,Y,NR,NR,T,NA,
2000-06-02 00:00:00,-99.0,-99.0,RMP,5SPB,2000RMPF127,TRAWL,RESULT,N,NR,NR,T,NA,
2000-06-02 00:00:00,-99.0,-99.0,RMP,5SPB,2000RMPF128,TRAWL,RESULT,N,NR,NR,T,NA,
2000-06-02 00:00:00,-99.0,-99.0,RMP,5SPB,2000RMPF129,TRAWL,RESULT,N,NR,NR,T,NA,
2000-06-02 00:00:00,-99.0,-99.0,RMP,5SPB,2000RMPF130,TRAWL,RESULT,N,NR,NR,T,NA,
2000-06-02 00:00:00,-99.0,-99.0,RMP,5SPB,2000RMPF131,TRAWL,RESULT,N,NR,NR,T,NA,
2000-06-02 00:00:00,-99.0,-99.0,RMP,5SPB,2000RMPF132,TRAWL,RESULT,N,NR,NR,T,NA,
2000-06-02 00:00:00,-99.0,-99.0,RMP,5SPB,2000RMPF133,TRAWL,RESULT,Y,NR,NR,T,NA,
2000-06-02 00:00:00,-99.0,-99.0,RMP,5SPB,2000RMPF134,TRAWL,RESULT,N,NR,NR,T,NA,
2000-06-02 00:00:00,-99.0,-99.0,RMP,5SPB,2000RMPF135,TRAWL,RESULT,N,NR,NR,T,NA,
2000-06-02 00:00:00,-99.0,-99.0,RMP,5SPB,2000RMPF136,TRAWL,RESULT,Y,NR,NR,T,NA,
2000-06-06 00:00:00,-99.0,-99.0,RMP,5SPB,2000RMPF137,TRAWL,RESULT,N,NR,NR,T,NA,
2000-06-06 00:00:00,-99.0,-99.0,RMP,5SPB,2000RMPF138,TRAWL,RESULT,N,NR,NR,T,NA,
2000-06-06 00:00:00,-99.0,-99.0,RMP,5SPB,2000RMPF139,TRAWL,RESULT,Y,NR,NR,T,NA,
2000-06-07 00:00:00,-99.0,-99.0,RMP,5SPB,2000RMPF140,TRAWL,RESULT,N,NR,NR,T,NA,
2000-06-07 00:00:00,-99.0,-99.0,RMP,5SPB,2000RMPF141,TRAWL,RESULT,Y,NR,NR,T,NA,
2000-06-07 00:00:00,-99.0,-99.0,RMP,5SPB,2000RMPF142,TRAWL,RESULT,N,NR,NR,T,NA,
2000-06-07 00:00:00,-99.0,-99.0,RMP,5SPB,2000RMPF143,TRAWL,RESULT,N,NR,NR,T,NA,
2000-06-08 00:00:00,-99.0,-99.0,RMP,5SPB,2000RMPF144,TRAWL,RESULT,N,NR,NR,T,NA,
2000-06-08 00:00:00,-99.0,-99.0,RMP,5SPB,2000RMPF145,TRAWL,RESULT,N,NR,NR,T,NA,
2000-06-08 00:00:00,-99.0,-99.0,RMP,5SPB,2000RMPF146,TRAWL,RESULT,N,NR,NR,T,NA,
2000-06-08 00:00:00,-99.0,-99.0,RMP,5SPB,2000RMPF147,TRAWL,RESULT,Y,NR,NR,T,NA,
2000-06-08 00:00:00,-99.0,-99.0,RMP,5SPB,2000RMPF148,TRAWL,RESULT,Y,NR,NR,T,NA,
2000-06-09 00:00:00,-99.0,-99.0,RMP,5SPB,2000RMPF149,TRAWL,RESULT,N,NR,NR,T,NA,
2000-07-20 00:00:00,-99.0,-99.0,RMP,5SPB,2000RMPF150,TRAWL,RESULT,N,NR,NR,T,NA,
2000-07-20 00:00:00,-99.0,-99.0,RMP,5SPB,2000RMPF151,TRAWL,RESULT,N,NR,NR,T,NA,
2000-07-27 00:00:00,-99.0,-99.0,RMP,5SPB,2000RMPF152,TRAWL,RESULT,N,NR,NR,T,NA,
2000-11-29 00:00:00,-99.0,-99.0,RMP,5SPB,2000RMPF153,TRAWL,RESULT,Y,NR,NR,T,NA,
2000-11-29 00:00:00,-99.0,-99.0,RMP,5SPB,2000RMPF154,TRAWL,RESULT,Y,NR,NR,T,NA,
2000-11-29 00:00:00,-99.0,-99.0,RMP,5SPB,2000RMPF155,TRAWL,RESULT,Y,NR,NR,T,NA,
1997-07-08 00:00:00,-99.0,-99.0,RMP,6DP,1997RMPF133,TRAWL,RESULT,Y,NR,NR,T,NA,
1997-07-08 00:00:00,-99.0,-99.0,RMP,6DP,1997RMPF134,TRAWL,RESULT,N,NR,NR,T,NA,
1997-07-08 00:00:00,-99.0,-99.0,RMP,6DP,1997RMPF135,TRAWL,RESULT,Y,NR,NR,T,NA,
1997-07-08 00:00:00,-99.0,-99.0,RMP,6DP,1997RMPF136,TRAWL,RESULT,Y,NR,NR,T,NA,
1997-07-08 00:00:00,-99.0,-99.0,RMP,6DP,1997RMPF137,TRAWL,RESULT,N,NR,NR,T,NA,
1997-07-08 00:00:00,-99.0,-99.0,RMP,6DP,1997RMPF138,TRAWL,RESULT,N,NR,NR,T,NA,
1997-07-08 00:00:00,-99.0,-99.0,RMP,6DP,1997RMPF139,TRAWL,RESULT,N,NR,NR,T,NA,
1997-07-08 00:00:00,-99.0,-99.0,RMP,6DP,1997RMPF140,TRAWL,RESULT,N,NR,NR,T,NA,
1997-07-08 00:00:00,-99.0,-99.0,RMP,6DP,1997RMPF141,TRAWL,RESULT,N,NR,NR,T,NA,
1997-07-08 00:00:00,-99.0,-99.0,RMP,6DP,1997RMPF142,TRAWL,RESULT,N,NR,NR,T,NA,
1997-07-08 00:00:00,-99.0,-99.0,RMP,6DP,1997RMPF143,TRAWL,RESULT,Y,NR,NR,T,NA,
1997-07-08 00:00:00,-99.0,-99.0,RMP,6DP,1997RMPF144,TRAWL,RESULT,Y,NR,NR,T,NA,
1997-07-08 00:00:00,-99.0,-99.0,RMP,6DP,1997RMPF145,TRAWL,RESULT,N,NR,NR,T,NA,
1997-07-08 00:00:00,-99.0,-99.0,RMP,6DP,1997RMPF146,TRAWL,RESULT,N,NR,NR,T,NA,
1997-07-08 00:00:00,-99.0,-99.0,RMP,6DP,1997RMPF147,TRAWL,RESULT,N,NR,NR,T,NA,
1997-06-27 00:00:00,-99.0,-99.0,RMP,7SB,1997RMPF148,TRAWL,RESULT,Y,NR,NR,T,NA,
1997-06-27 00:00:00,-99.0,-99.0,RMP,7SB,1997RMPF149,TRAWL,RESULT,Y,NR,NR,T,NA,
1997-06-27 00:00:00,-99.0,-99.0,RMP,7SB,1997RMPF150,TRAWL,RESULT,N,NR,NR,T,NA,
1997-07-14 00:00:00,-99.0,-99.0,RMP,7SB,1997RMPF151,TRAWL,RESULT,N,NR,NR,T,NA,
1997-07-16 00:00:00,-99.0,-99.0,RMP,7SB,1997RMPF152,TRAWL,RESULT,N,NR,NR,T,NA,
2000-11-14 00:00:00,-99.0,-99.0,RMP,8SLB,2000RMPF156,TRAWL,RESULT,Y,NR,NR,T,NA,
2000-11-14 00:00:00,-99.0,-99.0,RMP,8SLB,2000RMPF157,TRAWL,RESULT,Y,NR,NR,T,NA,
2000-11-14 00:00:00,-99.0,-99.0,RMP,8SLB,2000RMPF158,TRAWL,RESULT,Y,NR,NR,T,NA,
1999-09-29 00:00:00,-99.0,-99.0,RMP,9FB,1999RMPCR10,TRAWL,RESULT,Y,NR,NR,T,NA,
1999-09-29 00:00:00,-99.0,-99.0,RMP,9FB,1999RMPCR5,TRAWL,RESULT,Y,NR,NR,T,NA,
1999-09-29 00:00:00,-99.0,-99.0,RMP,9FB,1999RMPCR6,TRAWL,RESULT,Y,NR,NR,T,NA,
1994-05-04 00:00:00,-99.0,-99.0,RMP,BA10,1994-05CGIG,BUOY,RESULT,N,NR,NR,T,NA,Field-deployed bivalve tissue sample.
1994-09-12 00:00:00,-99.0,-99.0,RMP,BA10,1994-09CGIG,BUOY,RESULT,N,NR,NR,T,NA,Field-deployed bivalve tissue sample.
1995-02-22 00:00:00,0.0,5.0,RMP,BA10,1995-02,VV,RESULT,N,NR,NR,S,Surface,
1995-04-25 00:00:00,-99.0,-99.0,RMP,BA10,1995-04CGIG,BUOY,RESULT,N,NR,NR,T,NA,Field-deployed bivalve tissue sample.
1995-08-30 00:00:00,0.0,5.0,RMP,BA10,1995-08,VV,RESULT,N,NR,NR,S,Surface,
1995-09-12 00:00:00,-99.0,-99.0,RMP,BA10,1995-09CGIG,BUOY,RESULT,N,NR,NR,T,NA,Field-deployed bivalve tissue sample.
1996-02-22 00:00:00,0.0,5.0,RMP,BA10,1996-02,VV,RESULT,N,NR,NR,SB,Surface,
1996-04-30 00:00:00,-99.0,-99.0,RMP,BA10,1996-04CGIG,BUOY,RESULT,N,NR,NR,T,NA,Field-deployed bivalve tissue sample.
1996-07-31 00:00:00,0.0,5.0,RMP,BA10,1996-07,VV,RESULT,N,NR,NR,SB,Surface,
1996-09-12 00:00:00,-99.0,-99.0,RMP,BA10,1996-09CGIG,BUOY,RESULT,N,NR,NR,T,NA,Field-deployed bivalve tissue sample.
1997-02-04 00:00:00,0.0,5.0,RMP,BA10,1997-01,VV,RESULT,N,NR,NR,SB,Surface,
1997-05-07 00:00:00,-99.0,-99.0,RMP,BA10,1997-05CGIG,BUOY,RESULT,N,NR,NR,T,NA,Field-deployed bivalve tissue sample.
1997-08-13 00:00:00,0.0,5.0,RMP,BA10,1997-08,VV,RESULT,N,NR,NR,SB,Surface,
1997-09-24 00:00:00,-99.0,-99.0,RMP,BA10,1997-09CGIG,BUOY,RESULT,N,NR,NR,T,NA,Field-deployed bivalve tissue sample.
1998-02-11 00:00:00,0.0,5.0,RMP,BA10,1998-02,VV,RESULT,N,NR,NR,SB,Surface,
1998-04-22 00:00:00,-99.0,-99.0,RMP,BA10,1998-04CGIG,BUOY,RESULT,N,NR,NR,T,NA,Field-deployed bivalve tissue sample.
1998-08-04 00:00:00,0.0,5.0,RMP,BA10,1998-07,VV,RESULT,N,NR,NR,SB,Surface,
1998-09-02 00:00:00,-99.0,-99.0,RMP,BA10,1998-09CGIG,BUOY,RESULT,N,NR,NR,T,NA,Field-deployed bivalve tissue sample.
1999-02-17 00:00:00,0.0,5.0,RMP,BA10,1999-02,VV,RESULT,N,NR,NR,SB,Surface,
1999-04-28 00:00:00,-99.0,-99.0,RMP,BA10,1999-04CGIG,BUOY,RESULT,N,NR,NR,T,NA,Field-deployed bivalve tissue sample.
1999-07-28 00:00:00,0.0,5.0,RMP,BA10,1999-07,VV,RESULT,N,NR,NR,SB,Surface,
1999-09-14 00:00:00,-99.0,-99.0,RMP,BA10,1999-09CGIG,BUOY,RESULT,N,NR,NR,T,NA,Field-deployed bivalve tissue sample.
2000-07-25 00:00:00,0.0,5.0,RMP,BA10,2000-07,VV,RESULT,N,NR,NR,SB,Surface,
2000-09-20 00:00:00,-99.0,-99.0,RMP,BA10,2000-09CGIG,BUOY,RESULT,N,NR,NR,T,NA,Field-deployed bivalve tissue sample.
2001-08-15 00:00:00,0.0,5.0,RMP,BA10,2001-08,VV,RESULT,N,NR,NR,SB,Surface,
2001-09-26 00:00:00,-99.0,-99.0,RMP,BA10,2001-09CGIG,BUOY,RESULT,N,NR,NR,T,NA,Field-deployed bivalve tissue sample.
2002-08-05 00:00:00,0.0,5.0,RMP,BA10,2002-07,GRAB,RESULT,N,NR,NR,SB,Surface,
2002-09-03 00:00:00,-99.0,-99.0,RMP,BA10,2002-08CGIG,BUOY,RESULT,N,NR,NR,T,NA,Field-deployed bivalve tissue sample.
2003-08-25 00:00:00,0.0,5.0,RMP,BA10,2003-08,VV,RESULT,N,NR,NR,SB,Surface,
1993-03-12 00:00:00,0.0,5.0,RMP,BA21,1993-03,VV,RESULT,N,NR,NR,SB,Surface,
1993-09-23 00:00:00,0.0,5.0,RMP,BA21,1993-09,VV,RESULT,N,NR,NR,SB,Surface,
1994-02-16 00:00:00,0.0,5.0,RMP,BA21,1994-02,VV,RESULT,N,NR,NR,SBI,Surface,
1994-08-30 00:00:00,0.0,5.0,RMP,BA21,1994-08,VV,RESULT,N,NR,NR,SBI,Surface,
1995-02-21 00:00:00,0.0,5.0,RMP,BA21,1995-02,VV,RESULT,N,NR,NR,SBI,Surface,
1995-08-29 00:00:00,0.0,5.0,RMP,BA21,1995-08,VV,RESULT,N,NR,NR,SBI,Surface,
1996-02-21 00:00:00,0.0,5.0,RMP,BA21,1996-02,VV,RESULT,N,NR,NR,SBI,Surface,
1996-08-01 00:00:00,0.0,5.0,RMP,BA21,1996-07,VV,RESULT,N,NR,NR,SBI,Surface,
1997-02-04 00:00:00,0.0,5.0,RMP,BA21,1997-01,VV,RESULT,N,NR,NR,SBI,Surface,
1997-08-12 00:00:00,0.0,5.0,RMP,BA21,1997-08,VV,RESULT,N,NR,NR,SBI,Surface,
1998-02-10 00:00:00,0.0,5.0,RMP,BA21,1998-02,VV,RESULT,N,NR,NR,SBI,Surface,
1998-08-04 00:00:00,0.0,5.0,RMP,BA21,1998-07,VV,RESULT,N,NR,NR,SBI,Surface,
1999-02-17 00:00:00,0.0,5.0,RMP,BA21,1999-02,VV,RESULT,N,NR,NR,SB,Surface,
1999-07-27 00:00:00,0.0,5.0,RMP,BA21,1999-07,VV,RESULT,N,NR,NR,SB,Surface,
2000-07-25 00:00:00,0.0,5.0,RMP,BA21,2000-07,VV,RESULT,N,NR,NR,SBI,Surface,
2001-08-15 00:00:00,0.0,5.0,RMP,BA21,2001-08,VV,RESULT,N,NR,NR,SB,Surface,
1993-03-12 00:00:00,0.0,5.0,RMP,BA30,1993-03,VV,RESULT,N,NR,NR,S,Surface,
1993-06-02 00:00:00,-99.0,-99.0,RMP,BA30,1993-06MCAL,BUOY,RESULT,N,NR,NR,T,NA,Field-deployed bivalve tissue sample.
1993-09-23 00:00:00,0.0,5.0,RMP,BA30,1993-09,VV,RESULT,N,NR,NR,S,Surface,
1993-10-06 00:00:00,-99.0,-99.0,RMP,BA30,1993-10CGIG,BUOY,RESULT,N,NR,NR,T,NA,Field-deployed bivalve tissue sample.
1993-10-06 00:00:00,-99.0,-99.0,RMP,BA30,1993-10MCAL,BUOY,RESULT,N,NR,NR,T,NA,Field-deployed bivalve tissue sample.
1994-02-16 00:00:00,0.0,5.0,RMP,BA30,1994-02,VV,RESULT,N,NR,NR,S,Surface,
1994-05-04 00:00:00,-99.0,-99.0,RMP,BA30,1994-05MCAL,BUOY,RESULT,N,NR,NR,T,NA,Field-deployed bivalve tissue sample.
1994-08-30 00:00:00,0.0,5.0,RMP,BA30,1994-08,VV,RESULT,N,NR,NR,S,Surface,
1994-09-12 00:00:00,-99.0,-99.0,RMP,BA30,1994-09MCAL,BUOY,RESULT,N,NR,NR,T,NA,Field-deployed bivalve tissue sample.
1995-02-21 00:00:00,0.0,5.0,RMP,BA30,1995-02,VV,RESULT,N,NR,NR,S,Surface,
1995-04-25 00:00:00,-99.0,-99.0,RMP,BA30,1995-04MCAL,BUOY,RESULT,N,NR,NR,T,NA,Field-deployed bivalve tissue sample.
1995-08-30 00:00:00,0.0,5.0,RMP,BA30,1995-08,VV,RESULT,N,NR,NR,S,Surface,
1995-09-12 00:00:00,-99.0,-99.0,RMP,BA30,1995-09MCAL,BUOY,RESULT,N,NR,NR,T,NA,Field-deployed bivalve tissue sample.
1996-02-22 00:00:00,0.0,5.0,RMP,BA30,1996-02,VV,RESULT,N,NR,NR,S,Surface,
1996-04-30 00:00:00,-99.0,-99.0,RMP,BA30,1996-04MCAL,BUOY,RESULT,N,NR,NR,T,NA,Field-deployed bivalve tissue sample.
1996-07-31 00:00:00,0.0,5.0,RMP,BA30,1996-07,VV,RESULT,N,NR,NR,S,Surface,
1996-09-12 00:00:00,-99.0,-99.0,RMP,BA30,1996-09MCAL,BUOY,RESULT,N,NR,NR,T,NA,Field-deployed bivalve tissue sample.
1997-02-04 00:00:00,0.0,5.0,RMP,BA30,1997-01,VV,RESULT,N,NR,NR,SB,Surface,
1997-08-13 00:00:00,0.0,5.0,RMP,BA30,1997-08,VV,RESULT,N,NR,NR,S,Surface,
1997-09-24 00:00:00,-99.0,-99.0,RMP,BA30,1997-09MCAL,BUOY,RESULT,N,NR,NR,T,NA,Field-deployed bivalve tissue sample.
1998-02-10 00:00:00,0.0,5.0,RMP,BA30,1998-02,VV,RESULT,N,NR,NR,S,Surface,
1998-04-22 00:00:00,-99.0,-99.0,RMP,BA30,1998-04MCAL,BUOY,RESULT,N,NR,NR,T,NA,Field-deployed bivalve tissue sample.
1998-08-04 00:00:00,0.0,5.0,RMP,BA30,1998-07,VV,RESULT,N,NR,NR,S,Surface,
1998-09-02 00:00:00,-99.0,-99.0,RMP,BA30,1998-09MCAL,BUOY,RESULT,N,NR,NR,T,NA,Field-deployed bivalve tissue sample.
1999-02-17 00:00:00,0.0,5.0,RMP,BA30,1999-02,VV,RESULT,N,NR,NR,S,Surface,
1999-04-28 00:00:00,-99.0,-99.0,RMP,BA30,1999-04MCAL,BUOY,RESULT,N,NR,NR,T,NA,Field-deployed bivalve tissue sample.
1999-07-27 00:00:00,0.0,5.0,RMP,BA30,1999-07,VV,RESULT,N,NR,NR,S,Surface,
1999-09-14 00:00:00,-99.0,-99.0,RMP,BA30,1999-09MCAL,BUOY,RESULT,N,NR,NR,T,NA,Field-deployed bivalve tissue sample.
2000-07-25 00:00:00,0.0,5.0,RMP,BA30,2000-07,VV,RESULT,N,NR,NR,S,Surface,
2000-09-20 00:00:00,-99.0,-99.0,RMP,BA30,2000-09CGIG,BUOY,RESULT,N,NR,NR,T,NA,Field-deployed bivalve tissue sample.
2001-08-14 00:00:00,0.0,5.0,RMP,BA30,2001-08,VV,RESULT,N,NR,NR,S,Surface,
2001-09-26 00:00:00,-99.0,-99.0,RMP,BA30,2001-09MCAL,BUOY,RESULT,N,NR,NR,T,NA,Field-deployed bivalve tissue sample.
2002-09-03 00:00:00,-99.0,-99.0,RMP,BA30,2002-08MCAL,BUOY,RESULT,N,NR,NR,T,NA,Field-deployed bivalve tissue sample.
1993-03-12 00:00:00,0.0,5.0,RMP,BA41,1993-03,VV,RESULT,N,NR,NR,SB,Surface,
1993-06-02 00:00:00,-99.0,-99.0,RMP,BA41,1993-06MCAL,BUOY,RESULT,N,NR,NR,T,NA,Field-deployed bivalve tissue sample.
1993-09-23 00:00:00,0.0,5.0,RMP,BA41,1993-09,VV,RESULT,N,NR,NR,SB,Surface,
1993-10-06 00:00:00,-99.0,-99.0,RMP,BA41,1993-10MCAL,BUOY,RESULT,N,NR,NR,T,NA,Field-deployed bivalve tissue sample.
1994-02-15 00:00:00,0.0,5.0,RMP,BA41,1994-02,VV,RESULT,N,NR,NR,SBI,Surface,
1994-05-04 00:00:00,-99.0,-99.0,RMP,BA41,1994-05MCAL,BUOY,RESULT,N,NR,NR,T,NA,Field-deployed bivalve tissue sample.
1994-08-30 00:00:00,0.0,5.0,RMP,BA41,1994-08,VV,RESULT,N,NR,NR,SBI,Surface,
1994-09-12 00:00:00,-99.0,-99.0,RMP,BA41,1994-09MCAL,BUOY,RESULT,N,NR,NR,T,NA,Field-deployed bivalve tissue sample.
1995-02-21 00:00:00,0.0,5.0,RMP,BA41,1995-02,VV,RESULT,N,NR,NR,SBI,Surface,
1995-04-25 00:00:00,-99.0,-99.0,RMP,BA41,1995-04MCAL,BUOY,RESULT,N,NR,NR,T,NA,Field-deployed bivalve tissue sample.
1995-08-29 00:00:00,0.0,5.0,RMP,BA41,1995-08,VV,RESULT,N,NR,NR,SBI,Surface,
1995-09-12 00:00:00,-99.0,-99.0,RMP,BA41,1995-09MCAL,BUOY,RESULT,N,NR,NR,T,NA,Field-deployed bivalve tissue sample.
1996-02-21 00:00:00,0.0,5.0,RMP,BA41,1996-02,VV,RESULT,N,NR,NR,SBI,Surface,
1996-04-30 00:00:00,-99.0,-99.0,RMP,BA41,1996-04MCAL,BUOY,RESULT,N,NR,NR,T,NA,Field-deployed bivalve tissue sample.
1996-08-01 00:00:00,0.0,5.0,RMP,BA41,1996-07,VV,RESULT,N,NR,NR,SBI,Surface,
1996-09-12 00:00:00,-99.0,-99.0,RMP,BA41,1996-09MCAL,BUOY,RESULT,N,NR,NR,T,NA,Field-deployed bivalve tissue sample.
1997-02-04 00:00:00,0.0,5.0,RMP,BA41,1997-01,VV,RESULT,N,NR,NR,SBI,Surface,
1997-08-12 00:00:00,0.0,5.0,RMP,BA41,1997-08,VV,RESULT,N,NR,NR,SBI,Surface,
1997-09-24 00:00:00,-99.0,-99.0,RMP,BA41,1997-09MCAL,BUOY,RESULT,N,NR,NR,T,NA,Field-deployed bivalve tissue sample.
1998-02-10 00:00:00,0.0,5.0,RMP,BA41,1998-02,VV,RESULT,N,NR,NR,SBI,Surface,
1998-04-22 00:00:00,-99.0,-99.0,RMP,BA41,1998-04MCAL,BUOY,RESULT,N,NR,NR,T,NA,Field-deployed bivalve tissue sample.
1998-08-04 00:00:00,0.0,5.0,RMP,BA41,1998-07,VV,RESULT,N,NR,NR,SBI,Surface,
1998-09-02 00:00:00,-99.0,-99.0,RMP,BA41,1998-09MCAL,BUOY,RESULT,N,NR,NR,T,NA,Field-deployed bivalve tissue sample.
1999-02-17 00:00:00,0.0,5.0,RMP,BA41,1999-02,VV,RESULT,N,NR,NR,SB,Surface,
1999-04-28 00:00:00,-99.0,-99.0,RMP,BA41,1999-04MCAL,BUOY,RESULT,N,NR,NR,T,NA,Field-deployed bivalve tissue sample.
1999-07-27 00:00:00,0.0,5.0,RMP,BA41,1999-07,VV,RESULT,N,NR,NR,SB,Surface,
1999-09-14 00:00:00,-99.0,-99.0,RMP,BA41,1999-09MCAL,BUOY,RESULT,N,NR,NR,T,NA,Field-deployed bivalve tissue sample.
2000-07-25 00:00:00,0.0,5.0,RMP,BA41,2000-07,VV,RESULT,N,NR,NR,SBI,Surface,
2000-09-20 00:00:00,-99.0,-99.0,RMP,BA41,2000-09MCAL,BUOY,RESULT,N,NR,NR,T,NA,Field-deployed bivalve tissue sample.
2001-08-14 00:00:00,0.0,5.0,RMP,BA41,2001-08,VV,RESULT,N,NR,NR,SB,Surface,
2001-09-26 00:00:00,-99.0,-99.0,RMP,BA41,2001-09MCAL,BUOY,RESULT,N,NR,NR,T,NA,Field-deployed bivalve tissue sample.
2002-08-06 00:00:00,0.0,5.0,RMP,BA41,2002-07,GRAB,RESULT,N,NR,NR,SB,Surface,
2002-09-03 00:00:00,-99.0,-99.0,RMP,BA41,2002-08MCAL,BUOY,RESULT,N,NR,NR,T,NA,Field-deployed bivalve tissue sample.
2003-08-22 00:00:00,0.0,5.0,RMP,BA41,2003-08,VV,RESULT,N,NR,NR,SB,Surface,
1994-02-15 00:00:00,0.0,5.0,RMP,BB15,1994-02,VV,RESULT,N,NR,NR,SBI,Surface,
1994-08-30 00:00:00,0.0,5.0,RMP,BB15,1994-08,VV,RESULT,N,NR,NR,SBI,Surface,
1995-02-21 00:00:00,0.0,5.0,RMP,BB15,1995-02,VV,RESULT,N,NR,NR,SBI,Surface,
1995-08-29 00:00:00,0.0,5.0,RMP,BB15,1995-08,VV,RESULT,N,NR,NR,SBI,Surface,
1996-02-21 00:00:00,0.0,5.0,RMP,BB15,1996-02,VV,RESULT,N,NR,NR,SBI,Surface,
1996-08-01 00:00:00,0.0,5.0,RMP,BB15,1996-07,VV,RESULT,N,NR,NR,SBI,Surface,
1997-02-04 00:00:00,0.0,5.0,RMP,BB15,1997-01,VV,RESULT,N,NR,NR,SBI,Surface,
1997-08-12 00:00:00,0.0,5.0,RMP,BB15,1997-08,VV,RESULT,N,NR,NR,SBI,Surface,
1998-02-10 00:00:00,0.0,5.0,RMP,BB15,1998-02,VV,RESULT,N,NR,NR,SBI,Surface,
1998-08-04 00:00:00,0.0,5.0,RMP,BB15,1998-07,VV,RESULT,N,NR,NR,SBI,Surface,
1999-02-17 00:00:00,0.0,5.0,RMP,BB15,1999-02,VV,RESULT,N,NR,NR,SB,Surface,
1999-07-27 00:00:00,0.0,5.0,RMP,BB15,1999-07,VV,RESULT,N,NR,NR,SB,Surface,
2000-07-25 00:00:00,0.0,5.0,RMP,BB15,2000-07,VV,RESULT,N,NR,NR,SBI,Surface,
2001-08-14 00:00:00,0.0,5.0,RMP,BB15,2001-08,VV,RESULT,N,NR,NR,SB,Surface,
1993-03-11 00:00:00,0.0,5.0,RMP,BB30,1993-03,VV,RESULT,N,NR,NR,S,Surface,
1993-09-22 00:00:00,0.0,5.0,RMP,BB30,1993-09,VV,RESULT,N,NR,NR,S,Surface,
1994-02-15 00:00:00,0.0,5.0,RMP,BB30,1994-02,VV,RESULT,N,NR,NR,S,Surface,
1994-08-29 00:00:00,0.0,5.0,RMP,BB30,1994-08,VV,RESULT,N,NR,NR,S,Surface,
1995-02-20 00:00:00,0.0,5.0,RMP,BB30,1995-02,VV,RESULT,N,NR,NR,S,Surface,
1995-08-30 00:00:00,0.0,5.0,RMP,BB30,1995-08,VV,RESULT,N,NR,NR,S,Surface,
1996-02-21 00:00:00,0.0,5.0,RMP,BB30,1996-02,VV,RESULT,N,NR,NR,S,Surface,
1996-08-01 00:00:00,0.0,5.0,RMP,BB30,1996-07,VV,RESULT,N,NR,NR,S,Surface,
1997-02-05 00:00:00,0.0,5.0,RMP,BB30,1997-01,VV,RESULT,N,NR,NR,S,Surface,
1997-08-12 00:00:00,0.0,5.0,RMP,BB30,1997-08,VV,RESULT,N,NR,NR,S,Surface,
1998-02-10 00:00:00,0.0,5.0,RMP,BB30,1998-02,VV,RESULT,N,NR,NR,S,Surface,
1998-08-04 00:00:00,0.0,5.0,RMP,BB30,1998-07,VV,RESULT,N,NR,NR,S,Surface,
1999-02-17 00:00:00,0.0,5.0,RMP,BB30,1999-02,VV,RESULT,N,NR,NR,S,Surface,
1999-07-27 00:00:00,0.0,5.0,RMP,BB30,1999-07,VV,RESULT,N,NR,NR,S,Surface,
2000-07-25 00:00:00,0.0,5.0,RMP,BB30,2000-07,VV,RESULT,N,NR,NR,S,Surface,
2001-08-14 00:00:00,0.0,5.0,RMP,BB30,2001-08,VV,RESULT,N,NR,NR,S,Surface,
1994-02-15 00:00:00,0.0,5.0,RMP,BB70,1994-02,VV,RESULT,N,NR,NR,SBI,Surface,
1994-05-04 00:00:00,-99.0,-99.0,RMP,BB70,1994-05MCAL,BUOY,RESULT,N,NR,NR,T,NA,Field-deployed bivalve tissue sample.
1994-08-30 00:00:00,0.0,5.0,RMP,BB70,1994-08,VV,RESULT,N,NR,NR,SBI,Surface,
1994-09-12 00:00:00,-99.0,-99.0,RMP,BB70,1994-09MCAL,BUOY,RESULT,N,NR,NR,T,NA,Field-deployed bivalve tissue sample.
1995-02-21 00:00:00,0.0,5.0,RMP,BB70,1995-02,VV,RESULT,N,NR,NR,SBI,Surface,
1995-04-25 00:00:00,-99.0,-99.0,RMP,BB70,1995-04MCAL,BUOY,RESULT,N,NR,NR,T,NA,Field-deployed bivalve tissue sample.
1995-08-28 00:00:00,0.0,5.0,RMP,BB70,1995-08,VV,RESULT,N,NR,NR,SBI,Surface,
1995-09-12 00:00:00,-99.0,-99.0,RMP,BB70,1995-09MCAL,BUOY,RESULT,N,NR,NR,T,NA,Field-deployed bivalve tissue sample.
1996-02-21 00:00:00,0.0,5.0,RMP,BB70,1996-02,VV,RESULT,N,NR,NR,SBI,Surface,
1996-04-30 00:00:00,-99.0,-99.0,RMP,BB70,1996-04MCAL,BUOY,RESULT,N,NR,NR,T,NA,Field-deployed bivalve tissue sample.
1996-08-01 00:00:00,0.0,5.0,RMP,BB70,1996-07,VV,RESULT,N,NR,NR,SBI,Surface,
1996-09-12 00:00:00,-99.0,-99.0,RMP,BB70,1996-09MCAL,BUOY,RESULT,N,NR,NR,T,NA,Field-deployed bivalve tissue sample.
1997-02-03 00:00:00,0.0,5.0,RMP,BB70,1997-01,VV,RESULT,N,NR,NR,SBI,Surface,
1997-05-07 00:00:00,-99.0,-99.0,RMP,BB70,1997-05MCAL,BUOY,RESULT,N,NR,NR,T,NA,Field-deployed bivalve tissue sample.
1997-08-12 00:00:00,0.0,5.0,RMP,BB70,1997-08,VV,RESULT,N,NR,NR,SBI,Surface,
1997-09-24 00:00:00,-99.0,-99.0,RMP,BB70,1997-09MCAL,BUOY,RESULT,N,NR,NR,T,NA,Field-deployed bivalve tissue sample.
1998-02-10 00:00:00,0.0,5.0,RMP,BB70,1998-02,VV,RESULT,N,NR,NR,SBI,Surface,
1998-04-22 00:00:00,-99.0,-99.0,RMP,BB70,1998-04MCAL,BUOY,RESULT,N,NR,NR,T,NA,Field-deployed bivalve tissue sample.
1998-08-03 00:00:00,0.0,5.0,RMP,BB70,1998-07,VV,RESULT,N,NR,NR,SBI,Surface,
1998-09-02 00:00:00,-99.0,-99.0,RMP,BB70,1998-09MCAL,BUOY,RESULT,N,NR,NR,T,NA,Field-deployed bivalve tissue sample.
1999-02-17 00:00:00,0.0,5.0,RMP,BB70,1999-02,VV,RESULT,N,NR,NR,SB,Surface,
1999-04-28 00:00:00,-99.0,-99.0,RMP,BB70,1999-04MCAL,BUOY,RESULT,N,NR,NR,T,NA,Field-deployed bivalve tissue sample.
1999-07-26 00:00:00,0.0,5.0,RMP,BB70,1999-07,VV,RESULT,N,NR,NR,SB,Surface,
1999-09-14 00:00:00,-99.0,-99.0,RMP,BB70,1999-09MCAL,BUOY,RESULT,N,NR,NR,T,NA,Field-deployed bivalve tissue sample.
2000-07-24 00:00:00,0.0,5.0,RMP,BB70,2000-07,VV,RESULT,N,NR,NR,SBI,Surface,
2000-09-20 00:00:00,-99.0,-99.0,RMP,BB70,2000-09MCAL,BUOY,RESULT,N,NR,NR,T,NA,Field-deployed bivalve tissue sample.
2001-08-14 00:00:00,0.0,5.0,RMP,BB70,2001-08,VV,RESULT,N,NR,NR,SB,Surface,
2001-09-26 00:00:00,-99.0,-99.0,RMP,BB70,2001-09MCAL,BUOY,RESULT,N,NR,NR,T,NA,Field-deployed bivalve tissue sample.
2002-09-03 00:00:00,-99.0,-99.0,RMP,BB70,2002-08MCAL,BUOY,RESULT,N,NR,NR,T,NA,Field-deployed bivalve tissue sample.
1993-03-11 00:00:00,0.0,5.0,RMP,BC11,1993-03,VV,RESULT,N,NR,NR,SB,Surface,
1993-06-02 00:00:00,-99.0,-99.0,RMP,BC11,1993-06MCAL,BUOY,RESULT,N,NR,NR,T,NA,Field-deployed bivalve tissue sample.
1993-09-22 00:00:00,0.0,5.0,RMP,BC11,1993-09,VV,RESULT,N,NR,NR,SB,Surface,
1993-10-06 00:00:00,-99.0,-99.0,RMP,BC11,1993-10MCAL,BUOY,RESULT,N,NR,NR,T,NA,Field-deployed bivalve tissue sample.
1994-02-14 00:00:00,0.0,5.0,RMP,BC11,1994-02,VV,RESULT,N,NR,NR,SBI,Surface,
1994-05-04 00:00:00,-99.0,-99.0,RMP,BC11,1994-05MCAL,BUOY,RESULT,N,NR,NR,T,NA,Field-deployed bivalve tissue sample.
1994-08-29 00:00:00,0.0,5.0,RMP,BC11,1994-08,VV,RESULT,N,NR,NR,SBI,Surface,
1994-09-12 00:00:00,-99.0,-99.0,RMP,BC11,1994-09MCAL,BUOY,RESULT,N,NR,NR,T,NA,Field-deployed bivalve tissue sample.
1995-02-20 00:00:00,0.0,5.0,RMP,BC11,1995-02,VV,RESULT,N,NR,NR,SBI,Surface,
1995-04-25 00:00:00,-99.0,-99.0,RMP,BC11,1995-04MCAL,BUOY,RESULT,N,NR,NR,T,NA,Field-deployed bivalve tissue sample.
1995-08-28 00:00:00,0.0,5.0,RMP,BC11,1995-08,VV,RESULT,N,NR,NR,SBI,Surface,
1995-09-12 00:00:00,-99.0,-99.0,RMP,BC11,1995-09MCAL,BUOY,RESULT,N,NR,NR,T,NA,Field-deployed bivalve tissue sample.
1996-02-20 00:00:00,0.0,5.0,RMP,BC11,1996-02,VV,RESULT,N,NR,NR,SBI,Surface,
1996-04-30 00:00:00,-99.0,-99.0,RMP,BC11,1996-04MCAL,BUOY,RESULT,N,NR,NR,T,NA,Field-deployed bivalve tissue sample.
1996-08-01 00:00:00,0.0,5.0,RMP,BC11,1996-07,VV,RESULT,N,NR,NR,SBI,Surface,
1996-09-11 00:00:00,-99.0,-99.0,RMP,BC11,1996-09MCAL,BUOY,RESULT,N,NR,NR,T,NA,Field-deployed bivalve tissue sample.
1997-02-03 00:00:00,0.0,5.0,RMP,BC11,1997-01,VV,RESULT,N,NR,NR,SBI,Surface,
1997-05-07 00:00:00,-99.0,-99.0,RMP,BC11,1997-05MCAL,BUOY,RESULT,N,NR,NR,T,NA,Field-deployed bivalve tissue sample.
1997-08-11 00:00:00,0.0,5.0,RMP,BC11,1997-08,VV,RESULT,N,NR,NR,SBI,Surface,
1997-09-24 00:00:00,-99.0,-99.0,RMP,BC11,1997-09MCAL,BUOY,RESULT,N,NR,NR,T,NA,Field-deployed bivalve tissue sample.
1998-02-09 00:00:00,0.0,5.0,RMP,BC11,1998-02,VV,RESULT,N,NR,NR,SBI,Surface,
1998-08-03 00:00:00,0.0,5.0,RMP,BC11,1998-07,VV,RESULT,N,NR,NR,SBI,Surface,
1998-09-02 00:00:00,-99.0,-99.0,RMP,BC11,1998-09MCAL,BUOY,RESULT,N,NR,NR,T,NA,Field-deployed bivalve tissue sample.
1999-02-16 00:00:00,0.0,5.0,RMP,BC11,1999-02,VV,RESULT,N,NR,NR,SB,Surface,
1999-04-28 00:00:00,-99.0,-99.0,RMP,BC11,1999-04MCAL,BUOY,RESULT,N,NR,NR,T,NA,Field-deployed bivalve tissue sample.
1999-07-26 00:00:00,0.0,5.0,RMP,BC11,1999-07,VV,RESULT,N,NR,NR,SB,Surface,
1999-09-14 00:00:00,-99.0,-99.0,RMP,BC11,1999-09MCAL,BUOY,RESULT,N,NR,NR,T,NA,Field-deployed bivalve tissue sample.
2000-07-24 00:00:00,0.0,5.0,RMP,BC11,2000-07,VV,RESULT,N,NR,NR,SBI,Surface,
2000-09-19 00:00:00,-99.0,-99.0,RMP,BC11,2000-09MCAL,BUOY,RESULT,N,NR,NR,T,NA,Field-deployed bivalve tissue sample.
2001-08-13 00:00:00,0.0,5.0,RMP,BC11,2001-08,VV,RESULT,N,NR,NR,SB,Surface,
2001-09-25 00:00:00,-99.0,-99.0,RMP,BC11,2001-09MCAL,BUOY,RESULT,N,NR,NR,T,NA,Field-deployed bivalve tissue sample.
2002-08-08 00:00:00,0.0,5.0,RMP,BC11,2002-07,GRAB,RESULT,N,NR,NR,SB,Surface,
2002-09-05 00:00:00,-99.0,-99.0,RMP,BC11,2002-08MCAL,BUOY,RESULT,N,NR,NR,T,NA,Field-deployed bivalve tissue sample.
2003-08-20 00:00:00,0.0,5.0,RMP,BC11,2003-08,VV,RESULT,N,NR,NR,SB,Surface,
1993-03-11 00:00:00,0.0,5.0,RMP,BC21,1993-03,VV,RESULT,N,NR,NR,S,Surface,
1993-06-02 00:00:00,-99.0,-99.0,RMP,BC21,1993-06MCAL,BUOY,RESULT,N,NR,NR,T,NA,Field-deployed bivalve tissue sample.
1993-09-22 00:00:00,0.0,5.0,RMP,BC21,1993-09,VV,RESULT,N,NR,NR,S,Surface,
1993-10-06 00:00:00,-99.0,-99.0,RMP,BC21,1993-10MCAL,BUOY,RESULT,N,NR,NR,T,NA,Field-deployed bivalve tissue sample.
1994-02-14 00:00:00,0.0,5.0,RMP,BC21,1994-02,VV,RESULT,N,NR,NR,SBI,Surface,
1994-05-05 00:00:00,-99.0,-99.0,RMP,BC21,1994-05MCAL,BUOY,RESULT,N,NR,NR,T,NA,Field-deployed bivalve tissue sample.
1994-08-29 00:00:00,0.0,5.0,RMP,BC21,1994-08,VV,RESULT,N,NR,NR,SBI,Surface,
1994-09-13 00:00:00,-99.0,-99.0,RMP,BC21,1994-09MCAL,BUOY,RESULT,N,NR,NR,T,NA,Field-deployed bivalve tissue sample.
1995-02-20 00:00:00,0.0,5.0,RMP,BC21,1995-02,VV,RESULT,N,NR,NR,SBI,Surface,
1995-04-26 00:00:00,-99.0,-99.0,RMP,BC21,1995-04MCAL,BUOY,RESULT,N,NR,NR,T,NA,Field-deployed bivalve tissue sample.
1995-08-28 00:00:00,0.0,5.0,RMP,BC21,1995-08,VV,RESULT,N,NR,NR,SBI,Surface,
1995-09-13 00:00:00,-99.0,-99.0,RMP,BC21,1995-09MCAL,BUOY,RESULT,N,NR,NR,T,NA,Field-deployed bivalve tissue sample.
1996-02-20 00:00:00,0.0,5.0,RMP,BC21,1996-02,VV,RESULT,N,NR,NR,SBI,Surface,
1996-05-01 00:00:00,-99.0,-99.0,RMP,BC21,1996-04MCAL,BUOY,RESULT,N,NR,NR,T,NA,Field-deployed bivalve tissue sample.
1996-08-02 00:00:00,0.0,5.0,RMP,BC21,1996-07,VV,RESULT,N,NR,NR,SBI,Surface,
1996-09-11 00:00:00,-99.0,-99.0,RMP,BC21,1996-09MCAL,BUOY,RESULT,N,NR,NR,T,NA,Field-deployed bivalve tissue sample.
1997-02-03 00:00:00,0.0,5.0,RMP,BC21,1997-01,VV,RESULT,N,NR,NR,SBI,Surface,
1997-05-09 00:00:00,-99.0,-99.0,RMP,BC21,1997-05MCAL,BUOY,RESULT,N,NR,NR,T,NA,Field-deployed bivalve tissue sample.
1997-08-11 00:00:00,0.0,5.0,RMP,BC21,1997-08,VV,RESULT,N,NR,NR,SBI,Surface,
1997-09-25 00:00:00,-99.0,-99.0,RMP,BC21,1997-09MCAL,BUOY,RESULT,N,NR,NR,T,NA,Field-deployed bivalve tissue sample.
1998-02-09 00:00:00,0.0,5.0,RMP,BC21,1998-02,VV,RESULT,N,NR,NR,SBI,Surface,
1998-04-23 00:00:00,-99.0,-99.0,RMP,BC21,1998-04MCAL,BUOY,RESULT,N,NR,NR,T,NA,Field-deployed bivalve tissue sample.
1998-08-03 00:00:00,0.0,5.0,RMP,BC21,1998-07,VV,RESULT,N,NR,NR,SBI,Surface,
1998-09-03 00:00:00,-99.0,-99.0,RMP,BC21,1998-09MCAL,BUOY,RESULT,N,NR,NR,T,NA,Field-deployed bivalve tissue sample.
1999-02-16 00:00:00,0.0,5.0,RMP,BC21,1999-02,VV,RESULT,N,NR,NR,SB,Surface,
1999-04-30 00:00:00,-99.0,-99.0,RMP,BC21,1999-04MCAL,BUOY,RESULT,N,NR,NR,T,NA,Field-deployed bivalve tissue sample.
1999-07-26 00:00:00,0.0,5.0,RMP,BC21,1999-07,VV,RESULT,N,NR,NR,SB,Surface,
1999-09-15 00:00:00,-99.0,-99.0,RMP,BC21,1999-09MCAL,BUOY,RESULT,N,NR,NR,T,NA,Field-deployed bivalve tissue sample.
2000-07-24 00:00:00,0.0,5.0,RMP,BC21,2000-07,VV,RESULT,N,NR,NR,SBI,Surface,
2000-09-19 00:00:00,-99.0,-99.0,RMP,BC21,2000-09MCAL,BUOY,RESULT,N,NR,NR,T,NA,Field-deployed bivalve tissue sample.
2001-08-13 00:00:00,0.0,5.0,RMP,BC21,2001-08,VV,RESULT,N,NR,NR,SB,Surface,
2001-09-25 00:00:00,-99.0,-99.0,RMP,BC21,2001-09MCAL,BUOY,RESULT,N,NR,NR,T,NA,Field-deployed bivalve tissue sample.
2002-09-05 00:00:00,-99.0,-99.0,RMP,BC21,2002-08MCAL,BUOY,RESULT,N,NR,NR,T,NA,Field-deployed bivalve tissue sample.
1993-03-11 00:00:00,0.0,5.0,RMP,BC32,1993-03,VV,RESULT,N,NR,NR,S,Surface,
1993-09-22 00:00:00,0.0,5.0,RMP,BC32,1993-09,VV,RESULT,N,NR,NR,S,Surface,
1994-02-14 00:00:00,0.0,5.0,RMP,BC32,1994-02,VV,RESULT,N,NR,NR,S,Surface,
1994-08-29 00:00:00,0.0,5.0,RMP,BC32,1994-08,VV,RESULT,N,NR,NR,S,Surface,
1995-02-20 00:00:00,0.0,5.0,RMP,BC32,1995-02,VV,RESULT,N,NR,NR,S,Surface,
1995-08-28 00:00:00,0.0,5.0,RMP,BC32,1995-08,VV,RESULT,N,NR,NR,S,Surface,
1996-02-20 00:00:00,0.0,5.0,RMP,BC32,1996-02,VV,RESULT,N,NR,NR,S,Surface,
1996-08-02 00:00:00,0.0,5.0,RMP,BC32,1996-07,VV,RESULT,N,NR,NR,S,Surface,
1997-02-03 00:00:00,0.0,5.0,RMP,BC32,1997-01,VV,RESULT,N,NR,NR,S,Surface,
1997-08-11 00:00:00,0.0,5.0,RMP,BC32,1997-08,VV,RESULT,N,NR,NR,S,Surface,
1998-02-09 00:00:00,0.0,5.0,RMP,BC32,1998-02,VV,RESULT,N,NR,NR,S,Surface,
1998-08-03 00:00:00,0.0,5.0,RMP,BC32,1998-07,VV,RESULT,N,NR,NR,S,Surface,
1999-02-16 00:00:00,0.0,5.0,RMP,BC32,1999-02,VV,RESULT,N,NR,NR,S,Surface,
1999-07-26 00:00:00,0.0,5.0,RMP,BC32,1999-07,VV,RESULT,N,NR,NR,S,Surface,
2000-07-24 00:00:00,0.0,5.0,RMP,BC32,2000-07,VV,RESULT,N,NR,NR,S,Surface,
2001-08-13 00:00:00,0.0,5.0,RMP,BC32,2001-08,VV,RESULT,N,NR,NR,S,Surface,
1993-03-11 00:00:00,0.0,5.0,RMP,BC41,1993-03,VV,RESULT,N,NR,NR,S,Surface,
1993-09-21 00:00:00,0.0,5.0,RMP,BC41,1993-09,VV,RESULT,N,NR,NR,S,Surface,
1994-02-14 00:00:00,0.0,5.0,RMP,BC41,1994-02,VV,RESULT,N,NR,NR,S,Surface,
1994-08-29 00:00:00,0.0,5.0,RMP,BC41,1994-08,VV,RESULT,N,NR,NR,S,Surface,
1995-02-20 00:00:00,0.0,5.0,RMP,BC41,1995-02,VV,RESULT,N,NR,NR,S,Surface,
1995-08-28 00:00:00,0.0,5.0,RMP,BC41,1995-08,VV,RESULT,N,NR,NR,S,Surface,
1996-02-16 00:00:00,0.0,5.0,RMP,BC41,1996-02,VV,RESULT,N,NR,NR,S,Surface,
1996-08-02 00:00:00,0.0,5.0,RMP,BC41,1996-07,VV,RESULT,N,NR,NR,S,Surface,
1997-02-03 00:00:00,0.0,5.0,RMP,BC41,1997-01,VV,RESULT,N,NR,NR,S,Surface,
1997-08-11 00:00:00,0.0,5.0,RMP,BC41,1997-08,VV,RESULT,N,NR,NR,S,Surface,
1998-02-09 00:00:00,0.0,5.0,RMP,BC41,1998-02,VV,RESULT,N,NR,NR,S,Surface,
1998-08-03 00:00:00,0.0,5.0,RMP,BC41,1998-07,VV,RESULT,N,NR,NR,S,Surface,
1999-02-16 00:00:00,0.0,5.0,RMP,BC41,1999-02,VV,RESULT,N,NR,NR,S,Surface,
1999-07-26 00:00:00,0.0,5.0,RMP,BC41,1999-07,VV,RESULT,N,NR,NR,S,Surface,
2000-07-24 00:00:00,0.0,5.0,RMP,BC41,2000-07,VV,RESULT,N,NR,NR,S,Surface,
2001-08-13 00:00:00,0.0,5.0,RMP,BC41,2001-08,VV,RESULT,N,NR,NR,S,Surface,
1994-02-11 00:00:00,0.0,5.0,RMP,BC60,1994-02,VV,RESULT,N,NR,NR,SBI,Surface,
1994-05-05 00:00:00,-99.0,-99.0,RMP,BC60,1994-05MCAL,BUOY,RESULT,N,NR,NR,T,NA,Field-deployed bivalve tissue sample.
1994-08-26 00:00:00,0.0,5.0,RMP,BC60,1994-08,VV,RESULT,N,NR,NR,SBI,Surface,
1994-09-13 00:00:00,-99.0,-99.0,RMP,BC60,1994-09MCAL,BUOY,RESULT,N,NR,NR,T,NA,Field-deployed bivalve tissue sample.
1995-02-17 00:00:00,0.0,5.0,RMP,BC60,1995-02,VV,RESULT,N,NR,NR,SBI,Surface,
1995-04-26 00:00:00,-99.0,-99.0,RMP,BC60,1995-04MCAL,BUOY,RESULT,N,NR,NR,T,NA,Field-deployed bivalve tissue sample.
1995-08-25 00:00:00,0.0,5.0,RMP,BC60,1995-08,VV,RESULT,N,NR,NR,SBI,Surface,
1995-09-13 00:00:00,-99.0,-99.0,RMP,BC60,1995-09MCAL,BUOY,RESULT,N,NR,NR,T,NA,Field-deployed bivalve tissue sample.
1996-02-20 00:00:00,0.0,5.0,RMP,BC60,1996-02,VV,RESULT,N,NR,NR,SBI,Surface,
1996-05-01 00:00:00,-99.0,-99.0,RMP,BC60,1996-04MCAL,BUOY,RESULT,N,NR,NR,T,NA,Field-deployed bivalve tissue sample.
1996-08-02 00:00:00,0.0,5.0,RMP,BC60,1996-07,VV,RESULT,N,NR,NR,SBI,Surface,
1996-09-11 00:00:00,-99.0,-99.0,RMP,BC60,1996-09MCAL,BUOY,RESULT,N,NR,NR,T,NA,Field-deployed bivalve tissue sample.
1997-02-03 00:00:00,0.0,5.0,RMP,BC60,1997-01,VV,RESULT,N,NR,NR,SBI,Surface,
1997-08-11 00:00:00,0.0,5.0,RMP,BC60,1997-08,VV,RESULT,N,NR,NR,SBI,Surface,
1997-09-25 00:00:00,-99.0,-99.0,RMP,BC60,1997-09MCAL,BUOY,RESULT,N,NR,NR,T,NA,Field-deployed bivalve tissue sample.
1998-02-09 00:00:00,0.0,5.0,RMP,BC60,1998-02,VV,RESULT,N,NR,NR,SBI,Surface,
1998-07-31 00:00:00,0.0,5.0,RMP,BC60,1998-07,VV,RESULT,N,NR,NR,SBI,Surface,
1998-09-03 00:00:00,-99.0,-99.0,RMP,BC60,1998-09MCAL,BUOY,RESULT,N,NR,NR,T,NA,Field-deployed bivalve tissue sample.
1999-02-16 00:00:00,0.0,5.0,RMP,BC60,1999-02,VV,RESULT,N,NR,NR,SB,Surface,
1999-04-30 00:00:00,-99.0,-99.0,RMP,BC60,1999-04MCAL,BUOY,RESULT,N,NR,NR,T,NA,Field-deployed bivalve tissue sample.
1999-07-23 00:00:00,0.0,5.0,RMP,BC60,1999-07,VV,RESULT,N,NR,NR,SB,Surface,
1999-09-15 00:00:00,-99.0,-99.0,RMP,BC60,1999-09MCAL,BUOY,RESULT,N,NR,NR,T,NA,Field-deployed bivalve tissue sample.
2000-07-24 00:00:00,0.0,5.0,RMP,BC60,2000-07,VV,RESULT,N,NR,NR,SBI,Surface,
2000-09-19 00:00:00,-99.0,-99.0,RMP,BC60,2000-09MCAL,BUOY,RESULT,N,NR,NR,T,NA,Field-deployed bivalve tissue sample.
2001-08-13 00:00:00,0.0,5.0,RMP,BC60,2001-08,VV,RESULT,N,NR,NR,SB,Surface,
2001-09-25 00:00:00,-99.0,-99.0,RMP,BC60,2001-09MCAL,BUOY,RESULT,N,NR,NR,T,NA,Field-deployed bivalve tissue sample.
2002-09-05 00:00:00,-99.0,-99.0,RMP,BC60,2002-08MCAL,BUOY,RESULT,N,NR,NR,T,NA,Field-deployed bivalve tissue sample.
1993-06-02 00:00:00,-99.0,-99.0,RMP,BD15,1993-06CGIG,BUOY,RESULT,N,NR,NR,T,NA,Field-deployed bivalve tissue sample.
1993-10-06 00:00:00,-99.0,-99.0,RMP,BD15,1993-10CGIG,BUOY,RESULT,N,NR,NR,T,NA,Field-deployed bivalve tissue sample.
1993-10-06 00:00:00,-99.0,-99.0,RMP,BD15,1993-10MCAL,BUOY,RESULT,N,NR,NR,T,NA,Field-deployed bivalve tissue sample.
1994-05-05 00:00:00,-99.0,-99.0,RMP,BD15,1994-05CGIG,BUOY,RESULT,N,NR,NR,T,NA,Field-deployed bivalve tissue sample.
1994-05-05 00:00:00,-99.0,-99.0,RMP,BD15,1994-05MCAL,BUOY,RESULT,N,NR,NR,T,NA,Field-deployed bivalve tissue sample.
1994-09-13 00:00:00,-99.0,-99.0,RMP,BD15,1994-09CGIG,BUOY,RESULT,N,NR,NR,T,NA,Field-deployed bivalve tissue sample.
1994-09-13 00:00:00,-99.0,-99.0,RMP,BD15,1994-09MCAL,BUOY,RESULT,N,NR,NR,T,NA,Field-deployed bivalve tissue sample.
1995-02-17 00:00:00,0.0,5.0,RMP,BD15,1995-02,VV,RESULT,N,NR,NR,SI,Surface,
1995-04-26 00:00:00,-99.0,-99.0,RMP,BD15,1995-04CFLU,BUOY,RESULT,N,NR,NR,T,NA,Field-deployed bivalve tissue sample.
1995-08-25 00:00:00,0.0,5.0,RMP,BD15,1995-08,VV,RESULT,N,NR,NR,SI,Surface,
1995-09-13 00:00:00,-99.0,-99.0,RMP,BD15,1995-09CGIG,BUOY,RESULT,N,NR,NR,T,NA,Field-deployed bivalve tissue sample.
1996-02-16 00:00:00,0.0,5.0,RMP,BD15,1996-02,VV,RESULT,N,NR,NR,SI,Surface,
1996-08-05 00:00:00,0.0,5.0,RMP,BD15,1996-07,VV,RESULT,N,NR,NR,SI,Surface,
1996-09-11 00:00:00,-99.0,-99.0,RMP,BD15,1996-09CGIG,BUOY,RESULT,N,NR,NR,T,NA,Field-deployed bivalve tissue sample.
1997-01-31 00:00:00,0.0,5.0,RMP,BD15,1997-01,VV,RESULT,N,NR,NR,SI,Surface,
1997-05-08 00:00:00,-99.0,-99.0,RMP,BD15,1997-05CFLU,BUOY,RESULT,N,NR,NR,T,NA,Field-deployed bivalve tissue sample.
1997-08-08 00:00:00,0.0,5.0,RMP,BD15,1997-08,VV,RESULT,N,NR,NR,SI,Surface,
1997-09-25 00:00:00,-99.0,-99.0,RMP,BD15,1997-09CGIG,BUOY,RESULT,N,NR,NR,T,NA,Field-deployed bivalve tissue sample.
1998-02-06 00:00:00,0.0,5.0,RMP,BD15,1998-02,VV,RESULT,N,NR,NR,SI,Surface,
1998-07-31 00:00:00,0.0,5.0,RMP,BD15,1998-07,VV,RESULT,N,NR,NR,SI,Surface,
1999-02-12 00:00:00,0.0,5.0,RMP,BD15,1999-02,VV,RESULT,N,NR,NR,S,Surface,
1999-04-30 00:00:00,-99.0,-99.0,RMP,BD15,1999-04CGIG,BUOY,RESULT,N,NR,NR,T,NA,Field-deployed bivalve tissue sample.
1999-07-23 00:00:00,0.0,5.0,RMP,BD15,1999-07,VV,RESULT,N,NR,NR,S,Surface,
1999-09-15 00:00:00,-99.0,-99.0,RMP,BD15,1999-09CGIG,BUOY,RESULT,N,NR,NR,T,NA,Field-deployed bivalve tissue sample.
2000-02-10 00:00:00,0.0,5.0,RMP,BD15,2000-02,VV,RESULT,N,NR,NR,SI,Surface,
2000-07-21 00:00:00,0.0,5.0,RMP,BD15,2000-07,VV,RESULT,N,NR,NR,SI,Surface,
2000-09-18 00:00:00,-99.0,-99.0,RMP,BD15,2000-09CGIG,BUOY,RESULT,N,NR,NR,T,NA,Field-deployed bivalve tissue sample.
2001-02-15 00:00:00,0.0,5.0,RMP,BD15,2001-02,VV,RESULT,N,NR,NR,SI,Surface,
2001-08-10 00:00:00,0.0,5.0,RMP,BD15,2001-08,VV,RESULT,N,NR,NR,S,Surface,
2001-09-27 00:00:00,-99.0,-99.0,RMP,BD15,2001-09CGIG,BUOY,RESULT,N,NR,NR,T,NA,Field-deployed bivalve tissue sample.
2002-09-04 00:00:00,-99.0,-99.0,RMP,BD15,2002-08CGIG,BUOY,RESULT,N,NR,NR,T,NA,Field-deployed bivalve tissue sample.
1993-03-10 00:00:00,0.0,5.0,RMP,BD22,1993-03,VV,RESULT,N,NR,NR,S,Surface,
1993-09-21 00:00:00,0.0,5.0,RMP,BD22,1993-09,VV,RESULT,N,NR,NR,S,Surface,
1994-02-11 00:00:00,0.0,5.0,RMP,BD22,1994-02,VV,RESULT,N,NR,NR,S,Surface,
1994-05-05 00:00:00,-99.0,-99.0,RMP,BD22,1994-05CGIG,BUOY,RESULT,N,NR,NR,T,NA,Field-deployed bivalve tissue sample.
1994-08-26 00:00:00,0.0,5.0,RMP,BD22,1994-08,VV,RESULT,N,NR,NR,S,Surface,
1994-09-13 00:00:00,-99.0,-99.0,RMP,BD22,1994-09CGIG,BUOY,RESULT,N,NR,NR,T,NA,Field-deployed bivalve tissue sample.
1995-02-17 00:00:00,0.0,5.0,RMP,BD22,1995-02,VV,RESULT,N,NR,NR,S,Surface,
1995-04-26 00:00:00,-99.0,-99.0,RMP,BD22,1995-04CGIG,BUOY,RESULT,N,NR,NR,T,NA,Field-deployed bivalve tissue sample.
1995-08-25 00:00:00,0.0,5.0,RMP,BD22,1995-08,VV,RESULT,N,NR,NR,S,Surface,
1996-02-16 00:00:00,0.0,5.0,RMP,BD22,1996-02,VV,RESULT,N,NR,NR,S,Surface,
1996-05-01 00:00:00,-99.0,-99.0,RMP,BD22,1996-04CGIG,BUOY,RESULT,N,NR,NR,T,NA,Field-deployed bivalve tissue sample.
1996-08-05 00:00:00,0.0,5.0,RMP,BD22,1996-07,VV,RESULT,N,NR,NR,S,Surface,
1996-09-11 00:00:00,-99.0,-99.0,RMP,BD22,1996-09CGIG,BUOY,RESULT,N,NR,NR,T,NA,Field-deployed bivalve tissue sample.
1997-01-31 00:00:00,0.0,5.0,RMP,BD22,1997-01,VV,RESULT,N,NR,NR,S,Surface,
1997-05-08 00:00:00,-99.0,-99.0,RMP,BD22,1997-05CGIG,BUOY,RESULT,N,NR,NR,T,NA,Field-deployed bivalve tissue sample.
1997-08-08 00:00:00,0.0,5.0,RMP,BD22,1997-08,VV,RESULT,N,NR,NR,S,Surface,
1997-09-25 00:00:00,-99.0,-99.0,RMP,BD22,1997-09CGIG,BUOY,RESULT,N,NR,NR,T,NA,Field-deployed bivalve tissue sample.
1998-02-06 00:00:00,0.0,5.0,RMP,BD22,1998-02,VV,RESULT,N,NR,NR,S,Surface,
1998-04-23 00:00:00,-99.0,-99.0,RMP,BD22,1998-04CGIG,BUOY,RESULT,N,NR,NR,T,NA,Field-deployed bivalve tissue sample.
1998-07-31 00:00:00,0.0,5.0,RMP,BD22,1998-07,VV,RESULT,N,NR,NR,S,Surface,
1998-09-03 00:00:00,-99.0,-99.0,RMP,BD22,1998-09CGIG,BUOY,RESULT,N,NR,NR,T,NA,Field-deployed bivalve tissue sample.
1999-02-12 00:00:00,0.0,5.0,RMP,BD22,1999-02,VV,RESULT,N,NR,NR,S,Surface,
1999-04-30 00:00:00,-99.0,-99.0,RMP,BD22,1999-04CGIG,BUOY,RESULT,N,NR,NR,T,NA,Field-deployed bivalve tissue sample.
1999-07-23 00:00:00,0.0,5.0,RMP,BD22,1999-07,VV,RESULT,N,NR,NR,S,Surface,
1999-09-15 00:00:00,-99.0,-99.0,RMP,BD22,1999-09CGIG,BUOY,RESULT,N,NR,NR,T,NA,Field-deployed bivalve tissue sample.
2000-02-10 00:00:00,0.0,5.0,RMP,BD22,2000-02,VV,RESULT,N,NR,NR,S,Surface,
2000-07-21 00:00:00,0.0,5.0,RMP,BD22,2000-07,VV,RESULT,N,NR,NR,S,Surface,
2000-09-18 00:00:00,-99.0,-99.0,RMP,BD22,2000-09CGIG,BUOY,RESULT,N,NR,NR,T,NA,Field-deployed bivalve tissue sample.
2001-02-15 00:00:00,0.0,5.0,RMP,BD22,2001-02,VV,RESULT,N,NR,NR,S,Surface,
2001-08-10 00:00:00,0.0,5.0,RMP,BD22,2001-08,VV,RESULT,N,NR,NR,S,Surface,
2001-09-27 00:00:00,-99.0,-99.0,RMP,BD22,2001-09CGIG,BUOY,RESULT,N,NR,NR,T,NA,Field-deployed bivalve tissue sample.
2002-09-04 00:00:00,-99.0,-99.0,RMP,BD22,2002-08CGIG,BUOY,RESULT,N,NR,NR,T,NA,Field-deployed bivalve tissue sample.
1993-03-10 00:00:00,0.0,5.0,RMP,BD31,1993-03,VV,RESULT,N,NR,NR,SB,Surface,
1993-06-02 00:00:00,-99.0,-99.0,RMP,BD31,1993-06MCAL,BUOY,RESULT,N,NR,NR,T,NA,Field-deployed bivalve tissue sample.
1993-09-21 00:00:00,0.0,5.0,RMP,BD31,1993-09,VV,RESULT,N,NR,NR,SB,Surface,
1993-10-06 00:00:00,-99.0,-99.0,RMP,BD31,1993-10MCAL,BUOY,RESULT,N,NR,NR,T,NA,Field-deployed bivalve tissue sample.
1994-02-11 00:00:00,0.0,5.0,RMP,BD31,1994-02,VV,RESULT,N,NR,NR,SB,Surface,
1994-05-05 00:00:00,-99.0,-99.0,RMP,BD31,1994-05MCAL,BUOY,RESULT,N,NR,NR,T,NA,Field-deployed bivalve tissue sample.
1994-08-26 00:00:00,0.0,5.0,RMP,BD31,1994-08,VV,RESULT,N,NR,NR,S,Surface,
1994-09-13 00:00:00,-99.0,-99.0,RMP,BD31,1994-09MCAL,BUOY,RESULT,N,NR,NR,T,NA,Field-deployed bivalve tissue sample.
1995-02-17 00:00:00,0.0,5.0,RMP,BD31,1995-02,VV,RESULT,N,NR,NR,S,Surface,
1995-08-25 00:00:00,0.0,5.0,RMP,BD31,1995-08,VV,RESULT,N,NR,NR,S,Surface,
1995-09-13 00:00:00,-99.0,-99.0,RMP,BD31,1995-09MCAL,BUOY,RESULT,N,NR,NR,T,NA,Field-deployed bivalve tissue sample.
1996-02-16 00:00:00,0.0,5.0,RMP,BD31,1996-02,VV,RESULT,N,NR,NR,S,Surface,
1996-05-01 00:00:00,-99.0,-99.0,RMP,BD31,1996-04MCAL,BUOY,RESULT,N,NR,NR,T,NA,Field-deployed bivalve tissue sample.
1996-08-05 00:00:00,0.0,5.0,RMP,BD31,1996-07,VV,RESULT,N,NR,NR,S,Surface,
1996-09-11 00:00:00,-99.0,-99.0,RMP,BD31,1996-09MCAL,BUOY,RESULT,N,NR,NR,T,NA,Field-deployed bivalve tissue sample.
1997-01-31 00:00:00,0.0,5.0,RMP,BD31,1997-01,VV,RESULT,N,NR,NR,S,Surface,
1997-05-08 00:00:00,-99.0,-99.0,RMP,BD31,1997-05CGIG,BUOY,RESULT,N,NR,NR,T,NA,Field-deployed bivalve tissue sample.
1997-08-08 00:00:00,0.0,5.0,RMP,BD31,1997-08,VV,RESULT,N,NR,NR,S,Surface,
1997-09-25 00:00:00,-99.0,-99.0,RMP,BD31,1997-09MCAL,BUOY,RESULT,N,NR,NR,T,NA,Field-deployed bivalve tissue sample.
1998-02-06 00:00:00,0.0,5.0,RMP,BD31,1998-02,VV,RESULT,N,NR,NR,S,Surface,
1998-04-23 00:00:00,-99.0,-99.0,RMP,BD31,1998-04CGIG,BUOY,RESULT,N,NR,NR,T,NA,Field-deployed bivalve tissue sample.
1998-07-31 00:00:00,0.0,5.0,RMP,BD31,1998-07,VV,RESULT,N,NR,NR,S,Surface,
1998-09-03 00:00:00,-99.0,-99.0,RMP,BD31,1998-09CGIG,BUOY,RESULT,N,NR,NR,T,NA,Field-deployed bivalve tissue sample.
1998-09-03 00:00:00,-99.0,-99.0,RMP,BD31,1998-09MCAL,BUOY,RESULT,N,NR,NR,T,NA,Field-deployed bivalve tissue sample.
1999-02-12 00:00:00,0.0,5.0,RMP,BD31,1999-02,VV,RESULT,N,NR,NR,S,Surface,
1999-04-30 00:00:00,-99.0,-99.0,RMP,BD31,1999-04MCAL,BUOY,RESULT,N,NR,NR,T,NA,Field-deployed bivalve tissue sample.
1999-07-23 00:00:00,0.0,5.0,RMP,BD31,1999-07,VV,RESULT,N,NR,NR,S,Surface,
1999-09-15 00:00:00,-99.0,-99.0,RMP,BD31,1999-09MCAL,BUOY,RESULT,N,NR,NR,T,NA,Field-deployed bivalve tissue sample.
2000-07-21 00:00:00,0.0,5.0,RMP,BD31,2000-07,VV,RESULT,N,NR,NR,S,Surface,
2000-09-18 00:00:00,-99.0,-99.0,RMP,BD31,2000-09MCAL,BUOY,RESULT,N,NR,NR,T,NA,Field-deployed bivalve tissue sample.
2001-08-10 00:00:00,0.0,5.0,RMP,BD31,2001-08,VV,RESULT,N,NR,NR,S,Surface,
2001-09-27 00:00:00,-99.0,-99.0,RMP,BD31,2001-09MCAL,BUOY,RESULT,N,NR,NR,T,NA,Field-deployed bivalve tissue sample.
2002-08-01 00:00:00,0.0,5.0,RMP,BD31,2002-07,GRAB,RESULT,N,NR,NR,SB,Surface,
2002-09-04 00:00:00,-99.0,-99.0,RMP,BD31,2002-08MCAL,BUOY,RESULT,N,NR,NR,T,NA,Field-deployed bivalve tissue sample.
2003-08-20 00:00:00,0.0,5.0,RMP,BD31,2003-08,VV,RESULT,N,NR,NR,SB,Surface,
1993-03-10 00:00:00,0.0,5.0,RMP,BD41,1993-03,VV,RESULT,N,NR,NR,S,Surface,
1993-06-03 00:00:00,-99.0,-99.0,RMP,BD41,1993-06CGIG,BUOY,RESULT,N,NR,NR,T,NA,Field-deployed bivalve tissue sample.
1993-09-21 00:00:00,0.0,5.0,RMP,BD41,1993-09,VV,RESULT,N,NR,NR,S,Surface,
1993-10-07 00:00:00,-99.0,-99.0,RMP,BD41,1993-10CGIG,BUOY,RESULT,N,NR,NR,T,NA,Field-deployed bivalve tissue sample.
1993-10-07 00:00:00,-99.0,-99.0,RMP,BD41,1993-10MCAL,BUOY,RESULT,N,NR,NR,T,NA,Field-deployed bivalve tissue sample.
1994-02-11 00:00:00,0.0,5.0,RMP,BD41,1994-02,VV,RESULT,N,NR,NR,SI,Surface,
1994-05-06 00:00:00,-99.0,-99.0,RMP,BD41,1994-05CGIG,BUOY,RESULT,N,NR,NR,T,NA,Field-deployed bivalve tissue sample.
1994-08-26 00:00:00,0.0,5.0,RMP,BD41,1994-08,VV,RESULT,N,NR,NR,SBI,Surface,
1994-09-14 00:00:00,-99.0,-99.0,RMP,BD41,1994-09CGIG,BUOY,RESULT,N,NR,NR,T,NA,Field-deployed bivalve tissue sample.
1995-02-17 00:00:00,0.0,5.0,RMP,BD41,1995-02,VV,RESULT,N,NR,NR,SBI,Surface,
1995-04-26 00:00:00,-99.0,-99.0,RMP,BD41,1995-04CGIG,BUOY,RESULT,N,NR,NR,T,NA,Field-deployed bivalve tissue sample.
1995-08-25 00:00:00,0.0,5.0,RMP,BD41,1995-08,VV,RESULT,N,NR,NR,SBI,Surface,
1995-09-13 00:00:00,-99.0,-99.0,RMP,BD41,1995-09CGIG,BUOY,RESULT,N,NR,NR,T,NA,Field-deployed bivalve tissue sample.
1996-02-16 00:00:00,0.0,5.0,RMP,BD41,1996-02,VV,RESULT,N,NR,NR,SBI,Surface,
1996-05-01 00:00:00,-99.0,-99.0,RMP,BD41,1996-04CGIG,BUOY,RESULT,N,NR,NR,T,NA,Field-deployed bivalve tissue sample.
1996-08-05 00:00:00,0.0,5.0,RMP,BD41,1996-07,VV,RESULT,N,NR,NR,SBI,Surface,
1996-09-10 00:00:00,-99.0,-99.0,RMP,BD41,1996-09CGIG,BUOY,RESULT,N,NR,NR,T,NA,Field-deployed bivalve tissue sample.
1997-01-31 00:00:00,0.0,5.0,RMP,BD41,1997-01,VV,RESULT,N,NR,NR,SBI,Surface,
1997-08-08 00:00:00,0.0,5.0,RMP,BD41,1997-08,VV,RESULT,N,NR,NR,SBI,Surface,
1997-09-23 00:00:00,-99.0,-99.0,RMP,BD41,1997-09CGIG,BUOY,RESULT,N,NR,NR,T,NA,Field-deployed bivalve tissue sample.
1998-02-06 00:00:00,0.0,5.0,RMP,BD41,1998-02,VV,RESULT,N,NR,NR,SBI,Surface,
1998-07-31 00:00:00,0.0,5.0,RMP,BD41,1998-07,VV,RESULT,N,NR,NR,SBI,Surface,
1998-09-01 00:00:00,-99.0,-99.0,RMP,BD41,1998-09CGIG,BUOY,RESULT,N,NR,NR,T,NA,Field-deployed bivalve tissue sample.
1999-02-12 00:00:00,0.0,5.0,RMP,BD41,1999-02,VV,RESULT,N,NR,NR,SB,Surface,
1999-04-27 00:00:00,-99.0,-99.0,RMP,BD41,1999-04CGIG,BUOY,RESULT,N,NR,NR,T,NA,Field-deployed bivalve tissue sample.
1999-07-23 00:00:00,0.0,5.0,RMP,BD41,1999-07,VV,RESULT,N,NR,NR,SB,Surface,
1999-09-16 00:00:00,-99.0,-99.0,RMP,BD41,1999-09CGIG,BUOY,RESULT,N,NR,NR,T,NA,Field-deployed bivalve tissue sample.
2000-02-10 00:00:00,0.0,5.0,RMP,BD41,2000-02,VV,RESULT,N,NR,NR,SI,Surface,
2000-07-21 00:00:00,0.0,5.0,RMP,BD41,2000-07,VV,RESULT,N,NR,NR,SBI,Surface,
2000-09-21 00:00:00,-99.0,-99.0,RMP,BD41,2000-09CGIG,BUOY,RESULT,N,NR,NR,T,NA,Field-deployed bivalve tissue sample.
2001-02-15 00:00:00,0.0,5.0,RMP,BD41,2001-02,VV,RESULT,N,NR,NR,SI,Surface,
2001-08-10 00:00:00,0.0,5.0,RMP,BD41,2001-08,VV,RESULT,N,NR,NR,SB,Surface,
2001-09-28 00:00:00,-99.0,-99.0,RMP,BD41,2001-09CGIG,BUOY,RESULT,N,NR,NR,T,NA,Field-deployed bivalve tissue sample.
2002-09-06 00:00:00,-99.0,-99.0,RMP,BD41,2002-08CGIG,BUOY,RESULT,N,NR,NR,T,NA,Field-deployed bivalve tissue sample.
1993-03-10 00:00:00,0.0,5.0,RMP,BD50,1993-03,VV,RESULT,N,NR,NR,SB,Surface,
1993-06-03 00:00:00,-99.0,-99.0,RMP,BD50,1993-06CGIG,BUOY,RESULT,N,NR,NR,T,NA,Field-deployed bivalve tissue sample.
1993-09-21 00:00:00,0.0,5.0,RMP,BD50,1993-09,VV,RESULT,N,NR,NR,SB,Surface,
1993-10-06 00:00:00,-99.0,-99.0,RMP,BD50,1993-10CGIG,BUOY,RESULT,N,NR,NR,T,NA,Field-deployed bivalve tissue sample.
1993-10-06 00:00:00,-99.0,-99.0,RMP,BD50,1993-10MCAL,BUOY,RESULT,N,NR,NR,T,NA,Field-deployed bivalve tissue sample.
1994-02-11 00:00:00,0.0,5.0,RMP,BD50,1994-02,VV,RESULT,N,NR,NR,SB,Surface,
1994-05-05 00:00:00,-99.0,-99.0,RMP,BD50,1994-05CGIG,BUOY,RESULT,N,NR,NR,T,NA,Field-deployed bivalve tissue sample.
1994-08-26 00:00:00,0.0,5.0,RMP,BD50,1994-08,VV,RESULT,N,NR,NR,SB,Surface,
1994-09-13 00:00:00,-99.0,-99.0,RMP,BD50,1994-09CGIG,BUOY,RESULT,N,NR,NR,T,NA,Field-deployed bivalve tissue sample.
1995-02-17 00:00:00,0.0,5.0,RMP,BD50,1995-02,VV,RESULT,N,NR,NR,SB,Surface,
1995-04-26 00:00:00,-99.0,-99.0,RMP,BD50,1995-04CGIG,BUOY,RESULT,N,NR,NR,T,NA,Field-deployed bivalve tissue sample.
1995-08-25 00:00:00,0.0,5.0,RMP,BD50,1995-08,VV,RESULT,N,NR,NR,SB,Surface,
1995-09-13 00:00:00,-99.0,-99.0,RMP,BD50,1995-09CGIG,BUOY,RESULT,N,NR,NR,T,NA,Field-deployed bivalve tissue sample.
1996-02-16 00:00:00,0.0,5.0,RMP,BD50,1996-02,VV,RESULT,N,NR,NR,SB,Surface,
1996-05-01 00:00:00,-99.0,-99.0,RMP,BD50,1996-04CGIG,BUOY,RESULT,N,NR,NR,T,NA,Field-deployed bivalve tissue sample.
1996-08-05 00:00:00,0.0,5.0,RMP,BD50,1996-07,VV,RESULT,N,NR,NR,SB,Surface,
1996-09-10 00:00:00,-99.0,-99.0,RMP,BD50,1996-09CGIG,BUOY,RESULT,N,NR,NR,T,NA,Field-deployed bivalve tissue sample.
1997-01-31 00:00:00,0.0,5.0,RMP,BD50,1997-01,VV,RESULT,N,NR,NR,SB,Surface,
1997-05-08 00:00:00,-99.0,-99.0,RMP,BD50,1997-05CGIG,BUOY,RESULT,N,NR,NR,T,NA,Field-deployed bivalve tissue sample.
1997-08-08 00:00:00,0.0,5.0,RMP,BD50,1997-08,VV,RESULT,N,NR,NR,SB,Surface,
1997-09-23 00:00:00,-99.0,-99.0,RMP,BD50,1997-09CGIG,BUOY,RESULT,N,NR,NR,T,NA,Field-deployed bivalve tissue sample.
1998-02-06 00:00:00,0.0,5.0,RMP,BD50,1998-02,VV,RESULT,N,NR,NR,SB,Surface,
1998-07-31 00:00:00,0.0,5.0,RMP,BD50,1998-07,VV,RESULT,N,NR,NR,SB,Surface,
1998-09-03 00:00:00,-99.0,-99.0,RMP,BD50,1998-09CGIG,BUOY,RESULT,N,NR,NR,T,NA,Field-deployed bivalve tissue sample.
1999-02-12 00:00:00,0.0,5.0,RMP,BD50,1999-02,VV,RESULT,N,NR,NR,SB,Surface,
1999-04-27 00:00:00,-99.0,-99.0,RMP,BD50,1999-04CGIG,BUOY,RESULT,N,NR,NR,T,NA,Field-deployed bivalve tissue sample.
1999-07-23 00:00:00,0.0,5.0,RMP,BD50,1999-07,VV,RESULT,N,NR,NR,SB,Surface,
1999-09-16 00:00:00,-99.0,-99.0,RMP,BD50,1999-09CGIG,BUOY,RESULT,N,NR,NR,T,NA,Field-deployed bivalve tissue sample.
2000-02-10 00:00:00,0.0,5.0,RMP,BD50,2000-02,VV,RESULT,N,NR,NR,S,Surface,
2000-07-21 00:00:00,0.0,5.0,RMP,BD50,2000-07,VV,RESULT,N,NR,NR,SB,Surface,
2000-09-21 00:00:00,-99.0,-99.0,RMP,BD50,2000-09CGIG,BUOY,RESULT,N,NR,NR,T,NA,Field-deployed bivalve tissue sample.
2001-02-15 00:00:00,0.0,5.0,RMP,BD50,2001-02,VV,RESULT,N,NR,NR,S,Surface,
2001-08-10 00:00:00,0.0,5.0,RMP,BD50,2001-08,VV,RESULT,N,NR,NR,SB,Surface,
2001-09-28 00:00:00,-99.0,-99.0,RMP,BD50,2001-09CGIG,BUOY,RESULT,N,NR,NR,T,NA,Field-deployed bivalve tissue sample.
2002-09-06 00:00:00,-99.0,-99.0,RMP,BD50,2002-08CGIG,BUOY,RESULT,N,NR,NR,T,NA,Field-deployed bivalve tissue sample.
1993-03-10 00:00:00,0.0,5.0,RMP,BF10,1993-03,VV,RESULT,N,NR,NR,S,Surface,
1993-09-20 00:00:00,0.0,5.0,RMP,BF10,1993-09,VV,RESULT,N,NR,NR,S,Surface,
1994-02-10 00:00:00,0.0,5.0,RMP,BF10,1994-02,VV,RESULT,N,NR,NR,S,Surface,
1994-08-25 00:00:00,0.0,5.0,RMP,BF10,1994-08,VV,RESULT,N,NR,NR,S,Surface,
1995-02-16 00:00:00,0.0,5.0,RMP,BF10,1995-02,VV,RESULT,N,NR,NR,S,Surface,
1995-08-24 00:00:00,0.0,5.0,RMP,BF10,1995-08,VV,RESULT,N,NR,NR,S,Surface,
1996-02-15 00:00:00,0.0,5.0,RMP,BF10,1996-02,VV,RESULT,N,NR,NR,S,Surface,
1996-08-06 00:00:00,0.0,5.0,RMP,BF10,1996-07,VV,RESULT,N,NR,NR,S,Surface,
1997-01-30 00:00:00,0.0,5.0,RMP,BF10,1997-01,VV,RESULT,N,NR,NR,S,Surface,
1997-08-07 00:00:00,0.0,5.0,RMP,BF10,1997-08,VV,RESULT,N,NR,NR,S,Surface,
1998-02-05 00:00:00,0.0,5.0,RMP,BF10,1998-02,VV,RESULT,N,NR,NR,S,Surface,
1998-07-30 00:00:00,0.0,5.0,RMP,BF10,1998-07,VV,RESULT,N,NR,NR,S,Surface,
1999-02-11 00:00:00,0.0,5.0,RMP,BF10,1999-02,VV,RESULT,N,NR,NR,S,Surface,
1999-07-22 00:00:00,0.0,5.0,RMP,BF10,1999-07,VV,RESULT,N,NR,NR,S,Surface,
2000-07-20 00:00:00,0.0,5.0,RMP,BF10,2000-07,VV,RESULT,N,NR,NR,S,Surface,
2001-08-09 00:00:00,0.0,5.0,RMP,BF10,2001-08,VV,RESULT,N,NR,NR,S,Surface,
1993-03-09 00:00:00,0.0,5.0,RMP,BF21,1993-03,VV,RESULT,N,NR,NR,SB,Surface,
1993-06-03 00:00:00,-99.0,-99.0,RMP,BF21,1993-06CFLU,BUOY,RESULT,N,NR,NR,T,NA,Field-deployed bivalve tissue sample.
1993-09-20 00:00:00,0.0,5.0,RMP,BF21,1993-09,VV,RESULT,N,NR,NR,SB,Surface,
1993-10-07 00:00:00,-99.0,-99.0,RMP,BF21,1993-10CFLU,BUOY,RESULT,N,NR,NR,T,NA,Field-deployed bivalve tissue sample.
1994-02-10 00:00:00,0.0,5.0,RMP,BF21,1994-02,VV,RESULT,N,NR,NR,SB,Surface,
1994-05-06 00:00:00,-99.0,-99.0,RMP,BF21,1994-05CFLU,BUOY,RESULT,N,NR,NR,T,NA,Field-deployed bivalve tissue sample.
1994-08-25 00:00:00,0.0,5.0,RMP,BF21,1994-08,VV,RESULT,N,NR,NR,SB,Surface,
1994-09-14 00:00:00,-99.0,-99.0,RMP,BF21,1994-09CFLU,BUOY,RESULT,N,NR,NR,T,NA,Field-deployed bivalve tissue sample.
1994-09-14 00:00:00,-99.0,-99.0,RMP,BF21,1994-09CGIG,BUOY,RESULT,N,NR,NR,T,NA,Field-deployed bivalve tissue sample.
1995-02-16 00:00:00,0.0,5.0,RMP,BF21,1995-02,VV,RESULT,N,NR,NR,SB,Surface,
1995-04-27 00:00:00,-99.0,-99.0,RMP,BF21,1995-04CFLU,BUOY,RESULT,N,NR,NR,T,NA,Field-deployed bivalve tissue sample.
1995-08-24 00:00:00,0.0,5.0,RMP,BF21,1995-08,VV,RESULT,N,NR,NR,SB,Surface,
1995-09-14 00:00:00,-99.0,-99.0,RMP,BF21,1995-09CFLU,BUOY,RESULT,N,NR,NR,T,NA,Field-deployed bivalve tissue sample.
1996-02-15 00:00:00,0.0,5.0,RMP,BF21,1996-02,VV,RESULT,N,NR,NR,SB,Surface,
1996-05-02 00:00:00,-99.0,-99.0,RMP,BF21,1996-04CFLU,BUOY,RESULT,N,NR,NR,T,NA,Field-deployed bivalve tissue sample.
1996-08-06 00:00:00,0.0,5.0,RMP,BF21,1996-07,VV,RESULT,N,NR,NR,SB,Surface,
1996-09-10 00:00:00,-99.0,-99.0,RMP,BF21,1996-09CFLU,BUOY,RESULT,N,NR,NR,T,NA,Field-deployed bivalve tissue sample.
1997-01-30 00:00:00,0.0,5.0,RMP,BF21,1997-01,VV,RESULT,N,NR,NR,SB,Surface,
1997-05-09 00:00:00,-99.0,-99.0,RMP,BF21,1997-05CFLU,BUOY,RESULT,N,NR,NR,T,NA,Field-deployed bivalve tissue sample.
1997-08-07 00:00:00,0.0,5.0,RMP,BF21,1997-08,VV,RESULT,N,NR,NR,SB,Surface,
1997-09-23 00:00:00,-99.0,-99.0,RMP,BF21,1997-09CFLU,BUOY,RESULT,N,NR,NR,T,NA,Field-deployed bivalve tissue sample.
1998-02-05 00:00:00,0.0,5.0,RMP,BF21,1998-02,VV,RESULT,N,NR,NR,SB,Surface,
1998-04-24 00:00:00,-99.0,-99.0,RMP,BF21,1998-04CFLU,BUOY,RESULT,N,NR,NR,T,NA,Field-deployed bivalve tissue sample.
1998-07-30 00:00:00,0.0,5.0,RMP,BF21,1998-07,VV,RESULT,N,NR,NR,SB,Surface,
1999-02-11 00:00:00,0.0,5.0,RMP,BF21,1999-02,VV,RESULT,N,NR,NR,SB,Surface,
1999-07-22 00:00:00,0.0,5.0,RMP,BF21,1999-07,VV,RESULT,N,NR,NR,SB,Surface,
2000-07-20 00:00:00,0.0,5.0,RMP,BF21,2000-07,VV,RESULT,N,NR,NR,SB,Surface,
2002-02-16 00:00:00,0.0,5.0,RMP,BF21,2001-02,VV,RESULT,N,NR,NR,S,Surface,
2001-08-09 00:00:00,0.0,5.0,RMP,BF21,2001-08,VV,RESULT,N,NR,NR,SB,Surface,
2002-07-31 00:00:00,0.0,5.0,RMP,BF21,2002-07,GRAB,RESULT,N,NR,NR,SB,Surface,
2003-08-18 00:00:00,0.0,5.0,RMP,BF21,2003-08,VV,RESULT,N,NR,NR,SB,Surface,
1994-02-10 00:00:00,0.0,5.0,RMP,BF40,1994-02,VV,RESULT,N,NR,NR,S,Surface,
1994-08-25 00:00:00,0.0,5.0,RMP,BF40,1994-08,VV,RESULT,N,NR,NR,S,Surface,
1995-02-16 00:00:00,0.0,5.0,RMP,BF40,1995-02,VV,RESULT,N,NR,NR,S,Surface,
1995-08-24 00:00:00,0.0,5.0,RMP,BF40,1995-08,VV,RESULT,N,NR,NR,S,Surface,
1996-02-15 00:00:00,0.0,5.0,RMP,BF40,1996-02,VV,RESULT,N,NR,NR,S,Surface,
1996-08-06 00:00:00,0.0,5.0,RMP,BF40,1996-07,VV,RESULT,N,NR,NR,S,Surface,
1997-01-30 00:00:00,0.0,5.0,RMP,BF40,1997-01,VV,RESULT,N,NR,NR,S,Surface,
1997-08-07 00:00:00,0.0,5.0,RMP,BF40,1997-08,VV,RESULT,N,NR,NR,S,Surface,
1998-02-05 00:00:00,0.0,5.0,RMP,BF40,1998-02,VV,RESULT,N,NR,NR,S,Surface,
1998-07-30 00:00:00,0.0,5.0,RMP,BF40,1998-07,VV,RESULT,N,NR,NR,S,Surface,
1999-02-11 00:00:00,0.0,5.0,RMP,BF40,1999-02,VV,RESULT,N,NR,NR,S,Surface,
1999-07-22 00:00:00,0.0,5.0,RMP,BF40,1999-07,VV,RESULT,N,NR,NR,S,Surface,
2000-07-20 00:00:00,0.0,5.0,RMP,BF40,2000-07,VV,RESULT,N,NR,NR,S,Surface,
2001-08-09 00:00:00,0.0,5.0,RMP,BF40,2001-08,VV,RESULT,N,NR,NR,S,Surface,
1993-03-09 00:00:00,0.0,5.0,RMP,BG20,1993-03,VV,RESULT,N,NR,NR,SB,Surface,
1993-06-03 00:00:00,-99.0,-99.0,RMP,BG20,1993-06CFLU,BUOY,RESULT,N,NR,NR,T,NA,Field-deployed bivalve tissue sample.
1993-09-20 00:00:00,0.0,5.0,RMP,BG20,1993-09,VV,RESULT,N,NR,NR,SB,Surface,
1993-10-07 00:00:00,-99.0,-99.0,RMP,BG20,1993-10CFLU,BUOY,RESULT,N,NR,NR,T,NA,Field-deployed bivalve tissue sample.
1994-02-10 00:00:00,0.0,5.0,RMP,BG20,1994-02,VV,RESULT,N,NR,NR,SB,Surface,
1994-05-06 00:00:00,-99.0,-99.0,RMP,BG20,1994-05CFLU,BUOY,RESULT,N,NR,NR,T,NA,Field-deployed bivalve tissue sample.
1994-08-25 00:00:00,0.0,5.0,RMP,BG20,1994-08,VV,RESULT,N,NR,NR,SB,Surface,
1994-09-14 00:00:00,-99.0,-99.0,RMP,BG20,1994-09CFLU,BUOY,RESULT,N,NR,NR,T,NA,Field-deployed bivalve tissue sample.
1995-02-16 00:00:00,0.0,5.0,RMP,BG20,1995-02,VV,RESULT,N,NR,NR,SB,Surface,
1995-04-27 00:00:00,-99.0,-99.0,RMP,BG20,1995-04CFLU,BUOY,RESULT,N,NR,NR,T,NA,Field-deployed bivalve tissue sample.
1995-08-24 00:00:00,0.0,5.0,RMP,BG20,1995-08,VV,RESULT,N,NR,NR,SB,Surface,
1995-09-14 00:00:00,-99.0,-99.0,RMP,BG20,1995-09CFLU,BUOY,RESULT,N,NR,NR,T,NA,Field-deployed bivalve tissue sample.
1996-02-15 00:00:00,0.0,5.0,RMP,BG20,1996-02,VV,RESULT,N,NR,NR,SB,Surface,
1996-05-02 00:00:00,-99.0,-99.0,RMP,BG20,1996-04CFLU,BUOY,RESULT,N,NR,NR,T,NA,Field-deployed bivalve tissue sample.
1996-08-06 00:00:00,0.0,5.0,RMP,BG20,1996-07,VV,RESULT,N,NR,NR,SB,Surface,
1996-09-10 00:00:00,-99.0,-99.0,RMP,BG20,1996-09CFLU,BUOY,RESULT,N,NR,NR,T,NA,Field-deployed bivalve tissue sample.
1997-01-30 00:00:00,0.0,5.0,RMP,BG20,1997-01,VV,RESULT,N,NR,NR,SB,Surface,
1997-05-09 00:00:00,-99.0,-99.0,RMP,BG20,1997-05CFLU,BUOY,RESULT,N,NR,NR,T,NA,Field-deployed bivalve tissue sample.
1997-08-07 00:00:00,0.0,5.0,RMP,BG20,1997-08,VV,RESULT,N,NR,NR,SB,Surface,
1997-09-26 00:00:00,-99.0,-99.0,RMP,BG20,1997-09CFLU,BUOY,RESULT,N,NR,NR,T,NA,Field-deployed bivalve tissue sample.
1998-02-05 00:00:00,0.0,5.0,RMP,BG20,1998-02,VV,RESULT,N,NR,NR,SB,Surface,
1998-04-24 00:00:00,-99.0,-99.0,RMP,BG20,1998-04CFLU,BUOY,RESULT,N,NR,NR,T,NA,Field-deployed bivalve tissue sample.
1998-07-30 00:00:00,0.0,5.0,RMP,BG20,1998-07,VV,RESULT,N,NR,NR,SB,Surface,
1998-09-18 00:00:00,-99.0,-99.0,RMP,BG20,1998-09CFLU,BUOY,RESULT,N,NR,NR,T,NA,Field-deployed bivalve tissue sample.
1999-02-11 00:00:00,0.0,5.0,RMP,BG20,1999-02,VV,RESULT,N,NR,NR,SB,Surface,
1999-05-06 00:00:00,-99.0,-99.0,RMP,BG20,1999-04CFLU,BUOY,RESULT,N,NR,NR,T,NA,Field-deployed bivalve tissue sample.
1999-07-22 00:00:00,0.0,5.0,RMP,BG20,1999-07,VV,RESULT,N,NR,NR,SB,Surface,
1999-09-21 00:00:00,-99.0,-99.0,RMP,BG20,1999-09CFLU,BUOY,RESULT,N,NR,NR,T,NA,Field-deployed bivalve tissue sample.
2000-07-20 00:00:00,0.0,5.0,RMP,BG20,2000-07,VV,RESULT,N,NR,NR,SB,Surface,
2000-09-22 00:00:00,-99.0,-99.0,RMP,BG20,2000-09CFLU,BUOY,RESULT,N,NR,NR,T,NA,Field-deployed bivalve tissue sample.
2001-08-09 00:00:00,0.0,5.0,RMP,BG20,2001-02,VV,RESULT,N,NR,NR,S,Surface,
2001-08-09 00:00:00,0.0,5.0,RMP,BG20,2001-08,VV,RESULT,N,NR,NR,SB,Surface,
2001-09-30 00:00:00,-99.0,-99.0,RMP,BG20,2001-09CFLU,BUOY,RESULT,N,NR,NR,T,NA,Field-deployed bivalve tissue sample.
2002-07-31 00:00:00,0.0,5.0,RMP,BG20,2002-07,GRAB,RESULT,N,NR,NR,SB,Surface,
2002-08-27 00:00:00,-99.0,-99.0,RMP,BG20,2002-08CFLU,BUOY,RESULT,N,NR,NR,T,NA,Field-deployed bivalve tissue sample.
2003-08-18 00:00:00,0.0,5.0,RMP,BG20,2003-08,VV,RESULT,N,NR,NR,SB,Surface,
1993-03-09 00:00:00,0.0,5.0,RMP,BG30,1993-03,VV,RESULT,N,NR,NR,SB,Surface,
1993-06-03 00:00:00,-99.0,-99.0,RMP,BG30,1993-06CFLU,BUOY,RESULT,N,NR,NR,T,NA,Field-deployed bivalve tissue sample.
1993-09-20 00:00:00,0.0,5.0,RMP,BG30,1993-09,VV,RESULT,N,NR,NR,SB,Surface,
1993-10-07 00:00:00,-99.0,-99.0,RMP,BG30,1993-10CFLU,BUOY,RESULT,N,NR,NR,T,NA,Field-deployed bivalve tissue sample.
1994-02-10 00:00:00,0.0,5.0,RMP,BG30,1994-02,VV,RESULT,N,NR,NR,SB,Surface,
1994-05-06 00:00:00,-99.0,-99.0,RMP,BG30,1994-05CFLU,BUOY,RESULT,N,NR,NR,T,NA,Field-deployed bivalve tissue sample.
1994-08-25 00:00:00,0.0,5.0,RMP,BG30,1994-08,VV,RESULT,N,NR,NR,SB,Surface,
1994-09-14 00:00:00,-99.0,-99.0,RMP,BG30,1994-09CFLU,BUOY,RESULT,N,NR,NR,T,NA,Field-deployed bivalve tissue sample.
1995-02-16 00:00:00,0.0,5.0,RMP,BG30,1995-02,VV,RESULT,N,NR,NR,SB,Surface,
1995-04-27 00:00:00,-99.0,-99.0,RMP,BG30,1995-04CFLU,BUOY,RESULT,N,NR,NR,T,NA,Field-deployed bivalve tissue sample.
1995-08-24 00:00:00,0.0,5.0,RMP,BG30,1995-08,VV,RESULT,N,NR,NR,SB,Surface,
1995-09-14 00:00:00,-99.0,-99.0,RMP,BG30,1995-09CFLU,BUOY,RESULT,N,NR,NR,T,NA,Field-deployed bivalve tissue sample.
1996-02-15 00:00:00,0.0,5.0,RMP,BG30,1996-02,VV,RESULT,N,NR,NR,SB,Surface,
1996-05-02 00:00:00,-99.0,-99.0,RMP,BG30,1996-04CFLU,BUOY,RESULT,N,NR,NR,T,NA,Field-deployed bivalve tissue sample.
1996-08-06 00:00:00,0.0,5.0,RMP,BG30,1996-07,VV,RESULT,N,NR,NR,SB,Surface,
1996-09-10 00:00:00,-99.0,-99.0,RMP,BG30,1996-09CFLU,BUOY,RESULT,N,NR,NR,T,NA,Field-deployed bivalve tissue sample.
1997-01-30 00:00:00,0.0,5.0,RMP,BG30,1997-01,VV,RESULT,N,NR,NR,SB,Surface,
1997-05-09 00:00:00,-99.0,-99.0,RMP,BG30,1997-05CFLU,BUOY,RESULT,N,NR,NR,T,NA,Field-deployed bivalve tissue sample.
1997-08-07 00:00:00,0.0,5.0,RMP,BG30,1997-08,VV,RESULT,N,NR,NR,SB,Surface,
1997-09-26 00:00:00,-99.0,-99.0,RMP,BG30,1997-09CFLU,BUOY,RESULT,N,NR,NR,T,NA,Field-deployed bivalve tissue sample.
1998-02-05 00:00:00,0.0,5.0,RMP,BG30,1998-02,VV,RESULT,N,NR,NR,SB,Surface,
1998-04-24 00:00:00,-99.0,-99.0,RMP,BG30,1998-04CFLU,BUOY,RESULT,N,NR,NR,T,NA,Field-deployed bivalve tissue sample.
1998-07-30 00:00:00,0.0,5.0,RMP,BG30,1998-07,VV,RESULT,N,NR,NR,SB,Surface,
1998-09-18 00:00:00,-99.0,-99.0,RMP,BG30,1998-09CFLU,BUOY,RESULT,N,NR,NR,T,NA,Field-deployed bivalve tissue sample.
1999-02-11 00:00:00,0.0,5.0,RMP,BG30,1999-02,VV,RESULT,N,NR,NR,SB,Surface,
1999-05-06 00:00:00,-99.0,-99.0,RMP,BG30,1999-04CFLU,BUOY,RESULT,N,NR,NR,T,NA,Field-deployed bivalve tissue sample.
1999-07-22 00:00:00,0.0,5.0,RMP,BG30,1999-07,VV,RESULT,N,NR,NR,SB,Surface,
1999-09-21 00:00:00,-99.0,-99.0,RMP,BG30,1999-09CFLU,BUOY,RESULT,N,NR,NR,T,NA,Field-deployed bivalve tissue sample.
2000-07-20 00:00:00,0.0,5.0,RMP,BG30,2000-07,VV,RESULT,N,NR,NR,SB,Surface,
2000-09-22 00:00:00,-99.0,-99.0,RMP,BG30,2000-09CFLU,BUOY,RESULT,N,NR,NR,T,NA,Field-deployed bivalve tissue sample.
2001-08-09 00:00:00,0.0,5.0,RMP,BG30,2001-08,VV,RESULT,N,NR,NR,SB,Surface,
2001-09-30 00:00:00,-99.0,-99.0,RMP,BG30,2001-09CFLU,BUOY,RESULT,N,NR,NR,T,NA,Field-deployed bivalve tissue sample.
2002-07-31 00:00:00,0.0,5.0,RMP,BG30,2002-07,GRAB,RESULT,N,NR,NR,SB,Surface,
2002-08-27 00:00:00,-99.0,-99.0,RMP,BG30,2002-08CFLU,BUOY,RESULT,N,NR,NR,T,NA,Field-deployed bivalve tissue sample.
2003-08-18 00:00:00,0.0,5.0,RMP,BG30,2003-08,VV,RESULT,N,NR,NR,SB,Surface,
1996-03-08 00:00:00,0.0,5.0,RMP,BW10,1996-02,VV,RESULT,N,NR,NR,S,Surface,
1996-08-12 00:00:00,0.0,5.0,RMP,BW10,1996-07,VV,RESULT,N,NR,NR,S,Surface,
1997-02-07 00:00:00,0.0,5.0,RMP,BW10,1997-01,VV,RESULT,N,NR,NR,S,Surface,
1997-08-06 00:00:00,0.0,5.0,RMP,BW10,1997-08,VV,RESULT,N,NR,NR,S,Surface,
1998-02-04 00:00:00,0.0,5.0,RMP,BW10,1998-02,VV,RESULT,N,NR,NR,S,Surface,
1998-08-06 00:00:00,0.0,5.0,RMP,BW10,1998-07,VV,RESULT,N,NR,NR,S,Surface,
1999-02-22 00:00:00,0.0,5.0,RMP,BW10,1999-02,VV,RESULT,N,NR,NR,S,Surface,
1999-07-29 00:00:00,0.0,5.0,RMP,BW10,1999-07,VV,RESULT,N,NR,NR,S,Surface,
2000-07-11 00:00:00,0.0,5.0,RMP,BW10,2000-07,VV,RESULT,N,NR,NR,S,Surface,
2001-08-21 00:00:00,0.0,5.0,RMP,BW10,2001-08,VV,RESULT,N,NR,NR,S,Surface,
1997-02-07 00:00:00,0.0,5.0,RMP,BW15,1997-01,VV,RESULT,N,NR,NR,S,Surface,
1997-08-06 00:00:00,0.0,5.0,RMP,BW15,1997-08,VV,RESULT,N,NR,NR,S,Surface,
1998-02-04 00:00:00,0.0,5.0,RMP,BW15,1998-02,VV,RESULT,N,NR,NR,S,Surface,
1998-08-06 00:00:00,0.0,5.0,RMP,BW15,1998-07,VV,RESULT,N,NR,NR,S,Surface,
1999-02-09 00:00:00,0.0,5.0,RMP,BW15,1999-02,VV,RESULT,N,NR,NR,S,Surface,
1999-07-29 00:00:00,0.0,5.0,RMP,BW15,1999-07,VV,RESULT,N,NR,NR,S,Surface,
2000-07-11 00:00:00,0.0,5.0,RMP,BW15,2000-07,VV,RESULT,N,NR,NR,S,Surface,
2001-08-21 00:00:00,0.0,5.0,RMP,BW15,2001-08,VV,RESULT,N,NR,NR,S,Surface,
1994-02-16 00:00:00,0.0,5.0,RMP,C-1-3,1994-02,VV,RESULT,N,NR,NR,S,Surface,
1994-08-31 00:00:00,0.0,5.0,RMP,C-1-3,1994-08,VV,RESULT,N,NR,NR,S,Surface,
1995-02-22 00:00:00,0.0,5.0,RMP,C-1-3,1995-02,VV,RESULT,N,NR,NR,S,Surface,
1995-08-29 00:00:00,0.0,5.0,RMP,C-1-3,1995-08,VV,RESULT,N,NR,NR,S,Surface,
1996-02-21 00:00:00,0.0,5.0,RMP,C-1-3,1996-02,VV,RESULT,N,NR,NR,S,Surface,
1996-07-31 00:00:00,0.0,5.0,RMP,C-1-3,1996-07,VV,RESULT,N,NR,NR,S,Surface,
1997-02-05 00:00:00,0.0,5.0,RMP,C-1-3,1997-01,VV,RESULT,N,NR,NR,S,Surface,
1997-08-13 00:00:00,0.0,5.0,RMP,C-1-3,1997-08,VV,RESULT,N,NR,NR,S,Surface,
1998-02-11 00:00:00,0.0,5.0,RMP,C-1-3,1998-02,VV,RESULT,N,NR,NR,S,Surface,
1998-08-05 00:00:00,0.0,5.0,RMP,C-1-3,1998-07,VV,RESULT,N,NR,NR,SB,Surface,
1999-02-18 00:00:00,0.0,5.0,RMP,C-1-3,1999-02,VV,RESULT,N,NR,NR,S,Surface,
1999-07-28 00:00:00,0.0,5.0,RMP,C-1-3,1999-07,VV,RESULT,N,NR,NR,S,Surface,
2000-07-26 00:00:00,0.0,5.0,RMP,C-1-3,2000-07,VV,RESULT,N,NR,NR,S,Surface,
2001-08-15 00:00:00,0.0,5.0,RMP,C-1-3,2001-08,VV,RESULT,N,NR,NR,S,Surface,
2002-08-05 00:00:00,0.0,5.0,RMP,C-1-3,2002-07,GRAB,RESULT,N,NR,NR,S,Surface,
1994-02-16 00:00:00,0.0,5.0,RMP,C-3-0,1994-02,VV,RESULT,N,NR,NR,S,Surface,
1994-08-31 00:00:00,0.0,5.0,RMP,C-3-0,1994-08,VV,RESULT,N,NR,NR,S,Surface,
1995-02-22 00:00:00,0.0,5.0,RMP,C-3-0,1995-02,VV,RESULT,N,NR,NR,S,Surface,
1995-08-29 00:00:00,0.0,5.0,RMP,C-3-0,1995-08,VV,RESULT,N,NR,NR,S,Surface,
1996-02-21 00:00:00,0.0,5.0,RMP,C-3-0,1996-02,VV,RESULT,N,NR,NR,S,Surface,
1996-07-31 00:00:00,0.0,5.0,RMP,C-3-0,1996-07,VV,RESULT,N,NR,NR,S,Surface,
1997-02-05 00:00:00,0.0,5.0,RMP,C-3-0,1997-01,VV,RESULT,N,NR,NR,SB,Surface,
1997-08-13 00:00:00,0.0,5.0,RMP,C-3-0,1997-08,VV,RESULT,N,NR,NR,SB,Surface,
1998-02-11 00:00:00,0.0,5.0,RMP,C-3-0,1998-02,VV,RESULT,N,NR,NR,SB,Surface,
1998-08-05 00:00:00,0.0,5.0,RMP,C-3-0,1998-07,VV,RESULT,N,NR,NR,SB,Surface,
1999-02-18 00:00:00,0.0,5.0,RMP,C-3-0,1999-02,VV,RESULT,N,NR,NR,SB,Surface,
1999-07-28 00:00:00,0.0,5.0,RMP,C-3-0,1999-07,VV,RESULT,N,NR,NR,SB,Surface,
2000-07-26 00:00:00,0.0,5.0,RMP,C-3-0,2000-07,VV,RESULT,N,NR,NR,S,Surface,
2001-08-15 00:00:00,0.0,5.0,RMP,C-3-0,2001-08,VV,RESULT,N,NR,NR,S,Surface,
2002-08-05 00:00:00,0.0,5.0,RMP,C-3-0,2002-07,GRAB,RESULT,N,NR,NR,SB,Surface,
2002-08-08 00:00:00,0.0,5.0,RMP,CB001S,2002-07,GRAB,RESULT,N,NR,NR,SB,Surface,
2003-08-21 00:00:00,0.0,5.0,RMP,CB001S,2003-08,VV,RESULT,N,NR,NR,SB,Surface,
2002-08-07 00:00:00,0.0,5.0,RMP,CB002S,2002-07,GRAB,RESULT,N,NR,NR,S,Surface,
2003-08-22 00:00:00,0.0,5.0,RMP,CB002S,2003-08,VV,RESULT,N,NR,NR,S,Surface,
2002-08-08 00:00:00,0.0,5.0,RMP,CB003S,2002-07,GRAB,RESULT,N,NR,NR,SB,Surface,
2002-08-08 00:00:00,0.0,5.0,RMP,CB005S,2002-07,GRAB,RESULT,N,NR,NR,SB,Surface,
2002-08-07 00:00:00,0.0,5.0,RMP,CB006S,2002-07,GRAB,RESULT,N,NR,NR,S,Surface,
2002-08-08 00:00:00,0.0,5.0,RMP,CB007S,2002-07,GRAB,RESULT,N,NR,NR,SB,Surface,
2002-08-08 00:00:00,0.0,5.0,RMP,CB008S,2002-07,GRAB,RESULT,N,NR,NR,S,Surface,
2003-08-21 00:00:00,0.0,5.0,RMP,CB010S,2003-08,VV,RESULT,N,NR,NR,S,Surface,
2003-08-20 00:00:00,0.0,5.0,RMP,CB011S,2003-08,VV,RESULT,N,NR,NR,SB,Surface,
2003-08-21 00:00:00,0.0,5.0,RMP,CB012S,2003-08,VV,RESULT,N,NR,NR,S,Surface,
2003-08-21 00:00:00,0.0,5.0,RMP,CB013S,2003-08,VV,RESULT,N,NR,NR,SB,Surface,
2003-08-21 00:00:00,0.0,5.0,RMP,CB014S,2003-08,VV,RESULT,N,NR,NR,S,Surface,
2002-08-08 00:00:00,0.0,5.0,RMP,CB073S,2002-07,GRAB,RESULT,N,NR,NR,S,Surface,
2003-08-21 00:00:00,0.0,5.0,RMP,CB074S,2003-08,VV,RESULT,N,NR,NR,SB,Surface,
1999-09-30 00:00:00,-99.0,-99.0,RMP,COMP,1999RMPCR7,TRAWL,RESULT,Y,NR,NR,T,NA,
1993-03-01 00:00:00,0.0,-99.0,RMP,Control,1993-03EE,UNK,CNEG,N,NR,NR,B,CNEG,EE control
1993-03-01 00:00:00,0.0,-99.0,RMP,Control,1993-03ME,UNK,CNEG,N,NR,NR,B,CNEG,ME Control
1993-09-01 00:00:00,0.0,-99.0,RMP,Control,1993-09EE,UNK,CNEG,N,NR,NR,B,CNEG,EE control
1993-09-01 00:00:00,0.0,-99.0,RMP,Control,1993-09OY,UNK,CNEG,N,NR,NR,B,CNEG,OY Control
1994-02-01 00:00:00,0.0,-99.0,RMP,Control,1994-02EE,UNK,CNEG,N,NR,NR,B,CNEG,EE Control
1994-02-01 00:00:00,0.0,-99.0,RMP,Control,1994-02ME,UNK,CNEG,N,NR,NR,B,CNEG,ME Control
1994-08-01 00:00:00,0.0,-99.0,RMP,Control,1994-08EE,UNK,CNEG,N,NR,NR,B,CNEG,EE Control
1994-08-01 00:00:00,0.0,-99.0,RMP,Control,1994-08ME,UNK,CNEG,N,NR,NR,B,CNEG,ME Control
1995-02-01 00:00:00,0.0,-99.0,RMP,Control,1995-02EE,UNK,CNEG,N,NR,NR,B,CNEG,EE Control
1995-02-01 00:00:00,0.0,-99.0,RMP,Control,1995-02ME,UNK,CNEG,N,NR,NR,B,CNEG,ME Control
1995-08-01 00:00:00,0.0,-99.0,RMP,Control,1995-08EE,UNK,CNEG,N,NR,NR,B,CNEG,EE Control
1995-08-01 00:00:00,0.0,-99.0,RMP,Control,1995-08ME,UNK,CNEG,N,NR,NR,B,CNEG,ME Control
1996-02-01 00:00:00,0.0,-99.0,RMP,Control,1996-02EE,UNK,CNEG,N,NR,NR,B,CNEG,EE Control
1996-02-01 00:00:00,0.0,-99.0,RMP,Control,1996-02ME,UNK,CNEG,N,NR,NR,B,CNEG,ME Control
1996-07-01 00:00:00,0.0,-99.0,RMP,Control,1996-07EE,UNK,CNEG,N,NR,NR,B,CNEG,EE Control
1996-07-01 00:00:00,0.0,-99.0,RMP,Control,1996-07ME,UNK,CNEG,N,NR,NR,B,CNEG,ME Control
1997-01-01 00:00:00,0.0,-99.0,RMP,Control,1997-01EE,UNK,CNEG,N,NR,NR,B,CNEG,EE Control
1997-01-01 00:00:00,0.0,-99.0,RMP,Control,1997-01ME,UNK,CNEG,N,NR,NR,B,CNEG,ME Control
1997-08-01 00:00:00,0.0,-99.0,RMP,Control,1997-08EE,UNK,CNEG,N,NR,NR,B,CNEG,EE Control
1997-08-01 00:00:00,0.0,-99.0,RMP,Control,1997-08ME,UNK,CNEG,N,NR,NR,B,CNEG,ME Control
1998-02-01 00:00:00,0.0,-99.0,RMP,Control,1998-02EE,UNK,CNEG,N,NR,NR,B,CNEG,EE Control
1998-02-01 00:00:00,0.0,-99.0,RMP,Control,1998-02MG,UNK,CNEG,N,NR,NR,B,CNEG,MG Control
1998-07-01 00:00:00,0.0,-99.0,RMP,Control,1998-07EE,UNK,CNEG,N,NR,NR,B,CNEG,EE Control
1998-07-01 00:00:00,0.0,-99.0,RMP,Control,1998-07MG,UNK,CNEG,N,NR,NR,B,CNEG,MG Control
1999-02-01 00:00:00,0.0,-99.0,RMP,Control,1999-02EE,UNK,CNEG,N,NR,NR,B,CNEG,EE Control
1999-02-01 00:00:00,0.0,-99.0,RMP,Control,1999-02MG,UNK,CNEG,N,NR,NR,B,CNEG,MG Control
1999-07-01 00:00:00,0.0,-99.0,RMP,Control,1999-07EE,UNK,CNEG,N,NR,NR,B,CNEG,EE Control
1999-07-01 00:00:00,0.0,-99.0,RMP,Control,1999-07MG,UNK,CNEG,N,NR,NR,B,CNEG,MG Control
2000-07-01 00:00:00,0.0,-99.0,RMP,Control,2000-07EE,UNK,CNEG,N,NR,NR,B,CNEG,EE Control
2000-07-01 00:00:00,0.0,-99.0,RMP,Control,2000-07MG,UNK,CNEG,N,NR,NR,B,CNEG,MG Control
2001-08-01 00:00:00,0.0,-99.0,RMP,Control,2001-08EE,UNK,CNEG,N,NR,NR,B,CNEG,EE Control
2001-08-01 00:00:00,0.0,-99.0,RMP,Control,2001-08MG,UNK,CNEG,N,NR,NR,B,CNEG,MG Control
2002-07-01 00:00:00,0.0,-99.0,RMP,Control,2002-07EE,UNK,CNEG,N,NR,NR,B,CNEG,EE Control
2002-07-01 00:00:00,0.0,-99.0,RMP,Control,2002-07MG,UNK,CNEG,N,NR,NR,B,CNEG,MG Control
2003-09-01 00:00:00,0.0,-99.0,RMP,Control,2003-08EE,UNK,CNEG,N,NR,NR,B,CNEG,EE Control
2003-09-01 00:00:00,0.0,-99.0,RMP,Control,2003-08MG,UNK,CNEG,N,NR,NR,B,CNEG,MG Control
2002-08-06 00:00:00,0.0,5.0,RMP,LSB001S,2002-07,GRAB,RESULT,N,NR,NR,SB,Surface,
2003-08-26 00:00:00,0.0,5.0,RMP,LSB001S,2003-08,VV,RESULT,N,NR,NR,SB,Surface,
2002-08-06 00:00:00,0.0,5.0,RMP,LSB002S,2002-07,GRAB,RESULT,N,NR,NR,S,Surface,
2003-08-25 00:00:00,0.0,5.0,RMP,LSB002S,2003-08,VV,RESULT,N,NR,NR,S,Surface,
2002-08-06 00:00:00,0.0,5.0,RMP,LSB003S,2002-07,GRAB,RESULT,N,NR,NR,SB,Surface,
2002-08-05 00:00:00,0.0,5.0,RMP,LSB004S,2002-07,GRAB,RESULT,N,NR,NR,S,Surface,
2002-08-05 00:00:00,0.0,5.0,RMP,LSB005S,2002-07,GRAB,RESULT,N,NR,NR,SB,Surface,
2002-08-05 00:00:00,0.0,5.0,RMP,LSB006S,2002-07,GRAB,RESULT,N,NR,NR,S,Surface,
2002-08-06 00:00:00,0.0,5.0,RMP,LSB007S,2002-07,GRAB,RESULT,N,NR,NR,SB,Surface,
2002-08-05 00:00:00,0.0,5.0,RMP,LSB008S,2002-07,GRAB,RESULT,N,NR,NR,S,Surface,
2003-08-26 00:00:00,0.0,5.0,RMP,LSB009S,2003-08,VV,RESULT,N,NR,NR,SB,Surface,
2003-08-25 00:00:00,0.0,5.0,RMP,LSB010S,2003-08,VV,RESULT,N,NR,NR,S,Surface,
2003-08-26 00:00:00,0.0,5.0,RMP,LSB011S,2003-08,VV,RESULT,N,NR,NR,SB,Surface,
2003-08-25 00:00:00,0.0,5.0,RMP,LSB012S,2003-08,VV,RESULT,N,NR,NR,S,Surface,
2003-08-25 00:00:00,0.0,5.0,RMP,LSB013S,2003-08,VV,RESULT,N,NR,NR,SB,Surface,
2003-08-25 00:00:00,0.0,5.0,RMP,LSB014S,2003-08,VV,RESULT,N,NR,NR,S,Surface,
2003-08-22 00:00:00,0.0,5.0,RMP,SB001S,2003-08,VV,RESULT,N,NR,NR,SB,Surface,
2002-08-06 00:00:00,0.0,5.0,RMP,SB002S,2002-07,GRAB,RESULT,N,NR,NR,S,Surface,
2003-08-25 00:00:00,0.0,5.0,RMP,SB002S,2003-08,VV,RESULT,N,NR,NR,S,Surface,
2002-08-07 00:00:00,0.0,5.0,RMP,SB003S,2002-07,GRAB,RESULT,N,NR,NR,SB,Surface,
2002-08-07 00:00:00,0.0,5.0,RMP,SB004S,2002-07,GRAB,RESULT,N,NR,NR,S,Surface,
2002-08-07 00:00:00,0.0,5.0,RMP,SB005S,2002-07,GRAB,RESULT,N,NR,NR,SB,Surface,
2002-08-06 00:00:00,0.0,5.0,RMP,SB006S,2002-07,GRAB,RESULT,N,NR,NR,S,Surface,
2002-08-07 00:00:00,0.0,5.0,RMP,SB007S,2002-07,GRAB,RESULT,N,NR,NR,SB,Surface,
2002-08-07 00:00:00,0.0,5.0,RMP,SB008S,2002-07,GRAB,RESULT,N,NR,NR,S,Surface,
2003-08-21 00:00:00,0.0,5.0,RMP,SB009S,2003-08,VV,RESULT,N,NR,NR,SB,Surface,
2003-08-22 00:00:00,0.0,5.0,RMP,SB010S,2003-08,VV,RESULT,N,NR,NR,S,Surface,
2003-08-22 00:00:00,0.0,5.0,RMP,SB011S,2003-08,VV,RESULT,N,NR,NR,SB,Surface,
2003-08-22 00:00:00,0.0,5.0,RMP,SB012S,2003-08,VV,RESULT,N,NR,NR,S,Surface,
2003-08-22 00:00:00,0.0,5.0,RMP,SB013S,2003-08,VV,RESULT,N,NR,NR,SB,Surface,
2003-08-26 00:00:00,0.0,5.0,RMP,SB014S,2003-08,VV,RESULT,N,NR,NR,S,Surface,
2002-08-07 00:00:00,0.0,5.0,RMP,SB073S,2002-07,GRAB,RESULT,N,NR,NR,SB,Surface,
2002-08-02 00:00:00,0.0,5.0,RMP,SPB001S,2002-07,GRAB,RESULT,N,NR,NR,SB,Surface,
2003-08-19 00:00:00,0.0,5.0,RMP,SPB001S,2003-08,VV,RESULT,N,NR,NR,SB,Surface,
2002-08-01 00:00:00,0.0,5.0,RMP,SPB002S,2002-07,GRAB,RESULT,N,NR,NR,S,Surface,
2003-08-20 00:00:00,0.0,5.0,RMP,SPB002S,2003-08,VV,RESULT,N,NR,NR,S,Surface,
2002-08-02 00:00:00,0.0,5.0,RMP,SPB003S,2002-07,GRAB,RESULT,N,NR,NR,SB,Surface,
2002-08-02 00:00:00,0.0,5.0,RMP,SPB004S,2002-07,GRAB,RESULT,N,NR,NR,S,Surface,
2002-08-02 00:00:00,0.0,5.0,RMP,SPB005S,2002-07,GRAB,RESULT,N,NR,NR,SB,Surface,
2002-08-01 00:00:00,0.0,5.0,RMP,SPB006S,2002-07,GRAB,RESULT,N,NR,NR,S,Surface,
2002-08-02 00:00:00,0.0,5.0,RMP,SPB007S,2002-07,GRAB,RESULT,N,NR,NR,SB,Surface,
2002-08-02 00:00:00,0.0,5.0,RMP,SPB008S,2002-07,GRAB,RESULT,N,NR,NR,S,Surface,
2003-08-20 00:00:00,0.0,5.0,RMP,SPB009S,2003-08,VV,RESULT,N,NR,NR,SB,Surface,
2003-08-20 00:00:00,0.0,5.0,RMP,SPB010S,2003-08,VV,RESULT,N,NR,NR,S,Surface,
2003-08-19 00:00:00,0.0,5.0,RMP,SPB011S,2003-08,VV,RESULT,N,NR,NR,SB,Surface,
2003-08-19 00:00:00,0.0,5.0,RMP,SPB012S,2003-08,VV,RESULT,N,NR,NR,S,Surface,
2003-08-19 00:00:00,0.0,5.0,RMP,SPB013S,2003-08,VV,RESULT,N,NR,NR,SB,Surface,
2003-08-20 00:00:00,0.0,5.0,RMP,SPB073S,2003-08,VV,RESULT,N,NR,NR,S,Surface,
2002-08-01 00:00:00,0.0,5.0,RMP,SU001S,2002-07,GRAB,RESULT,N,NR,NR,SB,Surface,
2003-08-19 00:00:00,0.0,5.0,RMP,SU001S,2003-08,VV,RESULT,N,NR,NR,SB,Surface,
2003-08-18 00:00:00,0.0,5.0,RMP,SU002S,2003-08,VV,RESULT,N,NR,NR,S,Surface,
2002-08-01 00:00:00,0.0,5.0,RMP,SU003S,2002-07,GRAB,RESULT,N,NR,NR,SB,Surface,
2002-07-31 00:00:00,0.0,5.0,RMP,SU004S,2002-07,GRAB,RESULT,N,NR,NR,S,Surface,
2002-07-31 00:00:00,0.0,5.0,RMP,SU005S,2002-07,GRAB,RESULT,N,NR,NR,SB,Surface,
2002-07-31 00:00:00,0.0,5.0,RMP,SU006S,2002-07,GRAB,RESULT,N,NR,NR,S,Surface,
2002-08-01 00:00:00,0.0,5.0,RMP,SU007S,2002-07,GRAB,RESULT,N,NR,NR,SB,Surface,
2002-07-31 00:00:00,0.0,5.0,RMP,SU008S,2002-07,GRAB,RESULT,N,NR,NR,S,Surface,
2003-08-18 00:00:00,0.0,5.0,RMP,SU009S,2003-08,VV,RESULT,N,NR,NR,SB,Surface,
2003-08-18 00:00:00,0.0,5.0,RMP,SU010S,2003-08,VV,RESULT,N,NR,NR,S,Surface,
2003-08-19 00:00:00,0.0,5.0,RMP,SU011S,2003-08,VV,RESULT,N,NR,NR,SB,Surface,
2003-08-18 00:00:00,0.0,5.0,RMP,SU012S,2003-08,VV,RESULT,N,NR,NR,S,Surface,
2003-08-19 00:00:00,0.0,5.0,RMP,SU013S,2003-08,VV,RESULT,N,NR,NR,SB,Surface,
2003-08-18 00:00:00,0.0,5.0,RMP,SU014S,2003-08,VV,RESULT,N,NR,NR,S,Surface,
2002-08-01 00:00:00,0.0,5.0,RMP,SU073S,2002-07,GRAB,RESULT,N,NR,NR,S,Surface,
1993-02-18 00:00:00,-99.0,-99.0,RMP,T-0-BH,1993-06MCAL,BUOY,CNEG,N,NR,NR,T,CNEG,Field-deployed bivalve tissue sample.
1993-06-25 00:00:00,-99.0,-99.0,RMP,T-0-BH,1993-10MCAL,BUOY,CNEG,N,NR,NR,T,CNEG,Field-deployed bivalve tissue sample.
1994-01-10 00:00:00,-99.0,-99.0,RMP,T-0-BH,1994-05MCAL,BUOY,CNEG,N,NR,NR,T,CNEG,Field-deployed bivalve tissue sample.
1994-05-27 00:00:00,-99.0,-99.0,RMP,T-0-BH,1994-09MCAL,BUOY,CNEG,N,NR,NR,T,CNEG,Field-deployed bivalve tissue sample.
1995-01-20 00:00:00,-99.0,-99.0,RMP,T-0-BH,1995-04MCAL,BUOY,CNEG,N,NR,NR,T,CNEG,Field-deployed bivalve tissue sample.
1995-06-16 00:00:00,-99.0,-99.0,RMP,T-0-BH,1995-09MCAL,BUOY,CNEG,N,NR,NR,T,CNEG,Field-deployed bivalve tissue sample.
1996-01-17 00:00:00,-99.0,-99.0,RMP,T-0-BH,1996-04MCAL,BUOY,CNEG,N,NR,NR,T,CNEG,Field-deployed bivalve tissue sample.
1996-06-05 00:00:00,-99.0,-99.0,RMP,T-0-BH,1996-09MCAL,BUOY,CNEG,N,NR,NR,T,CNEG,Field-deployed bivalve tissue sample.
1997-01-26 00:00:00,-99.0,-99.0,RMP,T-0-BH,1997-05MCAL,BUOY,CNEG,N,NR,NR,T,CNEG,Field-deployed bivalve tissue sample.
1997-06-23 00:00:00,-99.0,-99.0,RMP,T-0-BH,1997-09MCAL,BUOY,CNEG,N,NR,NR,T,CNEG,Field-deployed bivalve tissue sample.
1998-01-09 00:00:00,-99.0,-99.0,RMP,T-0-BH,1998-04MCAL,BUOY,CNEG,N,NR,NR,T,CNEG,Field-deployed bivalve tissue sample.
1998-05-26 00:00:00,-99.0,-99.0,RMP,T-0-BH,1998-09MCAL,BUOY,CNEG,N,NR,NR,T,CNEG,Field-deployed bivalve tissue sample.
1999-06-04 00:00:00,-99.0,-99.0,RMP,T-0-BH,1999-09MCAL,BUOY,CNEG,N,NR,NR,T,CNEG,Field-deployed bivalve tissue sample.
2000-06-06 00:00:00,-99.0,-99.0,RMP,T-0-BH,2000-09MCAL,BUOY,CNEG,N,NR,NR,T,CNEG,Field-deployed bivalve tissue sample.
2001-05-29 00:00:00,-99.0,-99.0,RMP,T-0-BH,2001-09MCAL,BUOY,CNEG,N,NR,NR,T,CNEG,Field-deployed bivalve tissue sample.
2002-05-17 00:00:00,-99.0,-99.0,RMP,T-0-BH,2002-08MCAL,BUOY,CNEG,N,NR,NR,T,CNEG,Field-deployed bivalve tissue sample.
1995-01-20 00:00:00,-99.0,-99.0,RMP,T-0-DB,1995-04CGIG,BUOY,CNEG,N,NR,NR,T,CNEG,Field-deployed bivalve tissue sample.
1997-12-23 00:00:00,-99.0,-99.0,RMP,T-0-LC,1998-04CFLU,BUOY,CNEG,N,NR,NR,T,CNEG,Field-deployed bivalve tissue sample.
1993-02-22 00:00:00,-99.0,-99.0,RMP,T-0-LI,1993-06CFLU,BUOY,CNEG,N,NR,NR,T,CNEG,Field-deployed bivalve tissue sample.
1993-06-28 00:00:00,-99.0,-99.0,RMP,T-0-LI,1993-10CFLU,BUOY,CNEG,N,NR,NR,T,CNEG,Field-deployed bivalve tissue sample.
1994-01-17 00:00:00,-99.0,-99.0,RMP,T-0-LI,1994-05CFLU,BUOY,CNEG,N,NR,NR,T,CNEG,Field-deployed bivalve tissue sample.
1994-06-02 00:00:00,-99.0,-99.0,RMP,T-0-LI,1994-09CFLU,BUOY,CNEG,N,NR,NR,T,CNEG,Field-deployed bivalve tissue sample.
1995-01-20 00:00:00,-99.0,-99.0,RMP,T-0-LI,1995-04CFLU,BUOY,CNEG,N,NR,NR,T,CNEG,Field-deployed bivalve tissue sample.
1995-06-16 00:00:00,-99.0,-99.0,RMP,T-0-LI,1995-09CFLU,BUOY,CNEG,N,NR,NR,T,CNEG,Field-deployed bivalve tissue sample.
1996-05-29 00:00:00,-99.0,-99.0,RMP,T-0-PC,1996-09CFLU,BUOY,CNEG,N,NR,NR,T,CNEG,Field-deployed bivalve tissue sample.
1997-01-26 00:00:00,-99.0,-99.0,RMP,T-0-PC,1997-05CFLU,BUOY,CNEG,N,NR,NR,T,CNEG,Field-deployed bivalve tissue sample.
1997-06-24 00:00:00,-99.0,-99.0,RMP,T-0-PC,1997-09CFLU,BUOY,CNEG,N,NR,NR,T,CNEG,Field-deployed bivalve tissue sample.
1995-12-20 00:00:00,-99.0,-99.0,RMP,T-0-PCPost,1996-04CFLU,BUOY,CNEG,N,NR,NR,T,CNEG,Field-deployed bivalve tissue sample.
1995-12-20 00:00:00,-99.0,-99.0,RMP,T-0-PCPre,1996-04CFLU,BUOY,CNEG,N,NR,NR,T,CNEG,Field-deployed bivalve tissue sample.
1993-02-22 00:00:00,-99.0,-99.0,RMP,T-0-TB,1993-06CGIG,BUOY,CNEG,N,NR,NR,T,CNEG,Field-deployed bivalve tissue sample.
1993-06-28 00:00:00,-99.0,-99.0,RMP,T-0-TB,1993-10CGIG,BUOY,CNEG,N,NR,NR,T,CNEG,Field-deployed bivalve tissue sample.
1994-01-18 00:00:00,-99.0,-99.0,RMP,T-0-TB,1994-05CGIG,BUOY,CNEG,N,NR,NR,T,CNEG,Field-deployed bivalve tissue sample.
1995-06-16 00:00:00,-99.0,-99.0,RMP,T-0-TB,1995-09CGIG,BUOY,CNEG,N,NR,NR,T,CNEG,Field-deployed bivalve tissue sample.
1996-01-17 00:00:00,-99.0,-99.0,RMP,T-0-TB,1996-04CGIG,BUOY,CNEG,N,NR,NR,T,CNEG,Field-deployed bivalve tissue sample.
1996-06-05 00:00:00,-99.0,-99.0,RMP,T-0-TB,1996-09CGIG,BUOY,CNEG,N,NR,NR,T,CNEG,Field-deployed bivalve tissue sample.
1997-01-26 00:00:00,-99.0,-99.0,RMP,T-0-TB,1997-05CGIG,BUOY,CNEG,N,NR,NR,T,CNEG,Field-deployed bivalve tissue sample.
1997-06-23 00:00:00,-99.0,-99.0,RMP,T-0-TB,1997-09CGIG,BUOY,CNEG,N,NR,NR,T,CNEG,Field-deployed bivalve tissue sample.
1998-01-09 00:00:00,-99.0,-99.0,RMP,T-0-TB,1998-04CGIG,BUOY,CNEG,N,NR,NR,T,CNEG,Field-deployed bivalve tissue sample.
1998-05-25 00:00:00,-99.0,-99.0,RMP,T-0-TB,1998-09CGIG,BUOY,CNEG,N,NR,NR,T,CNEG,Field-deployed bivalve tissue sample.
1999-06-04 00:00:00,-99.0,-99.0,RMP,T-0-TB,1999-09CGIG,BUOY,CNEG,N,NR,NR,T,CNEG,Field-deployed bivalve tissue sample.
2000-06-06 00:00:00,-99.0,-99.0,RMP,T-0-TB,2000-09CGIG,BUOY,CNEG,N,NR,NR,T,CNEG,Field-deployed bivalve tissue sample.
2001-05-28 00:00:00,-99.0,-99.0,RMP,T-0-TB,2001-09CGIG,BUOY,CNEG,N,NR,NR,T,CNEG,Field-deployed bivalve tissue sample.
2002-05-16 00:00:00,-99.0,-99.0,RMP,T-0-TB,2002-08CGIG,BUOY,CNEG,N,NR,NR,T,CNEG,Field-deployed bivalve tissue sample.
1994-06-02 00:00:00,-99.0,-99.0,RMP,T-0-TB/DB,1994-09CGIG,BUOY,CNEG,N,NR,NR,T,CNEG,Field-deployed bivalve tissue sample.
1992-11-02 00:00:00,0.0,-99.0,RWQCB_00,CW0002,A2,GRAB,RESULT,N,NR,NR,S,Surface,
1992-11-02 00:00:00,0.0,-99.0,RWQCB_00,CW0003,A2,GRAB,RESULT,N,NR,NR,S,Surface,
1992-11-02 00:00:00,0.0,-99.0,RWQCB_00,CW0004,A2,GRAB,RESULT,N,NR,NR,S,Surface,
1992-11-02 00:00:00,0.0,-99.0,RWQCB_00,CW0004,A3,GRAB,RESULT,N,NR,NR,S,Surface,
1992-11-02 00:00:00,0.0,-99.0,RWQCB_00,CW0005,A2,GRAB,RESULT,N,NR,NR,S,Surface,
1992-11-02 00:00:00,0.0,-99.0,RWQCB_00,CW0006,A2,GRAB,RESULT,N,NR,NR,S,Surface,
1992-11-02 00:00:00,0.0,-99.0,RWQCB_00,CW0007,A2,GRAB,RESULT,N,NR,NR,S,Surface,
1992-11-02 00:00:00,0.0,-99.0,RWQCB_00,CW0008,A2,GRAB,RESULT,N,NR,NR,S,Surface,
1992-11-02 00:00:00,0.0,-99.0,RWQCB_00,CW0009,A2,GRAB,RESULT,N,NR,NR,S,Surface,
1992-11-02 00:00:00,0.0,-99.0,RWQCB_00,CW0010,A2,GRAB,RESULT,N,NR,NR,S,Surface,
1992-11-02 00:00:00,0.0,-99.0,RWQCB_00,CW0010,A3,GRAB,RESULT,N,NR,NR,S,Surface,
1992-11-02 00:00:00,0.0,-99.0,RWQCB_00,CW0011,A2,GRAB,RESULT,N,NR,NR,S,Surface,
1992-11-02 00:00:00,0.0,-99.0,RWQCB_00,CW0012,A2,GRAB,RESULT,N,NR,NR,S,Surface,
1992-11-02 00:00:00,0.0,-99.0,RWQCB_00,CW0013,A2,GRAB,RESULT,N,NR,NR,S,Surface,
1992-11-02 00:00:00,0.0,-99.0,RWQCB_00,CW0013,A3,GRAB,RESULT,N,NR,NR,S,Surface,
1992-11-02 00:00:00,0.0,-99.0,RWQCB_00,CW0014,A2,GRAB,RESULT,N,NR,NR,S,Surface,
1992-11-02 00:00:00,0.0,-99.0,RWQCB_00,CW0015,A2,GRAB,RESULT,N,NR,NR,S,Surface,
1992-11-02 00:00:00,0.0,-99.0,RWQCB_00,CW0016,A2,GRAB,RESULT,N,NR,NR,S,Surface,
1992-11-02 00:00:00,0.0,-99.0,RWQCB_00,CW0017,A2,GRAB,RESULT,N,NR,NR,S,Surface,
1992-11-02 00:00:00,0.0,-99.0,RWQCB_00,CW0018,A2,GRAB,RESULT,N,NR,NR,S,Surface,
1992-10-26 00:00:00,0.0,4.0,RWQCB_00,CW0045,A2,GRAB,RESULT,N,NR,NR,S,Surface,
1992-10-26 00:00:00,0.0,7.0,RWQCB_00,CW0046,A3,GRAB,RESULT,N,NR,NR,S,Surface,
1996-08-20 00:00:00,0.0,-99.0,RWQCB_00,CW0048,A2,GRAB,RESULT,N,NR,NR,S,Surface,
1996-08-20 00:00:00,0.0,-99.0,RWQCB_00,CW0049,A2,GRAB,RESULT,N,NR,NR,S,Surface,
1996-08-20 00:00:00,0.0,-99.0,RWQCB_00,CW0050,A2,GRAB,RESULT,N,NR,NR,S,Surface,
1996-08-20 00:00:00,0.0,-99.0,RWQCB_00,CW0051,A2,GRAB,RESULT,N,NR,NR,S,Surface,
1996-08-20 00:00:00,0.0,-99.0,RWQCB_00,CW0052,A2,GRAB,RESULT,N,NR,NR,S,Surface,
2002-10-24 00:00:00,-99.0,-99.0,SANPAB,Control,Control,SWDRAW,CNEG,N,NR,NR,B,CNEG,
2002-10-24 00:00:00,0.0,-99.0,SANPAB,ControlAA,ControlAA,UNK,CNEG,N,NR,NR,B,CNEG,
2002-10-24 00:00:00,0.0,-99.0,SANPAB,ControlNA,ControlNA,UNK,CNEG,N,NR,NR,B,CNEG,
2002-10-24 00:00:00,0.0,-99.0,SANPAB,Reference,Reference,GRAB,REF,N,NR,NR,SB,Surface,Drag 
2002-10-24 00:00:00,0.0,142.5,SANPAB,Site 1,Site 1,CORE,RESULT,Y,NR,NR,SB,Subsurface,Push or Grav Core
2002-10-24 00:00:00,0.0,151.60000610351562,SANPAB,Site 2,Site 2,CORE,RESULT,Y,NR,NR,SB,Subsurface,Push or Grav Core
1900-01-01 00:00:00,0.0,-99.0,SCC_B03,0000,01,GRAB,CNEG,N,NR,NR,SB,CNEG,
2003-10-16 00:00:00,0.0,2.0,SCC_B03,3001,01,VV,RESULT,N,NR,NR,S,Surface,Last date used for sample.
2003-07-21 00:00:00,0.0,2.0,SCC_B03,4000,01,VV,RESULT,N,NR,NR,SB,Surface,Last date used for sample.
2003-07-19 00:00:00,0.0,2.0,SCC_B03,4001,01,TVV,RESULT,N,NR,NR,S,Surface,Last date used for sample.
2003-07-29 00:00:00,0.0,2.0,SCC_B03,4002,01,VV,RESULT,N,Fine Sand,Brown,SBI,Surface,Last date used for sample.
2003-07-22 00:00:00,0.0,2.0,SCC_B03,4003,01,VV,RESULT,N,NR,NR,S,Surface,Last date used for sample.
2003-07-22 00:00:00,0.0,2.0,SCC_B03,4004,01,VV,RESULT,N,NR,NR,SB,Surface,Last date used for sample.
2003-07-21 00:00:00,0.0,2.0,SCC_B03,4005,01,TVV,RESULT,N,NR,NR,S,Surface,Last date used for sample.
2003-07-21 00:00:00,0.0,2.0,SCC_B03,4006,01,VV,RESULT,N,NR,NR,SB,Surface,Last date used for sample.
2003-08-24 00:00:00,0.0,2.0,SCC_B03,4007,01,TVV,RESULT,N,NR,NR,SB,Surface,Last date used for sample.
2003-07-28 00:00:00,0.0,2.0,SCC_B03,4008,01,VV,RESULT,N,Mixed,Brown,SBI,Surface,Last date used for sample.
2003-07-20 00:00:00,0.0,2.0,SCC_B03,4009,01,TVV,RESULT,N,NR,NR,S,Surface,Last date used for sample.
2003-08-06 00:00:00,0.0,2.0,SCC_B03,4010,01,VV,RESULT,N,Silt/Clay,Olive Green,SBI,Surface,Last date used for sample.
2003-07-22 00:00:00,0.0,2.0,SCC_B03,4012,01,VV,RESULT,N,NR,NR,S,Surface,Last date used for sample.
2003-07-24 00:00:00,0.0,2.0,SCC_B03,4015,01,VV,RESULT,N,NR,NR,SB,Surface,Last date used for sample.
2003-08-19 00:00:00,0.0,2.0,SCC_B03,4017,01,VV,RESULT,N,Mixed,Brown,SBI,Surface,Last date used for sample.
2003-08-08 00:00:00,0.0,2.0,SCC_B03,4018,01,TVV,RESULT,N,Silt/Clay,Brown,SBI,Surface,Last date used for sample.
2003-08-18 00:00:00,0.0,2.0,SCC_B03,4019,01,TVV,RESULT,N,NR,NR,SB,Surface,Last date used for sample.
2003-07-25 00:00:00,0.0,2.0,SCC_B03,4020,01,VV,RESULT,N,Fine Sand,Brown,SBI,Surface,Last date used for sample.
2003-08-25 00:00:00,0.0,2.0,SCC_B03,4021,01,VV,RESULT,N,NR,NR,SB,Surface,Last date used for sample.
2003-07-21 00:00:00,0.0,2.0,SCC_B03,4022,01,VV,RESULT,N,NR,NR,S,Surface,Last date used for sample.
2003-08-24 00:00:00,0.0,2.0,SCC_B03,4023,01,TVV,RESULT,N,NR,NR,SB,Surface,Last date used for sample.
2003-08-05 00:00:00,0.0,2.0,SCC_B03,4024,01,TVV,RESULT,N,NR,NR,S,Surface,Last date used for sample.
2003-07-19 00:00:00,0.0,2.0,SCC_B03,4025,01,TVV,RESULT,N,NR,NR,S,Surface,Last date used for sample.
2003-08-19 00:00:00,0.0,2.0,SCC_B03,4026,01,TVV,RESULT,N,NR,NR,SB,Surface,Last date used for sample.
2003-08-15 00:00:00,0.0,2.0,SCC_B03,4027,01,VV,RESULT,N,NR,NR,SB,Surface,Last date used for sample.
2003-07-16 00:00:00,0.0,2.0,SCC_B03,4028,01,VV,RESULT,N,Silt/Clay,Olive Green,SBI,Surface,Last date used for sample.
2003-07-21 00:00:00,0.0,2.0,SCC_B03,4029,01,VV,RESULT,N,NR,NR,SB,Surface,Last date used for sample.
2003-07-24 00:00:00,0.0,2.0,SCC_B03,4030,01,TVV,RESULT,N,NR,NR,S,Surface,Last date used for sample.
2003-07-25 00:00:00,0.0,2.0,SCC_B03,4032,01,VV,RESULT,N,Silt/Clay,Olive Green,SBI,Surface,Last date used for sample.
2003-07-25 00:00:00,0.0,2.0,SCC_B03,4033,01,VV,RESULT,N,Silt/Clay,Olive Green,SBI,Surface,Last date used for sample.
2003-08-20 00:00:00,0.0,2.0,SCC_B03,4034,01,VV,RESULT,N,Fine Sand,Brown,SBI,Surface,Last date used for sample.
2003-08-18 00:00:00,0.0,2.0,SCC_B03,4035,01,TVV,RESULT,N,NR,NR,SB,Surface,Last date used for sample.
2003-07-23 00:00:00,0.0,2.0,SCC_B03,4036,01,VV,RESULT,N,NR,NR,SB,Surface,Last date used for sample.
2003-07-23 00:00:00,0.0,2.0,SCC_B03,4037,01,VV,RESULT,N,NR,NR,SB,Surface,Last date used for sample.
2003-08-20 00:00:00,0.0,2.0,SCC_B03,4038,01,TVV,RESULT,N,NR,NR,S,Surface,Last date used for sample.
2003-08-23 00:00:00,0.0,2.0,SCC_B03,4039,01,TVV,RESULT,N,NR,NR,SB,Surface,Last date used for sample.
2003-08-06 00:00:00,0.0,2.0,SCC_B03,4040,01,TVV,RESULT,N,NR,NR,S,Surface,Last date used for sample.
2003-07-29 00:00:00,0.0,2.0,SCC_B03,4041,01,TVV,RESULT,N,NR,NR,S,Surface,Last date used for sample.
2003-08-19 00:00:00,0.0,2.0,SCC_B03,4042,01,TVV,RESULT,N,NR,NR,S,Surface,Last date used for sample.
2003-07-23 00:00:00,0.0,2.0,SCC_B03,4043,01,VV,RESULT,N,NR,NR,SB,Surface,Last date used for sample.
2003-07-22 00:00:00,0.0,2.0,SCC_B03,4045,01,VV,RESULT,N,NR,NR,S,Surface,Last date used for sample.
2003-07-24 00:00:00,0.0,2.0,SCC_B03,4047,01,VV,RESULT,N,NR,NR,S,Surface,Last date used for sample.
2003-08-05 00:00:00,0.0,2.0,SCC_B03,4048,01,TVV,RESULT,N,NR,NR,SB,Surface,Last date used for sample.
2003-07-21 00:00:00,0.0,2.0,SCC_B03,4049,01,VV,RESULT,N,Mixed,Brown,SBI,Surface,Last date used for sample.
2003-08-06 00:00:00,0.0,2.0,SCC_B03,4050,01,VV,RESULT,N,Silt/Clay,Olive Green,SBI,Surface,Last date used for sample.
2003-07-21 00:00:00,0.0,2.0,SCC_B03,4051,01,VV,RESULT,N,NR,NR,SB,Surface,Last date used for sample.
2003-07-16 00:00:00,0.0,2.0,SCC_B03,4052,01,VV,RESULT,N,Silt/Clay,Brown,SBI,Surface,Last date used for sample.
2003-09-16 00:00:00,0.0,2.0,SCC_B03,4053,01,VV,RESULT,N,Gravel,Black,SBI,Surface,Last date used for sample.
2003-07-29 00:00:00,0.0,2.0,SCC_B03,4055,01,VV,RESULT,N,NR,NR,S,Surface,Last date used for sample.
2003-07-23 00:00:00,0.0,2.0,SCC_B03,4057,01,VV,RESULT,N,NR,NR,SB,Surface,Last date used for sample.
2003-07-23 00:00:00,0.0,2.0,SCC_B03,4058,01,TVV,RESULT,N,NR,NR,SB,Surface,Last date used for sample.
2003-08-22 00:00:00,0.0,2.0,SCC_B03,4059,01,TVV,RESULT,N,NR,NR,SB,Surface,Last date used for sample.
2003-07-19 00:00:00,0.0,2.0,SCC_B03,4060,01,TVV,RESULT,N,NR,NR,S,Surface,Last date used for sample.
2003-07-22 00:00:00,0.0,2.0,SCC_B03,4061,01,VV,RESULT,N,NR,NR,SB,Surface,Last date used for sample.
2003-09-03 00:00:00,0.0,2.0,SCC_B03,4062,01,VV,RESULT,N,NR,NR,S,Surface,Last date used for sample.
2003-08-04 00:00:00,0.0,2.0,SCC_B03,4064,01,TVV,RESULT,N,NR,NR,S,Surface,Last date used for sample.
2003-09-02 00:00:00,0.0,2.0,SCC_B03,4065,01,TVV,RESULT,N,Fine Sand,Brown,SBI,Surface,Last date used for sample.
2003-07-24 00:00:00,0.0,2.0,SCC_B03,4066,01,VV,RESULT,N,Fine Sand,Brown,SB,Surface,Last date used for sample.
2003-08-25 00:00:00,0.0,2.0,SCC_B03,4067,01,TVV,RESULT,N,NR,NR,SB,Surface,Last date used for sample.
2003-07-21 00:00:00,0.0,2.0,SCC_B03,4068,01,VV,RESULT,N,NR,NR,SB,Surface,Last date used for sample.
2003-08-21 00:00:00,0.0,2.0,SCC_B03,4069,01,VV,RESULT,N,NR,NR,SB,Surface,Last date used for sample.
2003-08-20 00:00:00,0.0,2.0,SCC_B03,4070,01,TVV,RESULT,N,NR,NR,S,Surface,Last date used for sample.
2003-08-23 00:00:00,0.0,2.0,SCC_B03,4071,01,TVV,RESULT,N,NR,NR,SB,Surface,Last date used for sample.
2003-07-24 00:00:00,0.0,2.0,SCC_B03,4072,01,VV,RESULT,N,Coarse Sand,Gray,SBI,Surface,Last date used for sample.
2003-07-29 00:00:00,0.0,2.0,SCC_B03,4073,01,TVV,RESULT,N,NR,NR,S,Surface,Last date used for sample.
2003-07-19 00:00:00,0.0,2.0,SCC_B03,4074,01,TVV,RESULT,N,NR,NR,S,Surface,Last date used for sample.
2003-08-18 00:00:00,0.0,2.0,SCC_B03,4075,01,VV,RESULT,N,Mixed,Brown,SBI,Surface,Last date used for sample.
2003-07-18 00:00:00,0.0,2.0,SCC_B03,4076,01,VV,RESULT,N,Silt/Clay,Olive Green,SBI,Surface,Last date used for sample.
2003-08-04 00:00:00,0.0,2.0,SCC_B03,4077,01,VV,RESULT,N,NR,NR,S,Surface,Last date used for sample.
2003-07-25 00:00:00,0.0,2.0,SCC_B03,4079,01,VV,RESULT,N,NR,NR,SB,Surface,Last date used for sample.
2003-08-07 00:00:00,0.0,2.0,SCC_B03,4080,01,TVV,RESULT,N,NR,NR,SB,Surface,Last date used for sample.
2003-08-25 00:00:00,0.0,2.0,SCC_B03,4083,01,TVV,RESULT,N,NR,NR,SB,Surface,Last date used for sample.
2003-07-31 00:00:00,0.0,2.0,SCC_B03,4084,01,VV,RESULT,N,Silt/Clay,Black,SBI,Surface,Last date used for sample.
2003-09-02 00:00:00,0.0,2.0,SCC_B03,4085,01,VV,RESULT,N,Fine Sand,Brown,SBI,Surface,Last date used for sample.
2003-07-21 00:00:00,0.0,2.0,SCC_B03,4086,01,VV,RESULT,N,NR,NR,SB,Surface,Last date used for sample.
2003-07-21 00:00:00,0.0,2.0,SCC_B03,4087,01,VV,RESULT,N,Mixed,Brown,SBI,Surface,Last date used for sample.
2003-08-06 00:00:00,0.0,2.0,SCC_B03,4088,01,TVV,RESULT,N,NR,NR,SB,Surface,Last date used for sample.
2003-07-21 00:00:00,0.0,2.0,SCC_B03,4089,01,VV,RESULT,N,NR,NR,SB,Surface,Last date used for sample.
2003-08-19 00:00:00,0.0,2.0,SCC_B03,4090,01,TVV,RESULT,N,NR,NR,SB,Surface,Last date used for sample.
2003-08-22 00:00:00,0.0,2.0,SCC_B03,4091,01,TVV,RESULT,N,NR,NR,SB,Surface,Last date used for sample.
2003-07-16 00:00:00,0.0,2.0,SCC_B03,4092,01,VV,RESULT,N,Silt/Clay,Olive Green,SBI,Surface,Last date used for sample.
2003-08-19 00:00:00,0.0,2.0,SCC_B03,4093,01,TVV,RESULT,N,NR,NR,SB,Surface,Last date used for sample.
2003-09-03 00:00:00,0.0,2.0,SCC_B03,4094,01,VV,RESULT,N,NR,NR,S,Surface,Last date used for sample.
2003-08-07 00:00:00,0.0,2.0,SCC_B03,4096,01,TVV,RESULT,N,NR,NR,SB,Surface,Last date used for sample.
2003-09-02 00:00:00,0.0,2.0,SCC_B03,4097,01,TVV,RESULT,N,Silt/Clay,Black,SBI,Surface,Last date used for sample.
2003-08-07 00:00:00,0.0,2.0,SCC_B03,4098,01,VV,RESULT,N,Silt/Clay,Olive Green,SBI,Surface,Last date used for sample.
2003-08-18 00:00:00,0.0,2.0,SCC_B03,4099,01,TVV,RESULT,N,NR,NR,SB,Surface,Last date used for sample.
2003-07-20 00:00:00,0.0,2.0,SCC_B03,4100,01,TVV,RESULT,N,NR,NR,S,Surface,Last date used for sample.
2003-07-23 00:00:00,0.0,2.0,SCC_B03,4101,01,VV,RESULT,N,NR,NR,SB,Surface,Last date used for sample.
2003-08-20 00:00:00,0.0,2.0,SCC_B03,4102,01,TVV,RESULT,N,NR,NR,S,Surface,Last date used for sample.
2003-08-25 00:00:00,0.0,2.0,SCC_B03,4103,01,TVV,RESULT,N,NR,NR,SB,Surface,Last date used for sample.
2003-08-19 00:00:00,0.0,2.0,SCC_B03,4104,01,VV,RESULT,N,Mixed,Brown,SBI,Surface,Last date used for sample.
2003-07-20 00:00:00,0.0,2.0,SCC_B03,4106,01,TVV,RESULT,N,NR,NR,S,Surface,Last date used for sample.
2003-07-18 00:00:00,0.0,2.0,SCC_B03,4108,01,VV,RESULT,N,Silt/Clay,Olive Green,SBI,Surface,Last date used for sample.
2003-08-04 00:00:00,0.0,2.0,SCC_B03,4109,01,VV,RESULT,N,NR,NR,S,Surface,Last date used for sample.
2003-07-24 00:00:00,0.0,2.0,SCC_B03,4110,01,TVV,RESULT,N,NR,NR,S,Surface,Last date used for sample.
2003-08-24 00:00:00,0.0,2.0,SCC_B03,4111,01,TVV,RESULT,N,NR,NR,S,Surface,Last date used for sample.
2003-07-29 00:00:00,0.0,2.0,SCC_B03,4113,01,TVV,RESULT,N,NR,NR,S,Surface,Last date used for sample.
2003-07-21 00:00:00,0.0,2.0,SCC_B03,4115,01,VV,RESULT,N,NR,NR,SB,Surface,Last date used for sample.
2003-07-16 00:00:00,0.0,2.0,SCC_B03,4116,01,VV,RESULT,N,Silt/Clay,Olive Green,SBI,Surface,Last date used for sample.
2003-09-02 00:00:00,0.0,2.0,SCC_B03,4117,01,VV,RESULT,N,Fine Sand,Gray,SBI,Surface,Last date used for sample.
2003-08-04 00:00:00,0.0,2.0,SCC_B03,4118,01,VV,RESULT,N,Silt/Clay,Brown,SBI,Surface,Last date used for sample.
2003-07-29 00:00:00,0.0,2.0,SCC_B03,4119,01,VV,RESULT,N,NR,NR,S,Surface,Last date used for sample.
2003-07-22 00:00:00,0.0,2.0,SCC_B03,4120,01,VV,RESULT,N,NR,NR,S,Surface,Last date used for sample.
2003-07-19 00:00:00,0.0,2.0,SCC_B03,4121,01,TVV,RESULT,N,NR,NR,S,Surface,Last date used for sample.
2003-08-19 00:00:00,0.0,2.0,SCC_B03,4122,01,TVV,RESULT,N,NR,NR,S,Surface,Last date used for sample.
2003-07-30 00:00:00,0.0,2.0,SCC_B03,4123,01,VV,RESULT,N,NR,NR,S,Surface,Last date used for sample.
2003-07-19 00:00:00,0.0,2.0,SCC_B03,4124,01,TVV,RESULT,N,NR,NR,S,Surface,Last date used for sample.
2003-08-20 00:00:00,0.0,2.0,SCC_B03,4125,01,TVV,RESULT,N,NR,NR,SB,Surface,Last date used for sample.
2003-09-03 00:00:00,0.0,2.0,SCC_B03,4126,01,VV,RESULT,N,NR,NR,S,Surface,Last date used for sample.
2003-07-23 00:00:00,0.0,2.0,SCC_B03,4128,01,VV,RESULT,N,NR,NR,S,Surface,Last date used for sample.
2003-09-03 00:00:00,0.0,2.0,SCC_B03,4129,01,TVV,RESULT,N,Fine Sand,Brown,SBI,Surface,Last date used for sample.
2003-07-23 00:00:00,0.0,2.0,SCC_B03,4130,01,VV,RESULT,N,Silt/Clay,Brown,SBI,Surface,Last date used for sample.
2003-07-22 00:00:00,0.0,2.0,SCC_B03,4131,01,VV,RESULT,N,Silt/Clay,Olive Green,SBI,Surface,Last date used for sample.
2003-08-01 00:00:00,0.0,2.0,SCC_B03,4132,01,TVV,RESULT,N,NR,NR,SB,Surface,Last date used for sample.
2003-08-19 00:00:00,0.0,2.0,SCC_B03,4133,01,TVV,RESULT,N,NR,NR,S,Surface,Last date used for sample.
2003-08-21 00:00:00,0.0,2.0,SCC_B03,4134,01,TVV,RESULT,N,NR,NR,S,Surface,Last date used for sample.
2003-08-22 00:00:00,0.0,2.0,SCC_B03,4135,01,TVV,RESULT,N,NR,NR,SB,Surface,Last date used for sample.
2003-07-29 00:00:00,0.0,2.0,SCC_B03,4137,01,TVV,RESULT,N,NR,NR,S,Surface,Last date used for sample.
2003-07-14 00:00:00,0.0,2.0,SCC_B03,4138,01,VV,RESULT,N,Silt/Clay,Olive Green,SBI,Surface,Last date used for sample.
2003-07-18 00:00:00,0.0,2.0,SCC_B03,4140,01,VV,RESULT,N,Silt/Clay,Olive Green,SBI,Surface,Last date used for sample.
2003-07-22 00:00:00,0.0,2.0,SCC_B03,4141,01,VV,RESULT,N,NR,NR,S,Surface,Last date used for sample.
2003-07-24 00:00:00,0.0,2.0,SCC_B03,4142,01,VV,RESULT,N,Gravel,Black,SBI,Surface,Last date used for sample.
2003-07-25 00:00:00,0.0,2.0,SCC_B03,4143,01,VV,RESULT,N,NR,NR,S,Surface,Last date used for sample.
2003-08-07 00:00:00,0.0,2.0,SCC_B03,4144,01,TVV,RESULT,N,NR,NR,S,Surface,Last date used for sample.
2003-07-22 00:00:00,0.0,2.0,SCC_B03,4145,01,VV,RESULT,N,Fine Sand,Brown,SBI,Surface,Last date used for sample.
2003-08-06 00:00:00,0.0,2.0,SCC_B03,4146,01,VV,RESULT,N,Mixed,Olive Green,SBI,Surface,Last date used for sample.
2003-08-18 00:00:00,0.0,2.0,SCC_B03,4147,01,TVV,RESULT,N,NR,NR,S,Surface,Last date used for sample.
2003-07-16 00:00:00,0.0,2.0,SCC_B03,4148,01,VV,RESULT,N,Silt/Clay,Olive Green,SBI,Surface,Last date used for sample.
2003-09-02 00:00:00,0.0,2.0,SCC_B03,4149,01,VV,RESULT,N,Fine Sand,Brown,SBI,Surface,Last date used for sample.
2003-07-21 00:00:00,0.0,2.0,SCC_B03,4150,01,VV,RESULT,N,NR,NR,S,Surface,Last date used for sample.
2003-08-05 00:00:00,0.0,2.0,SCC_B03,4152,01,TVV,RESULT,N,NR,NR,S,Surface,Last date used for sample.
2003-07-21 00:00:00,0.0,2.0,SCC_B03,4153,01,TVV,RESULT,N,NR,NR,S,Surface,Last date used for sample.
2003-07-23 00:00:00,0.0,2.0,SCC_B03,4154,01,TVV,RESULT,N,NR,NR,S,Surface,Last date used for sample.
2003-08-15 00:00:00,0.0,2.0,SCC_B03,4155,01,VV,RESULT,N,NR,NR,SB,Surface,Last date used for sample.
2003-07-16 00:00:00,0.0,2.0,SCC_B03,4156,01,VV,RESULT,N,Silt/Clay,Olive Green,SBI,Surface,Last date used for sample.
2003-08-20 00:00:00,0.0,2.0,SCC_B03,4157,01,TVV,RESULT,N,NR,NR,S,Surface,Last date used for sample.
2003-09-03 00:00:00,0.0,2.0,SCC_B03,4158,01,VV,RESULT,N,NR,NR,S,Surface,Last date used for sample.
2003-08-21 00:00:00,0.0,2.0,SCC_B03,4159,01,VV,RESULT,N,NR,NR,SB,Surface,Last date used for sample.
2003-07-20 00:00:00,0.0,2.0,SCC_B03,4160,01,TVV,RESULT,N,NR,NR,S,Surface,Last date used for sample.
2003-08-19 00:00:00,0.0,2.0,SCC_B03,4161,01,VV,RESULT,N,Mixed,Brown,SBI,Surface,Last date used for sample.
2003-08-07 00:00:00,0.0,2.0,SCC_B03,4162,01,VV,RESULT,N,Mixed,Olive Green,SBI,Surface,Last date used for sample.
2003-07-21 00:00:00,0.0,2.0,SCC_B03,4163,01,VV,RESULT,N,NR,NR,SB,Surface,Last date used for sample.
2003-07-25 00:00:00,0.0,2.0,SCC_B03,4164,01,VV,RESULT,N,NR,NR,S,Surface,Last date used for sample.
2003-07-23 00:00:00,0.0,2.0,SCC_B03,4165,01,VV,RESULT,N,NR,NR,S,Surface,Last date used for sample.
2003-08-20 00:00:00,0.0,2.0,SCC_B03,4166,01,TVV,RESULT,N,NR,NR,S,Surface,Last date used for sample.
2003-08-25 00:00:00,0.0,2.0,SCC_B03,4167,01,TVV,RESULT,N,NR,NR,S,Surface,Last date used for sample.
2003-08-18 00:00:00,0.0,2.0,SCC_B03,4168,01,VV,RESULT,N,Mixed,Brown,SBI,Surface,Last date used for sample.
2003-07-23 00:00:00,0.0,2.0,SCC_B03,4169,01,TVV,RESULT,N,NR,NR,SB,Surface,Last date used for sample.
2003-08-21 00:00:00,0.0,2.0,SCC_B03,4170,01,TVV,RESULT,N,NR,NR,S,Surface,Last date used for sample.
2003-07-22 00:00:00,0.0,2.0,SCC_B03,4171,01,VV,RESULT,N,NR,NR,SB,Surface,Last date used for sample.
2003-07-21 00:00:00,0.0,2.0,SCC_B03,4172,01,VV,RESULT,N,NR,NR,S,Surface,Last date used for sample.
2003-07-22 00:00:00,0.0,2.0,SCC_B03,4173,01,VV,RESULT,N,NR,NR,S,Surface,Last date used for sample.
2003-09-03 00:00:00,0.0,2.0,SCC_B03,4177,01,TVV,RESULT,N,Fine Sand,Brown,SBI,Surface,Last date used for sample.
2003-08-06 00:00:00,0.0,2.0,SCC_B03,4178,01,VV,RESULT,N,Silt/Clay,Olive Green,SBI,Surface,Last date used for sample.
2003-08-26 00:00:00,0.0,2.0,SCC_B03,4179,01,TVV,RESULT,N,NR,NR,SB,Surface,Last date used for sample.
2003-07-23 00:00:00,0.0,2.0,SCC_B03,4181,01,VV,RESULT,N,NR,NR,S,Surface,Last date used for sample.
2003-07-23 00:00:00,0.0,2.0,SCC_B03,4182,01,VV,RESULT,N,Silt/Clay,Brown,SBI,Surface,Last date used for sample.
2003-07-29 00:00:00,0.0,2.0,SCC_B03,4183,01,VV,RESULT,N,NR,NR,S,Surface,Last date used for sample.
2003-07-25 00:00:00,0.0,2.0,SCC_B03,4184,01,VV,RESULT,N,NR,NR,S,Surface,Last date used for sample.
2003-08-21 00:00:00,0.0,2.0,SCC_B03,4185,01,VV,RESULT,N,NR,NR,S,Surface,Last date used for sample.
2003-08-19 00:00:00,0.0,2.0,SCC_B03,4186,01,TVV,RESULT,N,NR,NR,S,Surface,Last date used for sample.
2003-08-24 00:00:00,0.0,2.0,SCC_B03,4187,01,TVV,RESULT,N,NR,NR,S,Surface,Last date used for sample.
2003-07-19 00:00:00,0.0,2.0,SCC_B03,4188,01,TVV,RESULT,N,NR,NR,S,Surface,Last date used for sample.
2003-07-23 00:00:00,0.0,2.0,SCC_B03,4189,01,VV,RESULT,N,NR,NR,S,Surface,Last date used for sample.
2003-08-04 00:00:00,0.0,2.0,SCC_B03,4192,01,TVV,RESULT,N,NR,NR,S,Surface,Last date used for sample.
2003-09-02 00:00:00,0.0,2.0,SCC_B03,4193,01,TVV,RESULT,N,Fine Sand,Brown,SBI,Surface,Last date used for sample.
2003-08-04 00:00:00,0.0,2.0,SCC_B03,4194,01,VV,RESULT,N,Fine Sand,Brown,SBI,Surface,Last date used for sample.
2003-08-25 00:00:00,0.0,2.0,SCC_B03,4195,01,TVV,RESULT,N,NR,NR,S,Surface,Last date used for sample.
2003-07-20 00:00:00,0.0,2.0,SCC_B03,4196,01,TVV,RESULT,N,NR,NR,S,Surface,Last date used for sample.
2003-08-20 00:00:00,0.0,2.0,SCC_B03,4197,01,VV,RESULT,N,Mixed,Black,SB,Surface,Last date used for sample.
2003-08-21 00:00:00,0.0,2.0,SCC_B03,4198,01,TVV,RESULT,N,NR,NR,S,Surface,Last date used for sample.
2003-08-23 00:00:00,0.0,2.0,SCC_B03,4199,01,TVV,RESULT,N,NR,NR,SB,Surface,Last date used for sample.
2003-08-06 00:00:00,0.0,2.0,SCC_B03,4200,01,TVV,RESULT,N,NR,NR,S,Surface,Last date used for sample.
2003-07-22 00:00:00,0.0,2.0,SCC_B03,4201,01,TVV,RESULT,N,NR,NR,SB,Surface,Last date used for sample.
2003-08-20 00:00:00,0.0,2.0,SCC_B03,4202,01,TVV,RESULT,N,NR,NR,SB,Surface,Last date used for sample.
2003-07-23 00:00:00,0.0,2.0,SCC_B03,4203,01,VV,RESULT,N,NR,NR,S,Surface,Last date used for sample.
2003-07-25 00:00:00,0.0,2.0,SCC_B03,4204,01,VV,RESULT,N,Silt/Clay,Olive Green,SBI,Surface,Last date used for sample.
2003-07-22 00:00:00,0.0,2.0,SCC_B03,4205,01,VV,RESULT,N,NR,NR,S,Surface,Last date used for sample.
2003-08-08 00:00:00,0.0,2.0,SCC_B03,4206,01,VV,RESULT,N,Silt/Clay,Brown,SBI,Surface,Last date used for sample.
2003-07-24 00:00:00,0.0,2.0,SCC_B03,4207,01,VV,RESULT,N,NR,NR,S,Surface,Last date used for sample.
2003-08-07 00:00:00,0.0,2.0,SCC_B03,4208,01,TVV,RESULT,N,NR,NR,S,Surface,Last date used for sample.
2003-07-28 00:00:00,0.0,2.0,SCC_B03,4209,01,VV,RESULT,N,Fine Sand,Brown,SBI,Surface,Last date used for sample.
2003-08-06 00:00:00,0.0,2.0,SCC_B03,4210,01,VV,RESULT,N,Silt/Clay,Olive Green,SBI,Surface,Last date used for sample.
2003-08-26 00:00:00,0.0,2.0,SCC_B03,4211,01,TVV,RESULT,N,NR,NR,SB,Surface,Last date used for sample.
2003-07-17 00:00:00,0.0,2.0,SCC_B03,4212,01,VV,RESULT,N,Silt/Clay,Brown,SBI,Surface,Last date used for sample.
2003-09-16 00:00:00,0.0,2.0,SCC_B03,4213,01,VV,RESULT,N,Gravel,Black,SB,Surface,Last date used for sample.
2003-07-29 00:00:00,0.0,2.0,SCC_B03,4215,01,VV,RESULT,N,NR,NR,S,Surface,Last date used for sample.
2003-07-19 00:00:00,0.0,2.0,SCC_B03,4216,01,TVV,RESULT,N,NR,NR,S,Surface,Last date used for sample.
2003-08-19 00:00:00,0.0,2.0,SCC_B03,4218,01,TVV,RESULT,N,NR,NR,S,Surface,Last date used for sample.
2003-07-18 00:00:00,0.0,2.0,SCC_B03,4219,01,TVV,RESULT,N,NR,NR,S,Surface,Last date used for sample.
2003-07-19 00:00:00,0.0,2.0,SCC_B03,4220,01,TVV,RESULT,N,NR,NR,S,Surface,Last date used for sample.
2003-08-18 00:00:00,0.0,2.0,SCC_B03,4221,01,VV,RESULT,N,Silt/Clay,NR,SBI,Surface,Last date used for sample.
2003-09-03 00:00:00,0.0,2.0,SCC_B03,4222,01,VV,RESULT,N,NR,NR,S,Surface,Last date used for sample.
2003-07-20 00:00:00,0.0,2.0,SCC_B03,4224,01,TVV,RESULT,N,NR,NR,S,Surface,Last date used for sample.
2003-08-25 00:00:00,0.0,2.0,SCC_B03,4227,01,TVV,RESULT,N,NR,NR,S,Surface,Last date used for sample.
2003-07-25 00:00:00,0.0,2.0,SCC_B03,4228,01,VV,RESULT,N,Silt/Clay,Black,SBI,Surface,Last date used for sample.
2003-07-21 00:00:00,0.0,2.0,SCC_B03,4230,01,VV,RESULT,N,NR,NR,S,Surface,Last date used for sample.
2003-08-05 00:00:00,0.0,2.0,SCC_B03,4232,01,TVV,RESULT,N,NR,NR,S,Surface,Last date used for sample.
2003-07-19 00:00:00,0.0,2.0,SCC_B03,4233,01,TVV,RESULT,N,NR,NR,S,Surface,Last date used for sample.
2003-08-18 00:00:00,0.0,2.0,SCC_B03,4234,01,TVV,RESULT,N,NR,NR,S,Surface,Last date used for sample.
2003-07-22 00:00:00,0.0,2.0,SCC_B03,4235,01,VV,RESULT,N,NR,NR,SB,Surface,Last date used for sample.
2003-07-16 00:00:00,0.0,2.0,SCC_B03,4236,01,VV,RESULT,N,Silt/Clay,Olive Green,SBI,Surface,Last date used for sample.
2003-08-19 00:00:00,0.0,2.0,SCC_B03,4237,01,TVV,RESULT,N,NR,NR,SB,Surface,Last date used for sample.
2003-07-24 00:00:00,0.0,2.0,SCC_B03,4238,01,TVV,RESULT,N,NR,NR,S,Surface,Last date used for sample.
2003-08-23 00:00:00,0.0,2.0,SCC_B03,4239,01,TVV,RESULT,N,NR,NR,SB,Surface,Last date used for sample.
2003-08-06 00:00:00,0.0,2.0,SCC_B03,4240,01,TVV,RESULT,N,NR,NR,SB,Surface,Last date used for sample.
2003-07-29 00:00:00,0.0,2.0,SCC_B03,4241,01,TVV,RESULT,N,NR,NR,S,Surface,Last date used for sample.
2003-08-06 00:00:00,0.0,2.0,SCC_B03,4242,01,VV,RESULT,N,Mixed,Olive Green,SBI,Surface,Last date used for sample.
2003-07-22 00:00:00,0.0,2.0,SCC_B03,4243,01,VV,RESULT,N,NR,NR,SB,Surface,Last date used for sample.
2003-07-22 00:00:00,0.0,2.0,SCC_B03,4244,01,VV,RESULT,N,NR,NR,S,Surface,Last date used for sample.
2003-08-08 00:00:00,0.0,2.0,SCC_B03,4246,01,TVV,RESULT,N,Silt/Clay,Brown,SBI,Surface,Last date used for sample.
2003-07-22 00:00:00,0.0,2.0,SCC_B03,4248,01,VV,RESULT,N,NR,NR,S,Surface,Last date used for sample.
2003-07-21 00:00:00,0.0,2.0,SCC_B03,4249,01,TVV,RESULT,N,NR,NR,S,Surface,Last date used for sample.
2003-08-19 00:00:00,0.0,2.0,SCC_B03,4250,01,TVV,RESULT,N,NR,NR,S,Surface,Last date used for sample.
2003-08-22 00:00:00,0.0,2.0,SCC_B03,4251,01,TVV,RESULT,N,NR,NR,S,Surface,Last date used for sample.
2003-07-19 00:00:00,0.0,2.0,SCC_B03,4252,01,TVV,RESULT,N,NR,NR,S,Surface,Last date used for sample.
2003-07-22 00:00:00,0.0,2.0,SCC_B03,4253,01,VV,RESULT,N,NR,NR,S,Surface,Last date used for sample.
2003-08-19 00:00:00,0.0,2.0,SCC_B03,4254,01,TVV,RESULT,N,NR,NR,SB,Surface,Last date used for sample.
2003-08-20 00:00:00,0.0,2.0,SCC_B03,4255,01,VV,RESULT,N,NR,NR,SB,Surface,Last date used for sample.
2003-07-21 00:00:00,0.0,2.0,SCC_B03,4256,01,VV,RESULT,N,NR,NR,S,Surface,Last date used for sample.
2003-09-03 00:00:00,0.0,2.0,SCC_B03,4257,01,TVV,RESULT,N,Silt/Clay,Brown,SBI,Surface,Last date used for sample.
2003-07-29 00:00:00,0.0,2.0,SCC_B03,4258,01,VV,RESULT,N,Mixed,Brown,SBI,Surface,Last date used for sample.
2003-07-22 00:00:00,0.0,2.0,SCC_B03,4259,01,VV,RESULT,N,NR,NR,S,Surface,Last date used for sample.
2003-07-22 00:00:00,0.0,2.0,SCC_B03,4260,01,VV,RESULT,N,NR,NR,S,Surface,Last date used for sample.
2003-07-31 00:00:00,0.0,2.0,SCC_B03,4261,01,VV,RESULT,N,NR,NR,SB,Surface,Last date used for sample.
1999-08-20 00:00:00,0.0,2.0,SCC_B03,4262,01,TVV,RESULT,N,Silt/Clay,Olive Green,SBI,Surface,Last date used for sample.
2003-08-22 00:00:00,0.0,2.0,SCC_B03,4263,01,TVV,RESULT,N,NR,NR,SB,Surface,Last date used for sample.
2003-07-25 00:00:00,0.0,2.0,SCC_B03,4264,01,VV,RESULT,N,Silt/Clay,Olive Green,SBI,Surface,Last date used for sample.
2003-07-29 00:00:00,0.0,2.0,SCC_B03,4265,01,TVV,RESULT,N,NR,NR,S,Surface,Last date used for sample.
2003-08-06 00:00:00,0.0,2.0,SCC_B03,4266,01,VV,RESULT,N,Silt/Clay,Olive Green,SBI,Surface,Last date used for sample.
2003-07-25 00:00:00,0.0,2.0,SCC_B03,4267,01,VV,RESULT,N,NR,NR,S,Surface,Last date used for sample.
2003-07-18 00:00:00,0.0,2.0,SCC_B03,4268,01,VV,RESULT,N,Fine Sand,Olive Green,SBI,Surface,Last date used for sample.
2003-08-04 00:00:00,0.0,2.0,SCC_B03,4269,01,VV,RESULT,N,NR,NR,S,Surface,Last date used for sample.
2003-08-08 00:00:00,0.0,2.0,SCC_B03,4270,01,VV,RESULT,N,Silt/Clay,Black,SBI,Surface,Last date used for sample.
2003-07-21 00:00:00,0.0,2.0,SCC_B03,4272,01,VV,RESULT,N,Fine Sand,Brown,SBI,Surface,Last date used for sample.
2003-07-24 00:00:00,0.0,2.0,SCC_B03,4273,01,VV,RESULT,N,Coarse Sand,Gray,SBI,Surface,Last date used for sample.
2003-08-07 00:00:00,0.0,2.0,SCC_B03,4274,01,VV,RESULT,N,Silt/Clay,Olive Green,SBI,Surface,Last date used for sample.
2003-07-25 00:00:00,0.0,2.0,SCC_B03,4276,01,VV,RESULT,N,Silt/Clay,Black,SBI,Surface,Last date used for sample.
2003-07-21 00:00:00,0.0,2.0,SCC_B03,4277,01,VV,RESULT,N,NR,NR,S,Surface,Last date used for sample.
2003-08-25 00:00:00,0.0,2.0,SCC_B03,4278,01,VV,RESULT,N,NR,NR,S,Surface,Last date used for sample.
2003-08-25 00:00:00,0.0,2.0,SCC_B03,4279,01,TVV,RESULT,N,NR,NR,SB,Surface,Last date used for sample.
2003-08-05 00:00:00,0.0,2.0,SCC_B03,4280,01,TVV,RESULT,N,NR,NR,S,Surface,Last date used for sample.
2003-08-20 00:00:00,0.0,2.0,SCC_B03,4282,01,TVV,RESULT,N,NR,NR,S,Surface,Last date used for sample.
2003-07-18 00:00:00,0.0,2.0,SCC_B03,4283,01,TVV,RESULT,N,Silt/Clay,Olive Green,S,Surface,
2003-07-18 00:00:00,0.0,2.0,SCC_B03,4284,01,VV,RESULT,N,Silt/Clay,Olive Green,SBI,Surface,Last date used for sample.
2003-08-19 00:00:00,0.0,2.0,SCC_B03,4285,01,TVV,RESULT,N,NR,NR,S,Surface,Last date used for sample.
2003-07-24 00:00:00,0.0,2.0,SCC_B03,4286,01,TVV,RESULT,N,NR,NR,S,Surface,Last date used for sample.
2003-08-18 00:00:00,0.0,2.0,SCC_B03,4288,01,VV,RESULT,N,Mixed,Brown,SBI,Surface,Last date used for sample.
2003-08-19 00:00:00,0.0,2.0,SCC_B03,4290,01,TVV,RESULT,N,NR,NR,S,Surface,Last date used for sample.
2003-07-25 00:00:00,0.0,2.0,SCC_B03,4291,01,VV,RESULT,N,NR,NR,S,Surface,Last date used for sample.
2003-08-20 00:00:00,0.0,2.0,SCC_B03,4294,01,TVV,RESULT,N,NR,NR,S,Surface,Last date used for sample.
2003-08-24 00:00:00,0.0,2.0,SCC_B03,4295,01,TVV,RESULT,N,NR,NR,SB,Surface,Last date used for sample.
2003-08-06 00:00:00,0.0,2.0,SCC_B03,4296,01,TVV,RESULT,N,NR,NR,S,Surface,Last date used for sample.
2003-07-22 00:00:00,0.0,2.0,SCC_B03,4297,01,TVV,RESULT,N,NR,NR,SB,Surface,Last date used for sample.
2003-07-20 00:00:00,0.0,2.0,SCC_B03,4298,01,TVV,RESULT,N,NR,NR,S,Surface,Last date used for sample.
2003-07-22 00:00:00,0.0,2.0,SCC_B03,4299,01,VV,RESULT,N,NR,NR,SB,Surface,Last date used for sample.
2003-07-22 00:00:00,0.0,2.0,SCC_B03,4300,01,VV,RESULT,N,NR,NR,S,Surface,Last date used for sample.
2003-07-22 00:00:00,0.0,2.0,SCC_B03,4301,01,VV,RESULT,N,NR,NR,S,Surface,Last date used for sample.
2003-07-21 00:00:00,0.0,2.0,SCC_B03,4304,01,VV,RESULT,N,Silt/Clay,Brown,SBI,Surface,Last date used for sample.
2003-08-18 00:00:00,0.0,2.0,SCC_B03,4305,01,VV,RESULT,N,Mixed,Brown,SBI,Surface,Last date used for sample.
2003-08-06 00:00:00,0.0,2.0,SCC_B03,4306,01,VV,RESULT,N,Silt/Clay,Olive Green,SBI,Surface,Last date used for sample.
2003-07-17 00:00:00,0.0,2.0,SCC_B03,4308,01,VV,RESULT,N,Silt/Clay,Olive Green,SBI,Surface,Last date used for sample.
2003-07-23 00:00:00,0.0,2.0,SCC_B03,4309,01,VV,RESULT,N,NR,NR,S,Surface,Last date used for sample.
2003-07-25 00:00:00,0.0,2.0,SCC_B03,4312,01,VV,RESULT,N,NR,NR,S,Surface,Last date used for sample.
2003-08-20 00:00:00,0.0,2.0,SCC_B03,4314,01,TVV,RESULT,N,NR,NR,S,Surface,Last date used for sample.
2003-07-30 00:00:00,0.0,2.0,SCC_B03,4315,01,VV,RESULT,N,NR,NR,S,Surface,Last date used for sample.
2003-07-20 00:00:00,0.0,2.0,SCC_B03,4316,01,TVV,RESULT,N,NR,NR,S,Surface,Last date used for sample.
2003-07-23 00:00:00,0.0,2.0,SCC_B03,4317,01,VV,RESULT,N,NR,NR,S,Surface,Last date used for sample.
2003-09-03 00:00:00,0.0,2.0,SCC_B03,4318,01,VV,RESULT,N,Fine Sand,Olive Green,SBI,Surface,Last date used for sample.
2003-08-04 00:00:00,0.0,2.0,SCC_B03,4320,01,TVV,RESULT,N,NR,NR,S,Surface,Last date used for sample.
2003-09-02 00:00:00,0.0,2.0,SCC_B03,4321,01,TVV,RESULT,N,Coarse Sand,Brown,SBI,Surface,Last date used for sample.
2003-08-04 00:00:00,0.0,2.0,SCC_B03,4322,01,VV,RESULT,N,Fine Sand,Brown,SBI,Surface,Last date used for sample.
2003-08-25 00:00:00,0.0,2.0,SCC_B03,4323,01,TVV,RESULT,N,NR,NR,S,Surface,Last date used for sample.
2003-08-20 00:00:00,0.0,2.0,SCC_B03,4326,01,TVV,RESULT,N,NR,NR,S,Surface,Last date used for sample.
2003-08-22 00:00:00,0.0,2.0,SCC_B03,4327,01,TVV,RESULT,N,NR,NR,SB,Surface,Last date used for sample.
2003-08-06 00:00:00,0.0,2.0,SCC_B03,4328,01,TVV,RESULT,N,NR,NR,S,Surface,Last date used for sample.
2003-07-23 00:00:00,0.0,2.0,SCC_B03,4329,01,TVV,RESULT,N,NR,NR,SB,Surface,Last date used for sample.
2003-08-18 00:00:00,0.0,2.0,SCC_B03,4330,01,TVV,RESULT,N,NR,NR,S,Surface,Last date used for sample.
2003-07-23 00:00:00,0.0,2.0,SCC_B03,4331,01,VV,RESULT,N,NR,NR,S,Surface,Last date used for sample.
2003-07-25 00:00:00,0.0,2.0,SCC_B03,4332,01,VV,RESULT,N,NR,NR,S,Surface,Last date used for sample.
2003-09-03 00:00:00,0.0,2.0,SCC_B03,4336,01,VV,RESULT,N,NR,NR,S,Surface,Last date used for sample.
2003-08-18 00:00:00,0.0,2.0,SCC_B03,4337,01,VV,RESULT,N,Silt/Clay,Brown,SBI,Surface,Last date used for sample.
2003-08-06 00:00:00,0.0,2.0,SCC_B03,4338,01,VV,RESULT,N,Silt/Clay,Olive Green,SB,Surface,Last date used for sample.
2003-07-22 00:00:00,0.0,2.0,SCC_B03,4339,01,VV,RESULT,N,NR,NR,SB,Surface,Last date used for sample.
2003-07-31 00:00:00,0.0,2.0,SCC_B03,4340,01,VV,RESULT,N,Silt/Clay,Gray,SBI,Surface,Last date used for sample.
2003-09-02 00:00:00,0.0,2.0,SCC_B03,4341,01,VV,RESULT,N,Fine Sand,Olive Green,SBI,Surface,Last date used for sample.
2003-08-24 00:00:00,0.0,2.0,SCC_B03,4343,01,TVV,RESULT,N,NR,NR,S,Surface,Last date used for sample.
2003-07-21 00:00:00,0.0,2.0,SCC_B03,4345,01,TVV,RESULT,N,NR,NR,S,Surface,Last date used for sample.
2003-08-19 00:00:00,0.0,2.0,SCC_B03,4346,01,TVV,RESULT,N,NR,NR,S,Surface,Last date used for sample.
2003-08-15 00:00:00,0.0,2.0,SCC_B03,4347,01,VV,RESULT,N,NR,NR,SB,Surface,Last date used for sample.
2003-07-18 00:00:00,0.0,2.0,SCC_B03,4348,01,VV,RESULT,N,Silt/Clay,Olive Green,SBI,Surface,Last date used for sample.
2003-07-22 00:00:00,0.0,2.0,SCC_B03,4349,01,VV,RESULT,N,NR,NR,S,Surface,Last date used for sample.
2003-09-03 00:00:00,0.0,2.0,SCC_B03,4350,01,VV,RESULT,N,NR,NR,S,Surface,Last date used for sample.
2003-08-21 00:00:00,0.0,2.0,SCC_B03,4351,01,VV,RESULT,N,NR,NR,SB,Surface,Last date used for sample.
2003-07-20 00:00:00,0.0,2.0,SCC_B03,4352,01,TVV,RESULT,N,NR,NR,S,Surface,Last date used for sample.
2003-08-07 00:00:00,0.0,2.0,SCC_B03,4354,01,VV,RESULT,N,Mixed,Olive Green,SB,Surface,Last date used for sample.
2003-08-01 00:00:00,0.0,2.0,SCC_B03,4356,01,TVV,RESULT,N,NR,NR,SB,Surface,Last date used for sample.
2003-07-22 00:00:00,0.0,2.0,SCC_B03,4358,01,VV,RESULT,N,NR,NR,S,Surface,Last date used for sample.
2003-07-18 00:00:00,0.0,2.0,SCC_B03,4359,01,TVV,RESULT,N,NR,NR,S,Surface,Last date used for sample.
2003-07-22 00:00:00,0.0,2.0,SCC_B03,4360,01,VV,RESULT,N,Mixed,Brown,SBI,Surface,Last date used for sample.
2003-07-20 00:00:00,0.0,2.0,SCC_B03,4361,01,TVV,RESULT,N,NR,NR,S,Surface,Last date used for sample.
2003-08-20 00:00:00,0.0,2.0,SCC_B03,4362,01,TVV,RESULT,N,NR,NR,S,Surface,Last date used for sample.
2003-07-22 00:00:00,0.0,2.0,SCC_B03,4363,01,VV,RESULT,N,NR,NR,SB,Surface,Last date used for sample.
2003-07-16 00:00:00,0.0,2.0,SCC_B03,4364,01,VV,RESULT,N,Silt/Clay,Olive Green,SBI,Surface,Last date used for sample.
2003-07-23 00:00:00,0.0,2.0,SCC_B03,4365,01,VV,RESULT,N,NR,NR,S,Surface,Last date used for sample.
2003-07-24 00:00:00,0.0,2.0,SCC_B03,4366,01,TVV,RESULT,N,NR,NR,S,Surface,Last date used for sample.
2003-07-30 00:00:00,0.0,2.0,SCC_B03,4367,01,VV,RESULT,N,NR,NR,S,Surface,Last date used for sample.
2003-07-20 00:00:00,0.0,2.0,SCC_B03,4368,01,TVV,RESULT,N,NR,NR,S,Surface,Last date used for sample.
2003-07-29 00:00:00,0.0,2.0,SCC_B03,4369,01,TVV,RESULT,N,NR,NR,S,Surface,Last date used for sample.
2003-08-07 00:00:00,0.0,2.0,SCC_B03,4370,01,VV,RESULT,N,Silt/Clay,Olive Green,SBI,Surface,Last date used for sample.
2003-07-21 00:00:00,0.0,2.0,SCC_B03,4371,01,VV,RESULT,N,NR,NR,SB,Surface,Last date used for sample.
2003-07-23 00:00:00,0.0,2.0,SCC_B03,4374,01,TVV,RESULT,N,NR,NR,S,Surface,Last date used for sample.
2003-07-22 00:00:00,0.0,2.0,SCC_B03,4376,01,VV,RESULT,N,NR,NR,S,Surface,Last date used for sample.
2003-07-18 00:00:00,0.0,2.0,SCC_B03,4377,01,TVV,RESULT,N,NR,NR,S,Surface,Last date used for sample.
2003-08-18 00:00:00,0.0,2.0,SCC_B03,4378,01,TVV,RESULT,N,NR,NR,SB,Surface,Last date used for sample.
2003-08-24 00:00:00,0.0,2.0,SCC_B03,4379,01,TVV,RESULT,N,NR,NR,S,Surface,Last date used for sample.
2003-07-19 00:00:00,0.0,2.0,SCC_B03,4380,01,TVV,RESULT,N,NR,NR,S,Surface,Last date used for sample.
2003-07-22 00:00:00,0.0,2.0,SCC_B03,4381,01,VV,RESULT,N,NR,NR,S,Surface,Last date used for sample.
2003-08-04 00:00:00,0.0,2.0,SCC_B03,4384,01,TVV,RESULT,N,NR,NR,S,Surface,Last date used for sample.
2003-08-08 00:00:00,0.0,2.0,SCC_B03,4386,01,TVV,RESULT,N,Silt/Clay,Brown,SBI,Surface,Last date used for sample.
2003-07-19 00:00:00,0.0,2.0,SCC_B03,4392,01,TVV,RESULT,N,NR,NR,S,Surface,Last date used for sample.
2003-07-20 00:00:00,0.0,2.0,SCC_B03,4398,01,TVV,RESULT,N,NR,NR,S,Surface,Last date used for sample.
2003-08-06 00:00:00,0.0,2.0,SCC_B03,4400,01,VV,RESULT,N,Silt/Clay,Olive Green,SBI,Surface,Last date used for sample.
2003-08-08 00:00:00,0.0,2.0,SCC_B03,4404,01,TVV,RESULT,N,Silt/Clay,Black,SBI,Surface,Last date used for sample.
2003-08-07 00:00:00,0.0,2.0,SCC_B03,4408,01,VV,RESULT,N,Silt/Clay,Black,SI,Surface,Last date used for sample.
2003-07-22 00:00:00,0.0,2.0,SCC_B03,4417,01,VV,RESULT,N,NR,NR,SB,Surface,Last date used for sample.
2003-07-16 00:00:00,0.0,2.0,SCC_B03,4418,01,VV,RESULT,N,Silt/Clay,Olive Green,SBI,Surface,Last date used for sample.
2003-08-19 00:00:00,0.0,2.0,SCC_B03,4419,01,TVV,RESULT,N,NR,NR,S,Surface,Last date used for sample.
2003-08-21 00:00:00,0.0,2.0,SCC_B03,4421,01,VV,RESULT,N,NR,NR,SB,Surface,Last date used for sample.
2003-09-02 00:00:00,0.0,2.0,SCC_B03,4423,01,TVV,RESULT,N,Silt/Clay,Black,SBI,Surface,Last date used for sample.
2003-08-08 00:00:00,0.0,2.0,SCC_B03,4424,01,TVV,RESULT,N,Silt/Clay,Brown,SBI,Surface,Last date used for sample.
2003-08-25 00:00:00,0.0,2.0,SCC_B03,4425,01,TVV,RESULT,N,NR,NR,S,Surface,Last date used for sample.
2003-07-23 00:00:00,0.0,2.0,SCC_B03,4426,01,VV,RESULT,N,NR,NR,S,Surface,Last date used for sample.
2003-08-08 00:00:00,0.0,2.0,SCC_B03,4436,01,VV,RESULT,N,Silt/Clay,Brown,SBI,Surface,Last date used for sample.
2003-09-16 00:00:00,0.0,2.0,SCC_B03,4440,01,VV,RESULT,N,Mixed,Gray,SBI,Surface,Last date used for sample.
2003-08-19 00:00:00,0.0,2.0,SCC_B03,4446,01,VV,RESULT,N,NR,NR,SB,Surface,Last date used for sample.
2003-08-21 00:00:00,0.0,2.0,SCC_B03,4453,01,VV,RESULT,N,NR,NR,SB,Surface,Last date used for sample.
2003-08-20 00:00:00,0.0,2.0,SCC_B03,4456,01,VV,RESULT,N,Silt/Clay,Brown,SBI,Surface,Last date used for sample.
2003-07-21 00:00:00,0.0,2.0,SCC_B03,4458,01,VV,RESULT,N,NR,NR,S,Surface,Last date used for sample.
2003-08-18 00:00:00,0.0,2.0,SCC_B03,4481,01,VV,RESULT,N,NR,NR,SB,Surface,Last date used for sample.
2003-07-24 00:00:00,0.0,2.0,SCC_B03,4494,01,VV,RESULT,N,Mixed,Gray,SBI,Surface,Last date used for sample.
2003-07-29 00:00:00,0.0,2.0,SCC_B03,4520,01,VV,RESULT,N,Fine Sand,Brown,SBI,Surface,Last date used for sample.
2003-08-04 00:00:00,0.0,2.0,SCC_B03,4522,01,TVV,RESULT,N,NR,NR,S,Surface,Last date used for sample.
2003-08-22 00:00:00,0.0,2.0,SCC_B03,4529,01,VV,RESULT,N,NR,NR,SB,Surface,Last date used for sample.
2003-08-22 00:00:00,0.0,2.0,SCC_B03,4545,01,VV,RESULT,N,NR,NR,SB,Surface,Last date used for sample.
2003-08-19 00:00:00,0.0,2.0,SCC_B03,4561,01,VV,RESULT,N,NR,NR,SB,Surface,Last date used for sample.
2003-08-19 00:00:00,0.0,2.0,SCC_B03,4574,01,VV,RESULT,N,NR,NR,SB,Surface,Last date used for sample.
2003-08-20 00:00:00,0.0,2.0,SCC_B03,4581,01,VV,RESULT,N,NR,NR,SB,Surface,Last date used for sample.
2003-09-16 00:00:00,0.0,2.0,SCC_B03,4600,01,VV,RESULT,N,Coarse Sand,Gray,SBI,Surface,Last date used for sample.
2003-08-22 00:00:00,0.0,2.0,SCC_B03,4613,01,VV,RESULT,N,NR,NR,SB,Surface,Last date used for sample.
2003-08-23 00:00:00,0.0,2.0,SCC_B03,4633,01,VV,RESULT,N,NR,NR,SB,Surface,Last date used for sample.
2003-08-04 00:00:00,0.0,2.0,SCC_B03,4636,01,VV,RESULT,N,Silt/Clay,Black,SBI,Surface,Last date used for sample.
2003-08-28 00:00:00,0.0,2.0,SCC_B03,4657,01,VV,RESULT,N,NR,NR,SB,Surface,Last date used for sample.
2003-10-02 00:00:00,0.0,2.0,SCC_B03,4683,01,VV,RESULT,N,Mixed,Brown,SB,Surface,Last date used for sample.
2003-07-29 00:00:00,0.0,2.0,SCC_B03,4695,01,VV,RESULT,N,Mixed,Brown,SB,Surface,Last date used for sample.
2003-08-27 00:00:00,0.0,2.0,SCC_B03,4697,01,VV,RESULT,N,NR,NR,SB,Surface,Last date used for sample.
2003-08-04 00:00:00,0.0,2.0,SCC_B03,4778,01,TVV,RESULT,N,NR,NR,S,Surface,Last date used for sample.
2003-09-16 00:00:00,0.0,2.0,SCC_B03,4788,01,VV,RESULT,N,Coarse Sand,Gray,SBI,Surface,Last date used for sample.
2003-08-01 00:00:00,0.0,2.0,SCC_B03,4810,01,TVV,RESULT,N,NR,NR,S,Surface,Last date used for sample.
2003-09-17 00:00:00,0.0,2.0,SCC_B03,4852,01,VV,RESULT,N,Fine Sand,Brown,SBI,Surface,Last date used for sample.
2003-09-17 00:00:00,0.0,2.0,SCC_B03,4856,01,VV,RESULT,N,Coarse Sand,Gray,SBI,Surface,Last date used for sample.
2003-08-28 00:00:00,0.0,2.0,SCC_B03,4913,01,VV,RESULT,N,NR,NR,SB,Surface,Last date used for sample.
2003-08-20 00:00:00,0.0,2.0,SCC_B03,4939,01,VV,RESULT,N,Fine Sand,Gray,SB,Surface,Last date used for sample.
2003-08-01 00:00:00,0.0,2.0,SCC_B03,5002,01,TVV,RESULT,N,NR,NR,S,Surface,Last date used for sample.
2003-09-17 00:00:00,0.0,2.0,SCC_B03,5012,01,VV,RESULT,N,Fine Sand,Black,SBI,Surface,Last date used for sample.
2003-08-19 00:00:00,0.0,2.0,SCC_B03,5014,01,VV,RESULT,N,Mixed,Brown,SBI,Surface,Last date used for sample.
2003-08-04 00:00:00,0.0,2.0,SCC_B03,5034,01,TVV,RESULT,N,NR,NR,S,Surface,Last date used for sample.
2003-09-17 00:00:00,0.0,2.0,SCC_B03,5108,01,VV,RESULT,N,Fine Sand,Black,SBI,Surface,Last date used for sample.
2003-07-23 00:00:00,0.0,2.0,SCC_B03,5301,01,VV,RESULT,N,Silt/Clay,Gray,SBI,Surface,Last date used for sample.
2003-10-06 00:00:00,0.0,2.0,SCC_B03,5735,01,VV,RESULT,N,Coarse Sand,Gray,SBI,Surface,Last date used for sample.
2003-10-02 00:00:00,0.0,2.0,SCC_B03,5739,01,VV,RESULT,N,Coarse Sand,Brown,SB,Surface,Last date used for sample.
2003-10-06 00:00:00,0.0,2.0,SCC_B03,5767,01,VV,RESULT,N,Coarse Sand,Black,SBI,Surface,Last date used for sample.
2003-10-02 00:00:00,0.0,2.0,SCC_B03,5771,01,VV,RESULT,N,Mixed,Brown,SB,Surface,Last date used for sample.
2003-10-06 00:00:00,0.0,2.0,SCC_B03,5787,01,VV,RESULT,N,Fine Sand,Gray,SBI,Surface,Last date used for sample.
2003-08-06 00:00:00,0.0,2.0,SCC_B03,A2,01,TVV,RESULT,N,NR,NR,SB,Surface,Last date used for sample.
2003-09-02 00:00:00,0.0,2.0,SCC_B03,BRI-01,01,VV,RESULT,N,Fine Sand,Brown,SBI,Surface,Last date used for sample.
2003-09-02 00:00:00,0.0,2.0,SCC_B03,BRI-02,01,VV,RESULT,N,Fine Sand,Olive Green,SBI,Surface,Last date used for sample.
2003-08-06 00:00:00,0.0,2.0,SCC_B03,BRI-03,01,VV,RESULT,N,Silt/Clay,Olive Green,SBI,Surface,Last date used for sample.
2003-07-14 00:00:00,0.0,2.0,SCC_B03,BRI-04,01,VV,RESULT,N,Silt/Clay,Black,SBI,Surface,Last date used for sample.
2003-07-14 00:00:00,0.0,2.0,SCC_B03,BRI-05,01,VV,RESULT,N,Silt/Clay,Black,SBI,Surface,Last date used for sample.
2003-07-16 00:00:00,0.0,2.0,SCC_B03,BRI-06,01,VV,RESULT,N,Silt/Clay,Black,SBI,Surface,Last date used for sample.
2003-08-18 00:00:00,0.0,2.0,SCC_B03,BRI-07,01,VV,RESULT,N,Fine Sand,Brown,SBI,Surface,Last date used for sample.
2003-07-22 00:00:00,0.0,2.0,SCC_B03,BRI-08,01,TVV,RESULT,N,Silt/Clay,Olive Green,SBI,Surface,Last date used for sample.
2003-07-22 00:00:00,0.0,2.0,SCC_B03,BRI-09,01,TVV,RESULT,N,Silt/Clay,Olive Green,SBI,Surface,Last date used for sample.
2003-07-22 00:00:00,0.0,2.0,SCC_B03,BRI-10,01,TVV,RESULT,N,Silt/Clay,Black,SBI,Surface,Last date used for sample.
2003-08-18 00:00:00,0.0,2.0,SCC_B03,BRI-11,01,VV,RESULT,N,Mixed,Black,SBI,Surface,Last date used for sample.
2003-08-07 00:00:00,0.0,2.0,SCC_B03,BRI-12,01,TVV,RESULT,N,Silt/Clay,Black,SBI,Surface,Last date used for sample.
2003-08-07 00:00:00,0.0,2.0,SCC_B03,BRI-13,01,TVV,RESULT,N,Silt/Clay,Black,SBI,Surface,Last date used for sample.
2003-08-07 00:00:00,0.0,2.0,SCC_B03,BRI-14,01,TVV,RESULT,N,Mixed,Black,SBI,Surface,Last date used for sample.
2003-07-18 00:00:00,0.0,2.0,SCC_B03,BRI-15,01,VV,RESULT,N,Silt/Clay,Olive Green,SBI,Surface,Last date used for sample.
2003-07-17 00:00:00,0.0,2.0,SCC_B03,BRI-16,01,VV,RESULT,N,Silt/Clay,Gray,SBI,Surface,Last date used for sample.
2003-07-17 00:00:00,0.0,2.0,SCC_B03,BRI-17,01,VV,RESULT,N,Silt/Clay,Olive Green,SBI,Surface,Last date used for sample.
2003-07-31 00:00:00,0.0,2.0,SCC_B03,BRI-18,01,VV,RESULT,N,Silt/Clay,Gray,SBI,Surface,Last date used for sample.
2003-07-31 00:00:00,0.0,2.0,SCC_B03,BRI-19,01,VV,RESULT,N,Silt/Clay,Gray,SBI,Surface,Last date used for sample.
2003-07-31 00:00:00,0.0,2.0,SCC_B03,BRI-20,01,VV,RESULT,N,Silt/Clay,Black,SBI,Surface,Last date used for sample.
1994-08-18 00:00:00,0.0,2.0,SCC_B94,0009,0009,CRVV,RESULT,N,Sand,NR,SI,Surface,
1994-08-18 00:00:00,0.0,2.0,SCC_B94,0016,0016,CRVV,RESULT,N,Sand,NR,SBI,Surface,
1994-08-18 00:00:00,0.0,2.0,SCC_B94,0032,0032,CRVV,RESULT,N,Mud,NR,SBI,Surface,
1994-08-18 00:00:00,0.0,2.0,SCC_B94,0038,0038,CRVV,RESULT,N,Sand,NR,SBI,Surface,
1994-08-18 00:00:00,0.0,2.0,SCC_B94,0046,0046,CRVV,RESULT,N,Sand,NR,SI,Surface,
1994-08-18 00:00:00,0.0,2.0,SCC_B94,0059,0059,CRVV,RESULT,N,Mud,NR,SI,Surface,
1994-08-18 00:00:00,0.0,2.0,SCC_B94,0060,0060,CRVV,RESULT,N,Mud,NR,SI,Surface,
1994-08-18 00:00:00,0.0,2.0,SCC_B94,0085,0085,CRVV,RESULT,N,Sand,NR,SI,Surface,
1994-08-18 00:00:00,0.0,2.0,SCC_B94,0103,0103,CRVV,FR,N,Mud,NR,SI,Surface,
1994-08-18 00:00:00,0.0,2.0,SCC_B94,0112,0112,CRVV,RESULT,N,Sand,NR,SI,Surface,
1994-08-18 00:00:00,0.0,2.0,SCC_B94,0115,0115,CRVV,RESULT,N,Sand,NR,SBI,Surface,
1994-08-18 00:00:00,0.0,2.0,SCC_B94,0122,0122,CRVV,RESULT,N,Sand,NR,SI,Surface,
1994-08-18 00:00:00,0.0,2.0,SCC_B94,0136,0136,CRVV,RESULT,N,Mud,NR,SI,Surface,
1994-08-18 00:00:00,0.0,2.0,SCC_B94,0150,0150,CRVV,RESULT,N,Sand,NR,SBI,Surface,
1994-08-18 00:00:00,0.0,2.0,SCC_B94,0161,0161,CRVV,RESULT,N,Sand,NR,SI,Surface,
1994-08-17 00:00:00,0.0,2.0,SCC_B94,0189,0189,CRVV,RESULT,N,Mud,NR,SI,Surface,
1994-08-18 00:00:00,0.0,2.0,SCC_B94,0228,0228,CRVV,RESULT,N,Mud,NR,SBI,Surface,
1994-08-18 00:00:00,0.0,2.0,SCC_B94,0232,0232,CRVV,RESULT,N,Mud,NR,SI,Surface,
1994-08-17 00:00:00,0.0,2.0,SCC_B94,0234,0234,CRVV,RESULT,N,Sand,NR,SI,Surface,
1994-08-18 00:00:00,0.0,2.0,SCC_B94,0245,0245,CRVV,RESULT,N,Sand,NR,SBI,Surface,
1994-08-17 00:00:00,0.0,2.0,SCC_B94,0252,0252,CRVV,RESULT,N,Mud,NR,SBI,Surface,
1994-08-18 00:00:00,0.0,2.0,SCC_B94,0255,0255,CRVV,RESULT,N,Sand,NR,SI,Surface,
1994-08-17 00:00:00,0.0,2.0,SCC_B94,0289,0289,CRVV,RESULT,N,Mud,NR,SI,Surface,
1994-08-17 00:00:00,0.0,2.0,SCC_B94,0297,0297,CRVV,RESULT,N,Mud,NR,SI,Surface,
1994-08-18 00:00:00,0.0,2.0,SCC_B94,0334,0334,CRVV,RESULT,N,Sand,NR,SI,Surface,
1994-08-17 00:00:00,0.0,2.0,SCC_B94,0360,0360,CRVV,RESULT,N,Sand,NR,SI,Surface,
1994-08-18 00:00:00,0.0,2.0,SCC_B94,0365,0365,CRVV,RESULT,N,Sand,NR,SBI,Surface,
1994-08-17 00:00:00,0.0,2.0,SCC_B94,0366,0366,CRVV,FR,N,Sand,NR,SBI,Surface,
1994-08-17 00:00:00,0.0,2.0,SCC_B94,0371,0371,CRVV,RESULT,N,Mud,NR,SI,Surface,
1994-08-18 00:00:00,0.0,2.0,SCC_B94,0381,0381,CRVV,RESULT,N,Mud,NR,SI,Surface,
1994-08-17 00:00:00,0.0,2.0,SCC_B94,0398,0398,CRVV,RESULT,N,Mud,NR,SI,Surface,
1994-08-17 00:00:00,0.0,2.0,SCC_B94,0407,0407,CRVV,RESULT,N,Mud,NR,SBI,Surface,
1994-08-22 00:00:00,0.0,2.0,SCC_B94,0446,0446,CRVV,RESULT,N,Mud,NR,SI,Surface,
1994-08-22 00:00:00,0.0,2.0,SCC_B94,0460,0460,CRVV,RESULT,N,Mud,NR,SI,Surface,
1994-08-21 00:00:00,0.0,2.0,SCC_B94,0474,0474,CRVV,RESULT,N,Mud,NR,SBI,Surface,
1994-08-21 00:00:00,0.0,2.0,SCC_B94,0480,0480,CRVV,RESULT,N,Mud,NR,SBI,Surface,
1994-08-22 00:00:00,0.0,2.0,SCC_B94,0499,0499,CRVV,RESULT,N,Mud,NR,SI,Surface,
1994-08-17 00:00:00,0.0,2.0,SCC_B94,0502,0502,CRVV,RESULT,N,Mud,NR,SI,Surface,
1994-08-22 00:00:00,0.0,2.0,SCC_B94,0503,0503,CRVV,RESULT,N,Mud,NR,SI,Surface,
1994-08-17 00:00:00,0.0,2.0,SCC_B94,0530,0530,CRVV,RESULT,N,Mud,NR,SI,Surface,
1994-08-17 00:00:00,0.0,2.0,SCC_B94,0533,0533,CRVV,RESULT,N,Mud,NR,SI,Surface,
1994-08-21 00:00:00,0.0,2.0,SCC_B94,0535,0535,CRVV,RESULT,N,Mud,NR,SI,Surface,
1994-08-17 00:00:00,0.0,2.0,SCC_B94,0537,0537,CRVV,RESULT,N,Mud,NR,SI,Surface,
1994-08-17 00:00:00,0.0,2.0,SCC_B94,0540,0540,CRVV,RESULT,N,Mud,NR,SI,Surface,
1994-08-21 00:00:00,0.0,2.0,SCC_B94,0542,0542,CRVV,RESULT,N,Mud,NR,SI,Surface,
1994-08-17 00:00:00,0.0,2.0,SCC_B94,0552,0552,CRVV,RESULT,N,Sand,NR,SI,Surface,
1994-08-17 00:00:00,0.0,2.0,SCC_B94,0560,0560,CRVV,RESULT,N,Sand,NR,SI,Surface,
1994-08-22 00:00:00,0.0,2.0,SCC_B94,0577,0577,CRVV,FR,N,Sand,NR,SI,Surface,
1994-08-17 00:00:00,0.0,2.0,SCC_B94,0595,0595,CRVV,RESULT,N,Sand,NR,SI,Surface,
1994-08-20 00:00:00,0.0,2.0,SCC_B94,0604,0604,CRVV,RESULT,N,Mud,NR,SI,Surface,
1994-08-17 00:00:00,0.0,2.0,SCC_B94,0617,0617,CRVV,RESULT,N,Sand,NR,SI,Surface,
1994-08-16 00:00:00,0.0,2.0,SCC_B94,0621,0621,CRVV,RESULT,N,Mud,NR,SI,Surface,
1994-08-16 00:00:00,0.0,2.0,SCC_B94,0652,0652,CRVV,RESULT,N,Sand,NR,SI,Surface,
1994-08-21 00:00:00,0.0,2.0,SCC_B94,0661,0661,CRVV,RESULT,N,Mud,NR,SI,Surface,
1994-08-16 00:00:00,0.0,2.0,SCC_B94,0665,0665,CRVV,RESULT,N,Sand,NR,SI,Surface,
1994-08-20 00:00:00,0.0,2.0,SCC_B94,0670,0670,CRVV,RESULT,N,Mud,NR,SBI,Surface,
1994-08-20 00:00:00,0.0,2.0,SCC_B94,0682,0682,CRVV,RESULT,N,Sand,NR,SBI,Surface,
1994-08-21 00:00:00,0.0,2.0,SCC_B94,0708,0708,CRVV,RESULT,N,Sand,NR,SBI,Surface,
1994-08-21 00:00:00,0.0,2.0,SCC_B94,0714,0714,CRVV,RESULT,N,Mud,NR,SI,Surface,
1994-08-20 00:00:00,0.0,2.0,SCC_B94,0739,0739,CRVV,RESULT,N,Sand,NR,SI,Surface,
1994-08-20 00:00:00,0.0,2.0,SCC_B94,0753,0753,CRVV,RESULT,N,Sand,NR,SBI,Surface,
1994-08-16 00:00:00,0.0,2.0,SCC_B94,0757,0757,CRVV,RESULT,N,Sand,NR,SI,Surface,
1994-08-16 00:00:00,0.0,2.0,SCC_B94,0758,0758,CRVV,RESULT,N,Sand,NR,SBI,Surface,
1994-08-16 00:00:00,0.0,2.0,SCC_B94,0759,0759,CRVV,RESULT,N,Sand,NR,SI,Surface,
1994-08-16 00:00:00,0.0,2.0,SCC_B94,0814,0814,CRVV,RESULT,N,Sand,NR,SBI,Surface,
1994-08-16 00:00:00,0.0,2.0,SCC_B94,0815,0815,CRVV,RESULT,N,Gravel,NR,SBI,Surface,
1994-08-15 00:00:00,0.0,2.0,SCC_B94,0820,0820,CRVV,RESULT,N,Sand,NR,SBI,Surface,
1994-08-16 00:00:00,0.0,2.0,SCC_B94,0823,0823,CRVV,FR,N,Sand,NR,SI,Surface,
1994-08-15 00:00:00,0.0,2.0,SCC_B94,0827,0827,CRVV,RESULT,N,Sand,NR,SI,Surface,
1994-08-16 00:00:00,0.0,2.0,SCC_B94,0830,0830,CRVV,RESULT,N,Sand,NR,SI,Surface,
1994-08-16 00:00:00,0.0,2.0,SCC_B94,0831,0831,CRVV,RESULT,N,Sand,NR,SI,Surface,
1994-08-15 00:00:00,0.0,2.0,SCC_B94,0833,0833,CRVV,RESULT,N,Sand,NR,SI,Surface,
1994-08-15 00:00:00,0.0,2.0,SCC_B94,0834,0834,CRVV,RESULT,N,Mud,NR,SI,Surface,
1994-08-16 00:00:00,0.0,2.0,SCC_B94,0846,0846,CRVV,RESULT,N,Sand,NR,SBI,Surface,
1994-08-15 00:00:00,0.0,2.0,SCC_B94,0859,0859,CRVV,RESULT,N,Mud,NR,SI,Surface,
1994-07-26 00:00:00,0.0,2.0,SCC_B94,0884,0884,CRVV,RESULT,N,Mud,NR,SI,Surface,
1994-07-26 00:00:00,0.0,2.0,SCC_B94,0886,0886,CRVV,RESULT,N,Sand,NR,SI,Surface,
1994-08-15 00:00:00,0.0,2.0,SCC_B94,0890,0890,CRVV,RESULT,N,Sand,NR,SI,Surface,
1994-07-26 00:00:00,0.0,2.0,SCC_B94,0894,0894,CRVV,RESULT,N,Mud,NR,SI,Surface,
1994-07-26 00:00:00,0.0,2.0,SCC_B94,0897,0897,CRVV,RESULT,N,Mud,NR,SI,Surface,
1994-07-26 00:00:00,0.0,2.0,SCC_B94,0899,0899,CRVV,RESULT,N,Mud,NR,SI,Surface,
1994-07-19 00:00:00,0.0,2.0,SCC_B94,0900,0900,CRVV,RESULT,N,Mud,NR,SI,Surface,
1994-07-19 00:00:00,0.0,2.0,SCC_B94,0902,0902,CRVV,RESULT,N,Mud,NR,SI,Surface,
1994-07-19 00:00:00,0.0,2.0,SCC_B94,0903,0903,CRVV,RESULT,N,Mud,NR,SI,Surface,
1994-07-26 00:00:00,0.0,2.0,SCC_B94,0908,0908,CRVV,RESULT,N,Mud,NR,SI,Surface,
1994-07-26 00:00:00,0.0,2.0,SCC_B94,0916,0916,CRVV,RESULT,N,Mud,NR,SI,Surface,
1994-07-19 00:00:00,0.0,2.0,SCC_B94,0918,0918,CRVV,RESULT,N,Mud,NR,SI,Surface,
1994-07-26 00:00:00,0.0,2.0,SCC_B94,0920,0920,CRVV,FR,N,Mud,NR,SI,Surface,
1994-08-15 00:00:00,0.0,2.0,SCC_B94,0921,0921,CRVV,RESULT,N,Sand,NR,SI,Surface,
1994-07-19 00:00:00,0.0,2.0,SCC_B94,0929,0929,CRVV,RESULT,N,Mud,NR,SI,Surface,
1994-07-19 00:00:00,0.0,2.0,SCC_B94,0936,0936,CRVV,RESULT,N,Mud,NR,SI,Surface,
1994-08-15 00:00:00,0.0,2.0,SCC_B94,0937,0937,CRVV,RESULT,N,Gravel,NR,I,Surface,Infauna data only.
1994-07-19 00:00:00,0.0,2.0,SCC_B94,0942,0942,CRVV,RESULT,N,Mud,NR,SI,Surface,
1994-08-02 00:00:00,0.0,2.0,SCC_B94,0943,0943,CRVV,RESULT,N,Mud,NR,SBI,Surface,
1994-08-15 00:00:00,0.0,2.0,SCC_B94,0947,0947,CRVV,RESULT,N,Sand,NR,SI,Surface,
1994-07-26 00:00:00,0.0,2.0,SCC_B94,0949,0949,GRAB,RESULT,N,Mud,NR,SI,Surface,
1994-08-02 00:00:00,0.0,2.0,SCC_B94,0960,0960,CRVV,RESULT,N,Mud,NR,SBI,Surface,
1994-08-02 00:00:00,0.0,2.0,SCC_B94,0964,0964,CRVV,RESULT,N,Mud,NR,S,Surface,
1994-07-19 00:00:00,0.0,2.0,SCC_B94,0972,0972,CRVV,RESULT,N,Mud,NR,SI,Surface,
1994-08-15 00:00:00,0.0,2.0,SCC_B94,0976,0976,CRVV,RESULT,N,Sand,NR,SI,Surface,
1994-08-02 00:00:00,0.0,2.0,SCC_B94,0977,0977,CRVV,RESULT,N,Mud,NR,SI,Surface,
1994-07-19 00:00:00,0.0,2.0,SCC_B94,0988,0988,CRVV,RESULT,N,Mud,NR,SI,Surface,
1994-08-02 00:00:00,0.0,2.0,SCC_B94,0993,0993,CRVV,RESULT,N,Mud,NR,SBI,Surface,
1994-07-26 00:00:00,0.0,2.0,SCC_B94,0997,0997,CRVV,RESULT,N,Mud,NR,SI,Surface,
1994-08-02 00:00:00,0.0,2.0,SCC_B94,1001,1001,CRVV,RESULT,N,Mud,NR,SI,Surface,
1994-07-27 00:00:00,0.0,2.0,SCC_B94,1003,1003,GRAB,RESULT,N,Mud,NR,SI,Surface,
1994-07-27 00:00:00,0.0,2.0,SCC_B94,1005,1005,GRAB,RESULT,N,Mud,NR,SI,Surface,
1994-07-27 00:00:00,0.0,2.0,SCC_B94,1014,1014,GRAB,RESULT,N,Mud,NR,SI,Surface,
1994-08-02 00:00:00,0.0,2.0,SCC_B94,1019,1019,CRVV,FR,N,Sand,NR,SI,Surface,
1994-08-02 00:00:00,0.0,2.0,SCC_B94,1025,1025,CRVV,RESULT,N,Sand,NR,SI,Surface,
1994-07-27 00:00:00,0.0,2.0,SCC_B94,1026,1026,GRAB,RESULT,N,Mud,NR,SI,Surface,
1994-07-27 00:00:00,0.0,2.0,SCC_B94,1027,1027,GRAB,RESULT,N,Mud,NR,SI,Surface,
1994-07-27 00:00:00,0.0,2.0,SCC_B94,1028,1028,GRAB,RESULT,N,Mud,NR,SBI,Surface,
1994-07-21 00:00:00,0.0,2.0,SCC_B94,1034,1034,CRVV,RESULT,N,Mud,NR,SI,Surface,
1994-07-27 00:00:00,0.0,2.0,SCC_B94,1040,1040,GRAB,RESULT,N,Mud,NR,SI,Surface,
1994-08-02 00:00:00,0.0,2.0,SCC_B94,1042,1042,CRVV,RESULT,N,Sand,NR,SI,Surface,
1994-07-27 00:00:00,0.0,2.0,SCC_B94,1045,1045,GRAB,RESULT,N,Mud,NR,SI,Surface,
1994-08-02 00:00:00,0.0,2.0,SCC_B94,1046,1046,CRVV,RESULT,N,Sand,NR,SI,Surface,
1994-07-27 00:00:00,0.0,2.0,SCC_B94,1049,1049,GRAB,RESULT,N,Mud,NR,SBI,Surface,
1994-07-21 00:00:00,0.0,2.0,SCC_B94,1052,1052,CRVV,RESULT,N,Mud,NR,SI,Surface,
1994-07-21 00:00:00,0.0,2.0,SCC_B94,1056,1056,CRVV,RESULT,N,Mud,NR,SI,Surface,
1994-07-21 00:00:00,0.0,2.0,SCC_B94,1059,1059,CRVV,RESULT,N,Mud,NR,SI,Surface,
1994-08-04 00:00:00,0.0,2.0,SCC_B94,1065,1065,CRVV,RESULT,N,Mud,NR,SI,Surface,
1994-08-03 00:00:00,0.0,2.0,SCC_B94,1067,1067,CRVV,RESULT,N,Mud,NR,SI,Surface,
1994-08-03 00:00:00,0.0,2.0,SCC_B94,1072,1072,CRVV,RESULT,N,Sand,NR,SBI,Surface,
1994-07-21 00:00:00,0.0,2.0,SCC_B94,1074,1074,CRVV,RESULT,N,Mud,NR,SI,Surface,
1994-07-21 00:00:00,0.0,2.0,SCC_B94,1078,1078,CRVV,RESULT,N,Mud,NR,SI,Surface,
1994-08-04 00:00:00,0.0,2.0,SCC_B94,1081,1081,CRVV,RESULT,N,Sand,NR,SBI,Surface,
1994-08-04 00:00:00,0.0,2.0,SCC_B94,1085,1085,CRVV,FR,N,Mud,NR,SI,Surface,
1994-08-04 00:00:00,0.0,2.0,SCC_B94,1090,1090,CRVV,RESULT,N,Sand,NR,SI,Surface,
1994-08-03 00:00:00,0.0,2.0,SCC_B94,1091,1091,CRVV,RESULT,N,Sand,NR,SI,Surface,
1994-07-28 00:00:00,0.0,2.0,SCC_B94,1096,1096,CRVV,RESULT,N,Mud,NR,SI,Surface,
1994-08-04 00:00:00,0.0,2.0,SCC_B94,1100,1100,CRVV,RESULT,N,Mud,NR,SI,Surface,
1994-08-03 00:00:00,0.0,2.0,SCC_B94,1103,1103,CRVV,RESULT,N,Mud,NR,SI,Surface,
1994-07-20 00:00:00,0.0,2.0,SCC_B94,1106,1106,CRVV,RESULT,N,Mud,NR,SBI,Surface,
1994-08-09 00:00:00,0.0,2.0,SCC_B94,1108,1108,CRVV,RESULT,N,Mud,NR,SBI,Surface,
1994-08-09 00:00:00,0.0,2.0,SCC_B94,1109,1109,CRVV,RESULT,N,Mud,NR,SBI,Surface,
1994-08-03 00:00:00,0.0,2.0,SCC_B94,1110,1110,CRVV,RESULT,N,Sand,NR,SI,Surface,
1994-07-20 00:00:00,0.0,2.0,SCC_B94,1118,1118,CRVV,RESULT,N,Mud,NR,SI,Surface,
1994-08-04 00:00:00,0.0,2.0,SCC_B94,1119,1119,CRVV,RESULT,N,Mud,NR,SI,Surface,
1994-07-20 00:00:00,0.0,2.0,SCC_B94,1120,1120,CRVV,RESULT,N,Mud,NR,SI,Surface,
1994-08-04 00:00:00,0.0,2.0,SCC_B94,1121,1121,CRVV,RESULT,N,Mud,NR,SI,Surface,
1994-08-04 00:00:00,0.0,2.0,SCC_B94,1122,1122,CRVV,RESULT,N,Mud,NR,SI,Surface,
1994-07-19 00:00:00,0.0,2.0,SCC_B94,1123,1123,CRVV,RESULT,N,Sand,NR,SI,Surface,
1994-08-09 00:00:00,0.0,2.0,SCC_B94,1126,1126,CRVV,RESULT,N,Mud,NR,SBI,Surface,
1994-07-28 00:00:00,0.0,2.0,SCC_B94,1128,1128,CRVV,RESULT,N,Mud,NR,SI,Surface,
1994-07-20 00:00:00,0.0,2.0,SCC_B94,1131,1131,CRVV,RESULT,N,Mud,NR,I,Surface,Infauna data only.
1994-07-19 00:00:00,0.0,2.0,SCC_B94,1142,1142,CRVV,RESULT,N,Sand,NR,SBI,Surface,
1994-08-03 00:00:00,0.0,2.0,SCC_B94,1146,1146,CRVV,RESULT,N,Mud,NR,SI,Surface,
1994-08-09 00:00:00,0.0,2.0,SCC_B94,1148,1148,CRVV,FR,N,Mud,NR,SBI,Surface,
1994-08-03 00:00:00,0.0,2.0,SCC_B94,1150,1150,CRVV,RESULT,N,Mud,NR,SI,Surface,
1994-07-28 00:00:00,0.0,2.0,SCC_B94,1152,1152,CRVV,RESULT,N,Mud,NR,SBI,Surface,
1994-07-19 00:00:00,0.0,2.0,SCC_B94,1159,1159,CRVV,RESULT,N,Sand,NR,SI,Surface,
1994-07-18 00:00:00,0.0,2.0,SCC_B94,1162,1162,CRVV,RESULT,N,Mud,NR,SI,Surface,
1994-07-18 00:00:00,0.0,2.0,SCC_B94,1168,1168,CRVV,RESULT,N,Mud,NR,SI,Surface,
1994-07-18 00:00:00,0.0,2.0,SCC_B94,1169,1169,CRVV,RESULT,N,Mud,NR,SBI,Surface,
1994-07-18 00:00:00,0.0,2.0,SCC_B94,1170,1170,CRVV,RESULT,N,Mud,NR,SI,Surface,
1994-07-19 00:00:00,0.0,2.0,SCC_B94,1173,1173,CRVV,RESULT,N,Sand,NR,SBI,Surface,
1994-07-18 00:00:00,0.0,2.0,SCC_B94,1175,1175,CRVV,RESULT,N,Mud,NR,SBI,Surface,
1994-07-19 00:00:00,0.0,2.0,SCC_B94,1187,1187,CRVV,RESULT,N,Sand,NR,SI,Surface,
1994-07-18 00:00:00,0.0,2.0,SCC_B94,1191,1191,CRVV,RESULT,N,Mud,NR,SI,Surface,
1994-07-18 00:00:00,0.0,2.0,SCC_B94,1195,1195,CRVV,RESULT,N,Mud,NR,SI,Surface,
1994-07-14 00:00:00,0.0,2.0,SCC_B94,1208,1208,CRVV,RESULT,N,Mud,NR,SBI,Surface,
1994-07-19 00:00:00,0.0,2.0,SCC_B94,1214,1214,CRVV,RESULT,N,Mud,NR,SI,Surface,
1994-07-14 00:00:00,0.0,2.0,SCC_B94,1222,1222,CRVV,RESULT,N,Sand,NR,SI,Surface,
1994-07-14 00:00:00,0.0,2.0,SCC_B94,1223,1223,CRVV,RESULT,N,Sand,NR,SI,Surface,
1994-07-14 00:00:00,0.0,2.0,SCC_B94,1224,1224,CRVV,RESULT,N,Sand,NR,SI,Surface,
1994-07-14 00:00:00,0.0,2.0,SCC_B94,1227,1227,CRVV,RESULT,N,Sand,NR,SI,Surface,
1994-07-19 00:00:00,0.0,2.0,SCC_B94,1232,1232,CRVV,RESULT,N,Sand,NR,SI,Surface,
1994-07-14 00:00:00,0.0,2.0,SCC_B94,1236,1236,CRVV,RESULT,N,Sand,NR,SI,Surface,
1994-07-14 00:00:00,0.0,2.0,SCC_B94,1256,1256,CRVV,RESULT,N,Sand,NR,SI,Surface,
1994-07-22 00:00:00,0.0,2.0,SCC_B94,1267,1267,CRVV,FR,N,Mud,NR,SBI,Surface,
1994-07-14 00:00:00,0.0,2.0,SCC_B94,1272,1272,CRVV,RESULT,N,Sand,NR,SI,Surface,
1994-07-13 00:00:00,0.0,2.0,SCC_B94,1287,1287,CRVV,RESULT,N,Sand,NR,SI,Surface,
1994-07-14 00:00:00,0.0,2.0,SCC_B94,1300,1300,CRVV,RESULT,N,Sand,NR,SI,Surface,
1994-07-14 00:00:00,0.0,2.0,SCC_B94,1306,1306,CRVV,RESULT,N,Sand,NR,SBI,Surface,
1994-07-15 00:00:00,0.0,2.0,SCC_B94,1312,1312,CRVV,RESULT,N,Sand,NR,SI,Surface,
1994-07-13 00:00:00,0.0,2.0,SCC_B94,1321,1321,CRVV,RESULT,N,Sand,NR,SI,Surface,
1994-07-15 00:00:00,0.0,2.0,SCC_B94,1328,1328,CRVV,RESULT,N,Sand,NR,SI,Surface,
1994-07-15 00:00:00,0.0,2.0,SCC_B94,1332,1332,CRVV,RESULT,N,Sand,NR,SBI,Surface,
1994-07-15 00:00:00,0.0,2.0,SCC_B94,1340,1340,CRVV,RESULT,N,Sand,NR,SI,Surface,
1994-07-13 00:00:00,0.0,2.0,SCC_B94,1348,1348,CRVV,RESULT,N,Sand,NR,SBI,Surface,
1994-07-13 00:00:00,0.0,2.0,SCC_B94,1355,1355,CRVV,RESULT,N,Sand,NR,SBI,Surface,
1994-07-13 00:00:00,0.0,2.0,SCC_B94,1378,1378,CRVV,RESULT,N,Sand,NR,SI,Surface,
1994-07-13 00:00:00,0.0,2.0,SCC_B94,1399,1399,CRVV,RESULT,N,Sand,NR,SI,Surface,
1994-07-13 00:00:00,0.0,2.0,SCC_B94,1401,1401,CRVV,RESULT,N,Sand,NR,SBI,Surface,
1994-07-14 00:00:00,0.0,2.0,SCC_B94,1406,1406,CRVV,RESULT,N,Sand,NR,SBI,Surface,
1994-07-13 00:00:00,0.0,2.0,SCC_B94,1415,1415,CRVV,RESULT,N,Mud,NR,SBI,Surface,
1994-07-13 00:00:00,0.0,2.0,SCC_B94,1417,1417,CRVV,RESULT,N,Mud,NR,SBI,Surface,
1994-07-14 00:00:00,0.0,2.0,SCC_B94,1418,1418,CRVV,RESULT,N,Sand,NR,SBI,Surface,
1994-07-13 00:00:00,0.0,2.0,SCC_B94,1424,1424,CRVV,RESULT,N,Sand,NR,SI,Surface,
1994-07-14 00:00:00,0.0,2.0,SCC_B94,1426,1426,CRVV,FR,N,Sand,NR,SBI,Surface,
1994-07-13 00:00:00,0.0,2.0,SCC_B94,1444,1444,CRVV,RESULT,N,Mud,NR,SI,Surface,
1994-07-14 00:00:00,0.0,2.0,SCC_B94,1450,1450,CRVV,RESULT,N,Mud,NR,SBI,Surface,
1994-07-13 00:00:00,0.0,2.0,SCC_B94,1455,1455,CRVV,RESULT,N,Mud,NR,SI,Surface,
1994-07-13 00:00:00,0.0,2.0,SCC_B94,1468,1468,CRVV,RESULT,N,Sand,NR,SI,Surface,
1994-07-13 00:00:00,0.0,2.0,SCC_B94,1469,1469,CRVV,RESULT,N,Mud,NR,SBI,Surface,
1994-07-18 00:00:00,0.0,2.0,SCC_B94,1550,1550,CRVV,RESULT,N,Sand,NR,SI,Surface,
1994-07-18 00:00:00,0.0,2.0,SCC_B94,1551,1551,CRVV,RESULT,N,Mud,NR,SBI,Surface,
1994-07-19 00:00:00,0.0,2.0,SCC_B94,1560,1560,CRVV,RESULT,N,Mud,NR,SI,Surface,
1994-07-19 00:00:00,0.0,2.0,SCC_B94,1570,1570,CRVV,RESULT,N,Mud,NR,SI,Surface,
1994-07-18 00:00:00,0.0,2.0,SCC_B94,1571,1571,CRVV,RESULT,N,Mud,NR,SI,Surface,
1994-07-19 00:00:00,0.0,2.0,SCC_B94,1572,1572,CRVV,RESULT,N,Sand,NR,SI,Surface,
1994-07-19 00:00:00,0.0,2.0,SCC_B94,1574,1574,CRVV,RESULT,N,Mud,NR,SI,Surface,
1994-07-18 00:00:00,0.0,2.0,SCC_B94,1585,1585,CRVV,RESULT,N,Mud,NR,SI,Surface,
1994-07-18 00:00:00,0.0,2.0,SCC_B94,1595,1595,CRVV,RESULT,N,Sand,NR,SI,Surface,
1994-07-18 00:00:00,0.0,2.0,SCC_B94,1617,1617,CRVV,RESULT,N,Sand,NR,SBI,Surface,
1994-07-19 00:00:00,0.0,2.0,SCC_B94,1634,1634,CRVV,FR,N,Sand,NR,SI,Surface,
1994-07-18 00:00:00,0.0,2.0,SCC_B94,1635,1635,CRVV,RESULT,N,Sand,NR,SI,Surface,
1994-07-19 00:00:00,0.0,2.0,SCC_B94,1650,1650,CRVV,RESULT,N,Sand,NR,SI,Surface,
1994-07-19 00:00:00,0.0,2.0,SCC_B94,1654,1654,CRVV,RESULT,N,Sand,NR,SI,Surface,
1994-07-18 00:00:00,0.0,2.0,SCC_B94,1655,1655,CRVV,RESULT,N,Mud,NR,SBI,Surface,
1994-07-19 00:00:00,0.0,2.0,SCC_B94,1660,1660,CRVV,RESULT,N,Mud,NR,SI,Surface,
1994-07-19 00:00:00,0.0,2.0,SCC_B94,1662,1662,CRVV,RESULT,N,Mud,NR,SI,Surface,
1994-07-18 00:00:00,0.0,2.0,SCC_B94,1667,1667,CRVV,FR,N,Mud,NR,SI,Surface,
1994-07-19 00:00:00,0.0,2.0,SCC_B94,1684,1684,CRVV,RESULT,N,Sand,NR,SI,Surface,
1994-07-28 00:00:00,0.0,2.0,SCC_B94,1728,1728,GRAB,RESULT,N,Mud,NR,SI,Surface,
1994-07-28 00:00:00,0.0,2.0,SCC_B94,1734,1734,GRAB,RESULT,N,Mud,NR,SBI,Surface,
1994-07-28 00:00:00,0.0,2.0,SCC_B94,1737,1737,GRAB,RESULT,N,Mud,NR,SI,Surface,
1994-07-28 00:00:00,0.0,2.0,SCC_B94,1739,1739,GRAB,RESULT,N,Mud,NR,SI,Surface,
1994-07-28 00:00:00,0.0,2.0,SCC_B94,1757,1757,CRVV,RESULT,N,Mud,NR,SI,Surface,
1994-07-27 00:00:00,0.0,2.0,SCC_B94,1767,1767,GRAB,RESULT,N,Mud,NR,SBI,Surface,
1994-07-27 00:00:00,0.0,2.0,SCC_B94,1769,1769,GRAB,RESULT,N,Mud,NR,SBI,Surface,
1994-07-27 00:00:00,0.0,2.0,SCC_B94,1770,1770,GRAB,RESULT,N,Mud,NR,SBI,Surface,
1994-07-27 00:00:00,0.0,2.0,SCC_B94,1774,1774,GRAB,RESULT,N,Mud,NR,SI,Surface,
1994-07-27 00:00:00,0.0,2.0,SCC_B94,1776,1776,GRAB,RESULT,N,Sand,NR,SBI,Surface,
1994-07-27 00:00:00,0.0,2.0,SCC_B94,1780,1780,GRAB,RESULT,N,Sand,NR,SBI,Surface,
1994-07-26 00:00:00,0.0,2.0,SCC_B94,1791,1791,GRAB,RESULT,N,Sand,NR,SI,Surface,
1994-07-28 00:00:00,0.0,2.0,SCC_B94,1793,1793,GRAB,RESULT,N,Mud,NR,SI,Surface,
1994-07-26 00:00:00,0.0,2.0,SCC_B94,1794,1794,GRAB,RESULT,N,Mud,NR,SBI,Surface,
1994-07-22 00:00:00,0.0,2.0,SCC_B94,1797,1797,CRVV,RESULT,N,Mud,NR,SBI,Surface,
1994-07-26 00:00:00,0.0,2.0,SCC_B94,1799,1799,CRVV,RESULT,N,Sand,NR,SI,Surface,
1994-07-21 00:00:00,0.0,2.0,SCC_B94,1804,1804,GRAB,RESULT,N,Sand,NR,SI,Surface,
1994-07-21 00:00:00,0.0,2.0,SCC_B94,1811,1811,GRAB,RESULT,N,Sand,NR,SI,Surface,
1994-07-21 00:00:00,0.0,2.0,SCC_B94,1825,1825,GRAB,FR,N,Mud,NR,SBI,Surface,
1994-07-21 00:00:00,0.0,2.0,SCC_B94,1828,1828,GRAB,RESULT,N,Mud,NR,SBI,Surface,
1994-07-19 00:00:00,0.0,2.0,SCC_B94,1833,1833,CRVV,RESULT,N,Mud,NR,SBI,Surface,
1994-07-15 00:00:00,0.0,2.0,SCC_B94,1836,1836,CRVV,RESULT,N,Mud,NR,SI,Surface,
1994-07-15 00:00:00,0.0,2.0,SCC_B94,1839,1839,CRVV,RESULT,N,Sand,NR,SBI,Surface,
1994-07-19 00:00:00,0.0,2.0,SCC_B94,1850,1850,CRVV,RESULT,N,Mud,NR,SBI,Surface,
1994-07-15 00:00:00,0.0,2.0,SCC_B94,1867,1867,CRVV,RESULT,N,Sand,NR,SI,Surface,
1994-07-19 00:00:00,0.0,2.0,SCC_B94,1871,1871,CRVV,RESULT,N,Mud,NR,SBI,Surface,
1994-07-18 00:00:00,0.0,2.0,SCC_B94,1874,1874,CRVV,RESULT,N,Sand,NR,SBI,Surface,
1994-07-18 00:00:00,0.0,2.0,SCC_B94,1888,1888,CRVV,RESULT,N,Mud,NR,SI,Surface,
1994-07-15 00:00:00,0.0,2.0,SCC_B94,1892,1892,CRVV,RESULT,N,Mud,NR,SI,Surface,
1994-07-18 00:00:00,0.0,2.0,SCC_B94,1903,1903,CRVV,RESULT,N,Sand,NR,SBI,Surface,
1994-07-18 00:00:00,0.0,2.0,SCC_B94,1905,1905,CRVV,RESULT,N,Mud,NR,SI,Surface,
1994-07-18 00:00:00,0.0,2.0,SCC_B94,1908,1908,CRVV,RESULT,N,Sand,NR,SI,Surface,
1994-07-18 00:00:00,0.0,2.0,SCC_B94,1916,1916,CRVV,RESULT,N,Sand,NR,I,Surface,Infauna data only.
1994-07-15 00:00:00,0.0,2.0,SCC_B94,1944,1944,CRVV,RESULT,N,Sand,NR,SI,Surface,
1994-07-15 00:00:00,0.0,2.0,SCC_B94,2001,2001,CRVV,RESULT,N,Sand,NR,SI,Surface,
1994-07-15 00:00:00,0.0,2.0,SCC_B94,2011,2011,CRVV,RESULT,N,Sand,NR,SI,Surface,
1900-01-01 00:00:00,0.0,2.0,SCC_B94,9412,9412,CRVV,RESULT,N,NR,NR,B,Surface,Intercalibration sample
1900-01-01 00:00:00,0.0,2.0,SCC_B94,9414,9414,CRVV,RESULT,N,NR,NR,B,Surface,Intercalibration sample
1900-01-01 00:00:00,0.0,2.0,SCC_B94,9424,9424,CRVV,RESULT,N,NR,NR,B,Surface,Intercalibration sample
1900-01-01 00:00:00,0.0,2.0,SCC_B94,9426,9426,CRVV,RESULT,N,NR,NR,B,Surface,Intercalibration sample
1900-01-01 00:00:00,0.0,2.0,SCC_B94,9427,9427,CRVV,RESULT,N,NR,NR,B,Surface,Intercalibration sample
1900-01-01 00:00:00,0.0,2.0,SCC_B94,9433,9433,CRVV,RESULT,N,NR,NR,B,Surface,Intercalibration sample
1900-01-01 00:00:00,0.0,2.0,SCC_B94,CONTROL,CONTROL,GRAB,CNEG,N,NR,NR,B,CNEG,
1900-01-01 00:00:00,0.0,2.0,SCC_B94,CONTROL_LIS,CONTROL_LIS,GRAB,CNEG,N,NR,NR,B,CNEG,
1900-01-01 00:00:00,0.0,2.0,SCC_B94,CONTROL_RI,CONTROL_RI,GRAB,CNEG,N,NR,NR,B,CNEG,
1998-07-24 00:00:00,0.0,2.0,SCC_B98,0000,CONTROL,GRAB,CNEG,N,NR,NR,B,CNEG,
1998-07-21 00:00:00,-99.0,-99.0,SCC_B98,2065,1001,TRAWL,RESULT,Y,NR,NR,T,NA,
1998-07-21 00:00:00,0.0,2.0,SCC_B98,2066,2066,GRAB,RESULT,N,Silt/Clay,Gray,SI,Surface,
1998-07-21 00:00:00,-99.0,-99.0,SCC_B98,2067,1004,TRAWL,RESULT,Y,NR,NR,T,NA,
1998-07-21 00:00:00,-99.0,-99.0,SCC_B98,2067,1005,TRAWL,RESULT,Y,NR,NR,T,NA,
1998-07-21 00:00:00,-99.0,-99.0,SCC_B98,2067,1006,TRAWL,RESULT,Y,NR,NR,T,NA,
1998-07-21 00:00:00,0.0,2.0,SCC_B98,2068,2068,GRAB,RESULT,N,Fine Sand,Brown,SI,Surface,
1998-07-20 00:00:00,-99.0,-99.0,SCC_B98,2069,1007,TRAWL,RESULT,N,NR,NR,T,NA,
1998-07-20 00:00:00,-99.0,-99.0,SCC_B98,2070,1010,TRAWL,RESULT,N,NR,NR,T,NA,
1998-07-21 00:00:00,-99.0,-99.0,SCC_B98,2071,1012,TRAWL,RESULT,N,NR,NR,TI,NA,
1998-07-21 00:00:00,0.0,2.0,SCC_B98,2071,2071,GRAB,RESULT,N,Silt/Clay,Brown,SI,Surface,
1998-07-25 00:00:00,-99.0,-99.0,SCC_B98,2072,1013,TRAWL,RESULT,N,NR,NR,TI,NA,
1998-07-25 00:00:00,0.0,2.0,SCC_B98,2072,2072,GRAB,RESULT,N,Fine Sand,Gray,SI,Surface,
1998-07-22 00:00:00,-99.0,-99.0,SCC_B98,2073,1015,TRAWL,RESULT,N,NR,NR,TI,NA,
1998-07-22 00:00:00,0.0,2.0,SCC_B98,2073,2073,GRAB,RESULT,N,Silt/Clay,Brown,SI,Surface,
1998-07-25 00:00:00,-99.0,-99.0,SCC_B98,2074,1018,TRAWL,RESULT,Y,NR,NR,T,NA,
1998-07-25 00:00:00,-99.0,-99.0,SCC_B98,2075,1021,TRAWL,RESULT,N,NR,NR,TI,NA,
1998-07-25 00:00:00,0.0,2.0,SCC_B98,2075,2075,GRAB,RESULT,N,Silt/Clay,Gray,SI,Surface,
1998-07-22 00:00:00,-99.0,-99.0,SCC_B98,2076,1024,TRAWL,RESULT,Y,NR,NR,T,NA,
1998-07-22 00:00:00,-99.0,-99.0,SCC_B98,2076,1025,TRAWL,RESULT,Y,NR,NR,T,NA,
1998-07-22 00:00:00,-99.0,-99.0,SCC_B98,2076,1026,TRAWL,RESULT,Y,NR,NR,T,NA,
1998-07-22 00:00:00,-99.0,-99.0,SCC_B98,2077,1027,TRAWL,RESULT,N,NR,NR,TI,NA,
1998-07-22 00:00:00,0.0,2.0,SCC_B98,2077,2077,GRAB,RESULT,N,NR,NR,SI,Surface,
1998-07-25 00:00:00,-99.0,-99.0,SCC_B98,2078,1029,TRAWL,RESULT,N,NR,NR,TI,NA,
1998-07-25 00:00:00,0.0,2.0,SCC_B98,2078,2078,GRAB,RESULT,N,Silt/Clay,Gray,SI,Surface,
1998-07-22 00:00:00,-99.0,-99.0,SCC_B98,2079,1032,TRAWL,RESULT,N,NR,NR,T,NA,
1998-07-24 00:00:00,0.0,2.0,SCC_B98,2081,2081,GRAB,RESULT,N,Coarse Sand,White,SI,Surface,
1998-07-22 00:00:00,-99.0,-99.0,SCC_B98,2082,1035,TRAWL,RESULT,N,NR,NR,TI,NA,
1998-07-22 00:00:00,0.0,2.0,SCC_B98,2082,2082,GRAB,RESULT,N,Silt/Clay,Brown,SI,Surface,
1998-07-24 00:00:00,0.0,2.0,SCC_B98,2083,2083,GRAB,RESULT,N,NR,NR,SI,Surface,
1998-07-23 00:00:00,-99.0,-99.0,SCC_B98,2084,1039,TRAWL,RESULT,N,NR,NR,T,NA,
1998-07-24 00:00:00,-99.0,-99.0,SCC_B98,2085,1041,TRAWL,RESULT,Y,NR,NR,T,NA,
1998-07-24 00:00:00,-99.0,-99.0,SCC_B98,2085,1042,TRAWL,RESULT,N,NR,NR,T,NA,
1998-07-24 00:00:00,-99.0,-99.0,SCC_B98,2085,1043,TRAWL,RESULT,N,NR,NR,T,NA,
1998-07-24 00:00:00,-99.0,-99.0,SCC_B98,2085,1044,TRAWL,RESULT,N,NR,NR,T,NA,
1998-07-24 00:00:00,0.0,2.0,SCC_B98,2086,2086,GRAB,RESULT,N,Silt/Clay,Gray,SI,Surface,
1998-07-24 00:00:00,-99.0,-99.0,SCC_B98,2087,1045,TRAWL,RESULT,N,NR,NR,TI,NA,
1998-07-24 00:00:00,0.0,2.0,SCC_B98,2087,2087,GRAB,RESULT,N,Silt/Clay,Gray,SI,Surface,
1998-07-24 00:00:00,-99.0,-99.0,SCC_B98,2088,1048,TRAWL,RESULT,N,NR,NR,TI,NA,
1998-07-24 00:00:00,0.0,2.0,SCC_B98,2088,2088,GRAB,RESULT,N,Silt/Clay,Gray,SI,Surface,
1998-07-24 00:00:00,-99.0,-99.0,SCC_B98,2089,1050,TRAWL,RESULT,N,NR,NR,TI,NA,
1998-07-24 00:00:00,0.0,2.0,SCC_B98,2089,2089,GRAB,RESULT,N,Silt/Clay,Gray,SI,Surface,
1998-07-22 00:00:00,-99.0,-99.0,SCC_B98,2090,1053,TRAWL,RESULT,Y,NR,NR,T,NA,
1998-07-23 00:00:00,-99.0,-99.0,SCC_B98,2091,1056,TRAWL,RESULT,N,NR,NR,TI,NA,
1998-07-23 00:00:00,0.0,2.0,SCC_B98,2091,2091,GRAB,RESULT,N,Silt/Clay,Gray,SI,Surface,
1998-07-23 00:00:00,-99.0,-99.0,SCC_B98,2092,1060,TRAWL,RESULT,Y,NR,NR,T,NA,
1998-07-22 00:00:00,-99.0,-99.0,SCC_B98,2093,1062,TRAWL,RESULT,N,NR,NR,TI,NA,
1998-07-23 00:00:00,0.0,2.0,SCC_B98,2093,2093,GRAB,RESULT,N,Fine Sand,Brown,SI,Surface,
1998-07-23 00:00:00,-99.0,-99.0,SCC_B98,2094,1064,TRAWL,RESULT,Y,NR,NR,T,NA,
1998-07-23 00:00:00,-99.0,-99.0,SCC_B98,2094,1065,TRAWL,RESULT,Y,NR,NR,T,NA,
1998-07-23 00:00:00,-99.0,-99.0,SCC_B98,2094,1066,TRAWL,RESULT,Y,NR,NR,T,NA,
1998-07-23 00:00:00,-99.0,-99.0,SCC_B98,2095,1068,TRAWL,RESULT,Y,NR,NR,T,NA,
1998-07-23 00:00:00,-99.0,-99.0,SCC_B98,2096,1071,TRAWL,RESULT,Y,NR,NR,T,NA,
1998-08-17 00:00:00,-99.0,-99.0,SCC_B98,2097,1072,TRAWL,RESULT,Y,NR,NR,T,NA,
1998-08-17 00:00:00,-99.0,-99.0,SCC_B98,2098,1073,TRAWL,RESULT,Y,NR,NR,T,NA,
1998-08-17 00:00:00,-99.0,-99.0,SCC_B98,2099,1075,TRAWL,RESULT,N,NR,NR,T,NA,
1998-08-17 00:00:00,-99.0,-99.0,SCC_B98,2099,1076,TRAWL,RESULT,N,NR,NR,T,NA,
1998-08-17 00:00:00,-99.0,-99.0,SCC_B98,2099,1078,TRAWL,RESULT,N,NR,NR,T,NA,
1998-08-17 00:00:00,-99.0,-99.0,SCC_B98,2099,1079,TRAWL,RESULT,N,NR,NR,T,NA,
1998-08-17 00:00:00,-99.0,-99.0,SCC_B98,2100,1080,TRAWL,RESULT,N,NR,NR,T,NA,
1998-08-17 00:00:00,-99.0,-99.0,SCC_B98,2100,1081,TRAWL,RESULT,N,NR,NR,T,NA,
1998-08-17 00:00:00,-99.0,-99.0,SCC_B98,2100,1083,TRAWL,RESULT,N,NR,NR,T,NA,
1998-08-17 00:00:00,-99.0,-99.0,SCC_B98,2100,1084,TRAWL,RESULT,N,NR,NR,T,NA,
1998-08-19 00:00:00,-99.0,-99.0,SCC_B98,2105,1085,TRAWL,RESULT,Y,NR,NR,T,NA,
1998-08-19 00:00:00,-99.0,-99.0,SCC_B98,2110,1088,TRAWL,RESULT,Y,NR,NR,T,NA,
1998-08-19 00:00:00,-99.0,-99.0,SCC_B98,2111,1090,TRAWL,RESULT,N,NR,NR,T,NA,
1998-08-19 00:00:00,-99.0,-99.0,SCC_B98,2112,1092,TRAWL,RESULT,Y,NR,NR,T,NA,
1998-08-20 00:00:00,-99.0,-99.0,SCC_B98,2113,1094,TRAWL,RESULT,Y,NR,NR,T,NA,
1998-08-20 00:00:00,-99.0,-99.0,SCC_B98,2113,1095,TRAWL,RESULT,Y,NR,NR,T,NA,
1998-08-20 00:00:00,-99.0,-99.0,SCC_B98,2113,1096,TRAWL,RESULT,N,NR,NR,T,NA,
1998-08-20 00:00:00,-99.0,-99.0,SCC_B98,2113,1097,TRAWL,RESULT,Y,NR,NR,T,NA,
1998-08-20 00:00:00,-99.0,-99.0,SCC_B98,2114,1098,TRAWL,RESULT,Y,NR,NR,T,NA,
1998-08-20 00:00:00,-99.0,-99.0,SCC_B98,2114,1099,TRAWL,RESULT,Y,NR,NR,T,NA,
1998-08-20 00:00:00,-99.0,-99.0,SCC_B98,2114,1100,TRAWL,RESULT,Y,NR,NR,T,NA,
1998-08-20 00:00:00,-99.0,-99.0,SCC_B98,2114,1101,TRAWL,RESULT,Y,NR,NR,T,NA,
1998-08-14 00:00:00,-99.0,-99.0,SCC_B98,2115,1102,TRAWL,RESULT,Y,NR,NR,T,NA,
1998-08-19 00:00:00,-99.0,-99.0,SCC_B98,2116,1103,TRAWL,RESULT,Y,NR,NR,T,NA,
1998-08-13 00:00:00,-99.0,-99.0,SCC_B98,2117,1104,TRAWL,RESULT,Y,NR,NR,T,NA,
1998-08-12 00:00:00,-99.0,-99.0,SCC_B98,2118,1168,TRAWL,RESULT,Y,NR,NR,T,NA,
1998-08-07 00:00:00,-99.0,-99.0,SCC_B98,2119,1109,TRAWL,RESULT,N,NR,NR,T,NA,
1998-08-10 00:00:00,-99.0,-99.0,SCC_B98,2120,1111,TRAWL,RESULT,N,NR,NR,T,NA,
1998-07-29 00:00:00,-99.0,-99.0,SCC_B98,2122,1114,TRAWL,RESULT,N,NR,NR,T,NA,
1998-08-27 00:00:00,0.0,2.0,SCC_B98,2128,2128,GRAB,RESULT,N,Silt/Clay,Brown,SPBI,Surface,
1998-07-24 00:00:00,0.0,2.0,SCC_B98,2129,2129,GRAB,RESULT,N,Silt/Clay,Black,SPBI,Surface,
1998-07-24 00:00:00,0.0,2.0,SCC_B98,2130,2130,GRAB,RESULT,N,Silt/Clay,Black,SPBI,Surface,
1998-07-24 00:00:00,0.0,2.0,SCC_B98,2131,2131,GRAB,RESULT,N,Silt/Clay,Brown,SPBI,Surface,
1998-07-24 00:00:00,0.0,2.0,SCC_B98,2132,2132,GRAB,RESULT,N,Coarse Sand,Brown,SBI,Surface,
1998-08-03 00:00:00,0.0,2.0,SCC_B98,2134,2134,GRAB,RESULT,N,Silt/Clay,Olive Green,SPBI,Surface,
1998-07-23 00:00:00,0.0,2.0,SCC_B98,2136,2136,GRAB,RESULT,N,Silt/Clay,Brown,SPBI,Surface,
1998-07-23 00:00:00,0.0,2.0,SCC_B98,2137,2137,GRAB,RESULT,N,Silt/Clay,Brown,SPBI,Surface,
1998-07-23 00:00:00,0.0,2.0,SCC_B98,2138,2138,GRAB,RESULT,N,Silt/Clay,Brown,SPBI,Surface,
1998-07-21 00:00:00,0.0,2.0,SCC_B98,2141,2141,GRAB,RESULT,N,Silt/Clay,Brown,SPBI,Surface,
1998-07-23 00:00:00,0.0,2.0,SCC_B98,2142,2142,GRAB,RESULT,N,Silt/Clay,Brown,SPBI,Surface,
1998-07-23 00:00:00,0.0,2.0,SCC_B98,2143,2143,GRAB,RESULT,N,Silt/Clay,Brown,SPBI,Surface,
1998-07-21 00:00:00,0.0,2.0,SCC_B98,2144,2144,GRAB,RESULT,N,Silt/Clay,Brown,SPBI,Surface,
1998-07-21 00:00:00,0.0,2.0,SCC_B98,2145,2145,GRAB,RESULT,N,Silt/Clay,Brown,SPBI,Surface,
1998-07-21 00:00:00,0.0,2.0,SCC_B98,2146,2146,GRAB,RESULT,N,Silt/Clay,Olive Green,SPBI,Surface,
1998-08-05 00:00:00,-99.0,-99.0,SCC_B98,2147,1116,TRAWL,RESULT,N,NR,NR,TI,NA,
1998-07-21 00:00:00,0.0,2.0,SCC_B98,2147,2147,GRAB,RESULT,N,Silt/Clay,Brown,SPBI,Surface,
1998-07-21 00:00:00,0.0,2.0,SCC_B98,2148,2148,GRAB,RESULT,N,Fine Sand,Brown,SBI,Surface,
1998-08-06 00:00:00,0.0,2.0,SCC_B98,2149,2149,GRAB,RESULT,N,Coarse Sand with Shell Hash,Brown,SPBI,Surface,
1998-08-06 00:00:00,0.0,2.0,SCC_B98,2150,2150,GRAB,RESULT,N,Fine Sand with Shell Hash,Brown,SPBI,Surface,
1998-08-06 00:00:00,0.0,2.0,SCC_B98,2151,2151,GRAB,RESULT,N,Fine Sand with Shell Hash,Brown,SPBI,Surface,
1998-07-30 00:00:00,0.0,2.0,SCC_B98,2152,2152,GRAB,RESULT,N,Fine Sand,Brown,SPBI,Surface,
1998-07-30 00:00:00,0.0,2.0,SCC_B98,2153,2153,GRAB,RESULT,N,Coarse Sand,Brown,SBI,Surface,
1998-07-30 00:00:00,0.0,2.0,SCC_B98,2154,2154,GRAB,RESULT,N,Coarse Sand with Shell Hash,Brown,SBI,Surface,
1998-07-30 00:00:00,0.0,2.0,SCC_B98,2155,2155,GRAB,RESULT,N,Fine Sand,Brown,SPBI,Surface,
1998-07-30 00:00:00,0.0,2.0,SCC_B98,2156,2156,GRAB,RESULT,N,Fine Sand,Brown,SPBI,Surface,
1998-07-30 00:00:00,0.0,2.0,SCC_B98,2157,2157,GRAB,RESULT,N,Fine Sand,Brown,SPBI,Surface,
1998-07-29 00:00:00,0.0,2.0,SCC_B98,2158,2158,GRAB,RESULT,N,Fine Sand,Brown,SPBI,Surface,
1998-07-29 00:00:00,0.0,2.0,SCC_B98,2159,2159,GRAB,RESULT,N,Fine Sand,Olive Green,SPBI,Surface,
1998-07-29 00:00:00,0.0,2.0,SCC_B98,2160,2160,GRAB,RESULT,N,Fine Sand,Brown,SPBI,Surface,
1998-07-30 00:00:00,0.0,2.0,SCC_B98,2161,2161,GRAB,RESULT,N,Fine Sand,Brown,SPBI,Surface,
1998-07-27 00:00:00,0.0,2.0,SCC_B98,2162,2162,GRAB,RESULT,N,Silt/Clay,Gray,SPBI,Surface,
1998-07-30 00:00:00,0.0,2.0,SCC_B98,2163,2163,GRAB,RESULT,N,Fine Sand,Brown,SPBI,Surface,
1998-08-03 00:00:00,0.0,2.0,SCC_B98,2164,2164,GRAB,RESULT,N,Fine Sand,Olive Green,SBI,Surface,
1998-07-30 00:00:00,0.0,2.0,SCC_B98,2167,2167,GRAB,RESULT,N,Fine Sand,Brown,SPBI,Surface,
1998-07-30 00:00:00,0.0,2.0,SCC_B98,2168,2168,GRAB,RESULT,N,Silt/Clay,Gray,SPBI,Surface,
1998-07-28 00:00:00,0.0,2.0,SCC_B98,2169,2169,GRAB,RESULT,N,Silt/Clay,Olive Green,SPBI,Surface,
1998-07-28 00:00:00,0.0,2.0,SCC_B98,2170,2170,GRAB,RESULT,N,Silt/Clay,Olive Green,SPBI,Surface,
1998-07-29 00:00:00,0.0,2.0,SCC_B98,2172,2172,GRAB,RESULT,N,Silt/Clay,Brown,SBI,Surface,
1998-07-29 00:00:00,0.0,2.0,SCC_B98,2173,2173,GRAB,RESULT,N,Fine Sand,Olive Green,SPBI,Surface,
1998-07-31 00:00:00,0.0,2.0,SCC_B98,2174,2174,GRAB,RESULT,N,Silt/Clay,Brown,SPBI,Surface,
1998-07-28 00:00:00,0.0,2.0,SCC_B98,2175,2175,GRAB,RESULT,N,Silt/Clay,Brown,SPBI,Surface,
1998-07-31 00:00:00,0.0,2.0,SCC_B98,2176,2176,GRAB,RESULT,N,Silt/Clay with Shell Hash,Gray,SPBI,Surface,
1998-07-31 00:00:00,0.0,2.0,SCC_B98,2177,2177,GRAB,RESULT,N,Silt/Clay,Brown,SPBI,Surface,
1998-07-31 00:00:00,0.0,2.0,SCC_B98,2178,2178,GRAB,RESULT,N,Silt/Clay,Olive Green,SPBI,Surface,
1998-07-29 00:00:00,0.0,2.0,SCC_B98,2179,2179,GRAB,RESULT,N,Silt/Clay,Olive Green,SPBI,Surface,
1998-07-28 00:00:00,0.0,2.0,SCC_B98,2182,2182,GRAB,RESULT,N,Silt/Clay,Gray,SPBI,Surface,
1998-07-28 00:00:00,0.0,2.0,SCC_B98,2184,2184,GRAB,RESULT,N,Silt/Clay,Brown,SPBI,Surface,
1998-07-29 00:00:00,0.0,2.0,SCC_B98,2185,2185,GRAB,RESULT,N,Silt/Clay,Brown,SPBI,Surface,
1998-07-29 00:00:00,0.0,2.0,SCC_B98,2186,2186,GRAB,RESULT,N,Silt/Clay,Olive Green,SBI,Surface,
1998-07-29 00:00:00,0.0,2.0,SCC_B98,2187,2187,GRAB,RESULT,N,Silt/Clay,Olive Green,SBI,Surface,
1998-08-03 00:00:00,0.0,2.0,SCC_B98,2188,2188,GRAB,RESULT,N,Silt/Clay,Olive Green,SPBI,Surface,
1998-08-13 00:00:00,-99.0,-99.0,SCC_B98,2189,1117,TRAWL,RESULT,N,NR,NR,TI,NA,
1998-07-24 00:00:00,0.0,2.0,SCC_B98,2189,2189,GRAB,RESULT,N,Silt/Clay,Olive Green,SBI,Surface,
1998-08-13 00:00:00,-99.0,-99.0,SCC_B98,2190,1118,TRAWL,RESULT,N,NR,NR,TI,NA,
1998-07-24 00:00:00,0.0,2.0,SCC_B98,2190,2190,GRAB,RESULT,N,Silt/Clay,Olive Green,SBI,Surface,
1998-07-29 00:00:00,-99.0,-99.0,SCC_B98,2191,1120,TRAWL,RESULT,N,NR,NR,TI,NA,
1998-07-29 00:00:00,-99.0,-99.0,SCC_B98,2191,1121,TRAWL,RESULT,N,NR,NR,TI,NA,
1998-08-11 00:00:00,0.0,2.0,SCC_B98,2191,2191,GRAB,RESULT,N,Silt/Clay,Olive Green,SBI,Surface,
1998-07-29 00:00:00,-99.0,-99.0,SCC_B98,2192,1123,TRAWL,RESULT,N,NR,NR,TI,NA,
1998-07-23 00:00:00,0.0,2.0,SCC_B98,2192,2192,GRAB,RESULT,N,Silt/Clay,Olive Green,SBI,Surface,
1998-08-04 00:00:00,-99.0,-99.0,SCC_B98,2194,1125,TRAWL,RESULT,N,NR,NR,TI,NA,
1998-07-24 00:00:00,0.0,2.0,SCC_B98,2194,2194,GRAB,RESULT,N,Silt/Clay,Olive Green,SBI,Surface,
1998-07-29 00:00:00,-99.0,-99.0,SCC_B98,2195,1127,TRAWL,RESULT,N,NR,NR,TI,NA,
1998-07-29 00:00:00,-99.0,-99.0,SCC_B98,2195,1128,TRAWL,RESULT,N,NR,NR,TI,NA,
1998-07-23 00:00:00,0.0,2.0,SCC_B98,2195,2195,GRAB,RESULT,N,Silt/Clay,Olive Green,SBI,Surface,
1998-07-24 00:00:00,0.0,2.0,SCC_B98,2196,2196,GRAB,RESULT,N,Mixed,Olive Green,SBI,Surface,
1998-08-13 00:00:00,-99.0,-99.0,SCC_B98,2197,1129,TRAWL,RESULT,N,NR,NR,TI,NA,
1998-07-23 00:00:00,0.0,2.0,SCC_B98,2197,2197,GRAB,RESULT,N,Silt/Clay,Olive Green,SBI,Surface,
1998-08-04 00:00:00,-99.0,-99.0,SCC_B98,2198,1130,TRAWL,RESULT,N,NR,NR,TI,NA,
1998-07-24 00:00:00,0.0,2.0,SCC_B98,2198,2198,GRAB,RESULT,N,Mixed,Olive Green,SBI,Surface,
1998-08-11 00:00:00,0.0,2.0,SCC_B98,2199,2199,GRAB,RESULT,N,Mixed with Shell Hash,Olive Green,SBI,Surface,
1998-08-12 00:00:00,-99.0,-99.0,SCC_B98,2200,1131,TRAWL,RESULT,N,NR,NR,TI,NA,
1998-07-24 00:00:00,0.0,2.0,SCC_B98,2200,2200,GRAB,RESULT,N,Silt/Clay,Olive Green,SBI,Surface,
1998-08-12 00:00:00,-99.0,-99.0,SCC_B98,2201,1133,TRAWL,RESULT,N,NR,NR,TI,NA,
1998-07-28 00:00:00,0.0,2.0,SCC_B98,2201,2201,GRAB,RESULT,N,Silt/Clay with Shell Hash,Olive Green,SPBI,Surface,
1998-08-13 00:00:00,-99.0,-99.0,SCC_B98,2202,1134,TRAWL,RESULT,N,NR,NR,TI,NA,
1998-07-28 00:00:00,0.0,2.0,SCC_B98,2202,2202,GRAB,RESULT,N,Silt/Clay,Olive Green,SPBI,Surface,
1998-08-13 00:00:00,-99.0,-99.0,SCC_B98,2204,1136,TRAWL,RESULT,N,NR,NR,TI,NA,
1998-07-24 00:00:00,0.0,2.0,SCC_B98,2204,2204,GRAB,RESULT,N,Silt/Clay,Olive Green,SBI,Surface,
1998-08-13 00:00:00,-99.0,-99.0,SCC_B98,2205,1138,TRAWL,RESULT,N,NR,NR,TI,NA,
1998-07-29 00:00:00,0.0,2.0,SCC_B98,2205,2205,GRAB,RESULT,N,Silt/Clay,Olive Green,SBI,Surface,
1998-08-13 00:00:00,-99.0,-99.0,SCC_B98,2206,1139,TRAWL,RESULT,N,NR,NR,TI,NA,
1998-08-13 00:00:00,-99.0,-99.0,SCC_B98,2206,1140,TRAWL,RESULT,N,NR,NR,TI,NA,
1998-07-29 00:00:00,0.0,2.0,SCC_B98,2206,2206,GRAB,RESULT,N,Silt/Clay,Olive Green,SI,Surface,
1998-08-11 00:00:00,-99.0,-99.0,SCC_B98,2207,1141,TRAWL,RESULT,N,NR,NR,TI,NA,
1998-07-24 00:00:00,0.0,2.0,SCC_B98,2207,2207,GRAB,RESULT,N,Fine Sand,Olive Green,SBI,Surface,
1998-08-11 00:00:00,-99.0,-99.0,SCC_B98,2208,1142,TRAWL,RESULT,N,NR,NR,TI,NA,
1998-07-22 00:00:00,0.0,2.0,SCC_B98,2208,2208,GRAB,RESULT,N,Fine Sand,Olive Green,SBI,Surface,
1998-08-10 00:00:00,-99.0,-99.0,SCC_B98,2209,1144,TRAWL,RESULT,N,NR,NR,TI,NA,
1998-07-22 00:00:00,0.0,2.0,SCC_B98,2209,2209,GRAB,RESULT,N,Fine Sand,Olive Green,SBI,Surface,
1998-08-06 00:00:00,-99.0,-99.0,SCC_B98,2210,1147,TRAWL,RESULT,N,NR,NR,TI,NA,
1998-07-24 00:00:00,0.0,2.0,SCC_B98,2210,2210,GRAB,RESULT,N,Fine Sand,Olive Green,SBI,Surface,
1998-08-07 00:00:00,-99.0,-99.0,SCC_B98,2211,1149,TRAWL,RESULT,N,NR,NR,TI,NA,
1998-07-24 00:00:00,0.0,2.0,SCC_B98,2211,2211,GRAB,RESULT,N,Fine Sand,Olive Green,SBI,Surface,
1998-08-11 00:00:00,-99.0,-99.0,SCC_B98,2212,1151,TRAWL,RESULT,N,NR,NR,TI,NA,
1998-08-11 00:00:00,-99.0,-99.0,SCC_B98,2212,1152,TRAWL,RESULT,N,NR,NR,TI,NA,
1998-07-22 00:00:00,0.0,2.0,SCC_B98,2212,2212,GRAB,RESULT,N,Fine Sand,Olive Green,SBI,Surface,
1998-08-10 00:00:00,-99.0,-99.0,SCC_B98,2213,1154,TRAWL,RESULT,N,NR,NR,TI,NA,
1998-08-10 00:00:00,-99.0,-99.0,SCC_B98,2213,1155,TRAWL,RESULT,N,NR,NR,TI,NA,
1998-07-24 00:00:00,0.0,2.0,SCC_B98,2213,2213,GRAB,RESULT,N,Fine Sand,Olive Green,SBI,Surface,
1998-08-07 00:00:00,0.0,2.0,SCC_B98,2214,2214,GRAB,RESULT,N,Silt/Clay,Olive Green,SBI,Surface,
1998-08-03 00:00:00,-99.0,-99.0,SCC_B98,2214,803981937,TRAWL,RESULT,N,NR,NR,TI,NA,
1998-07-24 00:00:00,0.0,2.0,SCC_B98,2215,2215,GRAB,RESULT,N,Silt/Clay,Olive Green,SI,Surface,
1998-08-03 00:00:00,-99.0,-99.0,SCC_B98,2215,803981938,TRAWL,RESULT,N,NR,NR,TI,NA,
1998-07-24 00:00:00,0.0,2.0,SCC_B98,2216,2216,GRAB,RESULT,N,Silt/Clay,Olive Green,SI,Surface,
1998-08-04 00:00:00,-99.0,-99.0,SCC_B98,2216,804981939,TRAWL,RESULT,N,NR,NR,TI,NA,
1998-08-04 00:00:00,-99.0,-99.0,SCC_B98,2216,804981940,TRAWL,RESULT,N,NR,NR,TI,NA,
1998-08-07 00:00:00,0.0,2.0,SCC_B98,2217,2217,GRAB,RESULT,N,Silt/Clay,Olive Green,SBI,Surface,
1998-07-31 00:00:00,-99.0,-99.0,SCC_B98,2217,731981941,TRAWL,RESULT,N,NR,NR,TI,NA,
1998-08-07 00:00:00,0.0,2.0,SCC_B98,2218,2218,GRAB,RESULT,N,Silt/Clay,Olive Green,SBI,Surface,
1998-07-31 00:00:00,-99.0,-99.0,SCC_B98,2218,731981942,TRAWL,RESULT,N,NR,NR,TI,NA,
1998-07-24 00:00:00,0.0,2.0,SCC_B98,2219,2219,GRAB,RESULT,N,Silt/Clay,Olive Green,SBI,Surface,
1998-07-30 00:00:00,-99.0,-99.0,SCC_B98,2219,730981944,TRAWL,RESULT,N,NR,NR,TI,NA,
1998-07-24 00:00:00,0.0,2.0,SCC_B98,2220,2220,GRAB,RESULT,N,Silt/Clay,Olive Green,SBI,Surface,
1998-07-31 00:00:00,-99.0,-99.0,SCC_B98,2220,731981943,TRAWL,RESULT,N,NR,NR,TI,NA,
1998-07-27 00:00:00,0.0,2.0,SCC_B98,2221,2221,GRAB,RESULT,N,Silt/Clay,Olive Green,SPBI,Surface,
1998-07-27 00:00:00,0.0,2.0,SCC_B98,2222,2222,GRAB,RESULT,N,Silt/Clay,Olive Green,SPBI,Surface,
1998-07-27 00:00:00,0.0,2.0,SCC_B98,2223,2223,GRAB,RESULT,N,Silt/Clay,Olive Green,SPBI,Surface,
1998-07-27 00:00:00,0.0,2.0,SCC_B98,2224,2224,GRAB,RESULT,N,Silt/Clay,Olive Green,SBI,Surface,
1998-07-27 00:00:00,0.0,2.0,SCC_B98,2225,2225,GRAB,RESULT,N,Silt/Clay with Shell Hash,Gray,SPBI,Surface,
1998-07-27 00:00:00,0.0,2.0,SCC_B98,2226,2226,GRAB,RESULT,N,Silt/Clay,Gray,SPBI,Surface,
1998-07-27 00:00:00,0.0,2.0,SCC_B98,2227,2227,GRAB,RESULT,N,Silt/Clay with Shell Hash,Olive Green,SPBI,Surface,
1998-07-28 00:00:00,0.0,2.0,SCC_B98,2228,2228,GRAB,RESULT,N,Silt/Clay,Olive Green,SBI,Surface,
1998-07-28 00:00:00,0.0,2.0,SCC_B98,2229,2229,GRAB,RESULT,N,Silt/Clay with Shell Hash,Olive Green,SPBI,Surface,
1998-08-05 00:00:00,0.0,2.0,SCC_B98,2230,2230,GRAB,RESULT,N,Fine Sand,Olive Green,SBI,Surface,
1998-07-28 00:00:00,0.0,2.0,SCC_B98,2231,2231,GRAB,RESULT,N,Mixed with Shell Hash,Olive Green,SBI,Surface,
1998-07-29 00:00:00,0.0,2.0,SCC_B98,2233,2233,GRAB,RESULT,N,Silt/Clay with Shell Hash,Olive Green,SBI,Surface,
1998-08-14 00:00:00,-99.0,-99.0,SCC_B98,2233,814981945,TRAWL,RESULT,N,NR,NR,TI,NA,
1998-07-30 00:00:00,0.0,2.0,SCC_B98,2235,2235,GRAB,RESULT,N,Silt/Clay,Gray,SPBI,Surface,
1998-07-30 00:00:00,0.0,2.0,SCC_B98,2238,2238,GRAB,RESULT,N,Silt/Clay,Gray,SPBI,Surface,
1998-07-29 00:00:00,0.0,2.0,SCC_B98,2239,2239,GRAB,RESULT,N,Silt/Clay with Shell Hash,Olive Green,SBI,Surface,
1998-08-04 00:00:00,0.0,2.0,SCC_B98,2240,2240,GRAB,RESULT,N,Silt/Clay with Shell Hash,Olive Green,SPBI,Surface,
1998-07-29 00:00:00,0.0,2.0,SCC_B98,2241,2241,GRAB,RESULT,N,Mixed,Olive Green,SBI,Surface,
1998-08-04 00:00:00,0.0,2.0,SCC_B98,2242,2242,GRAB,RESULT,N,Silt/Clay,Olive Green,SBI,Surface,
1998-08-13 00:00:00,-99.0,-99.0,SCC_B98,2242,813981946,TRAWL,RESULT,N,NR,NR,TI,NA,
1998-08-04 00:00:00,0.0,2.0,SCC_B98,2243,2243,GRAB,RESULT,N,Silt/Clay,Olive Green,SBI,Surface,
1998-07-30 00:00:00,0.0,2.0,SCC_B98,2244,2244,GRAB,RESULT,N,Silt/Clay,Olive Green,SBI,Surface,
1998-08-18 00:00:00,-99.0,-99.0,SCC_B98,2244,818981947,TRAWL,RESULT,N,NR,NR,TI,NA,
1998-08-04 00:00:00,0.0,2.0,SCC_B98,2245,2245,GRAB,RESULT,N,Silt/Clay,Olive Green,SPBI,Surface,
1998-07-30 00:00:00,0.0,2.0,SCC_B98,2247,2247,GRAB,RESULT,N,Silt/Clay,Olive Green,SPBI,Surface,
1998-07-30 00:00:00,0.0,2.0,SCC_B98,2249,2249,GRAB,RESULT,N,Silt/Clay,Gray,SPBI,Surface,
1998-07-28 00:00:00,0.0,2.0,SCC_B98,2251,2251,GRAB,RESULT,N,Silt/Clay,Olive Green,SBI,Surface,
1998-07-29 00:00:00,0.0,2.0,SCC_B98,2252,2252,GRAB,RESULT,N,Mixed with Shell Hash,Brown,SPBI,Surface,
1998-08-05 00:00:00,0.0,2.0,SCC_B98,2253,2253,GRAB,RESULT,N,Silt/Clay,Olive Green,SPBI,Surface,
1998-08-05 00:00:00,0.0,2.0,SCC_B98,2254,2254,GRAB,RESULT,N,Silt/Clay with Shell Hash,Olive Green,SBI,Surface,
1998-08-13 00:00:00,-99.0,-99.0,SCC_B98,2254,813981992,TRAWL,RESULT,N,NR,NR,TI,NA,
1998-07-29 00:00:00,0.0,2.0,SCC_B98,2255,2255,GRAB,RESULT,N,Silt/Clay with Shell Hash,Olive Green,SPBI,Surface,
1998-07-29 00:00:00,0.0,2.0,SCC_B98,2256,2256,GRAB,RESULT,N,Silt/Clay,Olive Green,SPBI,Surface,
1998-08-17 00:00:00,-99.0,-99.0,SCC_B98,2256,817981949,TRAWL,RESULT,N,NR,NR,TI,NA,
1998-07-29 00:00:00,0.0,2.0,SCC_B98,2257,2257,GRAB,RESULT,N,Silt/Clay,Olive Green,SPBI,Surface,
1998-07-29 00:00:00,0.0,2.0,SCC_B98,2258,2258,GRAB,RESULT,N,Silt/Clay with Shell Hash,Olive Green,SPBI,Surface,
1998-07-30 00:00:00,0.0,2.0,SCC_B98,2259,2259,GRAB,RESULT,N,Silt/Clay,Olive Green,SPBI,Surface,
1998-07-30 00:00:00,0.0,2.0,SCC_B98,2260,2260,GRAB,RESULT,N,Silt/Clay,Olive Green,SBI,Surface,
1998-07-30 00:00:00,0.0,2.0,SCC_B98,2262,2262,GRAB,RESULT,N,Silt/Clay,Olive Green,SPBI,Surface,
1998-08-18 00:00:00,-99.0,-99.0,SCC_B98,2262,818981948,TRAWL,RESULT,N,NR,NR,TI,NA,
1998-07-28 00:00:00,0.0,2.0,SCC_B98,2263,2263,GRAB,RESULT,N,Silt/Clay,Olive Green,SPBI,Surface,
1998-08-05 00:00:00,0.0,2.0,SCC_B98,2264,2264,GRAB,RESULT,N,Silt/Clay,Olive Green,SPBI,Surface,
1998-07-29 00:00:00,0.0,2.0,SCC_B98,2265,2265,GRAB,RESULT,N,Silt/Clay with Shell Hash,Olive Green,SBI,Surface,
1998-07-24 00:00:00,0.0,2.0,SCC_B98,2266,2266,GRAB,RESULT,N,Fine Sand,Gray,SBI,Surface,
1998-08-10 00:00:00,-99.0,-99.0,SCC_B98,2267,1179,TRAWL,RESULT,N,NR,NR,TI,NA,
1998-08-10 00:00:00,0.0,2.0,SCC_B98,2267,2267,GRAB,RESULT,N,Fine Sand,Brown,SBI,Surface,
1998-08-10 00:00:00,-99.0,-99.0,SCC_B98,2268,1181,TRAWL,RESULT,N,NR,NR,TI,NA,
1998-08-10 00:00:00,0.0,2.0,SCC_B98,2268,2268,GRAB,RESULT,N,Fine Sand,Gray,SBI,Surface,
1998-07-24 00:00:00,0.0,2.0,SCC_B98,2269,2269,GRAB,RESULT,N,Fine Sand,Brown,SBI,Surface,
1998-07-24 00:00:00,0.0,2.0,SCC_B98,2272,2272,GRAB,RESULT,N,Fine Sand,Brown,SBI,Surface,
1998-07-16 00:00:00,0.0,2.0,SCC_B98,2273,2273,GRAB,RESULT,N,Fine Sand,Brown,SBI,Surface,
1998-07-31 00:00:00,-99.0,-99.0,SCC_B98,2274,1183,TRAWL,RESULT,N,NR,NR,TI,NA,
1998-07-24 00:00:00,0.0,2.0,SCC_B98,2274,2274,GRAB,RESULT,N,Coarse Sand,Brown,SBI,Surface,
1998-07-16 00:00:00,0.0,2.0,SCC_B98,2275,2275,GRAB,RESULT,N,Fine Sand,Brown,SBI,Surface,
1998-07-13 00:00:00,-99.0,-99.0,SCC_B98,2276,1184,TRAWL,RESULT,N,NR,NR,TI,NA,
1998-07-24 00:00:00,0.0,2.0,SCC_B98,2276,2276,GRAB,RESULT,N,Coarse Sand with Shell Hash,Brown,SBI,Surface,
1998-07-27 00:00:00,-99.0,-99.0,SCC_B98,2277,1185,TRAWL,RESULT,N,NR,NR,TI,NA,
1998-08-06 00:00:00,0.0,2.0,SCC_B98,2277,2277,GRAB,RESULT,N,Fine Sand,Olive Green,SBI,Surface,
1998-07-27 00:00:00,-99.0,-99.0,SCC_B98,2278,1187,TRAWL,RESULT,N,NR,NR,TI,NA,
1998-08-06 00:00:00,0.0,2.0,SCC_B98,2278,2278,GRAB,RESULT,N,Silt/Clay,Olive Green,SI,Surface,
1998-08-03 00:00:00,0.0,2.0,SCC_B98,2279,2279,GRAB,RESULT,N,Fine Sand,Brown,SI,Surface,
1998-07-27 00:00:00,-99.0,-99.0,SCC_B98,2280,1189,TRAWL,RESULT,N,NR,NR,TI,NA,
1998-08-03 00:00:00,0.0,2.0,SCC_B98,2280,2280,GRAB,RESULT,N,Silt/Clay,Brown,SI,Surface,
1998-07-28 00:00:00,-99.0,-99.0,SCC_B98,2281,1190,TRAWL,RESULT,N,NR,NR,TI,NA,
1998-08-06 00:00:00,0.0,2.0,SCC_B98,2281,2281,GRAB,RESULT,N,Silt/Clay,Olive Green,SI,Surface,
1998-07-28 00:00:00,-99.0,-99.0,SCC_B98,2282,1192,TRAWL,RESULT,N,NR,NR,TI,NA,
1998-08-06 00:00:00,0.0,2.0,SCC_B98,2282,2282,GRAB,RESULT,N,Fine Sand,Olive Green,SI,Surface,
1998-07-28 00:00:00,-99.0,-99.0,SCC_B98,2283,1193,TRAWL,RESULT,N,NR,NR,TI,NA,
1998-08-06 00:00:00,0.0,2.0,SCC_B98,2283,2283,GRAB,RESULT,N,Silt/Clay with Shell Hash,Olive Green,SI,Surface,
1998-07-28 00:00:00,-99.0,-99.0,SCC_B98,2284,1194,TRAWL,RESULT,N,NR,NR,TI,NA,
1998-08-06 00:00:00,0.0,2.0,SCC_B98,2284,2284,GRAB,RESULT,N,Silt/Clay,Olive Green,SI,Surface,
1998-07-30 00:00:00,-99.0,-99.0,SCC_B98,2285,1195,TRAWL,RESULT,N,NR,NR,TI,NA,
1998-08-05 00:00:00,0.0,2.0,SCC_B98,2285,2285,GRAB,RESULT,N,Silt/Clay,Brown,SI,Surface,
1998-07-30 00:00:00,-99.0,-99.0,SCC_B98,2286,1197,TRAWL,RESULT,N,NR,NR,TI,NA,
1998-08-05 00:00:00,0.0,2.0,SCC_B98,2286,2286,GRAB,RESULT,N,Fine Sand,Brown,SBI,Surface,
1998-07-30 00:00:00,-99.0,-99.0,SCC_B98,2287,1198,TRAWL,RESULT,N,NR,NR,TI,NA,
1998-08-05 00:00:00,0.0,2.0,SCC_B98,2287,2287,GRAB,RESULT,N,Silt/Clay,Brown,SI,Surface,
1998-07-30 00:00:00,-99.0,-99.0,SCC_B98,2288,1199,TRAWL,RESULT,N,NR,NR,TI,NA,
1998-08-05 00:00:00,0.0,2.0,SCC_B98,2288,2288,GRAB,RESULT,N,Fine Sand,Brown,SBI,Surface,
1998-07-30 00:00:00,-99.0,-99.0,SCC_B98,2289,1200,TRAWL,RESULT,N,NR,NR,TI,NA,
1998-08-03 00:00:00,0.0,2.0,SCC_B98,2289,2289,GRAB,RESULT,N,Fine Sand,Olive Green,SPBI,Surface,
1998-07-30 00:00:00,-99.0,-99.0,SCC_B98,2290,1203,TRAWL,RESULT,N,NR,NR,TI,NA,
1998-07-30 00:00:00,-99.0,-99.0,SCC_B98,2290,1204,TRAWL,RESULT,N,NR,NR,TI,NA,
1998-08-04 00:00:00,0.0,2.0,SCC_B98,2290,2290,GRAB,RESULT,N,Silt/Clay,Brown,SBI,Surface,
1998-07-30 00:00:00,-99.0,-99.0,SCC_B98,2291,1208,TRAWL,RESULT,N,NR,NR,TI,NA,
1998-08-03 00:00:00,0.0,2.0,SCC_B98,2291,2291,GRAB,RESULT,N,Fine Sand,Olive Green,SPBI,Surface,
1998-07-30 00:00:00,-99.0,-99.0,SCC_B98,2292,1210,TRAWL,RESULT,N,NR,NR,TI,NA,
1998-07-30 00:00:00,-99.0,-99.0,SCC_B98,2292,1211,TRAWL,RESULT,N,NR,NR,TI,NA,
1998-07-30 00:00:00,-99.0,-99.0,SCC_B98,2292,1212,TRAWL,RESULT,N,NR,NR,TI,NA,
1998-08-04 00:00:00,0.0,2.0,SCC_B98,2292,2292,GRAB,RESULT,N,Silt/Clay,Brown,SI,Surface,
1998-07-31 00:00:00,-99.0,-99.0,SCC_B98,2293,1214,TRAWL,RESULT,N,NR,NR,TI,NA,
1998-08-03 00:00:00,0.0,2.0,SCC_B98,2293,2293,GRAB,RESULT,N,Coarse Sand,Red,SBI,Surface,
1998-07-31 00:00:00,-99.0,-99.0,SCC_B98,2294,1216,TRAWL,RESULT,N,NR,NR,TI,NA,
1998-08-03 00:00:00,0.0,2.0,SCC_B98,2294,2294,GRAB,RESULT,N,Fine Sand,Olive Green,SI,Surface,
1998-07-31 00:00:00,-99.0,-99.0,SCC_B98,2295,1217,TRAWL,RESULT,N,NR,NR,TI,NA,
1998-08-03 00:00:00,0.0,2.0,SCC_B98,2295,2295,GRAB,RESULT,N,Fine Sand,Olive Green,SBI,Surface,
1998-07-31 00:00:00,-99.0,-99.0,SCC_B98,2296,1219,TRAWL,RESULT,N,NR,NR,TI,NA,
1998-08-03 00:00:00,0.0,2.0,SCC_B98,2296,2296,GRAB,RESULT,N,Fine Sand,Olive Green,SI,Surface,
1998-07-31 00:00:00,0.0,2.0,SCC_B98,2297,2297,GRAB,RESULT,N,Silt/Clay,Olive Green,SPBI,Surface,
1998-08-19 00:00:00,-99.0,-99.0,SCC_B98,2298,1220,TRAWL,RESULT,N,NR,NR,TI,NA,
1998-07-31 00:00:00,0.0,2.0,SCC_B98,2298,2298,GRAB,RESULT,N,Silt/Clay,Olive Green,SPBI,Surface,
1998-07-27 00:00:00,0.0,2.0,SCC_B98,2299,2299,GRAB,RESULT,N,Silt/Clay,Gray,SPBI,Surface,
1998-07-30 00:00:00,0.0,2.0,SCC_B98,2300,2300,GRAB,RESULT,N,Silt/Clay,Gray,SPBI,Surface,
1998-07-24 00:00:00,0.0,2.0,SCC_B98,2301,2301,GRAB,RESULT,N,Fine Sand,Brown,SBI,Surface,
1998-07-27 00:00:00,-99.0,-99.0,SCC_B98,2302,1221,TRAWL,RESULT,N,NR,NR,TI,NA,
1998-08-03 00:00:00,0.0,2.0,SCC_B98,2302,2302,GRAB,RESULT,N,Silt/Clay,Brown,SBI,Surface,
1998-07-27 00:00:00,-99.0,-99.0,SCC_B98,2303,1222,TRAWL,RESULT,N,NR,NR,TI,NA,
1998-08-04 00:00:00,0.0,2.0,SCC_B98,2303,2303,GRAB,RESULT,N,Silt/Clay,Brown,SBI,Surface,
1998-08-04 00:00:00,0.0,2.0,SCC_B98,2304,2304,GRAB,RESULT,N,Fine Sand with Shell Hash,Brown,SBI,Surface,
1998-07-22 00:00:00,0.0,2.0,SCC_B98,2305,2305,GRAB,RESULT,N,Fine Sand,Gray,SBI,Surface,
1998-08-04 00:00:00,-99.0,-99.0,SCC_B98,2306,1224,TRAWL,RESULT,N,NR,NR,TI,NA,
1998-07-23 00:00:00,0.0,2.0,SCC_B98,2306,2306,GRAB,RESULT,N,Mixed,Gray,SBI,Surface,
1998-07-22 00:00:00,0.0,2.0,SCC_B98,2307,2307,GRAB,RESULT,N,Fine Sand,Gray,SBI,Surface,
1998-07-22 00:00:00,0.0,2.0,SCC_B98,2308,2308,GRAB,RESULT,N,Silt/Clay,Brown,SBI,Surface,
1998-07-17 00:00:00,0.0,2.0,SCC_B98,2310,2310,GRAB,RESULT,N,Fine Sand,Brown,SBI,Surface,
1998-07-30 00:00:00,0.0,2.0,SCC_B98,2311,2311,GRAB,RESULT,N,Silt/Clay,Black,SBI,Surface,
1998-08-14 00:00:00,-99.0,-99.0,SCC_B98,2312,1225,TRAWL,RESULT,N,NR,NR,TI,NA,
1998-08-12 00:00:00,0.0,2.0,SCC_B98,2312,2312,GRAB,RESULT,N,Silt/Clay,Olive Green,SBI,Surface,
1998-08-14 00:00:00,-99.0,-99.0,SCC_B98,2314,1227,TRAWL,RESULT,N,NR,NR,TI,NA,
1998-08-12 00:00:00,0.0,2.0,SCC_B98,2314,2314,GRAB,RESULT,N,Fine Sand,Olive Green,SBI,Surface,
1998-08-06 00:00:00,0.0,2.0,SCC_B98,2315,2315,GRAB,RESULT,N,Fine Sand,Brown,SBI,Surface,
1998-08-06 00:00:00,0.0,2.0,SCC_B98,2317,2317,GRAB,RESULT,N,Coarse Sand,Red,SBI,Surface,
1998-08-07 00:00:00,-99.0,-99.0,SCC_B98,2317,807981950,TRAWL,RESULT,N,NR,NR,TI,NA,
1998-08-03 00:00:00,0.0,2.0,SCC_B98,2318,2318,GRAB,RESULT,N,Fine Sand,Olive Green,SBI,Surface,
1998-08-12 00:00:00,-99.0,-99.0,SCC_B98,2319,1230,TRAWL,RESULT,N,NR,NR,TI,NA,
1998-07-31 00:00:00,0.0,2.0,SCC_B98,2319,2319,GRAB,RESULT,N,Silt/Clay,Olive Green,SBI,Surface,
1998-08-12 00:00:00,-99.0,-99.0,SCC_B98,2320,1231,TRAWL,RESULT,N,NR,NR,TI,NA,
1998-08-03 00:00:00,0.0,2.0,SCC_B98,2320,2320,GRAB,RESULT,N,Fine Sand,Olive Green,SBI,Surface,
1998-07-31 00:00:00,0.0,2.0,SCC_B98,2321,2321,GRAB,RESULT,N,Silt/Clay,Olive Green,SBI,Surface,
1998-07-29 00:00:00,-99.0,-99.0,SCC_B98,2322,1232,TRAWL,RESULT,N,NR,NR,T,NA,
1998-07-29 00:00:00,-99.0,-99.0,SCC_B98,2324,1233,TRAWL,RESULT,N,NR,NR,T,NA,
1998-07-23 00:00:00,0.0,2.0,SCC_B98,2325,2325,GRAB,RESULT,N,Fine Sand,Olive Green,SBI,Surface,
1998-07-23 00:00:00,0.0,2.0,SCC_B98,2326,2326,GRAB,RESULT,N,Fine Sand,Olive Green,SBI,Surface,
1998-07-24 00:00:00,0.0,2.0,SCC_B98,2328,2328,GRAB,RESULT,N,Fine Sand,Brown,SBI,Surface,
1998-07-24 00:00:00,0.0,2.0,SCC_B98,2329,2329,GRAB,RESULT,N,Coarse Sand,Brown,SBI,Surface,
1998-07-24 00:00:00,0.0,2.0,SCC_B98,2330,2330,GRAB,RESULT,N,Fine Sand,Brown,SBI,Surface,
1998-07-24 00:00:00,0.0,2.0,SCC_B98,2331,2331,GRAB,RESULT,N,Silt/Clay,Brown,SBI,Surface,
1998-07-29 00:00:00,-99.0,-99.0,SCC_B98,2333,1234,TRAWL,RESULT,N,NR,NR,T,NA,
1998-07-17 00:00:00,0.0,2.0,SCC_B98,2335,2335,GRAB,RESULT,N,Fine Sand,Olive Green,SBI,Surface,
1998-07-24 00:00:00,0.0,2.0,SCC_B98,2338,2338,GRAB,RESULT,N,Fine Sand,Brown,SBI,Surface,
1998-07-24 00:00:00,0.0,2.0,SCC_B98,2339,2339,GRAB,RESULT,N,Silt/Clay,Brown,SBI,Surface,
1998-07-24 00:00:00,0.0,2.0,SCC_B98,2340,2340,GRAB,RESULT,N,Fine Sand,Brown,SBI,Surface,
1998-07-13 00:00:00,-99.0,-99.0,SCC_B98,2341,1235,TRAWL,RESULT,N,NR,NR,TI,NA,
1998-07-24 00:00:00,0.0,2.0,SCC_B98,2341,2341,GRAB,RESULT,N,Fine Sand,Brown,SBI,Surface,
1998-07-24 00:00:00,0.0,2.0,SCC_B98,2342,2342,GRAB,RESULT,N,Fine Sand,Brown,SBI,Surface,
1998-07-22 00:00:00,-99.0,-99.0,SCC_B98,2343,1236,TRAWL,RESULT,N,NR,NR,TI,NA,
1998-07-17 00:00:00,0.0,2.0,SCC_B98,2343,2343,GRAB,RESULT,N,Fine Sand,Brown,SBI,Surface,
1998-07-22 00:00:00,-99.0,-99.0,SCC_B98,2344,1238,TRAWL,RESULT,N,NR,NR,TI,NA,
1998-07-17 00:00:00,0.0,2.0,SCC_B98,2344,2344,GRAB,RESULT,N,Fine Sand,Brown,SBI,Surface,
1998-07-27 00:00:00,-99.0,-99.0,SCC_B98,2345,1239,TRAWL,RESULT,N,NR,NR,TI,NA,
1998-08-03 00:00:00,0.0,2.0,SCC_B98,2345,2345,GRAB,RESULT,N,Silt/Clay,Brown,SI,Surface,
1998-07-28 00:00:00,-99.0,-99.0,SCC_B98,2346,1240,TRAWL,RESULT,N,NR,NR,TI,NA,
1998-08-03 00:00:00,0.0,2.0,SCC_B98,2346,2346,GRAB,RESULT,N,Silt/Clay,Brown,SI,Surface,
1998-07-28 00:00:00,-99.0,-99.0,SCC_B98,2347,1243,TRAWL,RESULT,N,NR,NR,TI,NA,
1998-08-06 00:00:00,0.0,2.0,SCC_B98,2347,2347,GRAB,RESULT,N,Fine Sand,Olive Green,SI,Surface,
1998-07-28 00:00:00,-99.0,-99.0,SCC_B98,2348,1244,TRAWL,RESULT,N,NR,NR,TI,NA,
1998-08-06 00:00:00,0.0,2.0,SCC_B98,2348,2348,GRAB,RESULT,N,Coarse Sand,Olive Green,SI,Surface,
1998-07-24 00:00:00,0.0,2.0,SCC_B98,2349,2349,GRAB,RESULT,N,Fine Sand,Olive Green,SBI,Surface,
1998-08-06 00:00:00,-99.0,-99.0,SCC_B98,2349,806981951,TRAWL,RESULT,N,NR,NR,TI,NA,
1998-07-24 00:00:00,0.0,2.0,SCC_B98,2350,2350,GRAB,RESULT,N,Silt/Clay,Olive Green,SBI,Surface,
1998-08-06 00:00:00,-99.0,-99.0,SCC_B98,2350,806981952,TRAWL,RESULT,N,NR,NR,TI,NA,
1998-07-24 00:00:00,0.0,2.0,SCC_B98,2351,2351,GRAB,RESULT,N,Mixed with Shell Hash,Olive Green,SBI,Surface,
1998-08-06 00:00:00,-99.0,-99.0,SCC_B98,2351,806981953,TRAWL,RESULT,N,NR,NR,TI,NA,
1998-07-24 00:00:00,0.0,2.0,SCC_B98,2352,2352,GRAB,RESULT,N,Fine Sand,Olive Green,SBI,Surface,
1998-07-15 00:00:00,-99.0,-99.0,SCC_B98,2352,715981954,TRAWL,RESULT,N,NR,NR,TI,NA,
1998-07-15 00:00:00,-99.0,-99.0,SCC_B98,2352,715981955,TRAWL,RESULT,N,NR,NR,TI,NA,
1998-07-16 00:00:00,-99.0,-99.0,SCC_B98,2353,115991956,TRAWL,RESULT,N,NR,NR,TI,NA,
1998-07-24 00:00:00,0.0,2.0,SCC_B98,2353,2353,GRAB,RESULT,N,Fine Sand,Olive Green,SBI,Surface,
1998-08-17 00:00:00,-99.0,-99.0,SCC_B98,2354,1261,TRAWL,RESULT,N,NR,NR,TI,NA,
1998-08-26 00:00:00,0.0,2.0,SCC_B98,2354,2354,GRAB,RESULT,N,Fine Sand,Olive Green,SBI,Surface,
1998-08-17 00:00:00,-99.0,-99.0,SCC_B98,2355,1263,TRAWL,RESULT,N,NR,NR,TI,NA,
1998-08-26 00:00:00,0.0,2.0,SCC_B98,2355,2355,GRAB,RESULT,N,Silt/Clay,Olive Green,SBI,Surface,
1998-08-18 00:00:00,-99.0,-99.0,SCC_B98,2356,1265,TRAWL,RESULT,N,NR,NR,TI,NA,
1998-08-26 00:00:00,0.0,2.0,SCC_B98,2356,2356,GRAB,RESULT,N,Fine Sand,Brown,SBI,Surface,
1998-08-18 00:00:00,-99.0,-99.0,SCC_B98,2357,1267,TRAWL,RESULT,N,NR,NR,TI,NA,
1998-08-26 00:00:00,0.0,2.0,SCC_B98,2357,2357,GRAB,RESULT,N,Silt/Clay,Brown,SPBI,Surface,
1998-08-18 00:00:00,-99.0,-99.0,SCC_B98,2358,1269,TRAWL,RESULT,N,NR,NR,TI,NA,
1998-08-26 00:00:00,0.0,2.0,SCC_B98,2358,2358,GRAB,RESULT,N,Silt/Clay,Brown,SPBI,Surface,
1998-08-18 00:00:00,-99.0,-99.0,SCC_B98,2359,1271,TRAWL,RESULT,N,NR,NR,TI,NA,
1998-08-18 00:00:00,-99.0,-99.0,SCC_B98,2359,1272,TRAWL,RESULT,N,NR,NR,TI,NA,
1998-08-26 00:00:00,0.0,2.0,SCC_B98,2359,2359,GRAB,RESULT,N,Fine Sand,Olive Green,SBI,Surface,
1998-08-18 00:00:00,-99.0,-99.0,SCC_B98,2360,1275,TRAWL,RESULT,N,NR,NR,TI,NA,
1998-08-26 00:00:00,0.0,2.0,SCC_B98,2360,2360,GRAB,RESULT,N,Silt/Clay,Brown,SPBI,Surface,
1998-08-10 00:00:00,-99.0,-99.0,SCC_B98,2361,1277,TRAWL,RESULT,N,NR,NR,TI,NA,
1998-08-10 00:00:00,0.0,2.0,SCC_B98,2361,2361,GRAB,RESULT,N,Fine Sand,Brown,SBI,Surface,
1998-08-28 00:00:00,-99.0,-99.0,SCC_B98,2362,1278,TRAWL,RESULT,N,NR,NR,TI,NA,
1998-08-12 00:00:00,0.0,2.0,SCC_B98,2362,2362,GRAB,RESULT,N,Silt/Clay,Brown,SPBI,Surface,
1998-08-12 00:00:00,0.0,2.0,SCC_B98,2363,2363,GRAB,RESULT,N,Fine Sand,Brown,SBI,Surface,
1998-08-28 00:00:00,-99.0,-99.0,SCC_B98,2364,1280,TRAWL,RESULT,N,NR,NR,TI,NA,
1998-08-28 00:00:00,-99.0,-99.0,SCC_B98,2364,1281,TRAWL,RESULT,N,NR,NR,TI,NA,
1998-08-28 00:00:00,-99.0,-99.0,SCC_B98,2364,1282,TRAWL,RESULT,N,NR,NR,TI,NA,
1998-08-12 00:00:00,0.0,2.0,SCC_B98,2364,2364,GRAB,RESULT,N,Fine Sand,Brown,SBI,Surface,
1998-08-12 00:00:00,-99.0,-99.0,SCC_B98,2365,1284,TRAWL,RESULT,N,NR,NR,TI,NA,
1998-08-12 00:00:00,0.0,2.0,SCC_B98,2365,2365,GRAB,RESULT,N,Silt/Clay,Brown,SPBI,Surface,
1998-08-26 00:00:00,0.0,2.0,SCC_B98,2366,2366,GRAB,RESULT,N,Silt/Clay,Brown,SPBI,Surface,
1998-08-11 00:00:00,0.0,2.0,SCC_B98,2367,2367,GRAB,RESULT,N,Silt/Clay,Brown,SBI,Surface,
1998-08-11 00:00:00,-99.0,-99.0,SCC_B98,2368,1285,TRAWL,RESULT,N,NR,NR,TI,NA,
1998-08-11 00:00:00,0.0,2.0,SCC_B98,2368,2368,GRAB,RESULT,N,Silt/Clay,Brown,SBI,Surface,
1998-08-11 00:00:00,0.0,2.0,SCC_B98,2369,2369,GRAB,RESULT,N,Silt/Clay,Brown,SPBI,Surface,
1998-07-24 00:00:00,0.0,2.0,SCC_B98,2370,2370,GRAB,RESULT,N,Fine Sand,Brown,SBI,Surface,
1998-08-11 00:00:00,0.0,2.0,SCC_B98,2371,2371,GRAB,RESULT,N,Silt/Clay,Brown,SBI,Surface,
1998-08-19 00:00:00,-99.0,-99.0,SCC_B98,2372,1286,TRAWL,RESULT,N,NR,NR,TI,NA,
1998-08-26 00:00:00,0.0,2.0,SCC_B98,2372,2372,GRAB,RESULT,N,Silt/Clay,Brown,SBI,Surface,
1998-08-11 00:00:00,-99.0,-99.0,SCC_B98,2373,1289,TRAWL,RESULT,N,NR,NR,TI,NA,
1998-08-11 00:00:00,0.0,2.0,SCC_B98,2373,2373,GRAB,RESULT,N,Fine Sand,Brown,SBI,Surface,
1998-08-19 00:00:00,-99.0,-99.0,SCC_B98,2374,1290,TRAWL,RESULT,N,NR,NR,TI,NA,
1998-08-26 00:00:00,0.0,2.0,SCC_B98,2374,2374,GRAB,RESULT,N,Silt/Clay,Brown,SBI,Surface,
1998-07-31 00:00:00,-99.0,-99.0,SCC_B98,2375,1292,TRAWL,RESULT,N,NR,NR,TI,NA,
1998-07-31 00:00:00,0.0,2.0,SCC_B98,2375,2375,GRAB,RESULT,N,Fine Sand,Brown,SPBI,Surface,
1998-07-31 00:00:00,0.0,2.0,SCC_B98,2376,2376,GRAB,RESULT,N,Fine Sand,Brown,SBI,Surface,
1998-07-22 00:00:00,-99.0,-99.0,SCC_B98,2377,1293,TRAWL,RESULT,N,NR,NR,TI,NA,
1998-07-17 00:00:00,0.0,2.0,SCC_B98,2377,2377,GRAB,RESULT,N,Fine Sand,Brown,SBI,Surface,
1998-07-22 00:00:00,-99.0,-99.0,SCC_B98,2378,1294,TRAWL,RESULT,N,NR,NR,TI,NA,
1998-07-17 00:00:00,0.0,2.0,SCC_B98,2378,2378,GRAB,RESULT,N,Fine Sand,Brown,SBI,Surface,
1998-07-22 00:00:00,-99.0,-99.0,SCC_B98,2379,1296,TRAWL,RESULT,N,NR,NR,TI,NA,
1998-07-17 00:00:00,0.0,2.0,SCC_B98,2379,2379,GRAB,RESULT,N,Fine Sand,Brown,SBI,Surface,
1998-08-14 00:00:00,-99.0,-99.0,SCC_B98,2380,1297,TRAWL,RESULT,N,NR,NR,TI,NA,
1998-08-12 00:00:00,0.0,2.0,SCC_B98,2380,2380,GRAB,RESULT,N,Fine Sand,Olive Green,SBI,Surface,
1998-07-28 00:00:00,-99.0,-99.0,SCC_B98,2381,1298,TRAWL,RESULT,N,NR,NR,TI,NA,
1998-07-21 00:00:00,0.0,2.0,SCC_B98,2381,2381,GRAB,RESULT,N,Silt/Clay,Olive Green,SBI,Surface,
1998-07-28 00:00:00,-99.0,-99.0,SCC_B98,2382,1299,TRAWL,RESULT,N,NR,NR,TI,NA,
1998-07-28 00:00:00,-99.0,-99.0,SCC_B98,2382,1300,TRAWL,RESULT,N,NR,NR,TI,NA,
1998-08-12 00:00:00,0.0,2.0,SCC_B98,2382,2382,GRAB,RESULT,N,Silt/Clay,Olive Green,SBI,Surface,
1998-08-14 00:00:00,-99.0,-99.0,SCC_B98,2383,1301,TRAWL,RESULT,N,NR,NR,TI,NA,
1998-08-12 00:00:00,0.0,2.0,SCC_B98,2383,2383,GRAB,RESULT,N,Fine Sand,Gray,SBI,Surface,
1998-08-13 00:00:00,-99.0,-99.0,SCC_B98,2384,1302,TRAWL,RESULT,N,NR,NR,TI,NA,
1998-07-23 00:00:00,0.0,2.0,SCC_B98,2384,2384,GRAB,RESULT,N,Silt/Clay,Olive Green,SBI,Surface,
1998-08-04 00:00:00,-99.0,-99.0,SCC_B98,2385,1303,TRAWL,RESULT,N,NR,NR,TI,NA,
1998-08-11 00:00:00,0.0,2.0,SCC_B98,2385,2385,GRAB,RESULT,N,Fine Sand,Gray,SBI,Surface,
1998-08-12 00:00:00,-99.0,-99.0,SCC_B98,2386,1304,TRAWL,RESULT,N,NR,NR,TI,NA,
1998-07-28 00:00:00,0.0,2.0,SCC_B98,2386,2386,GRAB,RESULT,N,Fine Sand,Brown,SBI,Surface,
1998-08-12 00:00:00,-99.0,-99.0,SCC_B98,2387,1307,TRAWL,RESULT,N,NR,NR,TI,NA,
1998-07-28 00:00:00,0.0,2.0,SCC_B98,2387,2387,GRAB,RESULT,N,Silt/Clay,Olive Green,SBI,Surface,
1998-07-31 00:00:00,0.0,2.0,SCC_B98,2388,2388,GRAB,RESULT,N,Silt/Clay,Olive Green,SPBI,Surface,
1998-07-28 00:00:00,0.0,2.0,SCC_B98,2389,2389,GRAB,RESULT,N,Fine Sand,Brown,SBI,Surface,
1998-07-27 00:00:00,0.0,2.0,SCC_B98,2390,2390,GRAB,RESULT,N,Silt/Clay,Olive Green,SPBI,Surface,
1998-07-27 00:00:00,0.0,2.0,SCC_B98,2391,2391,GRAB,RESULT,N,Silt/Clay,Olive Green,SBI,Surface,
1998-07-27 00:00:00,0.0,2.0,SCC_B98,2392,2392,GRAB,RESULT,N,Silt/Clay,Olive Green,SBI,Surface,
1998-08-10 00:00:00,-99.0,-99.0,SCC_B98,2393,1309,TRAWL,RESULT,N,NR,NR,TI,NA,
1998-07-27 00:00:00,0.0,2.0,SCC_B98,2393,2393,GRAB,RESULT,N,Coarse Sand,Red,SBI,Surface,
1998-08-13 00:00:00,-99.0,-99.0,SCC_B98,2394,1310,TRAWL,RESULT,N,NR,NR,TI,NA,
1998-07-29 00:00:00,0.0,2.0,SCC_B98,2394,2394,GRAB,RESULT,N,Mixed,Olive Green,SBI,Surface,
1998-07-27 00:00:00,0.0,2.0,SCC_B98,2395,2395,GRAB,RESULT,N,Fine Sand,Gray,SBI,Surface,
1998-08-14 00:00:00,-99.0,-99.0,SCC_B98,2396,1311,TRAWL,RESULT,N,NR,NR,TI,NA,
1998-07-27 00:00:00,0.0,2.0,SCC_B98,2396,2396,GRAB,RESULT,N,Silt/Clay,Olive Green,SBI,Surface,
1998-08-10 00:00:00,-99.0,-99.0,SCC_B98,2397,1313,TRAWL,RESULT,N,NR,NR,TI,NA,
1998-07-27 00:00:00,0.0,2.0,SCC_B98,2397,2397,GRAB,RESULT,N,Silt/Clay with Shell Hash,Olive Green,SBI,Surface,
1998-08-14 00:00:00,-99.0,-99.0,SCC_B98,2398,1314,TRAWL,RESULT,N,NR,NR,TI,NA,
1998-07-27 00:00:00,0.0,2.0,SCC_B98,2398,2398,GRAB,RESULT,N,Silt/Clay,Olive Green,SBI,Surface,
1998-07-23 00:00:00,0.0,2.0,SCC_B98,2399,2399,GRAB,RESULT,N,Fine Sand,Olive Green,SBI,Surface,
1998-08-11 00:00:00,-99.0,-99.0,SCC_B98,2400,1315,TRAWL,RESULT,N,NR,NR,TI,NA,
1998-07-22 00:00:00,0.0,2.0,SCC_B98,2400,2400,GRAB,RESULT,N,Fine Sand,Olive Green,SBI,Surface,
1998-08-07 00:00:00,-99.0,-99.0,SCC_B98,2401,1316,TRAWL,RESULT,N,NR,NR,TI,NA,
1998-07-22 00:00:00,0.0,2.0,SCC_B98,2401,2401,GRAB,RESULT,N,Fine Sand,Olive Green,SBI,Surface,
1998-08-10 00:00:00,-99.0,-99.0,SCC_B98,2402,1318,TRAWL,RESULT,N,NR,NR,TI,NA,
1998-07-23 00:00:00,0.0,2.0,SCC_B98,2402,2402,GRAB,RESULT,N,Silt/Clay,Olive Green,SBI,Surface,
1998-07-28 00:00:00,-99.0,-99.0,SCC_B98,2403,1320,TRAWL,RESULT,N,NR,NR,TI,NA,
1998-07-23 00:00:00,0.0,2.0,SCC_B98,2403,2403,GRAB,RESULT,N,Silt/Clay,Brown,SPBI,Surface,
1998-07-28 00:00:00,-99.0,-99.0,SCC_B98,2404,1322,TRAWL,RESULT,N,NR,NR,TI,NA,
1998-08-06 00:00:00,0.0,2.0,SCC_B98,2404,2404,GRAB,RESULT,N,Coarse Sand with Shell Hash,Olive Green,SBI,Surface,
1998-07-29 00:00:00,-99.0,-99.0,SCC_B98,2405,1323,TRAWL,RESULT,N,NR,NR,TI,NA,
1998-08-05 00:00:00,0.0,2.0,SCC_B98,2405,2405,GRAB,RESULT,N,Silt/Clay,Brown,SPBI,Surface,
1998-07-29 00:00:00,-99.0,-99.0,SCC_B98,2406,1325,TRAWL,RESULT,N,NR,NR,TI,NA,
1998-08-05 00:00:00,0.0,2.0,SCC_B98,2406,2406,GRAB,RESULT,N,Fine Sand,Brown,SBI,Surface,
1998-07-29 00:00:00,-99.0,-99.0,SCC_B98,2407,1326,TRAWL,RESULT,N,NR,NR,TI,NA,
1998-08-05 00:00:00,0.0,2.0,SCC_B98,2407,2407,GRAB,RESULT,N,Silt/Clay,Brown,SBI,Surface,
1998-07-30 00:00:00,-99.0,-99.0,SCC_B98,2408,1328,TRAWL,RESULT,N,NR,NR,TI,NA,
1998-08-04 00:00:00,0.0,2.0,SCC_B98,2408,2408,GRAB,RESULT,N,Silt/Clay,Brown,SPBI,Surface,
1998-08-03 00:00:00,0.0,2.0,SCC_B98,2409,2409,GRAB,RESULT,N,Fine Sand,Gray,SBI,Surface,
1998-08-06 00:00:00,0.0,2.0,SCC_B98,2410,2410,GRAB,RESULT,N,Mixed,Olive Green,SBI,Surface,
1998-08-07 00:00:00,-99.0,-99.0,SCC_B98,2411,115991957,TRAWL,RESULT,N,NR,NR,TI,NA,
1998-08-06 00:00:00,0.0,2.0,SCC_B98,2411,2411,GRAB,RESULT,N,Silt/Clay,Olive Green,SBI,Surface,
1998-08-04 00:00:00,-99.0,-99.0,SCC_B98,2412,115991958,TRAWL,RESULT,N,NR,NR,TI,NA,
1998-08-06 00:00:00,0.0,2.0,SCC_B98,2412,2412,GRAB,RESULT,N,Silt/Clay,Olive Green,SBI,Surface,
1998-08-03 00:00:00,-99.0,-99.0,SCC_B98,2413,115991959,TRAWL,RESULT,N,NR,NR,TI,NA,
1998-08-07 00:00:00,0.0,2.0,SCC_B98,2413,2413,GRAB,RESULT,N,Silt/Clay,Olive Green,SBI,Surface,
1998-07-16 00:00:00,0.0,2.0,SCC_B98,2414,2414,GRAB,RESULT,N,Fine Sand with Shell Hash,Gray,SBI,Surface,
1998-07-16 00:00:00,0.0,2.0,SCC_B98,2415,2415,GRAB,RESULT,N,Fine Sand,Gray,SBI,Surface,
1998-07-16 00:00:00,-99.0,-99.0,SCC_B98,2416,115991960,TRAWL,RESULT,N,NR,NR,T,NA,
1998-07-31 00:00:00,-99.0,-99.0,SCC_B98,2417,115991961,TRAWL,RESULT,N,NR,NR,TI,NA,
1998-07-17 00:00:00,0.0,2.0,SCC_B98,2417,2417,GRAB,RESULT,N,Fine Sand,Olive Green,SBI,Surface,
1998-07-23 00:00:00,-99.0,-99.0,SCC_B98,2418,115991962,TRAWL,RESULT,N,NR,NR,TI,NA,
1998-07-17 00:00:00,0.0,2.0,SCC_B98,2418,2418,GRAB,RESULT,N,Silt/Clay with Shell Hash,Olive Green,SBI,Surface,
1998-07-16 00:00:00,-99.0,-99.0,SCC_B98,2419,115991963,TRAWL,RESULT,N,NR,NR,TI,NA,
1998-07-16 00:00:00,-99.0,-99.0,SCC_B98,2419,115991964,TRAWL,RESULT,N,NR,NR,TI,NA,
1998-07-17 00:00:00,0.0,2.0,SCC_B98,2419,2419,GRAB,RESULT,N,Mixed with Shell Hash,Olive Green,SBI,Surface,
1998-07-31 00:00:00,0.0,2.0,SCC_B98,2421,2421,GRAB,RESULT,N,Fine Sand,Brown,SPBI,Surface,
1998-07-24 00:00:00,0.0,2.0,SCC_B98,2423,2423,GRAB,RESULT,N,Silt/Clay,Black,SPBI,Surface,
1998-07-24 00:00:00,0.0,2.0,SCC_B98,2424,2424,GRAB,RESULT,N,Fine Sand,Olive Green,SBI,Surface,
1998-07-24 00:00:00,0.0,2.0,SCC_B98,2425,2425,GRAB,RESULT,N,Silt/Clay,Black,SPBI,Surface,
1998-08-12 00:00:00,-99.0,-99.0,SCC_B98,2426,1345,TRAWL,RESULT,N,NR,NR,TI,NA,
1998-07-31 00:00:00,0.0,2.0,SCC_B98,2426,2426,GRAB,RESULT,N,Fine Sand,Olive Green,SBI,Surface,
1998-07-31 00:00:00,0.0,2.0,SCC_B98,2427,2427,GRAB,RESULT,N,Silt/Clay,Olive Green,SPBI,Surface,
1998-07-27 00:00:00,0.0,2.0,SCC_B98,2428,2428,GRAB,RESULT,N,Silt/Clay,Gray,SPBI,Surface,
1998-07-31 00:00:00,0.0,2.0,SCC_B98,2430,2430,GRAB,RESULT,N,Silt/Clay with Shell Hash,Brown,SPBI,Surface,
1998-07-29 00:00:00,0.0,2.0,SCC_B98,2431,2431,GRAB,RESULT,N,Fine Sand,Brown,SPBI,Surface,
1998-07-29 00:00:00,0.0,2.0,SCC_B98,2432,2432,GRAB,RESULT,N,Fine Sand with Shell Hash,Brown,SPBI,Surface,
1998-07-27 00:00:00,0.0,2.0,SCC_B98,2433,2433,GRAB,RESULT,N,Silt/Clay,Olive Green,SPBI,Surface,
1998-07-28 00:00:00,0.0,2.0,SCC_B98,2434,2434,GRAB,RESULT,N,Silt/Clay with Shell Hash,Olive Green,SBI,Surface,
1998-07-27 00:00:00,0.0,2.0,SCC_B98,2435,2435,GRAB,RESULT,N,Silt/Clay,Olive Green,SPBI,Surface,
1998-08-14 00:00:00,-99.0,-99.0,SCC_B98,2436,115991965,TRAWL,RESULT,N,NR,NR,TI,NA,
1998-07-28 00:00:00,0.0,2.0,SCC_B98,2436,2436,GRAB,RESULT,N,Silt/Clay with Shell Hash,Olive Green,SPBI,Surface,
1998-07-30 00:00:00,0.0,2.0,SCC_B98,2438,2438,GRAB,RESULT,N,Silt/Clay,Gray,SPBI,Surface,
1998-07-28 00:00:00,0.0,2.0,SCC_B98,2439,2439,GRAB,RESULT,N,Silt/Clay,Olive Green,SBI,Surface,
1998-07-28 00:00:00,0.0,2.0,SCC_B98,2440,2440,GRAB,RESULT,N,Silt/Clay,Olive Green,SBI,Surface,
1998-08-05 00:00:00,0.0,2.0,SCC_B98,2441,2441,GRAB,RESULT,N,Silt/Clay,Olive Green,SPBI,Surface,
1998-08-05 00:00:00,0.0,2.0,SCC_B98,2442,2442,GRAB,RESULT,N,Silt/Clay,Black,SPBI,Surface,
1998-09-03 00:00:00,0.0,2.0,SCC_B98,2443,2443,GRAB,RESULT,N,Silt/Clay,Gray,SPBI,Surface,
1998-09-02 00:00:00,-99.0,-99.0,SCC_B98,2444,1347,TRAWL,RESULT,N,NR,NR,TI,NA,
1998-09-03 00:00:00,0.0,2.0,SCC_B98,2444,2444,GRAB,RESULT,N,Silt/Clay,Gray,SPBI,Surface,
1998-09-03 00:00:00,0.0,2.0,SCC_B98,2445,2445,GRAB,RESULT,N,Silt/Clay,Gray,SPBI,Surface,
1998-09-02 00:00:00,-99.0,-99.0,SCC_B98,2446,1348,TRAWL,RESULT,N,NR,NR,TI,NA,
1998-09-03 00:00:00,0.0,2.0,SCC_B98,2446,2446,GRAB,RESULT,N,Silt/Clay,Gray,SPBI,Surface,
1998-09-02 00:00:00,-99.0,-99.0,SCC_B98,2447,1349,TRAWL,RESULT,N,NR,NR,TI,NA,
1998-09-03 00:00:00,0.0,2.0,SCC_B98,2447,2447,GRAB,RESULT,N,Silt/Clay,Gray,SPBI,Surface,
1998-09-02 00:00:00,-99.0,-99.0,SCC_B98,2448,1350,TRAWL,RESULT,N,NR,NR,TI,NA,
1998-09-03 00:00:00,0.0,2.0,SCC_B98,2448,2448,GRAB,RESULT,N,Silt/Clay,Gray,SPBI,Surface,
1998-09-05 00:00:00,0.0,2.0,SCC_B98,2449,2449,GRAB,RESULT,N,Silt/Clay,Gray,SPBI,Surface,
1998-07-30 00:00:00,0.0,2.0,SCC_B98,2450,2450,GRAB,RESULT,N,Silt/Clay,Black,SBI,Surface,
1998-07-30 00:00:00,0.0,2.0,SCC_B98,2451,2451,GRAB,RESULT,N,Silt/Clay,Brown,SBI,Surface,
1998-07-23 00:00:00,0.0,2.0,SCC_B98,2453,2453,GRAB,RESULT,N,Fine Sand,Olive Green,SBI,Surface,
1998-08-06 00:00:00,0.0,2.0,SCC_B98,2454,2454,GRAB,RESULT,N,Mixed,Olive Green,SBI,Surface,
1998-08-03 00:00:00,0.0,2.0,SCC_B98,2455,2455,GRAB,RESULT,N,Fine Sand,Olive Green,SI,Surface,
1998-08-03 00:00:00,0.0,2.0,SCC_B98,2456,2456,GRAB,RESULT,N,Silt/Clay,Green,SI,Surface,
1998-08-06 00:00:00,0.0,2.0,SCC_B98,2457,2457,GRAB,RESULT,N,Mixed,Olive Green,SI,Surface,
1998-07-23 00:00:00,-99.0,-99.0,SCC_B98,2461,115991966,TRAWL,RESULT,N,NR,NR,T,NA,
1998-07-30 00:00:00,-99.0,-99.0,SCC_B98,2462,115991967,TRAWL,RESULT,N,NR,NR,T,NA,
1998-08-25 00:00:00,-99.0,-99.0,SCC_B98,2467,1354,TRAWL,RESULT,N,NR,NR,TI,NA,
1998-07-22 00:00:00,0.0,2.0,SCC_B98,2467,2467,GRAB,RESULT,N,Fine Sand,Brown,SI,Surface,
1998-07-21 00:00:00,0.0,2.0,SCC_B98,2469,2469,GRAB,RESULT,N,Coarse Sand with Shell Hash,Brown,SI,Surface,
1998-08-23 00:00:00,-99.0,-99.0,SCC_B98,2472,1356,TRAWL,RESULT,N,NR,NR,TI,NA,
1998-07-22 00:00:00,0.0,2.0,SCC_B98,2472,2472,GRAB,RESULT,N,Fine Sand,Brown,SI,Surface,
1998-08-25 00:00:00,-99.0,-99.0,SCC_B98,2475,1357,TRAWL,RESULT,N,NR,NR,TI,NA,
1998-07-22 00:00:00,0.0,2.0,SCC_B98,2475,2475,GRAB,RESULT,N,Coarse Sand with Shell Hash,Gray,SI,Surface,
1998-08-11 00:00:00,0.0,2.0,SCC_B98,2476,2476,GRAB,RESULT,N,Fine Sand,Brown,SI,Surface,
1998-07-23 00:00:00,0.0,2.0,SCC_B98,2479,2479,GRAB,RESULT,N,Silt/Clay with Shell Hash,Brown,SI,Surface,
1998-08-11 00:00:00,-99.0,-99.0,SCC_B98,2480,1358,TRAWL,RESULT,N,NR,NR,TI,NA,
1998-07-21 00:00:00,0.0,2.0,SCC_B98,2480,2480,GRAB,RESULT,N,Coarse sand with Shell Hash,Brown,SI,Surface,
1998-07-22 00:00:00,0.0,2.0,SCC_B98,2482,2482,GRAB,RESULT,N,Fine Sand,Brown,SI,Surface,
1998-09-14 00:00:00,-99.0,-99.0,SCC_B98,2483,1360,TRAWL,RESULT,N,NR,NR,TI,NA,
1998-07-22 00:00:00,0.0,2.0,SCC_B98,2483,2483,GRAB,RESULT,N,Silt/Clay,Brown,SI,Surface,
1998-07-22 00:00:00,0.0,2.0,SCC_B98,2485,2485,GRAB,RESULT,N,Fine Sand with Shell Hash,Brown,SI,Surface,
1998-09-15 00:00:00,-99.0,-99.0,SCC_B98,2487,1361,TRAWL,RESULT,N,NR,NR,TI,NA,
1998-09-15 00:00:00,-99.0,-99.0,SCC_B98,2487,1362,TRAWL,RESULT,N,NR,NR,TI,NA,
1998-07-21 00:00:00,0.0,2.0,SCC_B98,2487,2487,GRAB,RESULT,N,Fine Sand,Brown,SI,Surface,
1998-07-22 00:00:00,0.0,2.0,SCC_B98,2489,2489,GRAB,RESULT,N,Fine Sand,Brown,SI,Surface,
1998-09-14 00:00:00,-99.0,-99.0,SCC_B98,2490,1364,TRAWL,RESULT,N,NR,NR,TI,NA,
1998-09-14 00:00:00,-99.0,-99.0,SCC_B98,2490,1365,TRAWL,RESULT,N,NR,NR,TI,NA,
1998-07-21 00:00:00,0.0,2.0,SCC_B98,2490,2490,GRAB,RESULT,N,Coarse Sand with Shell Hash,Olive Green,SI,Surface,
1998-09-15 00:00:00,-99.0,-99.0,SCC_B98,2491,1368,TRAWL,RESULT,N,NR,NR,TI,NA,
1998-09-15 00:00:00,0.0,2.0,SCC_B98,2491,2491,GRAB,RESULT,N,Coarse Sand with Shell Hash,Brown,SI,Surface,
1998-08-12 00:00:00,-99.0,-99.0,SCC_B98,2492,1370,TRAWL,RESULT,N,NR,NR,TI,NA,
1998-08-12 00:00:00,0.0,2.0,SCC_B98,2492,2492,GRAB,RESULT,N,Silt/Clay,Brown,SI,Surface,
1998-08-25 00:00:00,-99.0,-99.0,SCC_B98,2493,1373,TRAWL,RESULT,N,NR,NR,TI,NA,
1998-08-25 00:00:00,-99.0,-99.0,SCC_B98,2493,1374,TRAWL,RESULT,N,NR,NR,TI,NA,
1998-08-25 00:00:00,0.0,2.0,SCC_B98,2493,2493,GRAB,RESULT,N,Fine Sand with Shell Hash,Brown,SI,Surface,
1998-08-26 00:00:00,-99.0,-99.0,SCC_B98,2494,1378,TRAWL,RESULT,Y,NR,NR,T,NA,
1998-08-26 00:00:00,-99.0,-99.0,SCC_B98,2497,1380,TRAWL,RESULT,Y,NR,NR,T,NA,
1998-08-24 00:00:00,-99.0,-99.0,SCC_B98,2499,1382,TRAWL,RESULT,Y,NR,NR,T,NA,
1998-08-11 00:00:00,-99.0,-99.0,SCC_B98,2502,1385,TRAWL,RESULT,Y,NR,NR,T,NA,
1998-08-05 00:00:00,0.0,2.0,SCC_B98,2511,2511,GRAB,RESULT,N,Fine Sand,Brown,SI,Surface,
1998-08-05 00:00:00,-99.0,-99.0,SCC_B98,2512,1387,TRAWL,RESULT,N,NR,NR,TI,NA,
1998-08-05 00:00:00,-99.0,-99.0,SCC_B98,2512,1388,TRAWL,RESULT,N,NR,NR,TI,NA,
1998-08-05 00:00:00,0.0,2.0,SCC_B98,2512,2512,GRAB,RESULT,N,Fine Sand,Brown,SI,Surface,
1998-08-04 00:00:00,0.0,2.0,SCC_B98,2513,2513,GRAB,RESULT,N,Silt,Brown,SI,Surface,
1998-07-23 00:00:00,0.0,2.0,SCC_B98,2514,2514,GRAB,RESULT,N,Coarse Sand with Shell Hash,Brown,SI,Surface,
1998-08-13 00:00:00,-99.0,-99.0,SCC_B98,2515,1392,TRAWL,RESULT,N,NR,NR,TI,NA,
1998-07-23 00:00:00,0.0,2.0,SCC_B98,2515,2515,GRAB,RESULT,N,Silt/Clay with Shell Hash,Brown,SI,Surface,
1998-07-28 00:00:00,-99.0,-99.0,SCC_B98,2516,1394,TRAWL,RESULT,N,NR,NR,TI,NA,
1998-07-23 00:00:00,0.0,2.0,SCC_B98,2516,2516,GRAB,RESULT,N,Silt/Clay with Shell Hash,Brown,SI,Surface,
1998-08-24 00:00:00,-99.0,-99.0,SCC_B98,2518,1397,TRAWL,RESULT,N,NR,NR,TI,NA,
1998-07-23 00:00:00,0.0,2.0,SCC_B98,2518,2518,GRAB,RESULT,N,Coarse Sand with Shell Hash,Brown,SI,Surface,
1998-07-29 00:00:00,-99.0,-99.0,SCC_B98,2519,1400,TRAWL,RESULT,N,NR,NR,TI,NA,
1998-07-23 00:00:00,0.0,2.0,SCC_B98,2519,2519,GRAB,RESULT,N,Silt/Clay with Shell Hash,Brown,SI,Surface,
1998-07-30 00:00:00,-99.0,-99.0,SCC_B98,2520,1401,TRAWL,RESULT,N,NR,NR,TI,NA,
1998-08-04 00:00:00,0.0,2.0,SCC_B98,2520,2520,GRAB,RESULT,N,Silt/Clay,Brown,SI,Surface,
1998-08-12 00:00:00,0.0,2.0,SCC_B98,2521,2521,GRAB,RESULT,N,Silt/Clay,Brown,SI,Surface,
1998-08-13 00:00:00,-99.0,-99.0,SCC_B98,2522,1403,TRAWL,RESULT,N,NR,NR,TI,NA,
1998-08-13 00:00:00,0.0,2.0,SCC_B98,2522,2522,GRAB,RESULT,N,Coarse Sand with Shell Hash,Brown,SI,Surface,
1998-08-06 00:00:00,-99.0,-99.0,SCC_B98,2523,1406,TRAWL,RESULT,N,NR,NR,TI,NA,
1998-08-05 00:00:00,0.0,2.0,SCC_B98,2523,2523,GRAB,RESULT,N,Fine Sand,Brown,SI,Surface,
1998-07-30 00:00:00,-99.0,-99.0,SCC_B98,2525,1408,TRAWL,RESULT,Y,NR,NR,T,NA,
1998-08-24 00:00:00,-99.0,-99.0,SCC_B98,2526,1410,TRAWL,RESULT,Y,NR,NR,T,NA,
1998-07-30 00:00:00,-99.0,-99.0,SCC_B98,2528,1413,TRAWL,RESULT,Y,NR,NR,T,NA,
1998-07-30 00:00:00,-99.0,-99.0,SCC_B98,2528,1414,TRAWL,RESULT,Y,NR,NR,T,NA,
1998-07-30 00:00:00,-99.0,-99.0,SCC_B98,2528,1416,TRAWL,RESULT,Y,NR,NR,T,NA,
1998-07-30 00:00:00,-99.0,-99.0,SCC_B98,2528,1417,TRAWL,RESULT,Y,NR,NR,T,NA,
1998-07-30 00:00:00,-99.0,-99.0,SCC_B98,2531,1418,TRAWL,RESULT,Y,NR,NR,T,NA,
1998-07-30 00:00:00,-99.0,-99.0,SCC_B98,2534,1421,TRAWL,RESULT,Y,NR,NR,T,NA,
1998-08-22 00:00:00,-99.0,-99.0,SCC_B98,2537,1422,TRAWL,RESULT,Y,NR,NR,T,NA,
1998-08-22 00:00:00,-99.0,-99.0,SCC_B98,2537,1423,TRAWL,RESULT,Y,NR,NR,T,NA,
1998-08-22 00:00:00,-99.0,-99.0,SCC_B98,2537,1424,TRAWL,RESULT,Y,NR,NR,T,NA,
1998-08-22 00:00:00,-99.0,-99.0,SCC_B98,2537,1425,TRAWL,RESULT,N,NR,NR,T,NA,
1998-08-24 00:00:00,-99.0,-99.0,SCC_B98,2538,1426,TRAWL,RESULT,Y,NR,NR,T,NA,
1998-07-23 00:00:00,0.0,2.0,SCC_B98,2540,2540,GRAB,RESULT,N,Coarse Sand with Shell Hash,Gray,SI,Surface,
1998-08-05 00:00:00,0.0,2.0,SCC_B98,2542,2542,GRAB,RESULT,N,Coarse Sand,Black,SI,Surface,
1998-08-04 00:00:00,0.0,2.0,SCC_B98,2543,2543,GRAB,RESULT,N,Fine Sand,Brown,SI,Surface,
1998-08-04 00:00:00,0.0,2.0,SCC_B98,2545,2545,GRAB,RESULT,N,Coarse Sand with Shell Hash,Gray,SI,Surface,
1998-08-04 00:00:00,0.0,2.0,SCC_B98,2546,2546,GRAB,RESULT,N,Silt/Clay,Brown,SI,Surface,
1998-07-23 00:00:00,0.0,2.0,SCC_B98,2547,2547,GRAB,RESULT,N,Fine Sand,Brown,SI,Surface,
1998-07-23 00:00:00,0.0,2.0,SCC_B98,2549,2549,GRAB,RESULT,N,Coarse Sand with Shell Hash,Gray,SI,Surface,
1998-08-04 00:00:00,0.0,2.0,SCC_B98,2551,2551,GRAB,RESULT,N,Coarse Sand with Shell Hash,Brown,SI,Surface,
1998-08-26 00:00:00,-99.0,-99.0,SCC_B98,2554,826981982,TRAWL,RESULT,N,NR,NR,T,NA,
1998-08-26 00:00:00,-99.0,-99.0,SCC_B98,2555,826981983,TRAWL,RESULT,N,NR,NR,T,NA,
1998-09-03 00:00:00,0.0,2.0,SCC_B98,2555m,2555m,GRAB,RESULT,N,Silt,Olive Green,SI,Surface,
1998-08-24 00:00:00,-99.0,-99.0,SCC_B98,2556,115991968,TRAWL,RESULT,N,NR,NR,T,NA,
1998-09-03 00:00:00,0.0,2.0,SCC_B98,2556m,2556m,GRAB,RESULT,N,NR,NR,SI,Surface,
1998-08-27 00:00:00,-99.0,-99.0,SCC_B98,2558,827981985,TRAWL,RESULT,N,NR,NR,T,NA,
1998-09-02 00:00:00,0.0,2.0,SCC_B98,2558m,2558m,GRAB,RESULT,N,Silt,Olive Green,SI,Surface,
1998-08-27 00:00:00,-99.0,-99.0,SCC_B98,2559,827981986,TRAWL,RESULT,N,NR,NR,T,NA,
1998-09-03 00:00:00,0.0,2.0,SCC_B98,2559m,2559m,GRAB,RESULT,N,Silt/Clay with Shell Hash,Olive Green,SI,Surface,
1998-09-02 00:00:00,0.0,2.0,SCC_B98,2560m,2560m,GRAB,RESULT,N,Silt,Olive Green,SI,Surface,
1998-09-02 00:00:00,0.0,2.0,SCC_B98,2561m,2561m,GRAB,RESULT,N,Sand/Silt,Gray,SI,Surface,
1998-09-05 00:00:00,0.0,2.0,SCC_B98,2563m,2563m,GRAB,RESULT,N,Fine Sand,Olive Green,SI,Surface,
1998-09-05 00:00:00,0.0,2.0,SCC_B98,2565m,2565m,GRAB,RESULT,N,Mixed,Gray,SI,Surface,
1998-09-01 00:00:00,0.0,2.0,SCC_B98,2567m,2567m,GRAB,RESULT,N,fine sand,green,SI,Surface,
1998-09-02 00:00:00,0.0,2.0,SCC_B98,2568m,2568m,GRAB,RESULT,N,sand/silt,gray,SI,Surface,
1998-09-03 00:00:00,0.0,2.0,SCC_B98,2569m,2569m,GRAB,RESULT,N,Silt/Clay with Shell Hash,Olive Green,SI,Surface,
1998-08-31 00:00:00,0.0,2.0,SCC_B98,2570m,2570m,GRAB,RESULT,N,Fine sand,gray,SI,Surface,
1998-09-04 00:00:00,0.0,2.0,SCC_B98,2572m,2572m,GRAB,RESULT,N,Silt/Clay,Gray,SI,Surface,
1998-09-02 00:00:00,0.0,2.0,SCC_B98,2574m,2574m,GRAB,RESULT,N,NR,gray,SI,Surface,
1998-09-02 00:00:00,0.0,2.0,SCC_B98,2575m,2575m,GRAB,RESULT,N,fine sand,gray,SI,Surface,
1998-09-02 00:00:00,0.0,2.0,SCC_B98,2576m,2576m,GRAB,RESULT,N,fine sand,gray,SI,Surface,
1998-09-04 00:00:00,0.0,2.0,SCC_B98,2577m,2577m,GRAB,RESULT,N,Fine Sand,NR,SI,Surface,
1998-09-04 00:00:00,0.0,2.0,SCC_B98,2578m,2578m,GRAB,RESULT,N,Silt/Clay,Gray,SI,Surface,
1998-09-05 00:00:00,0.0,2.0,SCC_B98,2579m,2579m,GRAB,RESULT,N,Silt/Clay,Olive Green,SI,Surface,
1998-08-21 00:00:00,-99.0,-99.0,SCC_B98,2580,821981987,TRAWL,RESULT,N,NR,NR,T,NA,
1998-09-05 00:00:00,0.0,2.0,SCC_B98,2582m,2582m,GRAB,RESULT,N,Silt/Clay,NR,SI,Surface,
1998-09-01 00:00:00,0.0,2.0,SCC_B98,2583m,2583m,GRAB,RESULT,N,fine sand,gray,SI,Surface,
1998-09-01 00:00:00,0.0,2.0,SCC_B98,2584m,2584m,GRAB,RESULT,N,Sand/silt,Olive green,SI,Surface,
1998-09-03 00:00:00,0.0,2.0,SCC_B98,2585m,2585m,GRAB,RESULT,N,Silt/Clay with Shell Hash,Olive Green,SI,Surface,
1998-09-01 00:00:00,0.0,2.0,SCC_B98,2587m,2587m,GRAB,RESULT,N,Mixed with Shell Hash,Olive Green,SI,Surface,
1998-09-03 00:00:00,0.0,2.0,SCC_B98,2588m,2588m,GRAB,RESULT,N,NR,NR,SI,Surface,
1998-09-03 00:00:00,0.0,2.0,SCC_B98,2589m,2589m,GRAB,RESULT,N,Silt/Clay with Shell Hash,Olive Green,SI,Surface,
1998-09-04 00:00:00,0.0,2.0,SCC_B98,2590m,2590m,GRAB,RESULT,N,Coarse Sand,Gray,SI,Surface,
1998-08-26 00:00:00,-99.0,-99.0,SCC_B98,2591,826981984,TRAWL,RESULT,N,NR,NR,T,NA,
1998-09-03 00:00:00,0.0,2.0,SCC_B98,2591m,2591m,GRAB,RESULT,N,Silt/Clay with Shell Hash,Olive Green,SI,Surface,
1998-08-31 00:00:00,0.0,2.0,SCC_B98,2592m,2592m,GRAB,RESULT,N,Coarse Sand with Shell Hash,Brown,SI,Surface,
1998-08-26 00:00:00,-99.0,-99.0,SCC_B98,2593,1439,TRAWL,RESULT,N,NR,NR,T,NA,
1998-08-31 00:00:00,0.0,2.0,SCC_B98,2593m,2593m,GRAB,RESULT,N,Fine Sand with Shell Hash,Gray,SI,Surface,
1998-09-05 00:00:00,0.0,2.0,SCC_B98,2594m,2594m,GRAB,RESULT,N,Fine Sand,NR,SI,Surface,
1998-09-03 00:00:00,0.0,2.0,SCC_B98,2595m,2595m,GRAB,RESULT,N,NR,NR,SI,Surface,
1998-09-03 00:00:00,0.0,2.0,SCC_B98,2596m,2596m,GRAB,RESULT,N,Silt/Clay with Shell Hash,Olive Green,SI,Surface,
1998-09-04 00:00:00,0.0,2.0,SCC_B98,2597m,2597m,GRAB,RESULT,N,Mixed,Olive Green,SI,Surface,
1998-09-05 00:00:00,0.0,2.0,SCC_B98,2598m,2598m,GRAB,RESULT,N,Fine Sand,Olive Green,S,Surface,
1998-09-05 00:00:00,0.0,2.0,SCC_B98,2599m,2599m,GRAB,RESULT,N,Silt/Clay,Gray,SI,Surface,
1998-09-02 00:00:00,0.0,2.0,SCC_B98,2601m,2601m,GRAB,RESULT,N,Fine Sand,Gray,SI,Surface,
1998-09-02 00:00:00,0.0,2.0,SCC_B98,2602m,2602m,GRAB,RESULT,N,Silt/Clay,Olive Green,SI,Surface,
1998-09-04 00:00:00,0.0,2.0,SCC_B98,2603m,2603m,GRAB,RESULT,N,Silt/Clay,Olive Green,SI,Surface,
1998-09-01 00:00:00,0.0,2.0,SCC_B98,2604m,2604m,GRAB,RESULT,N,Coarse Sand with Shell Hash,Brown,SI,Surface,
1998-08-19 00:00:00,-99.0,-99.0,SCC_B98,2605,1440,TRAWL,RESULT,Y,NR,NR,T,NA,
1998-08-19 00:00:00,-99.0,-99.0,SCC_B98,2606,820981988,TRAWL,RESULT,N,NR,NR,T,NA,
1998-09-03 00:00:00,0.0,2.0,SCC_B98,2606m,2606m,GRAB,RESULT,N,NR,NR,SI,Surface,
1998-08-20 00:00:00,-99.0,-99.0,SCC_B98,2607,820981989,TRAWL,RESULT,N,NR,NR,T,NA,
1998-09-21 00:00:00,0.0,2.0,SCC_B98,2607m,2607m,GRAB,RESULT,N,Mixed,Brown,SI,Surface,
1998-08-19 00:00:00,-99.0,-99.0,SCC_B98,2608,819981990,TRAWL,RESULT,N,NR,NR,T,NA,
1998-09-04 00:00:00,0.0,2.0,SCC_B98,2608m,2608m,GRAB,RESULT,N,Silt/Clay,Black,SI,Surface,
1998-08-19 00:00:00,-99.0,-99.0,SCC_B98,2609,819981991,TRAWL,RESULT,N,NR,NR,T,NA,
1998-09-05 00:00:00,0.0,2.0,SCC_B98,2609m,2609m,GRAB,RESULT,N,Silt/Clay,NR,SI,Surface,
1998-08-26 00:00:00,-99.0,-99.0,SCC_B98,2610,1450,TRAWL,RESULT,N,NR,NR,T,NA,
1998-09-05 00:00:00,0.0,2.0,SCC_B98,2610m,2610m,GRAB,RESULT,N,Silt/Clay,NR,SI,Surface,
1998-09-03 00:00:00,0.0,2.0,SCC_B98,2611m,2611m,GRAB,RESULT,N,Silt,Olive green,SI,Surface,
1998-08-25 00:00:00,-99.0,-99.0,SCC_B98,2612,1454,TRAWL,RESULT,Y,NR,NR,T,NA,
1998-09-04 00:00:00,0.0,2.0,SCC_B98,2613m,2613m,GRAB,RESULT,N,Fine Sand,Gray,SI,Surface,
1998-09-04 00:00:00,0.0,2.0,SCC_B98,2614m,2614m,GRAB,RESULT,N,Fine Sand with Shell Hash,Gray,SI,Surface,
1998-09-04 00:00:00,0.0,2.0,SCC_B98,2615m,2615m,GRAB,RESULT,N,Fine Sand,NR,SI,Surface,
1998-09-01 00:00:00,0.0,2.0,SCC_B98,2616m,2616m,GRAB,RESULT,N,Fine Sand with Shell Hash,Brown,SI,Surface,
1998-09-01 00:00:00,0.0,2.0,SCC_B98,2617m,2617m,GRAB,RESULT,N,Silt/Clay,Olive Green,SI,Surface,
1998-09-03 00:00:00,0.0,2.0,SCC_B98,2618m,2618m,GRAB,RESULT,N,NR,NR,SI,Surface,
1998-09-03 00:00:00,0.0,2.0,SCC_B98,2619m,2619m,GRAB,RESULT,N,Silt/Clay,Olive green,SI,Surface,
1998-09-04 00:00:00,0.0,2.0,SCC_B98,2620m,2620m,GRAB,RESULT,N,Silt/Clay,NR,SI,Surface,
1998-09-02 00:00:00,0.0,2.0,SCC_B98,2621m,2621m,GRAB,RESULT,N,Silt/Clay,Olive Green,SI,Surface,
1998-09-02 00:00:00,0.0,2.0,SCC_B98,2622m,2622m,GRAB,RESULT,N,Coarse Sand,Gray,SI,Surface,
1998-09-02 00:00:00,0.0,2.0,SCC_B98,2623m,2623m,GRAB,RESULT,N,NR,gray,SI,Surface,
1998-09-02 00:00:00,0.0,2.0,SCC_B98,2624m,2624m,GRAB,RESULT,N,fine sand,gray,SI,Surface,
1998-09-04 00:00:00,0.0,2.0,SCC_B98,2625m,2625m,GRAB,RESULT,N,Silt/Clay,Olive Green,SI,Surface,
1998-09-03 00:00:00,0.0,2.0,SCC_B98,2628m,2628m,GRAB,RESULT,N,NR,NR,SI,Surface,
1998-09-02 00:00:00,0.0,2.0,SCC_B98,2630m,2630m,GRAB,RESULT,N,Fine Sand with Shell Hash,Gray,SI,Surface,
1998-09-21 00:00:00,0.0,2.0,SCC_B98,2631m,2631m,GRAB,RESULT,N,Fine Sand,NR,SI,Surface,
1998-09-04 00:00:00,0.0,2.0,SCC_B98,2633m,2633m,GRAB,RESULT,N,Silt/Clay,Olive Green,SI,Surface,
1998-09-04 00:00:00,0.0,2.0,SCC_B98,2634m,2634m,GRAB,RESULT,N,Gravel,Olive Green,SI,Surface,
1998-09-21 00:00:00,0.0,2.0,SCC_B98,2636m,2636m,GRAB,RESULT,N,Silt/Clay,Olive Green,SI,Surface,
1998-09-02 00:00:00,0.0,2.0,SCC_B98,2637m,2637m,GRAB,RESULT,N,Silt/Clay,Olive Green,SI,Surface,
1998-09-04 00:00:00,0.0,2.0,SCC_B98,2638m,2638m,GRAB,RESULT,N,Silt/Clay,Olive Green,SI,Surface,
1998-09-04 00:00:00,0.0,2.0,SCC_B98,2639m,2639m,GRAB,RESULT,N,Fine Sand,Olive Green,SI,Surface,
1998-09-04 00:00:00,0.0,2.0,SCC_B98,2640m,2640m,GRAB,RESULT,N,NR,NR,I,Surface,infauna only
1998-09-04 00:00:00,0.0,2.0,SCC_B98,2641m,2641m,GRAB,RESULT,N,Fine Sand with Shell Hash,Gray,SI,Surface,
1998-09-02 00:00:00,0.0,2.0,SCC_B98,2643m,2643m,GRAB,RESULT,N,Mixed with Shell Hash,Olive Green,SI,Surface,
1998-09-04 00:00:00,0.0,2.0,SCC_B98,2644m,2644m,GRAB,RESULT,N,fine sand,gray,SI,Surface,
1998-09-05 00:00:00,0.0,2.0,SCC_B98,2645m,2645m,GRAB,RESULT,N,Silt/Clay,Olive Green,SI,Surface,
1900-01-01 00:00:00,-99.0,-99.0,SCC_B98,CARP,NONE,TRAWL,REF,N,NR,NR,T,NA,
2001-07-17 00:00:00,0.0,2.0,SD_CHOLPAL,C01,Sum01,MULT,RESULT,Y,NR,NR,SBI,Surface,Samples grouped by first sample date; both cores and grabs collected.
2001-07-17 00:00:00,0.0,2.0,SD_CHOLPAL,C02,Sum01,MULT,RESULT,Y,NR,NR,STBI,Surface,Samples grouped by first sample date; both cores and grabs collected.
2001-07-17 00:00:00,0.0,2.0,SD_CHOLPAL,C03,Sum01,MULT,RESULT,Y,NR,NR,SBI,Surface,Samples grouped by first sample date; both cores and grabs collected.
2001-07-17 00:00:00,0.0,2.0,SD_CHOLPAL,C04,Sum01,MULT,RESULT,Y,NR,NR,SBI,Surface,Samples grouped by first sample date; both cores and grabs collected.
2001-07-17 00:00:00,0.0,2.0,SD_CHOLPAL,C05,Sum01,MULT,RESULT,Y,NR,NR,STBI,Surface,Samples grouped by first sample date; both cores and grabs collected.
2001-07-17 00:00:00,0.0,2.0,SD_CHOLPAL,C06,Sum01,MULT,RESULT,Y,NR,NR,SBI,Surface,Samples grouped by first sample date; both cores and grabs collected.
2001-07-17 00:00:00,0.0,2.0,SD_CHOLPAL,C07,Sum01,MULT,RESULT,Y,NR,NR,SBI,Surface,Samples grouped by first sample date; both cores and grabs collected.
2001-07-17 00:00:00,0.0,2.0,SD_CHOLPAL,C08,Sum01,MULT,RESULT,Y,NR,NR,STBI,Surface,Samples grouped by first sample date; both cores and grabs collected.
2001-07-17 00:00:00,0.0,2.0,SD_CHOLPAL,C09,Sum01,MULT,RESULT,Y,NR,NR,SBI,Surface,Samples grouped by first sample date; both cores and grabs collected.
2002-02-11 00:00:00,0.0,2.0,SD_CHOLPAL,C10,Feb02,MULT,RESULT,Y,NR,NR,SBI,Surface,Samples grouped by first sample date; both cores and grabs collected.
2002-06-10 00:00:00,0.0,2.0,SD_CHOLPAL,C10,Jun02,MULT,RESULT,Y,NR,NR,SBI,Surface,Samples grouped by first sample date; both cores and grabs collected.
2001-11-06 00:00:00,0.0,2.0,SD_CHOLPAL,C10,Nov01,MULT,RESULT,Y,NR,NR,SBI,Surface,Samples grouped by first sample date; both cores and grabs collected.
2002-10-09 00:00:00,0.0,2.0,SD_CHOLPAL,C10,Oct02,MULT,RESULT,Y,NR,NR,SBI,Surface,Samples grouped by first sample date; both cores and grabs collected.
2001-07-17 00:00:00,0.0,2.0,SD_CHOLPAL,C10,Sum01,MULT,RESULT,Y,NR,NR,SBI,Surface,Samples grouped by first sample date; both cores and grabs collected.
2001-07-17 00:00:00,0.0,2.0,SD_CHOLPAL,C11,Sum01,MULT,RESULT,Y,NR,NR,STBI,Surface,Samples grouped by first sample date; both cores and grabs collected.
2001-07-17 00:00:00,0.0,2.0,SD_CHOLPAL,C12,Sum01,MULT,RESULT,Y,NR,NR,STBI,Surface,Samples grouped by first sample date; both cores and grabs collected.
2001-07-17 00:00:00,0.0,2.0,SD_CHOLPAL,C13,Sum01,MULT,RESULT,Y,NR,NR,STBI,Surface,Samples grouped by first sample date; both cores and grabs collected.
2002-02-11 00:00:00,0.0,2.0,SD_CHOLPAL,C14,Feb02,MULT,RESULT,Y,NR,NR,SBI,Surface,Samples grouped by first sample date; both cores and grabs collected.
2002-06-10 00:00:00,0.0,2.0,SD_CHOLPAL,C14,Jun02,MULT,RESULT,Y,NR,NR,SBI,Surface,Samples grouped by first sample date; both cores and grabs collected.
2001-11-06 00:00:00,0.0,2.0,SD_CHOLPAL,C14,Nov01,MULT,RESULT,Y,NR,NR,SBI,Surface,Samples grouped by first sample date; both cores and grabs collected.
2002-10-09 00:00:00,0.0,2.0,SD_CHOLPAL,C14,Oct02,MULT,RESULT,Y,NR,NR,SBI,Surface,Samples grouped by first sample date; both cores and grabs collected.
2001-07-17 00:00:00,0.0,2.0,SD_CHOLPAL,C14,Sum01,MULT,RESULT,Y,NR,NR,STBI,Surface,Samples grouped by first sample date; both cores and grabs collected.
1900-01-01 00:00:00,-99.0,-99.0,SD_CHOLPAL,Centrifuge,Nov01,UNK,CNEG,N,NR,NR,B,CNEG,
2001-07-17 00:00:00,0.0,2.0,SD_CHOLPAL,CP2231,Sum01,MULT,RESULT,Y,NR,NR,STBI,Surface,Samples grouped by first sample date; both cores and grabs collected.
2001-08-27 00:00:00,0.0,2.0,SD_CHOLPAL,CP2238,Sum01,MULT,RESULT,Y,NR,NR,STBI,Surface,Samples grouped by first sample date; both cores and grabs collected.
2002-02-11 00:00:00,0.0,2.0,SD_CHOLPAL,CP2243,Feb02,MULT,RESULT,Y,NR,NR,SBI,Surface,Samples grouped by first sample date; both cores and grabs collected.
2002-06-10 00:00:00,0.0,2.0,SD_CHOLPAL,CP2243,Jun02,MULT,RESULT,Y,NR,NR,SBI,Surface,Samples grouped by first sample date; both cores and grabs collected.
2001-11-06 00:00:00,0.0,2.0,SD_CHOLPAL,CP2243,Nov01,MULT,RESULT,Y,NR,NR,SBI,Surface,Samples grouped by first sample date; both cores and grabs collected.
2002-10-09 00:00:00,0.0,2.0,SD_CHOLPAL,CP2243,Oct02,MULT,RESULT,Y,NR,NR,SBI,Surface,Samples grouped by first sample date; both cores and grabs collected.
2001-07-17 00:00:00,0.0,2.0,SD_CHOLPAL,CP2243,Sum01,MULT,RESULT,Y,NR,NR,STBI,Surface,Samples grouped by first sample date; both cores and grabs collected.
2002-02-11 00:00:00,0.0,2.0,SD_CHOLPAL,CP2433,Feb02,MULT,RESULT,Y,NR,NR,SBI,Surface,Samples grouped by first sample date; both cores and grabs collected.
2002-06-10 00:00:00,0.0,2.0,SD_CHOLPAL,CP2433,Jun02,MULT,RESULT,Y,NR,NR,SBI,Surface,Samples grouped by first sample date; both cores and grabs collected.
2001-11-06 00:00:00,0.0,2.0,SD_CHOLPAL,CP2433,Nov01,MULT,RESULT,Y,NR,NR,SBI,Surface,Samples grouped by first sample date; both cores and grabs collected.
2002-10-09 00:00:00,0.0,2.0,SD_CHOLPAL,CP2433,Oct02,MULT,RESULT,Y,NR,NR,SBI,Surface,Samples grouped by first sample date; both cores and grabs collected.
2001-07-17 00:00:00,0.0,2.0,SD_CHOLPAL,CP2433,Sum01,MULT,RESULT,Y,NR,NR,STBI,Surface,Samples grouped by first sample date; both cores and grabs collected.
2001-07-17 00:00:00,0.0,2.0,SD_CHOLPAL,CP2440,Sum01,MULT,RESULT,Y,NR,NR,STBI,Surface,Samples grouped by first sample date; both cores and grabs collected.
2001-07-17 00:00:00,0.0,2.0,SD_CHOLPAL,CP2441,Sum01,MULT,RESULT,Y,NR,NR,STBI,Surface,Samples grouped by first sample date; both cores and grabs collected.
1900-01-01 00:00:00,0.0,-99.0,SD_CHOLPAL,Home Sediment,Feb02,UNK,CNEG,N,NR,NR,B,CNEG,
1900-01-01 00:00:00,0.0,-99.0,SD_CHOLPAL,Home Sediment,Oct02,UNK,CNEG,N,NR,NR,B,CNEG,
1900-01-01 00:00:00,0.0,-99.0,SD_CHOLPAL,Home Sediment,Sum01,UNK,CNEG,N,NR,NR,B,CNEG,
2001-08-27 00:00:00,0.0,2.0,SD_CHOLPAL,P01,Sum01,MULT,RESULT,Y,NR,NR,SBI,Surface,Samples grouped by first sample date; both cores and grabs collected.
2001-08-27 00:00:00,0.0,2.0,SD_CHOLPAL,P02,Sum01,MULT,RESULT,Y,NR,NR,STBI,Surface,Samples grouped by first sample date; both cores and grabs collected.
2001-08-27 00:00:00,0.0,2.0,SD_CHOLPAL,P03,Sum01,MULT,RESULT,Y,NR,NR,SBI,Surface,Samples grouped by first sample date; both cores and grabs collected.
2001-08-27 00:00:00,0.0,2.0,SD_CHOLPAL,P04,Sum01,MULT,RESULT,Y,NR,NR,STBI,Surface,Samples grouped by first sample date; both cores and grabs collected.
2001-08-27 00:00:00,0.0,2.0,SD_CHOLPAL,P05,Sum01,MULT,RESULT,Y,NR,NR,SBI,Surface,Samples grouped by first sample date; both cores and grabs collected.
2001-08-27 00:00:00,0.0,2.0,SD_CHOLPAL,P06,Sum01,MULT,RESULT,Y,NR,NR,SBI,Surface,Samples grouped by first sample date; both cores and grabs collected.
2001-08-27 00:00:00,0.0,2.0,SD_CHOLPAL,P07,Sum01,MULT,RESULT,Y,NR,NR,SBI,Surface,Samples grouped by first sample date; both cores and grabs collected.
2001-08-27 00:00:00,0.0,2.0,SD_CHOLPAL,P08,Sum01,MULT,RESULT,Y,NR,NR,STBI,Surface,Samples grouped by first sample date; both cores and grabs collected.
2001-08-27 00:00:00,0.0,2.0,SD_CHOLPAL,P09,Sum01,MULT,RESULT,Y,NR,NR,SBI,Surface,Samples grouped by first sample date; both cores and grabs collected.
2001-08-27 00:00:00,0.0,2.0,SD_CHOLPAL,P10,Sum01,MULT,RESULT,Y,NR,NR,SBI,Surface,Samples grouped by first sample date; both cores and grabs collected.
2002-02-11 00:00:00,0.0,2.0,SD_CHOLPAL,P11,Feb02,MULT,RESULT,Y,NR,NR,SBI,Surface,Samples grouped by first sample date; both cores and grabs collected.
2002-06-10 00:00:00,0.0,2.0,SD_CHOLPAL,P11,Jun02,MULT,RESULT,Y,NR,NR,SBI,Surface,Samples grouped by first sample date; both cores and grabs collected.
2001-11-06 00:00:00,0.0,2.0,SD_CHOLPAL,P11,Nov01,MULT,RESULT,Y,NR,NR,SBI,Surface,Samples grouped by first sample date; both cores and grabs collected.
2002-10-09 00:00:00,0.0,2.0,SD_CHOLPAL,P11,Oct02,MULT,RESULT,Y,NR,NR,SBI,Surface,Samples grouped by first sample date; both cores and grabs collected.
2001-08-27 00:00:00,0.0,2.0,SD_CHOLPAL,P11,Sum01,MULT,RESULT,Y,NR,NR,STBI,Surface,Samples grouped by first sample date; both cores and grabs collected.
2001-08-27 00:00:00,0.0,2.0,SD_CHOLPAL,P12,Sum01,MULT,RESULT,Y,NR,NR,SBI,Surface,Samples grouped by first sample date; both cores and grabs collected.
2001-08-27 00:00:00,0.0,2.0,SD_CHOLPAL,P13,Sum01,MULT,RESULT,Y,NR,NR,STBI,Surface,Samples grouped by first sample date; both cores and grabs collected.
2001-08-27 00:00:00,0.0,2.0,SD_CHOLPAL,P14,Sum01,MULT,RESULT,Y,NR,NR,SBI,Surface,Samples grouped by first sample date; both cores and grabs collected.
2001-08-27 00:00:00,0.0,2.0,SD_CHOLPAL,P15,Sum01,MULT,RESULT,Y,NR,NR,STBI,Surface,Samples grouped by first sample date; both cores and grabs collected.
2001-08-27 00:00:00,0.0,2.0,SD_CHOLPAL,P16,Sum01,MULT,RESULT,Y,NR,NR,SBI,Surface,Samples grouped by first sample date; both cores and grabs collected.
2002-02-11 00:00:00,0.0,2.0,SD_CHOLPAL,P17,Feb02,MULT,RESULT,Y,NR,NR,SBI,Surface,Samples grouped by first sample date; both cores and grabs collected.
2002-06-10 00:00:00,0.0,2.0,SD_CHOLPAL,P17,Jun02,MULT,RESULT,Y,NR,NR,SBI,Surface,Samples grouped by first sample date; both cores and grabs collected.
2001-11-06 00:00:00,0.0,2.0,SD_CHOLPAL,P17,Nov01,MULT,RESULT,Y,NR,NR,SBI,Surface,Samples grouped by first sample date; both cores and grabs collected.
2002-10-09 00:00:00,0.0,2.0,SD_CHOLPAL,P17,Oct02,MULT,RESULT,Y,NR,NR,SBI,Surface,Samples grouped by first sample date; both cores and grabs collected.
2001-08-27 00:00:00,0.0,2.0,SD_CHOLPAL,P17,Sum01,MULT,RESULT,Y,NR,NR,STBI,Surface,Samples grouped by first sample date; both cores and grabs collected.
1900-01-01 00:00:00,0.0,-99.0,SD_CHOLPAL,Ref Tox,Sum01,UNK,CNEG,N,NR,NR,B,CNEG,
1900-01-01 00:00:00,-99.0,-99.0,SD_CHOLPAL,Seawater Contro,Feb02,SWDRAW,CNEG,N,NR,NR,B,CNEG,
1900-01-01 00:00:00,-99.0,-99.0,SD_CHOLPAL,Seawater Contro,Jun02,SWDRAW,CNEG,N,NR,NR,B,CNEG,
1900-01-01 00:00:00,-99.0,-99.0,SD_CHOLPAL,Seawater Contro,Nov01,SWDRAW,CNEG,N,NR,NR,B,CNEG,
1900-01-01 00:00:00,-99.0,-99.0,SD_CHOLPAL,Seawater Contro,Oct02,SWDRAW,CNEG,N,NR,NR,B,CNEG,
1900-01-01 00:00:00,-99.0,-99.0,SD_CHOLPAL,Seawater Contro,Sum01,SWDRAW,CNEG,N,NR,NR,B,CNEG,
1900-01-01 00:00:00,-99.0,-99.0,SD_CHOLPAL,TubeBlank,Feb02,UNK,CNEG,N,NR,NR,B,CNEG,
1900-01-01 00:00:00,-99.0,-99.0,SD_CHOLPAL,TubeBlank,Jun02,UNK,CNEG,N,NR,NR,B,CNEG,
1900-01-01 00:00:00,-99.0,-99.0,SD_CHOLPAL,TubeBlank,Nov01,UNK,CNEG,N,NR,NR,B,CNEG,
1900-01-01 00:00:00,-99.0,-99.0,SD_CHOLPAL,TubeBlank,Oct02,UNK,CNEG,N,NR,NR,B,CNEG,
1900-01-01 00:00:00,-99.0,-99.0,SD_CHOLPAL,TubeBlank,Sum01,UNK,CNEG,N,NR,NR,B,CNEG,
2003-07-01 00:00:00,0.0,5.0,SD_SWBRAN,2229,NA,GRAB,REF,N,NR,NR,STB,Surface,Main study
2003-07-01 00:00:00,0.0,5.0,SD_SWBRAN,2238,NA,GRAB,REF,N,NR,NR,STB,Surface,Main study
2003-02-01 00:00:00,0.0,5.0,SD_SWBRAN,2238,Ref,GRAB,REF,N,NR,NR,SB,Surface,Reference site study
2003-02-01 00:00:00,0.0,5.0,SD_SWBRAN,2240,Ref,GRAB,REF,N,NR,NR,SB,Surface,Reference site study
2003-07-01 00:00:00,0.0,5.0,SD_SWBRAN,2243,NA,GRAB,REF,N,NR,NR,STB,Surface,Main study
2003-02-01 00:00:00,0.0,5.0,SD_SWBRAN,2243,Ref,GRAB,REF,N,NR,NR,SB,Surface,Reference site study
2003-07-01 00:00:00,0.0,5.0,SD_SWBRAN,2433,NA,GRAB,REF,N,NR,NR,STB,Surface,Main study
2003-02-01 00:00:00,0.0,5.0,SD_SWBRAN,2433,Ref,GRAB,REF,N,NR,NR,SB,Surface,Reference site study
2003-07-01 00:00:00,0.0,5.0,SD_SWBRAN,2435,NA,GRAB,REF,N,NR,NR,STB,Surface,Main study
2003-02-01 00:00:00,0.0,5.0,SD_SWBRAN,2435,Ref,GRAB,REF,N,NR,NR,T,Surface,Reference site study
2003-07-01 00:00:00,0.0,5.0,SD_SWBRAN,2441,NA,GRAB,REF,N,NR,NR,STB,Surface,Main study
2003-02-01 00:00:00,0.0,5.0,SD_SWBRAN,90053,Ref,GRAB,REF,N,NR,NR,SB,Surface,Reference site study
2003-02-01 00:00:00,0.0,5.0,SD_SWBRAN,93195,Ref,GRAB,REF,N,NR,NR,SB,Surface,Reference site study
2003-07-01 00:00:00,0.0,5.0,SD_SWBRAN,BST01,NA,GRAB,RESULT,N,NR,NR,STB,Surface,
2003-07-01 00:00:00,0.0,5.0,SD_SWBRAN,BST02,NA,GRAB,RESULT,N,NR,NR,SB,Surface,
2003-07-01 00:00:00,0.0,5.0,SD_SWBRAN,BST03,NA,GRAB,RESULT,N,NR,NR,SB,Surface,
2003-07-01 00:00:00,0.0,5.0,SD_SWBRAN,BST04,A,GRAB,RESULT,N,NR,NR,T,Surface,
2003-07-01 00:00:00,0.0,5.0,SD_SWBRAN,BST04,B,GRAB,RESULT,N,NR,NR,T,Surface,
2003-07-01 00:00:00,0.0,5.0,SD_SWBRAN,BST04,C,GRAB,RESULT,N,NR,NR,T,Surface,
2003-07-01 00:00:00,0.0,5.0,SD_SWBRAN,BST04,NA,GRAB,RESULT,N,NR,NR,SB,Surface,
2003-07-01 00:00:00,0.0,5.0,SD_SWBRAN,BST05,NA,GRAB,RESULT,N,NR,NR,STB,Surface,
2003-07-01 00:00:00,0.0,5.0,SD_SWBRAN,BST06,NA,GRAB,RESULT,N,NR,NR,STB,Surface,
2003-07-01 00:00:00,0.0,5.0,SD_SWBRAN,BST07,NA,GRAB,RESULT,N,NR,NR,STB,Surface,
2003-07-01 00:00:00,0.0,5.0,SD_SWBRAN,BST08,NA,GRAB,RESULT,N,NR,NR,SB,Surface,
2003-07-01 00:00:00,0.0,5.0,SD_SWBRAN,BST09,NA,GRAB,RESULT,N,NR,NR,SB,Surface,
2003-07-01 00:00:00,0.0,5.0,SD_SWBRAN,BST10,NA,GRAB,RESULT,N,NR,NR,SB,Surface,
2003-07-01 00:00:00,0.0,5.0,SD_SWBRAN,BST11,NA,GRAB,RESULT,N,NR,NR,SB,Surface,
2003-07-01 00:00:00,0.0,5.0,SD_SWBRAN,BST12,NA,GRAB,RESULT,N,NR,NR,SB,Surface,
1900-01-01 00:00:00,0.0,-99.0,SD_SWBRAN,CONTROL,CONTROL,UNK,CNEG,N,NR,NR,B,CNEG,Bioassay control
2003-07-01 00:00:00,0.0,5.0,SD_SWBRAN,DAC01,NA,GRAB,RESULT,N,NR,NR,STB,Surface,
2003-07-01 00:00:00,0.0,5.0,SD_SWBRAN,DAC02,NA,GRAB,RESULT,N,NR,NR,SB,Surface,
2003-07-01 00:00:00,0.0,5.0,SD_SWBRAN,DAC03,NA,GRAB,RESULT,N,NR,NR,STB,Surface,
2003-07-01 00:00:00,0.0,5.0,SD_SWBRAN,DAC04,NA,GRAB,RESULT,N,NR,NR,SB,Surface,
2003-07-01 00:00:00,0.0,5.0,SD_SWBRAN,DAC05,A,GRAB,RESULT,N,NR,NR,T,Surface,
2003-07-01 00:00:00,0.0,5.0,SD_SWBRAN,DAC05,B,GRAB,RESULT,N,NR,NR,T,Surface,
2003-07-01 00:00:00,0.0,5.0,SD_SWBRAN,DAC05,C,GRAB,RESULT,N,NR,NR,T,Surface,
2003-07-01 00:00:00,0.0,5.0,SD_SWBRAN,DAC05,NA,GRAB,RESULT,N,NR,NR,SB,Surface,
2003-07-01 00:00:00,0.0,5.0,SD_SWBRAN,DAC06,NA,GRAB,RESULT,N,NR,NR,SB,Surface,
2003-07-01 00:00:00,0.0,5.0,SD_SWBRAN,DAC07,NA,GRAB,RESULT,N,NR,NR,STB,Surface,
2003-07-01 00:00:00,0.0,5.0,SD_SWBRAN,DAC08,NA,GRAB,RESULT,N,NR,NR,SB,Surface,
2003-07-01 00:00:00,0.0,5.0,SD_SWBRAN,DAC09,NA,GRAB,RESULT,N,NR,NR,STB,Surface,
1900-01-01 00:00:00,0.0,-99.0,SD_SWBRAN,HOME,HOME,UNK,CNEG,N,NR,NR,B,CNEG,Bioassay control
2003-07-01 00:00:00,0.0,5.0,SD_SWBRAN,SWZ01,A,GRAB,RESULT,N,NR,NR,T,Surface,
2003-07-01 00:00:00,0.0,5.0,SD_SWBRAN,SWZ01,B,GRAB,RESULT,N,NR,NR,T,Surface,
2003-07-01 00:00:00,0.0,5.0,SD_SWBRAN,SWZ01,C,GRAB,RESULT,N,NR,NR,T,Surface,
2003-07-01 00:00:00,0.0,5.0,SD_SWBRAN,SWZ01,NA,GRAB,RESULT,N,NR,NR,SB,Surface,
2003-07-01 00:00:00,0.0,5.0,SD_SWBRAN,SWZ02,NA,GRAB,RESULT,N,NR,NR,STB,Surface,
2003-07-01 00:00:00,0.0,5.0,SD_SWBRAN,SWZ03,NA,GRAB,RESULT,N,NR,NR,SB,Surface,
2003-07-01 00:00:00,0.0,5.0,SD_SWBRAN,SWZ04,NA,GRAB,RESULT,N,NR,NR,STB,Surface,
2003-07-01 00:00:00,0.0,5.0,SD_SWBRAN,SWZ05,NA,GRAB,RESULT,N,NR,NR,SB,Surface,
2003-07-01 00:00:00,0.0,5.0,SD_SWBRAN,SWZ06,NA,GRAB,RESULT,N,NR,NR,SB,Surface,
2003-07-01 00:00:00,0.0,5.0,SD_SWBRAN,TO,1,GRAB,RESULT,N,NR,NR,T,Surface,
2003-07-01 00:00:00,0.0,5.0,SD_SWBRAN,TO,2,GRAB,RESULT,N,NR,NR,T,Surface,
2003-07-01 00:00:00,0.0,5.0,SD_SWBRAN,TO,3,GRAB,RESULT,N,NR,NR,T,Surface,
1900-01-01 00:00:00,0.0,-99.0,SFO,Home,Home,UNK,CNEG,N,NR,NR,B,CNEG,
1900-01-01 00:00:00,-99.0,-99.0,SFO,LAB SW CONTROL,LAB SW CONTROL,SWDRAW,CNEG,N,NR,NR,B,CNEG,
1900-01-01 00:00:00,0.0,-99.0,SFO,LabControl,LabControl,UNK,CNEG,N,NR,NR,B,CNEG,
2000-08-08 00:00:00,48.0,560.0999755859375,SFO,PEBBA1,Comp-B1B,CORE,RESULT,Y,NR,NR,S,Subsurface,
2000-08-08 00:00:00,0.0,48.0,SFO,PEBBA1,Comp-B1T,CORE,RESULT,Y,NR,NR,SB,Subsurface,
2000-08-09 00:00:00,81.9000015258789,455.5,SFO,PEBBA2,Comp-B2B,CORE,RESULT,Y,NR,NR,S,Subsurface,
2000-08-09 00:00:00,0.0,67.5,SFO,PEBBA2,Comp-B2T,CORE,RESULT,Y,NR,NR,SB,Subsurface,
2000-08-11 00:00:00,87.0999984741211,315.20001220703125,SFO,PEBBA3,Comp-B3B,CORE,RESULT,Y,NR,NR,S,Subsurface,
2000-08-11 00:00:00,0.0,81.0999984741211,SFO,PEBBA3,Comp-B3T,CORE,RESULT,Y,NR,NR,SB,Subsurface,
2000-08-16 00:00:00,193.5,585.2000122070312,SFO,PEBBA4,Comp-B4B,CORE,RESULT,Y,NR,NR,S,Subsurface,
2000-08-16 00:00:00,0.0,141.60000610351562,SFO,PEBBA4,Comp-B4T,CORE,RESULT,Y,NR,NR,SB,Subsurface,
2000-08-11 00:00:00,137.1999969482422,392.3999938964844,SFO,PEBBA5,Comp-B5B,CORE,RESULT,Y,NR,NR,S,Subsurface,
2000-08-11 00:00:00,0.0,113.9000015258789,SFO,PEBBA5,Comp-B5T,CORE,RESULT,Y,NR,NR,SB,Subsurface,
2000-08-15 00:00:00,543.2999877929688,707.2000122070312,SFO,PEBBA6,Comp-B6B,CORE,RESULT,Y,NR,NR,S,Subsurface,
2000-08-15 00:00:00,0.0,384.5,SFO,PEBBA6,Comp-B6T,CORE,RESULT,Y,NR,NR,SB,Subsurface,
2000-06-26 00:00:00,0.0,263.70001220703125,SFO,PPEA1,Comp-1T,CORE,RESULT,Y,NR,NR,SB,Subsurface,
2000-06-26 00:00:00,0.0,208.0,SFO,PPEA1,Comp-1V,CORE,RESULT,Y,NR,NR,SB,Subsurface,
2000-06-30 00:00:00,186.5,835.2000122070312,SFO,PPEA10,Comp-10B,CORE,RESULT,Y,NR,NR,SB,Subsurface,
2000-06-30 00:00:00,0.0,186.5,SFO,PPEA10,Comp-10T,CORE,RESULT,Y,NR,NR,SB,Subsurface,
2000-07-07 00:00:00,0.0,172.8000030517578,SFO,PPEA11,Comp-11T,CORE,RESULT,Y,NR,NR,SB,Subsurface,
2000-07-07 00:00:00,0.0,212.6999969482422,SFO,PPEA11,Comp-11V,CORE,RESULT,Y,NR,NR,SB,Subsurface,
2000-07-10 00:00:00,172.6999969482422,834.7999877929688,SFO,PPEA12,Comp-12B,CORE,RESULT,Y,NR,NR,SB,Subsurface,
2000-07-10 00:00:00,0.0,172.6999969482422,SFO,PPEA12,Comp-12T,CORE,RESULT,Y,NR,NR,SB,Subsurface,
2000-07-20 00:00:00,0.0,142.3000030517578,SFO,PPEA13,Comp-13T,CORE,RESULT,Y,NR,NR,SB,Subsurface,
2000-07-20 00:00:00,0.0,64.5999984741211,SFO,PPEA13,Comp-13V,CORE,RESULT,Y,NR,NR,SB,Subsurface,
2000-07-11 00:00:00,0.0,126.0999984741211,SFO,PPEA14,Comp-14T,CORE,RESULT,Y,NR,NR,SB,Subsurface,
2000-07-25 00:00:00,185.89999389648438,853.7999877929688,SFO,PPEA15,Comp-15B,CORE,RESULT,Y,NR,NR,SB,Subsurface,
2000-07-25 00:00:00,0.0,185.89999389648438,SFO,PPEA15,Comp-15T,CORE,RESULT,Y,NR,NR,SB,Subsurface,
2000-07-25 00:00:00,0.0,37.0,SFO,PPEA15,Comp-15V,CORE,RESULT,Y,NR,NR,SB,Subsurface,
2000-07-24 00:00:00,0.0,215.3000030517578,SFO,PPEA16,Comp-16T,CORE,RESULT,Y,NR,NR,SB,Subsurface,
2000-07-31 00:00:00,0.0,77.69999694824219,SFO,PPEA17,Comp-17T,CORE,RESULT,Y,NR,NR,SB,Subsurface,
2000-07-28 00:00:00,0.0,169.1999969482422,SFO,PPEA18,Comp-18T,CORE,RESULT,Y,NR,NR,SB,Subsurface,
2000-07-18 00:00:00,162.39999389648438,840.7999877929688,SFO,PPEA19,Comp-19B,CORE,RESULT,Y,NR,NR,SB,Subsurface,
2000-07-18 00:00:00,0.0,162.39999389648438,SFO,PPEA19,Comp-19T,CORE,RESULT,Y,NR,NR,SB,Subsurface,
2000-07-18 00:00:00,0.0,291.70001220703125,SFO,PPEA19,Comp-19V,CORE,RESULT,Y,NR,NR,SB,Subsurface,
2000-06-26 00:00:00,0.0,361.20001220703125,SFO,PPEA2,Comp-2T,CORE,RESULT,Y,NR,NR,SB,Subsurface,
2000-06-26 00:00:00,0.0,236.1999969482422,SFO,PPEA2,Comp-2V,CORE,RESULT,Y,NR,NR,SB,Subsurface,
2000-07-18 00:00:00,0.0,227.8000030517578,SFO,PPEA20,Comp-20T,CORE,RESULT,Y,NR,NR,SB,Subsurface,
2000-07-18 00:00:00,0.0,388.20001220703125,SFO,PPEA20,Comp-20V,CORE,RESULT,Y,NR,NR,SB,Subsurface,
2000-06-28 00:00:00,330.1000061035156,814.7000122070312,SFO,PPEA3,Comp-3B,CORE,RESULT,Y,NR,NR,SB,Subsurface,
2000-06-28 00:00:00,0.0,330.1000061035156,SFO,PPEA3,Comp-3T,CORE,RESULT,Y,NR,NR,SB,Subsurface,
2000-06-28 00:00:00,0.0,235.89999389648438,SFO,PPEA3,Comp-3V,CORE,RESULT,Y,NR,NR,SB,Subsurface,
2000-06-27 00:00:00,0.0,128.89999389648438,SFO,PPEA4,Comp-4T,CORE,RESULT,Y,NR,NR,SB,Subsurface,
2000-06-27 00:00:00,0.0,198.39999389648438,SFO,PPEA4,Comp-4V,CORE,RESULT,Y,NR,NR,SB,Subsurface,
2000-07-19 00:00:00,225.1999969482422,838.5,SFO,PPEA5,Comp-5B,CORE,RESULT,Y,NR,NR,SB,Subsurface,
2000-07-19 00:00:00,0.0,225.0,SFO,PPEA5,Comp-5T,CORE,RESULT,Y,NR,NR,SB,Subsurface,
2000-07-12 00:00:00,0.0,132.60000610351562,SFO,PPEA6,Comp-6T,CORE,RESULT,Y,NR,NR,SB,Subsurface,
2000-07-12 00:00:00,0.0,197.39999389648438,SFO,PPEA6,Comp-6V,CORE,RESULT,Y,NR,NR,SB,Subsurface,
2000-07-11 00:00:00,0.0,339.79998779296875,SFO,PPEA7,Comp-7T,CORE,RESULT,Y,NR,NR,SB,Subsurface,
2000-07-11 00:00:00,0.0,150.89999389648438,SFO,PPEA7,Comp-7V,CORE,RESULT,Y,NR,NR,SB,Subsurface,
2000-07-05 00:00:00,144.0,833.5999755859375,SFO,PPEA8,Comp-8B,CORE,RESULT,Y,NR,NR,SB,Subsurface,
2000-07-05 00:00:00,0.0,144.0,SFO,PPEA8,Comp-8T,CORE,RESULT,Y,NR,NR,SB,Subsurface,
2000-07-05 00:00:00,0.0,163.8000030517578,SFO,PPEA8,Comp-8V,CORE,RESULT,Y,NR,NR,SB,Subsurface,
2000-07-17 00:00:00,0.0,195.39999389648438,SFO,PPEA9,Comp-9T,CORE,RESULT,Y,NR,NR,SB,Subsurface,
2000-07-17 00:00:00,0.0,84.69999694824219,SFO,PPEA9,Comp-9V,CORE,RESULT,Y,NR,NR,SB,Subsurface,
2000-08-28 00:00:00,654.0999755859375,743.7000122070312,SFO,PRB21,Comp-21B,CORE,RESULT,Y,NR,NR,SB,Subsurface,
2000-08-28 00:00:00,0.0,686.7999877929688,SFO,PRB21,Comp-21T,CORE,RESULT,Y,NR,NR,SB,Subsurface,
2000-08-29 00:00:00,276.6000061035156,650.7999877929688,SFO,PRB22,Comp-22B,CORE,RESULT,Y,NR,NR,SB,Subsurface,
2000-08-29 00:00:00,0.0,276.6000061035156,SFO,PRB22,Comp-22T,CORE,RESULT,Y,NR,NR,SB,Subsurface,
2000-07-15 00:00:00,0.0,-99.0,SFO,REF-SF-DODS,DODS,UNK,REF,N,NR,NR,SB,Surface,
2000-07-13 00:00:00,0.0,-99.0,SFO,REF-SSFB-N1,SSF-N,UNK,REF,N,NR,NR,SB,Surface,
2000-09-06 00:00:00,0.0,-99.0,SFO,REF-SSFB-N1,SSF-N2,UNK,REF,N,NR,NR,S,Surface,
2000-07-13 00:00:00,0.0,-99.0,SFO,REF-Tubbs-1,Tubbs,UNK,REF,N,NR,NR,SB,Surface,
2000-09-06 00:00:00,0.0,-99.0,SFO,REF-Tubbs-1,Tubbs2,UNK,REF,N,NR,NR,S,Surface,
2000-08-02 00:00:00,0.0,-99.0,SFO,SG-01,SG-01,CORE,RESULT,N,NR,NR,S,Subsurface,
2000-08-02 00:00:00,0.0,-99.0,SFO,SG-02,SG-02,CORE,RESULT,N,NR,NR,S,Subsurface,
2000-08-02 00:00:00,0.0,-99.0,SFO,SG-03,SG-03,CORE,RESULT,N,NR,NR,S,Subsurface,
2000-08-02 00:00:00,0.0,-99.0,SFO,SG-04,SG-04,CORE,RESULT,N,NR,NR,S,Subsurface,
2000-08-02 00:00:00,0.0,-99.0,SFO,SG-05,SG-05,CORE,RESULT,N,NR,NR,S,Subsurface,
2000-08-02 00:00:00,0.0,-99.0,SFO,SG-06,SG-06,CORE,RESULT,N,NR,NR,S,Subsurface,
1900-01-01 00:00:00,-99.0,-99.0,SFO,SiteControl,SiteControl,SWDRAW,CNEG,N,NR,NR,B,CNEG,
1900-01-01 00:00:00,-99.0,-99.0,SFO,Site-W-Control,Site-W-Control,SWDRAW,CNEG,N,NR,NR,B,CNEG,
1998-10-20 00:00:00,0.0,5.0,SFPUC_ISLA,1C,98,PONAR,RESULT,N,NR,NR,S,Surface,
1998-10-27 00:00:00,0.0,30.479999542236328,SFPUC_ISLA,1C,C1,GRAV,RESULT,N,NR,NR,S,Surface,
1998-10-27 00:00:00,30.479999542236328,60.959999084472656,SFPUC_ISLA,1C,C2,GRAV,RESULT,N,NR,NR,S,Subsurface,
1998-10-27 00:00:00,60.959999084472656,91.44000244140625,SFPUC_ISLA,1C,C3,GRAV,RESULT,N,NR,NR,S,Subsurface,
1998-10-27 00:00:00,91.44000244140625,121.91999816894531,SFPUC_ISLA,1C,C4,GRAV,RESULT,N,NR,NR,S,Subsurface,
2000-04-19 00:00:00,0.0,5.0,SFPUC_ISLA,1N,00,PONAR,RESULT,N,NR,NR,SB,Surface,
2000-06-02 00:00:00,0.0,5.0,SFPUC_ISLA,1N,00-06,PONAR,RESULT,N,NR,NR,T,Surface,
1998-10-20 00:00:00,0.0,5.0,SFPUC_ISLA,1N,98,PONAR,RESULT,N,NR,NR,SB,Surface,
1999-10-12 00:00:00,0.0,5.0,SFPUC_ISLA,1N,99,PONAR,RESULT,N,NR,NR,SB,Surface,
2000-04-19 00:00:00,0.0,5.0,SFPUC_ISLA,1S,00,PONAR,RESULT,N,NR,NR,SB,Surface,
2000-06-02 00:00:00,0.0,5.0,SFPUC_ISLA,1S,00-06,PONAR,RESULT,N,NR,NR,T,Surface,
1998-10-20 00:00:00,0.0,5.0,SFPUC_ISLA,1S,98,PONAR,RESULT,N,NR,NR,S,Surface,
1999-10-12 00:00:00,0.0,5.0,SFPUC_ISLA,1S,99,PONAR,RESULT,N,NR,NR,SB,Surface,
1998-10-20 00:00:00,0.0,5.0,SFPUC_ISLA,2C,98,PONAR,RESULT,N,NR,NR,S,Surface,
2000-04-19 00:00:00,0.0,5.0,SFPUC_ISLA,2N,00,PONAR,RESULT,N,NR,NR,SB,Surface,
2000-06-02 00:00:00,0.0,5.0,SFPUC_ISLA,2N,00-06,PONAR,RESULT,N,NR,NR,T,Surface,
1998-10-20 00:00:00,0.0,5.0,SFPUC_ISLA,2N,98,PONAR,RESULT,N,NR,NR,SB,Surface,
1999-10-12 00:00:00,0.0,5.0,SFPUC_ISLA,2N,99,PONAR,RESULT,N,NR,NR,SB,Surface,
1998-10-27 00:00:00,0.0,30.479999542236328,SFPUC_ISLA,2N,C1,GRAV,RESULT,N,NR,NR,S,Surface,
1998-10-27 00:00:00,30.479999542236328,60.959999084472656,SFPUC_ISLA,2N,C2,GRAV,RESULT,N,NR,NR,S,Subsurface,
1998-10-27 00:00:00,60.959999084472656,91.44000244140625,SFPUC_ISLA,2N,C3,GRAV,RESULT,N,NR,NR,S,Subsurface,
1998-10-27 00:00:00,91.44000244140625,121.91999816894531,SFPUC_ISLA,2N,C4,GRAV,RESULT,N,NR,NR,S,Subsurface,
2000-04-19 00:00:00,0.0,5.0,SFPUC_ISLA,2S,00,PONAR,RESULT,N,NR,NR,SB,Surface,
2000-06-02 00:00:00,0.0,5.0,SFPUC_ISLA,2S,00-06,PONAR,RESULT,N,NR,NR,T,Surface,
1998-10-20 00:00:00,0.0,5.0,SFPUC_ISLA,2S,98,PONAR,RESULT,N,NR,NR,S,Surface,
1999-10-12 00:00:00,0.0,5.0,SFPUC_ISLA,2S,99,PONAR,RESULT,N,NR,NR,SB,Surface,
1998-10-20 00:00:00,0.0,5.0,SFPUC_ISLA,3C,98,PONAR,RESULT,N,NR,NR,S,Surface,
2000-04-19 00:00:00,0.0,5.0,SFPUC_ISLA,3N,00,PONAR,RESULT,N,NR,NR,SB,Surface,
2000-06-02 00:00:00,0.0,5.0,SFPUC_ISLA,3N,00-06,PONAR,RESULT,N,NR,NR,T,Surface,
1998-10-20 00:00:00,0.0,5.0,SFPUC_ISLA,3N,98,PONAR,RESULT,N,NR,NR,S,Surface,
1999-10-12 00:00:00,0.0,5.0,SFPUC_ISLA,3N,99,PONAR,RESULT,N,NR,NR,SB,Surface,
2000-04-19 00:00:00,0.0,5.0,SFPUC_ISLA,3S,00,PONAR,RESULT,N,NR,NR,SB,Surface,
2000-06-02 00:00:00,0.0,5.0,SFPUC_ISLA,3S,00-06,PONAR,RESULT,N,NR,NR,T,Surface,
1998-10-20 00:00:00,0.0,5.0,SFPUC_ISLA,3S,98,PONAR,RESULT,N,NR,NR,SB,Surface,
1999-10-12 00:00:00,0.0,5.0,SFPUC_ISLA,3S,99,PONAR,RESULT,N,NR,NR,SB,Surface,
1998-10-27 00:00:00,0.0,30.479999542236328,SFPUC_ISLA,3S,C1,GRAV,RESULT,N,NR,NR,S,Surface,
1998-10-27 00:00:00,30.479999542236328,60.959999084472656,SFPUC_ISLA,3S,C2,GRAV,RESULT,N,NR,NR,S,Subsurface,
1998-10-27 00:00:00,60.959999084472656,91.44000244140625,SFPUC_ISLA,3S,C3,GRAV,RESULT,N,NR,NR,S,Subsurface,
1998-10-27 00:00:00,91.44000244140625,121.91999816894531,SFPUC_ISLA,3S,C4,GRAV,RESULT,N,NR,NR,S,Subsurface,
1998-10-20 00:00:00,0.0,5.0,SFPUC_ISLA,4C,98,PONAR,RESULT,N,NR,NR,S,Surface,
1998-10-20 00:00:00,0.0,5.0,SFPUC_ISLA,4N,98,PONAR,RESULT,N,NR,NR,S,Surface,
1998-10-20 00:00:00,0.0,5.0,SFPUC_ISLA,4S,98,PONAR,RESULT,N,NR,NR,SB,Surface,
1998-10-27 00:00:00,0.0,30.479999542236328,SFPUC_ISLA,4S,C1,GRAV,RESULT,N,NR,NR,S,Surface,
1998-10-27 00:00:00,30.479999542236328,60.959999084472656,SFPUC_ISLA,4S,C2,GRAV,RESULT,N,NR,NR,S,Subsurface,
1998-10-20 00:00:00,0.0,5.0,SFPUC_ISLA,5C,98,PONAR,RESULT,N,NR,NR,SB,Surface,
1998-10-27 00:00:00,0.0,30.479999542236328,SFPUC_ISLA,5C,C1,GRAV,RESULT,N,NR,NR,S,Surface,
1998-10-27 00:00:00,30.479999542236328,60.959999084472656,SFPUC_ISLA,5C,C2,GRAV,RESULT,N,NR,NR,S,Subsurface,
1998-10-20 00:00:00,0.0,5.0,SFPUC_ISLA,5N,98,PONAR,RESULT,N,NR,NR,S,Surface,
1998-10-20 00:00:00,0.0,5.0,SFPUC_ISLA,5S,98,PONAR,RESULT,N,NR,NR,S,Surface,
1998-10-20 00:00:00,0.0,5.0,SFPUC_ISLA,6C,98,PONAR,RESULT,N,NR,NR,SB,Surface,
1998-10-27 00:00:00,0.0,30.479999542236328,SFPUC_ISLA,6C,C1,GRAV,RESULT,N,NR,NR,S,Surface,
1998-10-27 00:00:00,30.479999542236328,60.959999084472656,SFPUC_ISLA,6C,C2,GRAV,RESULT,N,NR,NR,S,Subsurface,
1998-10-20 00:00:00,0.0,5.0,SFPUC_ISLA,6N,98,PONAR,RESULT,N,NR,NR,S,Surface,
1998-10-20 00:00:00,0.0,5.0,SFPUC_ISLA,6S,98,PONAR,RESULT,N,NR,NR,S,Surface,
1900-01-01 00:00:00,0.0,-99.0,SFPUC_ISLA,Control,00,UNK,CNEG,N,NR,NR,B,CNEG,
1900-01-01 00:00:00,0.0,-99.0,SFPUC_ISLA,Control,98,UNK,CNEG,N,NR,NR,B,CNEG,
1900-01-01 00:00:00,0.0,-99.0,SFPUC_ISLA,Control,99,UNK,CNEG,N,NR,NR,B,CNEG,
2000-04-20 00:00:00,0.0,5.0,SFPUC_ISLA,ISLAND#1,00,PONAR,REF,N,NR,NR,STB,Surface,
2000-06-02 00:00:00,0.0,5.0,SFPUC_ISLA,ISLAND#1,00-06,PONAR,REF,N,NR,NR,T,Surface,
1999-10-18 00:00:00,0.0,5.0,SFPUC_ISLA,ISLAND#1,99,PONAR,REF,N,NR,NR,SB,Surface,
1999-10-15 00:00:00,0.0,5.0,SFPUC_ISLA,MARCONI COVE,99,PONAR,REF,N,NR,NR,SB,Surface,
2000-04-21 00:00:00,0.0,5.0,SFPUC_ISLA,NORTH SITE,00,PONAR,REF,N,NR,NR,STB,Surface,
2000-06-02 00:00:00,0.0,5.0,SFPUC_ISLA,NORTH SITE,00-06,PONAR,REF,N,NR,NR,T,Surface,
1999-10-19 00:00:00,0.0,5.0,SFPUC_ISLA,NORTH SITE,99,PONAR,REF,N,NR,NR,SB,Surface,
2000-04-20 00:00:00,0.0,5.0,SFPUC_ISLA,PARADISE,00,PONAR,REF,N,NR,NR,STB,Surface,
2000-06-02 00:00:00,0.0,5.0,SFPUC_ISLA,PARADISE,00-06,PONAR,REF,N,NR,NR,T,Surface,
1998-10-20 00:00:00,0.0,5.0,SFPUC_ISLA,PARADISE,98,PONAR,REF,N,NR,NR,SB,Surface,
1999-10-18 00:00:00,0.0,5.0,SFPUC_ISLA,PARADISE,99,PONAR,REF,N,NR,NR,SB,Surface,
2000-04-21 00:00:00,0.0,5.0,SFPUC_ISLA,SOUTH SITE,00,PONAR,REF,N,NR,NR,STB,Surface,
2000-06-02 00:00:00,0.0,5.0,SFPUC_ISLA,SOUTH SITE,00-06,PONAR,REF,N,NR,NR,T,Surface,
1999-10-19 00:00:00,0.0,5.0,SFPUC_ISLA,SOUTH SITE,99,PONAR,REF,N,NR,NR,SB,Surface,
2000-04-20 00:00:00,0.0,5.0,SFPUC_ISLA,TUBBS ISLAND,00,PONAR,REF,N,NR,NR,STB,Surface,
2000-06-02 00:00:00,0.0,5.0,SFPUC_ISLA,TUBBS ISLAND,00-06,PONAR,REF,N,NR,NR,T,Surface,
1999-10-18 00:00:00,0.0,5.0,SFPUC_ISLA,TUBBS ISLAND,99,PONAR,REF,N,NR,NR,SB,Surface,
2000-04-18 00:00:00,0.0,5.0,SFPUC_MISS,1N,00,PONAR,RESULT,N,NR,NR,STB,Surface,
2000-06-02 00:00:00,0.0,5.0,SFPUC_MISS,1N,00-06,PONAR,RESULT,N,NR,NR,T,Surface,
1998-10-20 00:00:00,0.0,5.0,SFPUC_MISS,1N,98,PONAR,RESULT,N,NR,NR,SB,Surface,
1999-10-13 00:00:00,0.0,5.0,SFPUC_MISS,1N,99,PONAR,RESULT,N,NR,NR,SB,Surface,
1998-11-23 00:00:00,0.0,30.479999542236328,SFPUC_MISS,1N,C1,GRAV,RESULT,N,NR,NR,S,Surface,
1998-11-23 00:00:00,30.479999542236328,60.959999084472656,SFPUC_MISS,1N,C2,GRAV,RESULT,N,NR,NR,S,Subsurface,
1998-11-23 00:00:00,60.959999084472656,91.44000244140625,SFPUC_MISS,1N,C3,GRAV,RESULT,N,NR,NR,S,Subsurface,
2000-04-18 00:00:00,0.0,5.0,SFPUC_MISS,1S,00,PONAR,RESULT,N,NR,NR,STB,Surface,
2000-06-02 00:00:00,0.0,5.0,SFPUC_MISS,1S,00-06,PONAR,RESULT,N,NR,NR,T,Surface,
1998-10-20 00:00:00,0.0,5.0,SFPUC_MISS,1S,98,PONAR,RESULT,N,NR,NR,S,Surface,
1999-10-13 00:00:00,0.0,5.0,SFPUC_MISS,1S,99,PONAR,RESULT,N,NR,NR,SB,Surface,
2000-04-18 00:00:00,0.0,5.0,SFPUC_MISS,2N,00,PONAR,RESULT,N,NR,NR,STB,Surface,
2000-06-02 00:00:00,0.0,5.0,SFPUC_MISS,2N,00-06,PONAR,RESULT,N,NR,NR,T,Surface,
1998-10-20 00:00:00,0.0,5.0,SFPUC_MISS,2N,98,PONAR,RESULT,N,NR,NR,S,Surface,
1999-10-12 00:00:00,0.0,5.0,SFPUC_MISS,2N,99,PONAR,RESULT,N,NR,NR,SB,Surface,
2000-04-18 00:00:00,0.0,5.0,SFPUC_MISS,2S,00,PONAR,RESULT,N,NR,NR,STB,Surface,
2000-06-02 00:00:00,0.0,5.0,SFPUC_MISS,2S,00-06,PONAR,RESULT,N,NR,NR,T,Surface,
1998-10-20 00:00:00,0.0,5.0,SFPUC_MISS,2S,98,PONAR,RESULT,N,NR,NR,SB,Surface,
1999-10-13 00:00:00,0.0,5.0,SFPUC_MISS,2S,99,PONAR,RESULT,N,NR,NR,SB,Surface,
1998-12-22 00:00:00,0.0,30.479999542236328,SFPUC_MISS,2S,C1,GRAV,RESULT,N,NR,NR,S,Surface,
1998-12-22 00:00:00,30.479999542236328,60.959999084472656,SFPUC_MISS,2S,C2,GRAV,RESULT,N,NR,NR,S,Subsurface,
1998-12-22 00:00:00,60.959999084472656,91.44000244140625,SFPUC_MISS,2S,C3,GRAV,RESULT,N,NR,NR,S,Subsurface,
1998-12-22 00:00:00,91.44000244140625,121.91999816894531,SFPUC_MISS,2S,C4,GRAV,RESULT,N,NR,NR,S,Subsurface,
2000-04-18 00:00:00,0.0,5.0,SFPUC_MISS,3N,00,PONAR,RESULT,N,NR,NR,STB,Surface,
2000-06-02 00:00:00,0.0,5.0,SFPUC_MISS,3N,00-06,PONAR,RESULT,N,NR,NR,T,Surface,
1998-10-20 00:00:00,0.0,5.0,SFPUC_MISS,3N,98,PONAR,RESULT,N,NR,NR,SB,Surface,
1999-10-13 00:00:00,0.0,5.0,SFPUC_MISS,3N,99,PONAR,RESULT,N,NR,NR,SB,Surface,
1998-10-26 00:00:00,0.0,30.479999542236328,SFPUC_MISS,3N,C1,GRAV,RESULT,N,NR,NR,S,Surface,
1998-10-26 00:00:00,30.479999542236328,60.959999084472656,SFPUC_MISS,3N,C2,GRAV,RESULT,N,NR,NR,S,Subsurface,
1998-10-26 00:00:00,60.959999084472656,91.44000244140625,SFPUC_MISS,3N,C3,GRAV,RESULT,N,NR,NR,S,Subsurface,
1998-10-26 00:00:00,91.44000244140625,121.91999816894531,SFPUC_MISS,3N,C4,GRAV,RESULT,N,NR,NR,S,Subsurface,
2000-04-18 00:00:00,0.0,5.0,SFPUC_MISS,3S,00,PONAR,RESULT,N,NR,NR,STB,Surface,
2000-06-02 00:00:00,0.0,5.0,SFPUC_MISS,3S,00-06,PONAR,RESULT,N,NR,NR,T,Surface,
1998-10-20 00:00:00,0.0,5.0,SFPUC_MISS,3S,98,PONAR,RESULT,N,NR,NR,S,Surface,
1999-10-13 00:00:00,0.0,5.0,SFPUC_MISS,3S,99,PONAR,RESULT,N,NR,NR,SB,Surface,
2000-04-18 00:00:00,0.0,5.0,SFPUC_MISS,4N,00,PONAR,RESULT,N,NR,NR,STB,Surface,
2000-06-02 00:00:00,0.0,5.0,SFPUC_MISS,4N,00-06,PONAR,RESULT,N,NR,NR,T,Surface,
1998-10-20 00:00:00,0.0,5.0,SFPUC_MISS,4N,98,PONAR,RESULT,N,NR,NR,S,Surface,
1999-10-13 00:00:00,0.0,5.0,SFPUC_MISS,4N,99,PONAR,RESULT,N,NR,NR,SB,Surface,
2000-04-18 00:00:00,0.0,5.0,SFPUC_MISS,4S,00,PONAR,RESULT,N,NR,NR,STB,Surface,
2000-06-02 00:00:00,0.0,5.0,SFPUC_MISS,4S,00-06,PONAR,RESULT,N,NR,NR,T,Surface,
1998-10-20 00:00:00,0.0,5.0,SFPUC_MISS,4S,98,PONAR,RESULT,N,NR,NR,SB,Surface,
1999-10-13 00:00:00,0.0,5.0,SFPUC_MISS,4S,99,PONAR,RESULT,N,NR,NR,SB,Surface,
1998-10-26 00:00:00,0.0,30.479999542236328,SFPUC_MISS,4S,C1,GRAV,RESULT,N,NR,NR,S,Surface,
1998-10-26 00:00:00,30.479999542236328,60.959999084472656,SFPUC_MISS,4S,C2,GRAV,RESULT,N,NR,NR,S,Subsurface,
1998-10-26 00:00:00,60.959999084472656,91.44000244140625,SFPUC_MISS,4S,C3,GRAV,RESULT,N,NR,NR,S,Subsurface,
1998-10-26 00:00:00,91.44000244140625,121.91999816894531,SFPUC_MISS,4S,C4,GRAV,RESULT,N,NR,NR,S,Subsurface,
1998-10-20 00:00:00,0.0,5.0,SFPUC_MISS,5N,98,PONAR,RESULT,N,NR,NR,SB,Surface,
1998-10-26 00:00:00,0.0,30.479999542236328,SFPUC_MISS,5N,C1,GRAV,RESULT,N,NR,NR,S,Surface,
1998-10-26 00:00:00,30.479999542236328,60.959999084472656,SFPUC_MISS,5N,C2,GRAV,RESULT,N,NR,NR,S,Subsurface,
1998-10-20 00:00:00,0.0,5.0,SFPUC_MISS,5S,98,PONAR,RESULT,N,NR,NR,S,Surface,
1998-10-20 00:00:00,0.0,5.0,SFPUC_MISS,6C,98,PONAR,RESULT,N,NR,NR,S,Surface,
1998-10-20 00:00:00,0.0,5.0,SFPUC_MISS,6N,98,PONAR,RESULT,N,NR,NR,SB,Surface,
1998-10-26 00:00:00,0.0,30.479999542236328,SFPUC_MISS,6N,C1,GRAV,RESULT,N,NR,NR,S,Surface,
1998-10-26 00:00:00,30.479999542236328,60.959999084472656,SFPUC_MISS,6N,C2,GRAV,RESULT,N,NR,NR,S,Subsurface,
1998-10-20 00:00:00,0.0,5.0,SFPUC_MISS,6S,98,PONAR,RESULT,N,NR,NR,S,Surface,
1900-01-01 00:00:00,0.0,-99.0,SFPUC_MISS,Control,00,UNK,CNEG,N,NR,NR,B,CNEG,
1900-01-01 00:00:00,0.0,-99.0,SFPUC_MISS,Control,98,UNK,CNEG,N,NR,NR,B,CNEG,
1900-01-01 00:00:00,0.0,-99.0,SFPUC_MISS,Control,99,UNK,CNEG,N,NR,NR,B,CNEG,
2000-04-20 00:00:00,0.0,5.0,SFPUC_MISS,ISLAND#1,00,PONAR,REF,N,NR,NR,STB,Surface,
2000-06-02 00:00:00,0.0,5.0,SFPUC_MISS,ISLAND#1,00-06,PONAR,REF,N,NR,NR,T,Surface,
1999-10-18 00:00:00,0.0,5.0,SFPUC_MISS,ISLAND#1,99,PONAR,REF,N,NR,NR,SB,Surface,
1999-10-15 00:00:00,0.0,5.0,SFPUC_MISS,MARCONI COVE,99,PONAR,REF,N,NR,NR,SB,Surface,
2000-04-21 00:00:00,0.0,5.0,SFPUC_MISS,NORTH SITE,00,PONAR,REF,N,NR,NR,STB,Surface,
2000-06-02 00:00:00,0.0,5.0,SFPUC_MISS,NORTH SITE,00-06,PONAR,REF,N,NR,NR,T,Surface,
1999-10-19 00:00:00,0.0,5.0,SFPUC_MISS,NORTH SITE,99,PONAR,REF,N,NR,NR,SB,Surface,
2000-04-20 00:00:00,0.0,5.0,SFPUC_MISS,PARADISE,00,PONAR,REF,N,NR,NR,STB,Surface,
2000-06-02 00:00:00,0.0,5.0,SFPUC_MISS,PARADISE,00-06,PONAR,REF,N,NR,NR,T,Surface,
1998-10-20 00:00:00,0.0,5.0,SFPUC_MISS,PARADISE,98,PONAR,REF,N,NR,NR,SB,Surface,
1999-10-18 00:00:00,0.0,5.0,SFPUC_MISS,PARADISE,99,PONAR,REF,N,NR,NR,SB,Surface,
2000-04-21 00:00:00,0.0,5.0,SFPUC_MISS,SOUTH SITE,00,PONAR,REF,N,NR,NR,STB,Surface,
2000-06-02 00:00:00,0.0,5.0,SFPUC_MISS,SOUTH SITE,00-06,PONAR,REF,N,NR,NR,T,Surface,
1999-10-19 00:00:00,0.0,5.0,SFPUC_MISS,SOUTH SITE,99,PONAR,REF,N,NR,NR,SB,Surface,
2000-04-20 00:00:00,0.0,5.0,SFPUC_MISS,TUBBS ISLAND,00,PONAR,REF,N,NR,NR,STB,Surface,
2000-06-02 00:00:00,0.0,5.0,SFPUC_MISS,TUBBS ISLAND,00-06,PONAR,REF,N,NR,NR,T,Surface,
1999-10-18 00:00:00,0.0,5.0,SFPUC_MISS,TUBBS ISLAND,99,PONAR,REF,N,NR,NR,SB,Surface,
2000-04-20 00:00:00,0.0,5.0,SFPUC_YOSE,1N,00,PONAR,RESULT,N,NR,NR,STB,Surface,
2000-06-02 00:00:00,0.0,5.0,SFPUC_YOSE,1N,00-06,PONAR,RESULT,N,NR,NR,T,Surface,
1998-10-20 00:00:00,0.0,5.0,SFPUC_YOSE,1N,98,PONAR,RESULT,N,NR,NR,S,Surface,
1999-10-14 00:00:00,0.0,5.0,SFPUC_YOSE,1N,99,PONAR,RESULT,N,NR,NR,SB,Surface,
1998-12-22 00:00:00,0.0,30.479999542236328,SFPUC_YOSE,1N,C1,GRAV,RESULT,N,NR,NR,S,Surface,
1998-12-22 00:00:00,30.479999542236328,60.959999084472656,SFPUC_YOSE,1N,C2,GRAV,RESULT,N,NR,NR,S,Subsurface,
1998-12-22 00:00:00,60.959999084472656,91.44000244140625,SFPUC_YOSE,1N,C3,GRAV,RESULT,N,NR,NR,S,Subsurface,
1998-12-22 00:00:00,91.44000244140625,121.91999816894531,SFPUC_YOSE,1N,C4,GRAV,RESULT,N,NR,NR,S,Subsurface,
2000-04-20 00:00:00,0.0,5.0,SFPUC_YOSE,1S,00,PONAR,RESULT,N,NR,NR,STB,Surface,
2000-06-02 00:00:00,0.0,5.0,SFPUC_YOSE,1S,00-06,PONAR,RESULT,N,NR,NR,T,Surface,
1998-10-20 00:00:00,0.0,5.0,SFPUC_YOSE,1S,98,PONAR,RESULT,N,NR,NR,SB,Surface,
1999-10-14 00:00:00,0.0,5.0,SFPUC_YOSE,1S,99,PONAR,RESULT,N,NR,NR,SB,Surface,
2000-04-20 00:00:00,0.0,5.0,SFPUC_YOSE,2N,00,PONAR,RESULT,N,NR,NR,STB,Surface,
2000-06-02 00:00:00,0.0,5.0,SFPUC_YOSE,2N,00-06,PONAR,RESULT,N,NR,NR,T,Surface,
1998-10-20 00:00:00,0.0,5.0,SFPUC_YOSE,2N,98,PONAR,RESULT,N,NR,NR,S,Surface,
1999-10-14 00:00:00,0.0,5.0,SFPUC_YOSE,2N,99,PONAR,RESULT,N,NR,NR,SB,Surface,
1998-12-22 00:00:00,0.0,30.479999542236328,SFPUC_YOSE,2N,C1,GRAV,RESULT,N,NR,NR,S,Surface,
1998-12-22 00:00:00,30.479999542236328,60.959999084472656,SFPUC_YOSE,2N,C2,GRAV,RESULT,N,NR,NR,S,Subsurface,
2000-04-20 00:00:00,0.0,5.0,SFPUC_YOSE,2S,00,PONAR,RESULT,N,NR,NR,STB,Surface,
2000-06-02 00:00:00,0.0,5.0,SFPUC_YOSE,2S,00-06,PONAR,RESULT,N,NR,NR,T,Surface,
1998-10-20 00:00:00,0.0,5.0,SFPUC_YOSE,2S,98,PONAR,RESULT,N,NR,NR,SB,Surface,
1999-10-14 00:00:00,0.0,5.0,SFPUC_YOSE,2S,99,PONAR,RESULT,N,NR,NR,SB,Surface,
2000-04-20 00:00:00,0.0,5.0,SFPUC_YOSE,3N,00,PONAR,RESULT,N,NR,NR,STB,Surface,
2000-06-02 00:00:00,0.0,5.0,SFPUC_YOSE,3N,00-06,PONAR,RESULT,N,NR,NR,T,Surface,
1998-10-20 00:00:00,0.0,5.0,SFPUC_YOSE,3N,98,PONAR,RESULT,N,NR,NR,SB,Surface,
1999-10-13 00:00:00,0.0,5.0,SFPUC_YOSE,3N,99,PONAR,RESULT,N,NR,NR,SB,Surface,
2000-04-20 00:00:00,0.0,5.0,SFPUC_YOSE,3S,00,PONAR,RESULT,N,NR,NR,STB,Surface,
2000-06-02 00:00:00,0.0,5.0,SFPUC_YOSE,3S,00-06,PONAR,RESULT,N,NR,NR,T,Surface,
1998-10-20 00:00:00,0.0,5.0,SFPUC_YOSE,3S,98,PONAR,RESULT,N,NR,NR,S,Surface,
1999-10-13 00:00:00,0.0,5.0,SFPUC_YOSE,3S,99,PONAR,RESULT,N,NR,NR,SB,Surface,
1998-12-22 00:00:00,0.0,30.479999542236328,SFPUC_YOSE,3S,C1,GRAV,RESULT,N,NR,NR,S,Surface,
1998-12-22 00:00:00,30.479999542236328,60.959999084472656,SFPUC_YOSE,3S,C2,GRAV,RESULT,N,NR,NR,S,Subsurface,
2000-04-19 00:00:00,0.0,5.0,SFPUC_YOSE,4C,00,PONAR,RESULT,N,NR,NR,SB,Surface,
2000-06-02 00:00:00,0.0,5.0,SFPUC_YOSE,4C,00-06,PONAR,RESULT,N,NR,NR,T,Surface,
1998-10-20 00:00:00,0.0,5.0,SFPUC_YOSE,4C,98,PONAR,RESULT,N,NR,NR,SB,Surface,
1999-10-13 00:00:00,0.0,5.0,SFPUC_YOSE,4C,99,PONAR,RESULT,N,NR,NR,SB,Surface,
1998-12-22 00:00:00,0.0,30.479999542236328,SFPUC_YOSE,4C,C1,GRAV,RESULT,N,NR,NR,S,Surface,
1998-12-22 00:00:00,30.479999542236328,60.959999084472656,SFPUC_YOSE,4C,C2,GRAV,RESULT,N,NR,NR,S,Subsurface,
1998-12-22 00:00:00,60.959999084472656,91.44000244140625,SFPUC_YOSE,4C,C3,GRAV,RESULT,N,NR,NR,S,Subsurface,
1998-12-22 00:00:00,91.44000244140625,121.91999816894531,SFPUC_YOSE,4C,C4,GRAV,RESULT,N,NR,NR,S,Subsurface,
1998-10-20 00:00:00,0.0,5.0,SFPUC_YOSE,4N,98,PONAR,RESULT,N,NR,NR,S,Surface,
1998-10-20 00:00:00,0.0,5.0,SFPUC_YOSE,4S,98,PONAR,RESULT,N,NR,NR,S,Surface,
1998-10-20 00:00:00,0.0,5.0,SFPUC_YOSE,5A,98,PONAR,RESULT,N,NR,NR,S,Surface,
1998-10-20 00:00:00,0.0,5.0,SFPUC_YOSE,5C,98,PONAR,RESULT,N,NR,NR,S,Surface,
2000-04-19 00:00:00,0.0,5.0,SFPUC_YOSE,5N,00,PONAR,RESULT,N,NR,NR,SB,Surface,
2000-06-02 00:00:00,0.0,5.0,SFPUC_YOSE,5N,00-06,PONAR,RESULT,N,NR,NR,T,Surface,
1998-10-20 00:00:00,0.0,5.0,SFPUC_YOSE,5N,98,PONAR,RESULT,N,NR,NR,SB,Surface,
1999-10-13 00:00:00,0.0,5.0,SFPUC_YOSE,5N,99,PONAR,RESULT,N,NR,NR,SB,Surface,
1998-12-22 00:00:00,0.0,30.479999542236328,SFPUC_YOSE,5N,C1,GRAV,RESULT,N,NR,NR,S,Surface,
1998-12-22 00:00:00,30.479999542236328,60.959999084472656,SFPUC_YOSE,5N,C2,GRAV,RESULT,N,NR,NR,S,Subsurface,
1998-12-22 00:00:00,60.959999084472656,91.44000244140625,SFPUC_YOSE,5N,C3,GRAV,RESULT,N,NR,NR,S,Subsurface,
1998-10-20 00:00:00,0.0,5.0,SFPUC_YOSE,5S,98,PONAR,RESULT,N,NR,NR,S,Surface,
1900-01-01 00:00:00,0.0,-99.0,SFPUC_YOSE,Control,98,UNK,CNEG,N,NR,NR,B,CNEG,
2000-04-20 00:00:00,0.0,5.0,SFPUC_YOSE,ISLAND#1,00,PONAR,REF,N,NR,NR,STB,Surface,
2000-06-02 00:00:00,0.0,5.0,SFPUC_YOSE,ISLAND#1,00-06,PONAR,REF,N,NR,NR,T,Surface,
1999-10-18 00:00:00,0.0,5.0,SFPUC_YOSE,ISLAND#1,99,PONAR,REF,N,NR,NR,SB,Surface,
1999-10-15 00:00:00,0.0,5.0,SFPUC_YOSE,MARCONI COVE,99,PONAR,REF,N,NR,NR,SB,Surface,
2000-04-21 00:00:00,0.0,5.0,SFPUC_YOSE,NORTH SITE,00,PONAR,REF,N,NR,NR,STB,Surface,
2000-06-02 00:00:00,0.0,5.0,SFPUC_YOSE,NORTH SITE,00-06,PONAR,REF,N,NR,NR,T,Surface,
1999-10-19 00:00:00,0.0,5.0,SFPUC_YOSE,NORTH SITE,99,PONAR,REF,N,NR,NR,SB,Surface,
2000-04-20 00:00:00,0.0,5.0,SFPUC_YOSE,PARADISE,00,PONAR,REF,N,NR,NR,STB,Surface,
2000-06-02 00:00:00,0.0,5.0,SFPUC_YOSE,PARADISE,00-06,PONAR,REF,N,NR,NR,T,Surface,
1998-10-20 00:00:00,0.0,5.0,SFPUC_YOSE,PARADISE,98,PONAR,REF,N,NR,NR,SB,Surface,
1999-10-18 00:00:00,0.0,5.0,SFPUC_YOSE,PARADISE,99,PONAR,REF,N,NR,NR,SB,Surface,
2000-04-21 00:00:00,0.0,5.0,SFPUC_YOSE,SOUTH SITE,00,PONAR,REF,N,NR,NR,STB,Surface,
2000-06-02 00:00:00,0.0,5.0,SFPUC_YOSE,SOUTH SITE,00-06,PONAR,REF,N,NR,NR,T,Surface,
1999-10-19 00:00:00,0.0,5.0,SFPUC_YOSE,SOUTH SITE,99,PONAR,REF,N,NR,NR,SB,Surface,
2000-04-20 00:00:00,0.0,5.0,SFPUC_YOSE,TUBBS ISLAND,00,PONAR,REF,N,NR,NR,STB,Surface,
2000-06-02 00:00:00,0.0,5.0,SFPUC_YOSE,TUBBS ISLAND,00-06,PONAR,REF,N,NR,NR,T,Surface,
1999-10-18 00:00:00,0.0,5.0,SFPUC_YOSE,TUBBS ISLAND,99,PONAR,REF,N,NR,NR,SB,Surface,
1994-01-21 00:00:00,0.0,189.0,SUIS_BULLHD,BHC-1,BHC-1,CORE,RESULT,n,"Silts, clays, sand",Black,S,Subsurface,blk
1994-01-21 00:00:00,213.39999389648438,307.79998779296875,SUIS_BULLHD,BHC-2,BHC-2-L,CORE,RESULT,n,Clay,Dark gray,S,Subsurface,"dk grey, few shell frags"
1994-01-21 00:00:00,0.0,213.39999389648438,SUIS_BULLHD,BHC-2,BHC-2-U,CORE,RESULT,n,Sand,Olive gray,S,Subsurface,"dk olive grey, occasional shell frags"
1994-01-21 00:00:00,18.299999237060547,234.6999969482422,SUIS_BULLHD,BHC-3,BHC-3,CORE,RESULT,n,Sand with Clay,Olive gray,S,Subsurface,"olive grey w/ blk organic layers, faint sweet odor 5-7.7 ft"
1994-01-21 00:00:00,45.70000076293945,317.0,SUIS_BULLHD,BHC-4,BHC-4-L,CORE,RESULT,n,Clay,Dark gray,S,Subsurface,"dk grey, few shell frags, partly decayed vertical stalks, odor of decaying org m"
1994-01-21 00:00:00,0.0,45.70000076293945,SUIS_BULLHD,BHC-4,BHC-4-U,CORE,RESULT,n,Sand,Olive gray,S,Subsurface,dk olive grey
1994-01-21 00:00:00,42.70000076293945,259.1000061035156,SUIS_BULLHD,BHC-5,BHC-5-L,CORE,RESULT,n,Clayey Sand,Dark gray,S,Subsurface,"dk grey, few shell frags, faint sweet odor, wood frags"
1994-01-21 00:00:00,0.0,42.70000076293945,SUIS_BULLHD,BHC-5,BHC-5-U,CORE,RESULT,n,Sand,Olive gray,S,Subsurface,dk olive grey
1994-01-21 00:00:00,45.70000076293945,97.5,SUIS_BULLHD,BHC-6,BHC-6-L,CORE,RESULT,n,Sand with Clay,Black,S,Subsurface,blk
1994-01-21 00:00:00,0.0,45.70000076293945,SUIS_BULLHD,BHC-6,BHC-6-U,CORE,RESULT,n,Sand,Olive gray,S,Subsurface,"olive grey, wood chunks, shell frags"
1994-01-21 00:00:00,0.0,317.0,SUIS_BULLHD,BHC-7,BHC-7,CORE,RESULT,n,Clay,Dark gray,S,Subsurface,"v dk grey, plant material, sulfide odor, then blk, less planter material, sweet "
1994-01-21 00:00:00,0.0,158.5,SUIS_BULLHD,BHC-8,BHC-8,CORE,RESULT,n,Clay,Dark gray,S,Subsurface,"v dk grey, plant material, sweet odor"
1994-01-21 00:00:00,97.5,128.0,SUIS_BULLHD,BHC-9,BHC-9-L,CORE,RESULT,n,Clay,Dark gray,S,Subsurface,v dk grey
1994-01-21 00:00:00,0.0,97.5,SUIS_BULLHD,BHC-9,BHC-9-U,CORE,RESULT,n,Sand,Olive gray,S,Subsurface,dk olive grey
1994-01-21 00:00:00,61.0,234.1999969482422,SUIS_BULLHD,BHC-A-L,BHC-A-L,CORE,RESULT,y,Clay,Black/dark gray,SB,Subsurface,"blk & dk grey, shell frags"
1994-01-21 00:00:00,0.0,86.9000015258789,SUIS_BULLHD,BHC-A-U,BHC-A-U,CORE,RESULT,y,Sand,Olive gray,SB,Subsurface,dk olive grey
1994-01-21 00:00:00,19.5,224.3000030517578,SUIS_BULLHD,BHC-B,BHC-B,CORE,RESULT,y,Clay,Dark gray,SB,Subsurface,"dk grey to v dk grey, some plant material, some sulfide odor"
1900-01-01 00:00:00,-99.0,-99.0,SUIS_BULLHD,C-EO,C-EO,UNK,CNEG,n,NR,NR,B,CNEG,NR
1900-01-01 00:00:00,0.0,-99.0,SUIS_BULLHD,C-WB,C-WB,ANCHOR,CNEG,n,NR,NR,B,CNEG,NR
1900-01-01 00:00:00,0.0,-99.0,SUIS_BULLHD,R-AM,R-AM,GRAB,REF,y,NR,NR,SB,Surface,NR
1900-01-01 00:00:00,0.0,-99.0,SUIS_BULLHD,R-BF,R-BF,GRAB,REF,y,NR,NR,SB,Surface,NR
1994-01-22 00:00:00,298.70001220703125,499.8999938964844,SUIS_BULLHD,TB-10,TB-10-L,CORE,RESULT,n,Sand,Black,S,Subsurface,"blk, v little org matter"
1994-01-22 00:00:00,0.0,298.70001220703125,SUIS_BULLHD,TB-10,TB-10-U,CORE,RESULT,n,Clay,Dark gray,S,Subsurface,"dk grey, sulfide odor, partly decayed org matter"
1994-01-22 00:00:00,0.0,210.3000030517578,SUIS_BULLHD,TB-11,TB-11,CORE,RESULT,n,Sand,Olive gray,S,Subsurface,"dk olive grey, few wood chunks"
1994-01-22 00:00:00,0.0,219.5,SUIS_BULLHD,TB-12,TB-12,CORE,RESULT,n,Clay,Dark gray,S,Subsurface,"dk grey, faint sulfide odor, partly decayed org matter"
1994-01-22 00:00:00,0.0,121.9000015258789,SUIS_BULLHD,TB-13,TB-13,CORE,RESULT,n,Sand,Olive gray,S,Subsurface,"dk olive grey, few shell frags & org matter"
1994-01-22 00:00:00,0.0,295.70001220703125,SUIS_BULLHD,TB-14,TB-14,CORE,RESULT,n,Sand,Gray brown,S,Subsurface,"dk greyish brn, then dk olive grey, then blk, some woody material"
1994-01-22 00:00:00,0.0,527.2999877929688,SUIS_BULLHD,TB-15,TB-15,CORE,RESULT,n,Sandy Clay,Black,S,Subsurface,"blk, graduale changes in litho"
1994-01-23 00:00:00,70.0999984741211,570.0,SUIS_BULLHD,TB-16,TB-16-L,CORE,RESULT,n,Clay,Dark gray,S,Subsurface,"dk grey, dk yellowish plant matter throughout, faint sweet odor"
1994-01-23 00:00:00,0.0,70.0999984741211,SUIS_BULLHD,TB-16,TB-16-U,CORE,RESULT,n,Sand,Black,S,Subsurface,"blk, some wood chips"
1994-01-23 00:00:00,128.0,570.0,SUIS_BULLHD,TB-17,TB-17-L,CORE,RESULT,n,Clay,Dark gray,S,Subsurface,"dk grey, then v dk grey, some plant matter, faint sulfide odor"
1994-01-23 00:00:00,0.0,128.0,SUIS_BULLHD,TB-17,TB-17-U,CORE,RESULT,n,Sand,Black,S,Subsurface,"blk, some clay in sand"
1994-01-21 00:00:00,94.5,298.70001220703125,SUIS_BULLHD,TB-18,TB-18-L,CORE,RESULT,n,Sandy Clay,Dark gray,S,Subsurface,"dk grey, grades to clay only"
1994-01-21 00:00:00,0.0,94.5,SUIS_BULLHD,TB-18,TB-18-U,CORE,RESULT,n,Sand,Olive gray,S,Subsurface,"dk olive grey, few shell frags & wood chunks"
1994-01-23 00:00:00,45.70000076293945,414.5,SUIS_BULLHD,TB-19,TB-19-L,CORE,RESULT,n,Clay,Dark gray,S,Subsurface,"v dk grey to dk grey to v dk grey, decayed plant matter in layers, faint sulfide"
1994-01-23 00:00:00,0.0,45.70000076293945,SUIS_BULLHD,TB-19,TB-19-U,CORE,RESULT,n,Sand,Olive gray,S,Subsurface,"dk olive grey, few shell frags"
1994-01-23 00:00:00,182.89999389648438,548.5999755859375,SUIS_BULLHD,TB-20,TB-20-L,CORE,RESULT,n,Clay,Dark gray,S,Subsurface,"dk grey to v dk grey, dk yellowish brn plant material, faint sulfide odor"
1994-01-23 00:00:00,0.0,182.89999389648438,SUIS_BULLHD,TB-20,TB-20-U,CORE,RESULT,n,Sand,Olive gray,S,Subsurface,"dk olive grey, blk lense at 5 ft w/sulfide odor"
1994-01-22 00:00:00,115.80000305175781,192.0,SUIS_BULLHD,TB-21,TB-21-M,CORE,RESULT,n,Sand,Black,S,Subsurface,"blk, few clay lenses"
1994-01-22 00:00:00,0.0,115.80000305175781,SUIS_BULLHD,TB-21,TB-21-U,CORE,RESULT,n,Sand,Olive gray,S,Subsurface,"dk olive grey, some wood chunks"
1994-01-23 00:00:00,61.0,356.6000061035156,SUIS_BULLHD,TB-22,TB-22-L,CORE,RESULT,n,Sand,Dark gray,S,Subsurface,"v dk grey, v few clay lenses"
1994-01-23 00:00:00,0.0,61.0,SUIS_BULLHD,TB-22,TB-22-U,CORE,RESULT,n,Sand,Olive gray,S,Subsurface,"dk olive grey, some wood chunks"
1994-01-23 00:00:00,21.299999237060547,548.5999755859375,SUIS_BULLHD,TB-23,TB-23-L,CORE,RESULT,n,Clay,Dark gray,S,Subsurface,"v dk grey, dk yellowish plant matter throughout, faint sulfide odor"
1994-01-23 00:00:00,82.30000305175781,292.6000061035156,SUIS_BULLHD,TB-24,TB-24-L,CORE,RESULT,n,Clayey Sand,Dark gray,S,Subsurface,"v dk grey, partly decayed plant matter, layer of faint sulfide odor"
1994-01-23 00:00:00,0.0,82.30000305175781,SUIS_BULLHD,TB-24,TB-24-U,CORE,RESULT,n,Sand,Olive gray,S,Subsurface,"dk olive grey, woody debris"
1994-01-24 00:00:00,15.199999809265137,271.29998779296875,SUIS_BULLHD,TB-25,TB-25-L,CORE,RESULT,n,Sandy Clay,Dark gray,S,Subsurface,"v dk grey, clay lenses in sand, sand lenses in clay"
1994-01-24 00:00:00,225.60000610351562,560.7999877929688,SUIS_BULLHD,TB-26,TB-26-L,CORE,RESULT,n,Sand,Black,S,Subsurface,"blk then v dk grey, layers of woody debris"
1994-01-24 00:00:00,0.0,225.60000610351562,SUIS_BULLHD,TB-26,TB-26-U,CORE,RESULT,n,Sandy Clay,Dark gray,S,Subsurface,"v dk grey, some partly decayed plant matter, faint sulfide odor"
1994-01-24 00:00:00,435.8999938964844,609.5999755859375,SUIS_BULLHD,TB-27,TB-27-L,CORE,RESULT,n,Clay,Dark gray,S,Subsurface,"dk grey, some dk yellowish brn plant matter"
1994-01-24 00:00:00,387.1000061035156,435.8999938964844,SUIS_BULLHD,TB-27,TB-27-M,CORE,RESULT,n,Sand,Dark gray,S,Subsurface,"v dk grey, plant matter layers, sulfide odor"
1994-01-24 00:00:00,0.0,387.1000061035156,SUIS_BULLHD,TB-27,TB-27-U,CORE,RESULT,n,Sand,Dark gray,S,Subsurface,"v dk grey, layers of clay, some woody debris, intermittent sulfide odor"
1994-01-24 00:00:00,118.9000015258789,548.5999755859375,SUIS_BULLHD,TB-28,TB-28-L,CORE,RESULT,n,Clay,Dark gray,S,Subsurface,"v dk grey, some partly decayed dk yellowish brn plant matter"
1994-01-24 00:00:00,0.0,118.9000015258789,SUIS_BULLHD,TB-28,TB-28-U,CORE,RESULT,n,Sand,Olive gray,S,Subsurface,dk olive grey
1994-01-23 00:00:00,0.0,120.80000305175781,SUIS_BULLHD,TB-C,TB-C,CORE,RESULT,y,Sand,Olive gray,SB,Subsurface,"dk olive grey, few wood chunks"
1994-01-22 00:00:00,298.70001220703125,499.8999938964844,SUIS_BULLHD,TB-D-L,TB-D-L,CORE,RESULT,y,Sand,Black,SB,Subsurface,"blk, v little org matter"
1994-01-23 00:00:00,0.0,241.8000030517578,SUIS_BULLHD,TB-D-U,TB-D-U,CORE,RESULT,y,Sand,Black,SB,Subsurface,"blk, v little org matter"
1994-01-23 00:00:00,102.0999984741211,431.70001220703125,SUIS_BULLHD,TB-E-L,TB-E-L,CORE,RESULT,y,Clay,Dark gray,SB,Subsurface,"dk grey, dk yellowish plant matter throughout, faint sweet or sulfide odor"
1994-01-23 00:00:00,102.0999984741211,431.70001220703125,SUIS_BULLHD,TB-E-L,TB-E-L-MA,CORE,RESULT,y,Clay,Dark gray,B,Subsurface,"dk grey, dk yellowish plant matter throughout, faint sweet or sulfide odor"
1994-01-23 00:00:00,88.4000015258789,274.29998779296875,SUIS_BULLHD,TB-E-U,TB-E-U,CORE,RESULT,y,Sand,Black/dark gray,SB,Subsurface,"blk/v dk grey, few clay lenses"
1999-10-08 00:00:00,0.0,-99.0,SUIS_LAUNCH,Control,Control,UNK,CNEG,N,NR,NR,B,CNEG,
1999-10-08 00:00:00,0.0,-99.0,SUIS_LAUNCH,Reference,Reference,UNK,REF,Y,Clay,Green,SB,Surface,
1999-10-08 00:00:00,0.0,137.1999969482422,SUIS_LAUNCH,SC·I,SC·I,PUSH,RESULT,Y,Silt/Clay,Green,SB,Subsurface,Push Core
1996-09-11 00:00:00,0.0,-99.0,UNOCAL_96,Control,Control,UNK,CNEG,U,NR,NR,B,CNEG,
1996-09-11 00:00:00,0.0,-99.0,UNOCAL_96,Reference,Reference,PDREDGE,REF,U,NR,NR,SB,Surface,
1996-09-11 00:00:00,0.0,75.4000015258789,UNOCAL_96,Site 1/3,Site 1/3,GRAV,Result,Y,Sand with Clay,NR,SB,Subsurface,Gravity Core
1996-09-11 00:00:00,0.0,45.70000076293945,UNOCAL_96,Site 2A,Site 2A,GRAV,Result,Y,Fine Sand,NR,SB,Subsurface,Gravity Core
1996-09-11 00:00:00,0.0,30.5,UNOCAL_96,Site 2B,Site 2B,GRAV,Result,Y,Fine Sand,NR,SB,Surface,Gravity Core
1996-09-11 00:00:00,0.0,51.79999923706055,UNOCAL_96,Site 4/5,Site 4/5,GRAV,Result,Y,Fine Sand,NR,SB,Subsurface,Gravity Core
1996-09-11 00:00:00,-99.0,-99.0,UNOCAL_96,SWControl,SWControl,SWDRAW,CNEG,U,NR,NR,B,CNEG,
1999-10-15 00:00:00,5.199999809265137,30.5,URS,AS-1,1-AS01-1,VIBRA,RESULT,N,NR,NR,S,Subsurface,
1999-10-15 00:00:00,243.8000030517578,304.79998779296875,URS,AS-1,1-AS01-10,VIBRA,RESULT,N,NR,NR,S,Subsurface,
1999-10-15 00:00:00,335.29998779296875,365.79998779296875,URS,AS-1,1-AS01-12,VIBRA,RESULT,N,NR,NR,S,Subsurface,
1999-10-15 00:00:00,61.0,91.4000015258789,URS,AS-1,1-AS01-3,VIBRA,RESULT,N,NR,NR,S,Subsurface,
1999-10-15 00:00:00,0.0,5.199999809265137,URS,AS-1,1-AS01-S,VIBRA,RESULT,N,NR,NR,S,Surface,
1999-10-19 00:00:00,5.199999809265137,30.5,URS,AS-10,1-AS10-1,VIBRA,RESULT,N,NR,NR,S,Subsurface,
1999-10-19 00:00:00,243.8000030517578,304.79998779296875,URS,AS-10,1-AS10-10,VIBRA,RESULT,N,NR,NR,S,Subsurface,
1999-10-19 00:00:00,61.0,91.4000015258789,URS,AS-10,1-AS10-3,VIBRA,RESULT,N,NR,NR,S,Subsurface,
1999-10-19 00:00:00,0.0,5.199999809265137,URS,AS-10,1-AS10-S,VIBRA,RESULT,N,NR,NR,S,Surface,
1999-10-19 00:00:00,5.199999809265137,30.5,URS,AS-11,1-AS11-1,VIBRA,RESULT,N,NR,NR,S,Subsurface,
1999-10-19 00:00:00,243.8000030517578,304.79998779296875,URS,AS-11,1-AS11-10,VIBRA,RESULT,N,NR,NR,S,Subsurface,
1999-10-19 00:00:00,335.29998779296875,365.79998779296875,URS,AS-11,1-AS11-12,VIBRA,RESULT,N,NR,NR,S,Subsurface,
1999-10-19 00:00:00,61.0,91.4000015258789,URS,AS-11,1-AS11-3,VIBRA,RESULT,N,NR,NR,S,Subsurface,
1999-10-19 00:00:00,152.39999389648438,182.89999389648438,URS,AS-11,1-AS11-6,VIBRA,RESULT,N,NR,NR,S,Subsurface,
1999-10-19 00:00:00,0.0,5.199999809265137,URS,AS-11,1-AS11-S,VIBRA,RESULT,N,NR,NR,S,Surface,
1999-10-19 00:00:00,5.199999809265137,30.5,URS,AS-12,1-AS12-1,VIBRA,RESULT,N,NR,NR,SB,Subsurface,
1999-10-19 00:00:00,243.8000030517578,304.79998779296875,URS,AS-12,1-AS12-10,VIBRA,RESULT,N,NR,NR,S,Subsurface,
1999-10-19 00:00:00,61.0,91.4000015258789,URS,AS-12,1-AS12-3,VIBRA,RESULT,N,NR,NR,S,Subsurface,
1999-10-19 00:00:00,0.0,5.199999809265137,URS,AS-12,1-AS12-S,VIBRA,RESULT,N,NR,NR,S,Surface,
1999-10-15 00:00:00,5.199999809265137,30.5,URS,AS-2,1-AS02-1,VIBRA,RESULT,N,NR,NR,S,Subsurface,
1999-10-15 00:00:00,243.8000030517578,320.0,URS,AS-2,1-AS02-10,VIBRA,RESULT,N,NR,NR,S,Subsurface,
1999-10-15 00:00:00,61.0,91.4000015258789,URS,AS-2,1-AS02-3,VIBRA,RESULT,N,NR,NR,S,Subsurface,
1999-10-15 00:00:00,0.0,5.199999809265137,URS,AS-2,1-AS02-S,VIBRA,RESULT,N,NR,NR,SB,Surface,
1999-10-15 00:00:00,5.199999809265137,30.5,URS,AS-3,1-AS03-1,VIBRA,RESULT,N,NR,NR,S,Subsurface,
1999-10-15 00:00:00,243.8000030517578,304.79998779296875,URS,AS-3,1-AS03-10,VIBRA,RESULT,N,NR,NR,S,Subsurface,
1999-10-15 00:00:00,61.0,91.4000015258789,URS,AS-3,1-AS03-3,VIBRA,RESULT,N,NR,NR,S,Subsurface,
1999-10-15 00:00:00,152.39999389648438,182.89999389648438,URS,AS-3,1-AS03-6,VIBRA,RESULT,N,NR,NR,S,Subsurface,
1999-10-15 00:00:00,0.0,5.199999809265137,URS,AS-3,1-AS03-S,VIBRA,RESULT,N,NR,NR,SB,Surface,
1999-10-18 00:00:00,5.199999809265137,30.5,URS,AS-4,1-AS04-1,VIBRA,RESULT,N,NR,NR,S,Subsurface,
1999-10-18 00:00:00,243.8000030517578,304.79998779296875,URS,AS-4,1-AS04-10,VIBRA,RESULT,N,NR,NR,S,Subsurface,
1999-10-18 00:00:00,61.0,91.4000015258789,URS,AS-4,1-AS04-3,VIBRA,RESULT,N,NR,NR,S,Subsurface,
1999-10-18 00:00:00,152.39999389648438,182.89999389648438,URS,AS-4,1-AS04-6,VIBRA,RESULT,N,NR,NR,S,Subsurface,
1999-10-18 00:00:00,0.0,5.199999809265137,URS,AS-4,1-AS04-S,VIBRA,RESULT,N,NR,NR,S,Surface,
1999-10-18 00:00:00,5.199999809265137,30.5,URS,AS-5,1-AS05-1,VIBRA,RESULT,N,NR,NR,SB,Subsurface,
1999-10-18 00:00:00,243.8000030517578,304.79998779296875,URS,AS-5,1-AS05-10,VIBRA,RESULT,N,NR,NR,S,Subsurface,
1999-10-18 00:00:00,61.0,91.4000015258789,URS,AS-5,1-AS05-3,VIBRA,RESULT,N,NR,NR,S,Subsurface,
1999-10-18 00:00:00,0.0,5.199999809265137,URS,AS-5,1-AS05-S,VIBRA,RESULT,N,NR,NR,S,Surface,
1999-10-18 00:00:00,5.199999809265137,30.5,URS,AS-6,1-AS06-1,VIBRA,RESULT,N,NR,NR,S,Subsurface,
1999-10-18 00:00:00,243.8000030517578,304.79998779296875,URS,AS-6,1-AS06-10,VIBRA,RESULT,N,NR,NR,S,Subsurface,
1999-10-18 00:00:00,335.29998779296875,365.79998779296875,URS,AS-6,1-AS06-12,VIBRA,RESULT,N,NR,NR,S,Subsurface,
1999-10-18 00:00:00,61.0,91.4000015258789,URS,AS-6,1-AS06-3,VIBRA,RESULT,N,NR,NR,S,Subsurface,
1999-10-18 00:00:00,152.39999389648438,182.89999389648438,URS,AS-6,1-AS06-6,VIBRA,RESULT,N,NR,NR,S,Subsurface,
1999-10-18 00:00:00,0.0,5.199999809265137,URS,AS-6,1-AS06-S,VIBRA,RESULT,N,NR,NR,S,Surface,
1999-10-18 00:00:00,5.199999809265137,30.5,URS,AS-7,1-AS07-1,VIBRA,RESULT,N,NR,NR,S,Subsurface,
1999-10-18 00:00:00,243.8000030517578,304.79998779296875,URS,AS-7,1-AS07-10,VIBRA,RESULT,N,NR,NR,S,Subsurface,
1999-10-18 00:00:00,61.0,91.4000015258789,URS,AS-7,1-AS07-3,VIBRA,RESULT,N,NR,NR,S,Subsurface,
1999-10-18 00:00:00,0.0,5.199999809265137,URS,AS-7,1-AS07-S,VIBRA,RESULT,N,NR,NR,S,Surface,
1999-10-18 00:00:00,5.199999809265137,30.5,URS,AS-8,1-AS08-1,VIBRA,RESULT,N,NR,NR,SB,Subsurface,
1999-10-18 00:00:00,243.8000030517578,304.79998779296875,URS,AS-8,1-AS08-10,VIBRA,RESULT,N,NR,NR,S,Subsurface,
1999-10-18 00:00:00,61.0,91.4000015258789,URS,AS-8,1-AS08-3,VIBRA,RESULT,N,NR,NR,S,Subsurface,
1999-10-18 00:00:00,152.39999389648438,182.89999389648438,URS,AS-8,1-AS08-6,VIBRA,RESULT,N,NR,NR,S,Subsurface,
1999-10-18 00:00:00,0.0,5.199999809265137,URS,AS-8,1-AS08-S,VIBRA,RESULT,N,NR,NR,S,Surface,
1999-10-18 00:00:00,5.199999809265137,30.5,URS,AS-9,1-AS09-1,VIBRA,RESULT,N,NR,NR,S,Subsurface,
1999-10-18 00:00:00,243.8000030517578,304.79998779296875,URS,AS-9,1-AS09-10,VIBRA,RESULT,N,NR,NR,S,Subsurface,
1999-10-18 00:00:00,61.0,91.4000015258789,URS,AS-9,1-AS09-3,VIBRA,RESULT,N,NR,NR,S,Subsurface,
1999-10-18 00:00:00,0.0,5.199999809265137,URS,AS-9,1-AS09-S,VIBRA,RESULT,N,NR,NR,S,Surface,
1900-01-01 00:00:00,0.0,-99.0,URS,Home,Home,UNK,CNEG,N,NR,NR,B,CNEG,
1999-10-13 00:00:00,5.199999809265137,30.5,URS,LB-1,1-LB01-1,VIBRA,RESULT,N,NR,NR,S,Subsurface,
1999-10-13 00:00:00,61.0,91.4000015258789,URS,LB-1,1-LB01-3,VIBRA,RESULT,N,NR,NR,S,Subsurface,
1999-10-13 00:00:00,30.5,61.0,URS,LB-1,1-LB01-A2,VIBRA,RESULT,N,NR,NR,S,Subsurface,
1999-10-13 00:00:00,0.0,5.199999809265137,URS,LB-1,1-LB01-S,VIBRA,RESULT,N,NR,NR,SB,Surface,
1999-10-14 00:00:00,5.199999809265137,30.5,URS,LB-10,1-LB10-1,VIBRA,RESULT,N,NR,NR,S,Subsurface,
1999-10-14 00:00:00,335.29998779296875,396.20001220703125,URS,LB-10,1-LB10-12,VIBRA,RESULT,N,NR,NR,S,Subsurface,
1999-10-14 00:00:00,61.0,91.4000015258789,URS,LB-10,1-LB10-3,VIBRA,RESULT,N,NR,NR,S,Subsurface,
1999-10-14 00:00:00,152.39999389648438,182.89999389648438,URS,LB-10,1-LB10-6,VIBRA,RESULT,N,NR,NR,S,Subsurface,
1999-10-14 00:00:00,0.0,5.199999809265137,URS,LB-10,1-LB10-S,VIBRA,RESULT,N,NR,NR,S,Surface,
1999-10-14 00:00:00,0.0,30.5,URS,LB-11,1-LB11-1,VIBRA,RESULT,N,NR,NR,SB,Subsurface,
1999-10-14 00:00:00,5.199999809265137,30.5,URS,LB-11,1LB11-2,VIBRA,RESULT,N,NR,NR,S,Subsurface,
1999-10-14 00:00:00,61.0,91.4000015258789,URS,LB-11,1-LB11-3,VIBRA,RESULT,N,NR,NR,S,Subsurface,
1999-10-14 00:00:00,30.5,61.0,URS,LB-11,1-LB11-A2,VIBRA,RESULT,N,NR,NR,S,Subsurface,
1999-10-14 00:00:00,0.0,5.199999809265137,URS,LB-11,1-LB11-S,VIBRA,RESULT,N,NR,NR,S,Surface,
1999-10-15 00:00:00,243.8000030517578,304.79998779296875,URS,LB-12,1-LB12-10,VIBRA,RESULT,N,NR,NR,S,Subsurface,
1999-10-15 00:00:00,61.0,91.4000015258789,URS,LB-12,1-LB12-3,VIBRA,RESULT,N,NR,NR,S,Subsurface,
1999-10-15 00:00:00,0.0,5.199999809265137,URS,LB-12,1-LB12-S,VIBRA,RESULT,N,NR,NR,S,Surface,
1999-10-15 00:00:00,5.199999809265137,30.5,URS,LB-13,1-LB13-1,VIBRA,RESULT,N,NR,NR,S,Subsurface,
1999-10-15 00:00:00,243.8000030517578,304.79998779296875,URS,LB-13,1-LB13-10,VIBRA,RESULT,N,NR,NR,S,Subsurface,
1999-10-15 00:00:00,61.0,91.4000015258789,URS,LB-13,1-LB13-3,VIBRA,RESULT,N,NR,NR,S,Subsurface,
1999-10-15 00:00:00,0.0,5.199999809265137,URS,LB-13,1-LB13-S,VIBRA,RESULT,N,NR,NR,S,Surface,
1999-10-15 00:00:00,5.199999809265137,30.5,URS,LB-14,1-LB14-1,VIBRA,RESULT,N,NR,NR,S,Subsurface,
1999-10-15 00:00:00,243.8000030517578,304.79998779296875,URS,LB-14,1-LB14-10,VIBRA,RESULT,N,NR,NR,S,Subsurface,
1999-10-15 00:00:00,335.29998779296875,365.79998779296875,URS,LB-14,1-LB14-12,VIBRA,RESULT,N,NR,NR,S,Subsurface,
1999-10-15 00:00:00,61.0,91.4000015258789,URS,LB-14,1-LB14-3,VIBRA,RESULT,N,NR,NR,S,Subsurface,
1999-10-15 00:00:00,152.39999389648438,182.89999389648438,URS,LB-14,1-LB14-6,VIBRA,RESULT,N,NR,NR,S,Subsurface,
1999-10-15 00:00:00,365.79998779296875,403.8999938964844,URS,LB-14,1-LB14-E,VIBRA,RESULT,N,NR,NR,S,Subsurface,
1999-10-15 00:00:00,0.0,5.199999809265137,URS,LB-14,1-LB14-S,VIBRA,RESULT,N,NR,NR,S,Surface,
1999-10-15 00:00:00,5.199999809265137,30.5,URS,LB-15,1-LB15-1,VIBRA,RESULT,N,NR,NR,S,Subsurface,
1999-10-15 00:00:00,61.0,91.4000015258789,URS,LB-15,1-LB15-3,VIBRA,RESULT,N,NR,NR,S,Subsurface,
1999-10-15 00:00:00,152.39999389648438,152.39999389648438,URS,LB-15,1-LB15-6,VIBRA,RESULT,N,NR,NR,S,Subsurface,
1999-10-15 00:00:00,0.0,5.199999809265137,URS,LB-15,1-LB15-S,VIBRA,RESULT,N,NR,NR,S,Surface,
1999-10-14 00:00:00,5.199999809265137,30.5,URS,LB-2,1-LB02-1,VIBRA,RESULT,N,NR,NR,S,Subsurface,
1999-10-14 00:00:00,61.0,91.4000015258789,URS,LB-2,1-LB02-3,VIBRA,RESULT,N,NR,NR,S,Subsurface,
1999-10-14 00:00:00,0.0,5.199999809265137,URS,LB-2,1-LB02-S,VIBRA,RESULT,N,NR,NR,SB,Surface,
1999-10-13 00:00:00,61.0,91.4000015258789,URS,LB-3,1-LB03-3,VIBRA,RESULT,N,NR,NR,S,Subsurface,
1999-10-13 00:00:00,0.0,5.199999809265137,URS,LB-3,1-LB03-S,VIBRA,RESULT,N,NR,NR,SB,Surface,
1999-10-14 00:00:00,5.199999809265137,30.5,URS,LB-4,1-LB04-1,VIBRA,RESULT,N,NR,NR,S,Subsurface,
1999-10-14 00:00:00,61.0,91.4000015258789,URS,LB-4,1-LB04-3,VIBRA,RESULT,N,NR,NR,S,Subsurface,
1999-10-14 00:00:00,0.0,5.199999809265137,URS,LB-4,1-LB04-S,VIBRA,RESULT,N,NR,NR,S,Surface,
1999-10-14 00:00:00,5.199999809265137,30.5,URS,LB-5,1-LB05-1,VIBRA,RESULT,N,NR,NR,B,Subsurface,
1999-10-14 00:00:00,61.0,91.4000015258789,URS,LB-5,1-LB05-3,VIBRA,RESULT,N,NR,NR,S,Subsurface,
1999-10-14 00:00:00,152.39999389648438,182.89999389648438,URS,LB-5,1-LB05-6,VIBRA,RESULT,N,NR,NR,S,Subsurface,
1999-10-14 00:00:00,0.0,5.199999809265137,URS,LB-5,1-LB05-S,VIBRA,RESULT,N,NR,NR,S,Surface,
1999-10-19 00:00:00,61.0,91.4000015258789,URS,LB-6,1-LB06-3A,VIBRA,RESULT,N,NR,NR,S,Subsurface,
1999-10-19 00:00:00,0.0,5.199999809265137,URS,LB-6,1-LB06-S,VIBRA,RESULT,N,NR,NR,S,Surface,
1999-10-14 00:00:00,5.199999809265137,30.5,URS,LB-7,1-LB07-1,VIBRA,RESULT,N,NR,NR,S,Subsurface,
1999-10-14 00:00:00,5.199999809265137,30.5,URS,LB-7,1-LB07-2,VIBRA,RESULT,N,NR,NR,S,Subsurface,
1999-10-14 00:00:00,61.0,91.4000015258789,URS,LB-7,1-LB07-3,VIBRA,RESULT,N,NR,NR,S,Subsurface,
1999-10-14 00:00:00,30.5,61.0,URS,LB-7,1-LB07-A2,VIBRA,RESULT,N,NR,NR,S,Subsurface,
1999-10-14 00:00:00,0.0,5.199999809265137,URS,LB-7,1-LB07-S,VIBRA,RESULT,N,NR,NR,SB,Surface,
1999-10-14 00:00:00,61.0,91.4000015258789,URS,LB-8,1-LB08-3,VIBRA,RESULT,N,NR,NR,S,Subsurface,
1999-10-14 00:00:00,30.5,61.0,URS,LB-8,1-LB08-A2,VIBRA,RESULT,N,NR,NR,S,Subsurface,
1999-10-14 00:00:00,0.0,5.199999809265137,URS,LB-8,1-LB08-S,VIBRA,RESULT,N,NR,NR,S,Surface,
1999-10-14 00:00:00,5.199999809265137,30.5,URS,LB-9,1-LB09-1,VIBRA,RESULT,N,NR,NR,S,Subsurface,
1999-10-14 00:00:00,61.0,91.4000015258789,URS,LB-9,1-LB09-3,VIBRA,RESULT,N,NR,NR,S,Subsurface,
1999-10-14 00:00:00,0.0,5.199999809265137,URS,LB-9,1-LB09-S,VIBRA,RESULT,N,NR,NR,SB,Surface,
1900-01-01 00:00:00,0.0,-99.0,URS,PC-REF,PC-REF,VV,REF,N,NR,NR,B,Surface,
1999-10-15 00:00:00,5.199999809265137,30.5,URS,SC-1,1-SC01-1,VIBRA,RESULT,N,NR,NR,S,Subsurface,
1999-10-15 00:00:00,243.8000030517578,304.79998779296875,URS,SC-1,1-SC01-10,VIBRA,RESULT,N,NR,NR,S,Subsurface,
1999-10-15 00:00:00,61.0,91.4000015258789,URS,SC-1,1-SC01-3,VIBRA,RESULT,N,NR,NR,S,Subsurface,
1999-10-15 00:00:00,0.0,5.199999809265137,URS,SC-1,1-SC01-S,VIBRA,RESULT,N,NR,NR,S,Surface,
1999-10-20 00:00:00,5.199999809265137,30.5,URS,SC-10,1-SC10-1,VIBRA,RESULT,N,NR,NR,S,Subsurface,
1999-10-20 00:00:00,243.8000030517578,304.79998779296875,URS,SC-10,1-SC10-10,VIBRA,RESULT,N,NR,NR,S,Subsurface,
1999-10-20 00:00:00,61.0,91.4000015258789,URS,SC-10,1-SC10-3,VIBRA,RESULT,N,NR,NR,S,Subsurface,
1999-10-20 00:00:00,0.0,5.199999809265137,URS,SC-10,1-SC10-S,VIBRA,RESULT,N,NR,NR,S,Surface,
1999-10-19 00:00:00,5.199999809265137,30.5,URS,SC-2,1-SC02-1,VIBRA,RESULT,N,NR,NR,S,Subsurface,
1999-10-19 00:00:00,61.0,91.4000015258789,URS,SC-2,1-SC02-3,VIBRA,RESULT,N,NR,NR,S,Subsurface,
1999-10-19 00:00:00,0.0,5.199999809265137,URS,SC-2,1-SC02-S,VIBRA,RESULT,N,NR,NR,SB,Surface,
1999-10-19 00:00:00,5.199999809265137,30.5,URS,SC-3,1-SC03-1,VIBRA,RESULT,N,NR,NR,S,Subsurface,
1999-10-19 00:00:00,243.8000030517578,304.79998779296875,URS,SC-3,1-SC03-10,VIBRA,RESULT,N,NR,NR,S,Subsurface,
1999-10-19 00:00:00,61.0,91.4000015258789,URS,SC-3,1-SC03-3,VIBRA,RESULT,N,NR,NR,S,Subsurface,
1999-10-19 00:00:00,0.0,5.199999809265137,URS,SC-3,1-SC03-S,VIBRA,RESULT,N,NR,NR,S,Surface,
1999-10-19 00:00:00,5.199999809265137,30.5,URS,SC-4,1-SC04-1,VIBRA,RESULT,N,NR,NR,S,Subsurface,
1999-10-19 00:00:00,61.0,91.4000015258789,URS,SC-4,1-SC04-3,VIBRA,RESULT,N,NR,NR,S,Subsurface,
1999-10-19 00:00:00,0.0,5.199999809265137,URS,SC-4,1-SC04-S,VIBRA,RESULT,N,NR,NR,S,Surface,
1999-10-20 00:00:00,5.199999809265137,30.5,URS,SC-5,1-SC05-1,VIBRA,RESULT,N,NR,NR,S,Subsurface,
1999-10-20 00:00:00,243.8000030517578,304.79998779296875,URS,SC-5,1-SC05-10,VIBRA,RESULT,N,NR,NR,S,Subsurface,
1999-10-20 00:00:00,335.29998779296875,365.79998779296875,URS,SC-5,1-SC05-12,VIBRA,RESULT,N,NR,NR,S,Subsurface,
1999-10-20 00:00:00,61.0,91.4000015258789,URS,SC-5,1-SC05-3,VIBRA,RESULT,N,NR,NR,S,Subsurface,
1999-10-20 00:00:00,152.39999389648438,182.89999389648438,URS,SC-5,1-SC05-6,VIBRA,RESULT,N,NR,NR,S,Subsurface,
1999-10-20 00:00:00,0.0,5.199999809265137,URS,SC-5,1-SC05-S,VIBRA,RESULT,N,NR,NR,S,Surface,
1999-10-20 00:00:00,5.199999809265137,30.5,URS,SC-6,1-SC06-1,VIBRA,RESULT,N,NR,NR,SB,Subsurface,
1999-10-20 00:00:00,243.8000030517578,304.79998779296875,URS,SC-6,1-SC06-10,VIBRA,RESULT,N,NR,NR,S,Subsurface,
1999-10-20 00:00:00,61.0,91.4000015258789,URS,SC-6,1-SC06-3,VIBRA,RESULT,N,NR,NR,S,Subsurface,
1999-10-20 00:00:00,0.0,5.199999809265137,URS,SC-6,1-SC06-S,VIBRA,RESULT,N,NR,NR,S,Surface,
1999-10-20 00:00:00,5.199999809265137,30.5,URS,SC-7,1-SC07-1,VIBRA,RESULT,N,NR,NR,S,Subsurface,
1999-10-20 00:00:00,243.8000030517578,304.79998779296875,URS,SC-7,1-SC07-10,VIBRA,RESULT,N,NR,NR,S,Subsurface,
1999-10-20 00:00:00,61.0,91.4000015258789,URS,SC-7,1-SC07-3,VIBRA,RESULT,N,NR,NR,S,Subsurface,
1999-10-20 00:00:00,0.0,5.199999809265137,URS,SC-7,1-SC07-S,VIBRA,RESULT,N,NR,NR,S,Surface,
1999-10-20 00:00:00,5.199999809265137,30.5,URS,SC-8,1-SC08-1,VIBRA,RESULT,N,NR,NR,S,Subsurface,
1999-10-20 00:00:00,61.0,91.4000015258789,URS,SC-8,1-SC08-3,VIBRA,RESULT,N,NR,NR,S,Subsurface,
1999-10-20 00:00:00,0.0,5.199999809265137,URS,SC-8,1-SC08-S,VIBRA,RESULT,N,NR,NR,S,Surface,
1999-10-20 00:00:00,5.199999809265137,30.5,URS,SC-9,1-SC09-1,VIBRA,RESULT,N,NR,NR,S,Subsurface,
1999-10-20 00:00:00,61.0,91.4000015258789,URS,SC-9,1-SC09-3,VIBRA,RESULT,N,NR,NR,S,Subsurface,
1999-10-20 00:00:00,0.0,5.199999809265137,URS,SC-9,1-SC09-S,VIBRA,RESULT,N,NR,NR,S,Surface,
1999-07-19 00:00:00,0.0,396.20001220703125,USCG_BAKER,1,1,PUSH,RESULT,Y,Silt/Clay,Black,SB,Subsurface,"Push Corer, sulfide odor"
1999-07-20 00:00:00,0.0,-99.0,USCG_BAKER,Control,Control,UNK,CNEG,U,NR,NR,B,CNEG,
1999-07-20 00:00:00,0.0,-99.0,USCG_BAKER,Reference,Reference,UNK,REF,U,NR,NR,SB,Surface,
1999-07-19 00:00:00,0.0,365.79998779296875,USCG_YERBA,A,A,PUSH,RESULT,Y,Silt/Clay,Black,SB,Subsurface,Push Corer
1999-07-19 00:00:00,0.0,487.70001220703125,USCG_YERBA,B,B,PUSH,RESULT,Y,Silt/Clay,Black,SB,Subsurface,Push Corer
1999-07-19 00:00:00,0.0,548.5999755859375,USCG_YERBA,C ,C,PUSH,RESULT,Y,Silt/Clay,Black,S,Subsurface,Push Corer
1999-07-20 00:00:00,0.0,-99.0,USCG_YERBA,Control,Control,UNK,CNEG,U,NR,NR,B,CNEG,
1999-07-20 00:00:00,0.0,-99.0,USCG_YERBA,Reference,Reference,UNK,REF,Y,NR,NR,SB,Surface,
1977-01-01 00:00:00,0.0,2.0,USGS_CLAM,PAPlant,197701_SD,SHOVEL,RESULT,N,Silt/clay ,NR,S,Surface,Samples collected from exposed mudflat.  Sediments analyzed were those passing 1
1977-02-01 00:00:00,0.0,2.0,USGS_CLAM,PAPlant,197702_SD,SHOVEL,RESULT,N,Silt/clay ,NR,S,Surface,Samples collected from exposed mudflat.  Sediments analyzed were those passing 1
1977-02-01 00:00:00,-99.0,-99.0,USGS_CLAM,PAPlant,197702_TS,HAND,RESULT,Y,NR,NR,T,NA,Clam samples collected from exposed mudflat.  
1977-03-01 00:00:00,0.0,2.0,USGS_CLAM,PAPlant,197703_SD,SHOVEL,RESULT,N,Silt/clay ,NR,S,Surface,Samples collected from exposed mudflat.  Sediments analyzed were those passing 1
1977-03-01 00:00:00,-99.0,-99.0,USGS_CLAM,PAPlant,197703_TS,HAND,RESULT,Y,NR,NR,T,NA,Clam samples collected from exposed mudflat.  
1977-04-01 00:00:00,0.0,2.0,USGS_CLAM,PAPlant,197704_SD,SHOVEL,RESULT,N,Silt/clay ,NR,S,Surface,Samples collected from exposed mudflat.  Sediments analyzed were those passing 1
1977-04-01 00:00:00,-99.0,-99.0,USGS_CLAM,PAPlant,197704_TS,HAND,RESULT,Y,NR,NR,T,NA,Clam samples collected from exposed mudflat.  
1977-05-01 00:00:00,0.0,2.0,USGS_CLAM,PAPlant,197705_SD,SHOVEL,RESULT,N,Silt/clay ,NR,S,Surface,Samples collected from exposed mudflat.  Sediments analyzed were those passing 1
1977-05-01 00:00:00,-99.0,-99.0,USGS_CLAM,PAPlant,197705_TS,HAND,RESULT,Y,NR,NR,T,NA,Clam samples collected from exposed mudflat.  
1977-06-01 00:00:00,0.0,2.0,USGS_CLAM,PAPlant,197706_SD,SHOVEL,RESULT,N,Silt/clay ,NR,S,Surface,Samples collected from exposed mudflat.  Sediments analyzed were those passing 1
1977-06-01 00:00:00,-99.0,-99.0,USGS_CLAM,PAPlant,197706_TS,HAND,RESULT,Y,NR,NR,T,NA,Clam samples collected from exposed mudflat.  
1977-08-01 00:00:00,0.0,2.0,USGS_CLAM,PAPlant,197708_SD,SHOVEL,RESULT,N,Silt/clay ,NR,S,Surface,Samples collected from exposed mudflat.  Sediments analyzed were those passing 1
1977-08-01 00:00:00,-99.0,-99.0,USGS_CLAM,PAPlant,197708_TS,HAND,RESULT,Y,NR,NR,T,NA,Clam samples collected from exposed mudflat.  
1977-09-01 00:00:00,0.0,2.0,USGS_CLAM,PAPlant,197709_SD,SHOVEL,RESULT,N,Silt/clay ,NR,S,Surface,Samples collected from exposed mudflat.  Sediments analyzed were those passing 1
1977-09-01 00:00:00,-99.0,-99.0,USGS_CLAM,PAPlant,197709_TS,HAND,RESULT,Y,NR,NR,T,NA,Clam samples collected from exposed mudflat.  
1977-11-01 00:00:00,0.0,2.0,USGS_CLAM,PAPlant,197711_SD,SHOVEL,RESULT,N,Silt/clay ,NR,S,Surface,Samples collected from exposed mudflat.  Sediments analyzed were those passing 1
1977-11-01 00:00:00,-99.0,-99.0,USGS_CLAM,PAPlant,197711_TS,HAND,RESULT,Y,NR,NR,T,NA,Clam samples collected from exposed mudflat.  
1977-12-01 00:00:00,0.0,2.0,USGS_CLAM,PAPlant,197712_SD,SHOVEL,RESULT,N,Silt/clay ,NR,S,Surface,Samples collected from exposed mudflat.  Sediments analyzed were those passing 1
1977-12-01 00:00:00,-99.0,-99.0,USGS_CLAM,PAPlant,197712_TS,HAND,RESULT,Y,NR,NR,T,NA,Clam samples collected from exposed mudflat.  
1978-01-01 00:00:00,0.0,2.0,USGS_CLAM,PAPlant,197801_SD,SHOVEL,RESULT,N,Silt/clay ,NR,S,Surface,Samples collected from exposed mudflat.  Sediments analyzed were those passing 1
1978-01-01 00:00:00,-99.0,-99.0,USGS_CLAM,PAPlant,197801_TS,HAND,RESULT,Y,NR,NR,T,NA,Clam samples collected from exposed mudflat.  
1978-02-01 00:00:00,0.0,2.0,USGS_CLAM,PAPlant,197802_SD,SHOVEL,RESULT,N,Silt/clay ,NR,S,Surface,Samples collected from exposed mudflat.  Sediments analyzed were those passing 1
1978-02-01 00:00:00,-99.0,-99.0,USGS_CLAM,PAPlant,197802_TS,HAND,RESULT,Y,NR,NR,T,NA,Clam samples collected from exposed mudflat.  
1978-03-01 00:00:00,0.0,2.0,USGS_CLAM,PAPlant,197803_SD,SHOVEL,RESULT,N,Silt/clay ,NR,S,Surface,Samples collected from exposed mudflat.  Sediments analyzed were those passing 1
1978-03-01 00:00:00,-99.0,-99.0,USGS_CLAM,PAPlant,197803_TS,HAND,RESULT,Y,NR,NR,T,NA,Clam samples collected from exposed mudflat.  
1978-04-01 00:00:00,0.0,2.0,USGS_CLAM,PAPlant,197804_SD,SHOVEL,RESULT,N,Silt/clay ,NR,S,Surface,Samples collected from exposed mudflat.  Sediments analyzed were those passing 1
1978-04-01 00:00:00,-99.0,-99.0,USGS_CLAM,PAPlant,197804_TS,HAND,RESULT,Y,NR,NR,T,NA,Clam samples collected from exposed mudflat.  
1978-05-01 00:00:00,0.0,2.0,USGS_CLAM,PAPlant,197805_SD,SHOVEL,RESULT,N,Silt/clay ,NR,S,Surface,Samples collected from exposed mudflat.  Sediments analyzed were those passing 1
1978-07-01 00:00:00,0.0,2.0,USGS_CLAM,PAPlant,197807_SD,SHOVEL,RESULT,N,Silt/clay ,NR,S,Surface,Samples collected from exposed mudflat.  Sediments analyzed were those passing 1
1978-07-01 00:00:00,-99.0,-99.0,USGS_CLAM,PAPlant,197807_TS,HAND,RESULT,Y,NR,NR,T,NA,Clam samples collected from exposed mudflat.  
1978-08-01 00:00:00,0.0,2.0,USGS_CLAM,PAPlant,197808_SD,SHOVEL,RESULT,N,Silt/clay ,NR,S,Surface,Samples collected from exposed mudflat.  Sediments analyzed were those passing 1
1978-08-01 00:00:00,-99.0,-99.0,USGS_CLAM,PAPlant,197808_TS,HAND,RESULT,Y,NR,NR,T,NA,Clam samples collected from exposed mudflat.  
1978-09-01 00:00:00,0.0,2.0,USGS_CLAM,PAPlant,197809_SD,SHOVEL,RESULT,N,Silt/clay ,NR,S,Surface,Samples collected from exposed mudflat.  Sediments analyzed were those passing 1
1978-09-01 00:00:00,-99.0,-99.0,USGS_CLAM,PAPlant,197809_TS,HAND,RESULT,Y,NR,NR,T,NA,Clam samples collected from exposed mudflat.  
1978-10-01 00:00:00,0.0,2.0,USGS_CLAM,PAPlant,197810_SD,SHOVEL,RESULT,N,Silt/clay ,NR,S,Surface,Samples collected from exposed mudflat.  Sediments analyzed were those passing 1
1978-11-01 00:00:00,0.0,2.0,USGS_CLAM,PAPlant,197811_SD,SHOVEL,RESULT,N,Silt/clay ,NR,S,Surface,Samples collected from exposed mudflat.  Sediments analyzed were those passing 1
1978-11-01 00:00:00,-99.0,-99.0,USGS_CLAM,PAPlant,197811_TS,HAND,RESULT,Y,NR,NR,T,NA,Clam samples collected from exposed mudflat.  
1978-12-01 00:00:00,0.0,2.0,USGS_CLAM,PAPlant,197812_SD,SHOVEL,RESULT,N,Silt/clay ,NR,S,Surface,Samples collected from exposed mudflat.  Sediments analyzed were those passing 1
1978-12-01 00:00:00,-99.0,-99.0,USGS_CLAM,PAPlant,197812_TS,HAND,RESULT,Y,NR,NR,T,NA,Clam samples collected from exposed mudflat.  
1979-01-01 00:00:00,0.0,2.0,USGS_CLAM,PAPlant,197901_SD,SHOVEL,RESULT,N,Silt/clay ,NR,S,Surface,Samples collected from exposed mudflat.  Sediments analyzed were those passing 1
1979-01-01 00:00:00,-99.0,-99.0,USGS_CLAM,PAPlant,197901_TS,HAND,RESULT,Y,NR,NR,T,NA,Clam samples collected from exposed mudflat.  
1979-02-01 00:00:00,0.0,2.0,USGS_CLAM,PAPlant,197902_SD,SHOVEL,RESULT,N,Silt/clay ,NR,S,Surface,Samples collected from exposed mudflat.  Sediments analyzed were those passing 1
1979-02-01 00:00:00,-99.0,-99.0,USGS_CLAM,PAPlant,197902_TS,HAND,RESULT,Y,NR,NR,T,NA,Clam samples collected from exposed mudflat.  
1979-03-01 00:00:00,0.0,2.0,USGS_CLAM,PAPlant,197903_SD,SHOVEL,RESULT,N,Silt/clay ,NR,S,Surface,Samples collected from exposed mudflat.  Sediments analyzed were those passing 1
1979-03-01 00:00:00,-99.0,-99.0,USGS_CLAM,PAPlant,197903_TS,HAND,RESULT,Y,NR,NR,T,NA,Clam samples collected from exposed mudflat.  
1979-04-01 00:00:00,0.0,2.0,USGS_CLAM,PAPlant,197904_SD,SHOVEL,RESULT,N,Silt/clay ,NR,S,Surface,Samples collected from exposed mudflat.  Sediments analyzed were those passing 1
1979-04-01 00:00:00,-99.0,-99.0,USGS_CLAM,PAPlant,197904_TS,HAND,RESULT,Y,NR,NR,T,NA,Clam samples collected from exposed mudflat.  
1979-05-01 00:00:00,0.0,2.0,USGS_CLAM,PAPlant,197905_SD,SHOVEL,RESULT,N,Silt/clay ,NR,S,Surface,Samples collected from exposed mudflat.  Sediments analyzed were those passing 1
1979-05-01 00:00:00,-99.0,-99.0,USGS_CLAM,PAPlant,197905_TS,HAND,RESULT,Y,NR,NR,T,NA,Clam samples collected from exposed mudflat.  
1979-06-01 00:00:00,0.0,2.0,USGS_CLAM,PAPlant,197906_SD,SHOVEL,RESULT,N,Silt/clay ,NR,S,Surface,Samples collected from exposed mudflat.  Sediments analyzed were those passing 1
1979-07-01 00:00:00,0.0,2.0,USGS_CLAM,PAPlant,197907_SD,SHOVEL,RESULT,N,Silt/clay ,NR,S,Surface,Samples collected from exposed mudflat.  Sediments analyzed were those passing 1
1979-07-01 00:00:00,-99.0,-99.0,USGS_CLAM,PAPlant,197907_TS,HAND,RESULT,Y,NR,NR,T,NA,Clam samples collected from exposed mudflat.  
1979-08-01 00:00:00,0.0,2.0,USGS_CLAM,PAPlant,197908_SD,SHOVEL,RESULT,N,Silt/clay ,NR,S,Surface,Samples collected from exposed mudflat.  Sediments analyzed were those passing 1
1979-10-01 00:00:00,0.0,2.0,USGS_CLAM,PAPlant,197910_SD,SHOVEL,RESULT,N,Silt/clay ,NR,S,Surface,Samples collected from exposed mudflat.  Sediments analyzed were those passing 1
1979-10-01 00:00:00,-99.0,-99.0,USGS_CLAM,PAPlant,197910_TS,HAND,RESULT,Y,NR,NR,T,NA,Clam samples collected from exposed mudflat.  
1979-12-01 00:00:00,0.0,2.0,USGS_CLAM,PAPlant,197912_SD,SHOVEL,RESULT,N,Silt/clay ,NR,S,Surface,Samples collected from exposed mudflat.  Sediments analyzed were those passing 1
1979-12-01 00:00:00,-99.0,-99.0,USGS_CLAM,PAPlant,197912_TS,HAND,RESULT,Y,NR,NR,T,NA,Clam samples collected from exposed mudflat.  
1980-01-01 00:00:00,0.0,2.0,USGS_CLAM,PAPlant,198001_SD,SHOVEL,RESULT,N,Silt/clay ,NR,S,Surface,Samples collected from exposed mudflat.  Sediments analyzed were those passing 1
1980-01-01 00:00:00,-99.0,-99.0,USGS_CLAM,PAPlant,198001_TS,HAND,RESULT,Y,NR,NR,T,NA,Clam samples collected from exposed mudflat.  
1980-02-01 00:00:00,0.0,2.0,USGS_CLAM,PAPlant,198002_SD,SHOVEL,RESULT,N,Silt/clay ,NR,S,Surface,Samples collected from exposed mudflat.  Sediments analyzed were those passing 1
1980-02-01 00:00:00,-99.0,-99.0,USGS_CLAM,PAPlant,198002_TS,HAND,RESULT,Y,NR,NR,T,NA,Clam samples collected from exposed mudflat.  
1980-03-01 00:00:00,0.0,2.0,USGS_CLAM,PAPlant,198003_SD,SHOVEL,RESULT,N,Silt/clay ,NR,S,Surface,Samples collected from exposed mudflat.  Sediments analyzed were those passing 1
1980-03-01 00:00:00,-99.0,-99.0,USGS_CLAM,PAPlant,198003_TS,HAND,RESULT,Y,NR,NR,T,NA,Clam samples collected from exposed mudflat.  
1980-04-01 00:00:00,0.0,2.0,USGS_CLAM,PAPlant,198004_SD,SHOVEL,RESULT,N,Silt/clay ,NR,S,Surface,Samples collected from exposed mudflat.  Sediments analyzed were those passing 1
1980-04-01 00:00:00,-99.0,-99.0,USGS_CLAM,PAPlant,198004_TS,HAND,RESULT,Y,NR,NR,T,NA,Clam samples collected from exposed mudflat.  
1980-05-01 00:00:00,0.0,2.0,USGS_CLAM,PAPlant,198005_SD,SHOVEL,RESULT,N,Silt/clay ,NR,S,Surface,Samples collected from exposed mudflat.  Sediments analyzed were those passing 1
1980-05-01 00:00:00,-99.0,-99.0,USGS_CLAM,PAPlant,198005_TS,HAND,RESULT,Y,NR,NR,T,NA,Clam samples collected from exposed mudflat.  
1980-07-01 00:00:00,0.0,2.0,USGS_CLAM,PAPlant,198007_SD,SHOVEL,RESULT,N,Silt/clay ,NR,S,Surface,Samples collected from exposed mudflat.  Sediments analyzed were those passing 1
1980-07-01 00:00:00,-99.0,-99.0,USGS_CLAM,PAPlant,198007_TS,HAND,RESULT,Y,NR,NR,T,NA,Clam samples collected from exposed mudflat.  
1980-08-01 00:00:00,0.0,2.0,USGS_CLAM,PAPlant,198008_SD,SHOVEL,RESULT,N,Silt/clay ,NR,S,Surface,Samples collected from exposed mudflat.  Sediments analyzed were those passing 1
1980-08-01 00:00:00,-99.0,-99.0,USGS_CLAM,PAPlant,198008_TS,HAND,RESULT,Y,NR,NR,T,NA,Clam samples collected from exposed mudflat.  
1980-10-01 00:00:00,0.0,2.0,USGS_CLAM,PAPlant,198010_SD,SHOVEL,RESULT,N,Silt/clay ,NR,S,Surface,Samples collected from exposed mudflat.  Sediments analyzed were those passing 1
1980-10-01 00:00:00,-99.0,-99.0,USGS_CLAM,PAPlant,198010_TS,HAND,RESULT,Y,NR,NR,T,NA,Clam samples collected from exposed mudflat.  
1980-11-01 00:00:00,0.0,2.0,USGS_CLAM,PAPlant,198011_SD,SHOVEL,RESULT,N,Silt/clay ,NR,S,Surface,Samples collected from exposed mudflat.  Sediments analyzed were those passing 1
1980-11-01 00:00:00,-99.0,-99.0,USGS_CLAM,PAPlant,198011_TS,HAND,RESULT,Y,NR,NR,T,NA,Clam samples collected from exposed mudflat.  
1980-12-01 00:00:00,0.0,2.0,USGS_CLAM,PAPlant,198012_SD,SHOVEL,RESULT,N,Silt/clay ,NR,S,Surface,Samples collected from exposed mudflat.  Sediments analyzed were those passing 1
1980-12-01 00:00:00,-99.0,-99.0,USGS_CLAM,PAPlant,198012_TS,HAND,RESULT,Y,NR,NR,T,NA,Clam samples collected from exposed mudflat.  
1981-02-01 00:00:00,0.0,2.0,USGS_CLAM,PAPlant,198102_SD,SHOVEL,RESULT,N,Silt/clay ,NR,S,Surface,Samples collected from exposed mudflat.  Sediments analyzed were those passing 1
1981-02-01 00:00:00,-99.0,-99.0,USGS_CLAM,PAPlant,198102_TS,HAND,RESULT,Y,NR,NR,T,NA,Clam samples collected from exposed mudflat.  
1981-03-01 00:00:00,0.0,2.0,USGS_CLAM,PAPlant,198103_SD,SHOVEL,RESULT,N,Silt/clay ,NR,S,Surface,Samples collected from exposed mudflat.  Sediments analyzed were those passing 1
1981-03-01 00:00:00,-99.0,-99.0,USGS_CLAM,PAPlant,198103_TS,HAND,RESULT,Y,NR,NR,T,NA,Clam samples collected from exposed mudflat.  
1981-05-01 00:00:00,0.0,2.0,USGS_CLAM,PAPlant,198105_SD,SHOVEL,RESULT,N,Silt/clay ,NR,S,Surface,Samples collected from exposed mudflat.  Sediments analyzed were those passing 1
1981-05-01 00:00:00,-99.0,-99.0,USGS_CLAM,PAPlant,198105_TS,HAND,RESULT,Y,NR,NR,T,NA,Clam samples collected from exposed mudflat.  
1981-06-01 00:00:00,0.0,2.0,USGS_CLAM,PAPlant,198106_SD,SHOVEL,RESULT,N,Silt/clay ,NR,S,Surface,Samples collected from exposed mudflat.  Sediments analyzed were those passing 1
1981-06-01 00:00:00,-99.0,-99.0,USGS_CLAM,PAPlant,198106_TS,HAND,RESULT,Y,NR,NR,T,NA,Clam samples collected from exposed mudflat.  
1981-07-01 00:00:00,0.0,2.0,USGS_CLAM,PAPlant,198107_SD,SHOVEL,RESULT,N,Silt/clay ,NR,S,Surface,Samples collected from exposed mudflat.  Sediments analyzed were those passing 1
1981-07-01 00:00:00,-99.0,-99.0,USGS_CLAM,PAPlant,198107_TS,HAND,RESULT,Y,NR,NR,T,NA,Clam samples collected from exposed mudflat.  
1981-08-01 00:00:00,0.0,2.0,USGS_CLAM,PAPlant,198108_SD,SHOVEL,RESULT,N,Silt/clay ,NR,S,Surface,Samples collected from exposed mudflat.  Sediments analyzed were those passing 1
1981-08-01 00:00:00,-99.0,-99.0,USGS_CLAM,PAPlant,198108_TS,HAND,RESULT,Y,NR,NR,T,NA,Clam samples collected from exposed mudflat.  
1981-09-01 00:00:00,0.0,2.0,USGS_CLAM,PAPlant,198109_SD,SHOVEL,RESULT,N,Silt/clay ,NR,S,Surface,Samples collected from exposed mudflat.  Sediments analyzed were those passing 1
1981-09-01 00:00:00,-99.0,-99.0,USGS_CLAM,PAPlant,198109_TS,HAND,RESULT,Y,NR,NR,T,NA,Clam samples collected from exposed mudflat.  
1981-11-01 00:00:00,0.0,2.0,USGS_CLAM,PAPlant,198111_SD,SHOVEL,RESULT,N,Silt/clay ,NR,S,Surface,Samples collected from exposed mudflat.  Sediments analyzed were those passing 1
1981-11-01 00:00:00,-99.0,-99.0,USGS_CLAM,PAPlant,198111_TS,HAND,RESULT,Y,NR,NR,T,NA,Clam samples collected from exposed mudflat.  
1981-12-01 00:00:00,0.0,2.0,USGS_CLAM,PAPlant,198112_SD,SHOVEL,RESULT,N,Silt/clay ,NR,S,Surface,Samples collected from exposed mudflat.  Sediments analyzed were those passing 1
1981-12-01 00:00:00,-99.0,-99.0,USGS_CLAM,PAPlant,198112_TS,HAND,RESULT,Y,NR,NR,T,NA,Clam samples collected from exposed mudflat.  
1982-02-01 00:00:00,0.0,2.0,USGS_CLAM,PAPlant,198202_SD,SHOVEL,RESULT,N,Silt/clay ,NR,S,Surface,Samples collected from exposed mudflat.  Sediments analyzed were those passing 1
1982-02-01 00:00:00,-99.0,-99.0,USGS_CLAM,PAPlant,198202_TS,HAND,RESULT,Y,NR,NR,T,NA,Clam samples collected from exposed mudflat.  
1982-03-01 00:00:00,0.0,2.0,USGS_CLAM,PAPlant,198203_SD,SHOVEL,RESULT,N,Silt/clay ,NR,S,Surface,Samples collected from exposed mudflat.  Sediments analyzed were those passing 1
1982-03-01 00:00:00,-99.0,-99.0,USGS_CLAM,PAPlant,198203_TS,HAND,RESULT,Y,NR,NR,T,NA,Clam samples collected from exposed mudflat.  
1982-04-01 00:00:00,0.0,2.0,USGS_CLAM,PAPlant,198204_SD,SHOVEL,RESULT,N,Silt/clay ,NR,S,Surface,Samples collected from exposed mudflat.  Sediments analyzed were those passing 1
1982-04-01 00:00:00,-99.0,-99.0,USGS_CLAM,PAPlant,198204_TS,HAND,RESULT,Y,NR,NR,T,NA,Clam samples collected from exposed mudflat.  
1982-05-01 00:00:00,0.0,2.0,USGS_CLAM,PAPlant,198205_SD,SHOVEL,RESULT,N,Silt/clay ,NR,S,Surface,Samples collected from exposed mudflat.  Sediments analyzed were those passing 1
1982-05-01 00:00:00,-99.0,-99.0,USGS_CLAM,PAPlant,198205_TS,HAND,RESULT,Y,NR,NR,T,NA,Clam samples collected from exposed mudflat.  
1982-06-01 00:00:00,0.0,2.0,USGS_CLAM,PAPlant,198206_SD,SHOVEL,RESULT,N,Silt/clay ,NR,S,Surface,Samples collected from exposed mudflat.  Sediments analyzed were those passing 1
1982-06-01 00:00:00,-99.0,-99.0,USGS_CLAM,PAPlant,198206_TS,HAND,RESULT,Y,NR,NR,T,NA,Clam samples collected from exposed mudflat.  
1982-09-01 00:00:00,0.0,2.0,USGS_CLAM,PAPlant,198209_SD,SHOVEL,RESULT,N,Silt/clay ,NR,S,Surface,Samples collected from exposed mudflat.  Sediments analyzed were those passing 1
1982-09-01 00:00:00,-99.0,-99.0,USGS_CLAM,PAPlant,198209_TS,HAND,RESULT,Y,NR,NR,T,NA,Clam samples collected from exposed mudflat.  
1982-11-01 00:00:00,0.0,2.0,USGS_CLAM,PAPlant,198211_SD,SHOVEL,RESULT,N,Silt/clay ,NR,S,Surface,Samples collected from exposed mudflat.  Sediments analyzed were those passing 1
1982-11-01 00:00:00,-99.0,-99.0,USGS_CLAM,PAPlant,198211_TS,HAND,RESULT,Y,NR,NR,T,NA,Clam samples collected from exposed mudflat.  
1982-12-01 00:00:00,0.0,2.0,USGS_CLAM,PAPlant,198212_SD,SHOVEL,RESULT,N,Silt/clay ,NR,S,Surface,Samples collected from exposed mudflat.  Sediments analyzed were those passing 1
1982-12-01 00:00:00,-99.0,-99.0,USGS_CLAM,PAPlant,198212_TS,HAND,RESULT,Y,NR,NR,T,NA,Clam samples collected from exposed mudflat.  
1983-02-01 00:00:00,0.0,2.0,USGS_CLAM,PAPlant,198302_SD,SHOVEL,RESULT,N,Silt/clay ,NR,S,Surface,Samples collected from exposed mudflat.  Sediments analyzed were those passing 1
1983-02-01 00:00:00,-99.0,-99.0,USGS_CLAM,PAPlant,198302_TS,HAND,RESULT,Y,NR,NR,T,NA,Clam samples collected from exposed mudflat.  
1983-03-01 00:00:00,0.0,2.0,USGS_CLAM,PAPlant,198303_SD,SHOVEL,RESULT,N,Silt/clay ,NR,S,Surface,Samples collected from exposed mudflat.  Sediments analyzed were those passing 1
1983-03-01 00:00:00,-99.0,-99.0,USGS_CLAM,PAPlant,198303_TS,HAND,RESULT,Y,NR,NR,T,NA,Clam samples collected from exposed mudflat.  
1983-04-01 00:00:00,-99.0,-99.0,USGS_CLAM,PAPlant,198304_TS,HAND,RESULT,Y,NR,NR,T,NA,Clam samples collected from exposed mudflat.  
1983-05-01 00:00:00,0.0,2.0,USGS_CLAM,PAPlant,198305_SD,SHOVEL,RESULT,N,Silt/clay ,NR,S,Surface,Samples collected from exposed mudflat.  Sediments analyzed were those passing 1
1983-05-01 00:00:00,-99.0,-99.0,USGS_CLAM,PAPlant,198305_TS,HAND,RESULT,Y,NR,NR,T,NA,Clam samples collected from exposed mudflat.  
1983-06-01 00:00:00,0.0,2.0,USGS_CLAM,PAPlant,198306_SD,SHOVEL,RESULT,N,Silt/clay ,NR,S,Surface,Samples collected from exposed mudflat.  Sediments analyzed were those passing 1
1983-06-01 00:00:00,-99.0,-99.0,USGS_CLAM,PAPlant,198306_TS,HAND,RESULT,Y,NR,NR,T,NA,Clam samples collected from exposed mudflat.  
1983-07-01 00:00:00,0.0,2.0,USGS_CLAM,PAPlant,198307_SD,SHOVEL,RESULT,N,Silt/clay ,NR,S,Surface,Samples collected from exposed mudflat.  Sediments analyzed were those passing 1
1983-07-01 00:00:00,-99.0,-99.0,USGS_CLAM,PAPlant,198307_TS,HAND,RESULT,Y,NR,NR,T,NA,Clam samples collected from exposed mudflat.  
1983-10-01 00:00:00,0.0,2.0,USGS_CLAM,PAPlant,198310_SD,SHOVEL,RESULT,N,Silt/clay ,NR,S,Surface,Samples collected from exposed mudflat.  Sediments analyzed were those passing 1
1983-10-01 00:00:00,-99.0,-99.0,USGS_CLAM,PAPlant,198310_TS,HAND,RESULT,Y,NR,NR,T,NA,Clam samples collected from exposed mudflat.  
1983-11-01 00:00:00,0.0,2.0,USGS_CLAM,PAPlant,198311_SD,SHOVEL,RESULT,N,Silt/clay ,NR,S,Surface,Samples collected from exposed mudflat.  Sediments analyzed were those passing 1
1983-11-01 00:00:00,-99.0,-99.0,USGS_CLAM,PAPlant,198311_TS,HAND,RESULT,Y,NR,NR,T,NA,Clam samples collected from exposed mudflat.  
1984-01-01 00:00:00,0.0,2.0,USGS_CLAM,PAPlant,198401_SD,SHOVEL,RESULT,N,Silt/clay ,NR,S,Surface,Samples collected from exposed mudflat.  Sediments analyzed were those passing 1
1984-01-01 00:00:00,-99.0,-99.0,USGS_CLAM,PAPlant,198401_TS,HAND,RESULT,Y,NR,NR,T,NA,Clam samples collected from exposed mudflat.  
1984-03-01 00:00:00,0.0,2.0,USGS_CLAM,PAPlant,198403_SD,SHOVEL,RESULT,N,Silt/clay ,NR,S,Surface,Samples collected from exposed mudflat.  Sediments analyzed were those passing 1
1984-03-01 00:00:00,-99.0,-99.0,USGS_CLAM,PAPlant,198403_TS,HAND,RESULT,Y,NR,NR,T,NA,Clam samples collected from exposed mudflat.  
1984-04-01 00:00:00,0.0,2.0,USGS_CLAM,PAPlant,198404_SD,SHOVEL,RESULT,N,Silt/clay ,NR,S,Surface,Samples collected from exposed mudflat.  Sediments analyzed were those passing 1
1984-04-01 00:00:00,-99.0,-99.0,USGS_CLAM,PAPlant,198404_TS,HAND,RESULT,Y,NR,NR,T,NA,Clam samples collected from exposed mudflat.  
1984-05-01 00:00:00,0.0,2.0,USGS_CLAM,PAPlant,198405_SD,SHOVEL,RESULT,N,Silt/clay ,NR,S,Surface,Samples collected from exposed mudflat.  Sediments analyzed were those passing 1
1984-05-01 00:00:00,-99.0,-99.0,USGS_CLAM,PAPlant,198405_TS,HAND,RESULT,Y,NR,NR,T,NA,Clam samples collected from exposed mudflat.  
1984-07-01 00:00:00,0.0,2.0,USGS_CLAM,PAPlant,198407_SD,SHOVEL,RESULT,N,Silt/clay ,NR,S,Surface,Samples collected from exposed mudflat.  Sediments analyzed were those passing 1
1984-07-01 00:00:00,-99.0,-99.0,USGS_CLAM,PAPlant,198407_TS,HAND,RESULT,Y,NR,NR,T,NA,Clam samples collected from exposed mudflat.  
1984-09-01 00:00:00,0.0,2.0,USGS_CLAM,PAPlant,198409_SD,SHOVEL,RESULT,N,Silt/clay ,NR,S,Surface,Samples collected from exposed mudflat.  Sediments analyzed were those passing 1
1984-09-01 00:00:00,-99.0,-99.0,USGS_CLAM,PAPlant,198409_TS,HAND,RESULT,Y,NR,NR,T,NA,Clam samples collected from exposed mudflat.  
1984-11-01 00:00:00,0.0,2.0,USGS_CLAM,PAPlant,198411_SD,SHOVEL,RESULT,N,Silt/clay ,NR,S,Surface,Samples collected from exposed mudflat.  Sediments analyzed were those passing 1
1984-11-01 00:00:00,-99.0,-99.0,USGS_CLAM,PAPlant,198411_TS,HAND,RESULT,Y,NR,NR,T,NA,Clam samples collected from exposed mudflat.  
1984-12-01 00:00:00,0.0,2.0,USGS_CLAM,PAPlant,198412_SD,SHOVEL,RESULT,N,Silt/clay ,NR,S,Surface,Samples collected from exposed mudflat.  Sediments analyzed were those passing 1
1984-12-01 00:00:00,-99.0,-99.0,USGS_CLAM,PAPlant,198412_TS,HAND,RESULT,Y,NR,NR,T,NA,Clam samples collected from exposed mudflat.  
1985-03-01 00:00:00,0.0,2.0,USGS_CLAM,PAPlant,198503_SD,SHOVEL,RESULT,N,Silt/clay ,NR,S,Surface,Samples collected from exposed mudflat.  Sediments analyzed were those passing 1
1985-03-01 00:00:00,-99.0,-99.0,USGS_CLAM,PAPlant,198503_TS,HAND,RESULT,Y,NR,NR,T,NA,Clam samples collected from exposed mudflat.  
1985-04-01 00:00:00,0.0,2.0,USGS_CLAM,PAPlant,198504_SD,SHOVEL,RESULT,N,Silt/clay ,NR,S,Surface,Samples collected from exposed mudflat.  Sediments analyzed were those passing 1
1985-04-01 00:00:00,-99.0,-99.0,USGS_CLAM,PAPlant,198504_TS,HAND,RESULT,Y,NR,NR,T,NA,Clam samples collected from exposed mudflat.  
1985-05-01 00:00:00,0.0,2.0,USGS_CLAM,PAPlant,198505_SD,SHOVEL,RESULT,N,Silt/clay ,NR,S,Surface,Samples collected from exposed mudflat.  Sediments analyzed were those passing 1
1985-05-01 00:00:00,-99.0,-99.0,USGS_CLAM,PAPlant,198505_TS,HAND,RESULT,Y,NR,NR,T,NA,Clam samples collected from exposed mudflat.  
1985-07-01 00:00:00,0.0,2.0,USGS_CLAM,PAPlant,198507_SD,SHOVEL,RESULT,N,Silt/clay ,NR,S,Surface,Samples collected from exposed mudflat.  Sediments analyzed were those passing 1
1985-07-01 00:00:00,-99.0,-99.0,USGS_CLAM,PAPlant,198507_TS,HAND,RESULT,Y,NR,NR,T,NA,Clam samples collected from exposed mudflat.  
1985-09-01 00:00:00,0.0,2.0,USGS_CLAM,PAPlant,198509_SD,SHOVEL,RESULT,N,Silt/clay ,NR,S,Surface,Samples collected from exposed mudflat.  Sediments analyzed were those passing 1
1985-09-01 00:00:00,-99.0,-99.0,USGS_CLAM,PAPlant,198509_TS,HAND,RESULT,Y,NR,NR,T,NA,Clam samples collected from exposed mudflat.  
1985-12-01 00:00:00,0.0,2.0,USGS_CLAM,PAPlant,198512_SD,SHOVEL,RESULT,N,Silt/clay ,NR,S,Surface,Samples collected from exposed mudflat.  Sediments analyzed were those passing 1
1985-12-01 00:00:00,-99.0,-99.0,USGS_CLAM,PAPlant,198512_TS,HAND,RESULT,Y,NR,NR,T,NA,Clam samples collected from exposed mudflat.  
1986-01-01 00:00:00,0.0,2.0,USGS_CLAM,PAPlant,198601_SD,SHOVEL,RESULT,N,Silt/clay ,NR,S,Surface,Samples collected from exposed mudflat.  Sediments analyzed were those passing 1
1986-01-01 00:00:00,-99.0,-99.0,USGS_CLAM,PAPlant,198601_TS,HAND,RESULT,Y,NR,NR,T,NA,Clam samples collected from exposed mudflat.  
1986-02-01 00:00:00,0.0,2.0,USGS_CLAM,PAPlant,198602_SD,SHOVEL,RESULT,N,Silt/clay ,NR,S,Surface,Samples collected from exposed mudflat.  Sediments analyzed were those passing 1
1986-02-01 00:00:00,-99.0,-99.0,USGS_CLAM,PAPlant,198602_TS,HAND,RESULT,Y,NR,NR,T,NA,Clam samples collected from exposed mudflat.  
1986-03-01 00:00:00,0.0,2.0,USGS_CLAM,PAPlant,198603_SD,SHOVEL,RESULT,N,Silt/clay ,NR,S,Surface,Samples collected from exposed mudflat.  Sediments analyzed were those passing 1
1986-03-01 00:00:00,-99.0,-99.0,USGS_CLAM,PAPlant,198603_TS,HAND,RESULT,Y,NR,NR,T,NA,Clam samples collected from exposed mudflat.  
1986-04-01 00:00:00,0.0,2.0,USGS_CLAM,PAPlant,198604_SD,SHOVEL,RESULT,N,Silt/clay ,NR,S,Surface,Samples collected from exposed mudflat.  Sediments analyzed were those passing 1
1986-04-01 00:00:00,-99.0,-99.0,USGS_CLAM,PAPlant,198604_TS,HAND,RESULT,Y,NR,NR,T,NA,Clam samples collected from exposed mudflat.  
1986-05-01 00:00:00,0.0,2.0,USGS_CLAM,PAPlant,198605_SD,SHOVEL,RESULT,N,Silt/clay ,NR,S,Surface,Samples collected from exposed mudflat.  Sediments analyzed were those passing 1
1986-05-01 00:00:00,-99.0,-99.0,USGS_CLAM,PAPlant,198605_TS,HAND,RESULT,Y,NR,NR,T,NA,Clam samples collected from exposed mudflat.  
1986-06-01 00:00:00,0.0,2.0,USGS_CLAM,PAPlant,198606_SD,SHOVEL,RESULT,N,Silt/clay ,NR,S,Surface,Samples collected from exposed mudflat.  Sediments analyzed were those passing 1
1986-06-01 00:00:00,-99.0,-99.0,USGS_CLAM,PAPlant,198606_TS,HAND,RESULT,Y,NR,NR,T,NA,Clam samples collected from exposed mudflat.  
1986-07-01 00:00:00,0.0,2.0,USGS_CLAM,PAPlant,198607_SD,SHOVEL,RESULT,N,Silt/clay ,NR,S,Surface,Samples collected from exposed mudflat.  Sediments analyzed were those passing 1
1986-07-01 00:00:00,-99.0,-99.0,USGS_CLAM,PAPlant,198607_TS,HAND,RESULT,Y,NR,NR,T,NA,Clam samples collected from exposed mudflat.  
1986-08-01 00:00:00,0.0,2.0,USGS_CLAM,PAPlant,198608_SD,SHOVEL,RESULT,N,Silt/clay ,NR,S,Surface,Samples collected from exposed mudflat.  Sediments analyzed were those passing 1
1986-08-01 00:00:00,-99.0,-99.0,USGS_CLAM,PAPlant,198608_TS,HAND,RESULT,Y,NR,NR,T,NA,Clam samples collected from exposed mudflat.  
1986-09-01 00:00:00,0.0,2.0,USGS_CLAM,PAPlant,198609_SD,SHOVEL,RESULT,N,Silt/clay ,NR,S,Surface,Samples collected from exposed mudflat.  Sediments analyzed were those passing 1
1986-09-01 00:00:00,-99.0,-99.0,USGS_CLAM,PAPlant,198609_TS,HAND,RESULT,Y,NR,NR,T,NA,Clam samples collected from exposed mudflat.  
1986-10-01 00:00:00,0.0,2.0,USGS_CLAM,PAPlant,198610_SD,SHOVEL,RESULT,N,Silt/clay ,NR,S,Surface,Samples collected from exposed mudflat.  Sediments analyzed were those passing 1
1986-10-01 00:00:00,-99.0,-99.0,USGS_CLAM,PAPlant,198610_TS,HAND,RESULT,Y,NR,NR,T,NA,Clam samples collected from exposed mudflat.  
1986-11-01 00:00:00,0.0,2.0,USGS_CLAM,PAPlant,198611_SD,SHOVEL,RESULT,N,Silt/clay ,NR,S,Surface,Samples collected from exposed mudflat.  Sediments analyzed were those passing 1
1986-11-01 00:00:00,-99.0,-99.0,USGS_CLAM,PAPlant,198611_TS,HAND,RESULT,Y,NR,NR,T,NA,Clam samples collected from exposed mudflat.  
1986-12-01 00:00:00,0.0,2.0,USGS_CLAM,PAPlant,198612_SD,SHOVEL,RESULT,N,Silt/clay ,NR,S,Surface,Samples collected from exposed mudflat.  Sediments analyzed were those passing 1
1986-12-01 00:00:00,-99.0,-99.0,USGS_CLAM,PAPlant,198612_TS,HAND,RESULT,Y,NR,NR,T,NA,Clam samples collected from exposed mudflat.  
1987-01-01 00:00:00,0.0,2.0,USGS_CLAM,PAPlant,198701_SD,SHOVEL,RESULT,N,Silt/clay ,NR,S,Surface,Samples collected from exposed mudflat.  Sediments analyzed were those passing 1
1987-01-01 00:00:00,-99.0,-99.0,USGS_CLAM,PAPlant,198701_TS,HAND,RESULT,Y,NR,NR,T,NA,Clam samples collected from exposed mudflat.  
1987-02-01 00:00:00,0.0,2.0,USGS_CLAM,PAPlant,198702_SD,SHOVEL,RESULT,N,Silt/clay ,NR,S,Surface,Samples collected from exposed mudflat.  Sediments analyzed were those passing 1
1987-02-01 00:00:00,-99.0,-99.0,USGS_CLAM,PAPlant,198702_TS,HAND,RESULT,Y,NR,NR,T,NA,Clam samples collected from exposed mudflat.  
1987-03-01 00:00:00,0.0,2.0,USGS_CLAM,PAPlant,198703_SD,SHOVEL,RESULT,N,Silt/clay ,NR,S,Surface,Samples collected from exposed mudflat.  Sediments analyzed were those passing 1
1987-03-01 00:00:00,-99.0,-99.0,USGS_CLAM,PAPlant,198703_TS,HAND,RESULT,Y,NR,NR,T,NA,Clam samples collected from exposed mudflat.  
1987-04-01 00:00:00,0.0,2.0,USGS_CLAM,PAPlant,198704_SD,SHOVEL,RESULT,N,Silt/clay ,NR,S,Surface,Samples collected from exposed mudflat.  Sediments analyzed were those passing 1
1987-04-01 00:00:00,-99.0,-99.0,USGS_CLAM,PAPlant,198704_TS,HAND,RESULT,Y,NR,NR,T,NA,Clam samples collected from exposed mudflat.  
1987-05-01 00:00:00,0.0,2.0,USGS_CLAM,PAPlant,198705_SD,SHOVEL,RESULT,N,Silt/clay ,NR,S,Surface,Samples collected from exposed mudflat.  Sediments analyzed were those passing 1
1987-05-01 00:00:00,-99.0,-99.0,USGS_CLAM,PAPlant,198705_TS,HAND,RESULT,Y,NR,NR,T,NA,Clam samples collected from exposed mudflat.  
1987-06-01 00:00:00,0.0,2.0,USGS_CLAM,PAPlant,198706_SD,SHOVEL,RESULT,N,Silt/clay ,NR,S,Surface,Samples collected from exposed mudflat.  Sediments analyzed were those passing 1
1987-06-01 00:00:00,-99.0,-99.0,USGS_CLAM,PAPlant,198706_TS,HAND,RESULT,Y,NR,NR,T,NA,Clam samples collected from exposed mudflat.  
1987-07-01 00:00:00,0.0,2.0,USGS_CLAM,PAPlant,198707_SD,SHOVEL,RESULT,N,Silt/clay ,NR,S,Surface,Samples collected from exposed mudflat.  Sediments analyzed were those passing 1
1987-07-01 00:00:00,-99.0,-99.0,USGS_CLAM,PAPlant,198707_TS,HAND,RESULT,Y,NR,NR,T,NA,Clam samples collected from exposed mudflat.  
1987-08-01 00:00:00,0.0,2.0,USGS_CLAM,PAPlant,198708_SD,SHOVEL,RESULT,N,Silt/clay ,NR,S,Surface,Samples collected from exposed mudflat.  Sediments analyzed were those passing 1
1987-08-01 00:00:00,-99.0,-99.0,USGS_CLAM,PAPlant,198708_TS,HAND,RESULT,Y,NR,NR,T,NA,Clam samples collected from exposed mudflat.  
1987-10-01 00:00:00,0.0,2.0,USGS_CLAM,PAPlant,198710_SD,SHOVEL,RESULT,N,Silt/clay ,NR,S,Surface,Samples collected from exposed mudflat.  Sediments analyzed were those passing 1
1987-10-01 00:00:00,-99.0,-99.0,USGS_CLAM,PAPlant,198710_TS,HAND,RESULT,Y,NR,NR,T,NA,Clam samples collected from exposed mudflat.  
1987-11-01 00:00:00,0.0,2.0,USGS_CLAM,PAPlant,198711_SD,SHOVEL,RESULT,N,Silt/clay ,NR,S,Surface,Samples collected from exposed mudflat.  Sediments analyzed were those passing 1
1987-11-01 00:00:00,-99.0,-99.0,USGS_CLAM,PAPlant,198711_TS,HAND,RESULT,Y,NR,NR,T,NA,Clam samples collected from exposed mudflat.  
1987-12-01 00:00:00,0.0,2.0,USGS_CLAM,PAPlant,198712_SD,SHOVEL,RESULT,N,Silt/clay ,NR,S,Surface,Samples collected from exposed mudflat.  Sediments analyzed were those passing 1
1987-12-01 00:00:00,-99.0,-99.0,USGS_CLAM,PAPlant,198712_TS,HAND,RESULT,Y,NR,NR,T,NA,Clam samples collected from exposed mudflat.  
1988-01-01 00:00:00,0.0,2.0,USGS_CLAM,PAPlant,198801_SD,SHOVEL,RESULT,N,Silt/clay ,NR,S,Surface,Samples collected from exposed mudflat.  Sediments analyzed were those passing 1
1988-01-01 00:00:00,-99.0,-99.0,USGS_CLAM,PAPlant,198801_TS,HAND,RESULT,Y,NR,NR,T,NA,Clam samples collected from exposed mudflat.  
1988-02-01 00:00:00,0.0,2.0,USGS_CLAM,PAPlant,198802_SD,SHOVEL,RESULT,N,Silt/clay ,NR,S,Surface,Samples collected from exposed mudflat.  Sediments analyzed were those passing 1
1988-02-01 00:00:00,-99.0,-99.0,USGS_CLAM,PAPlant,198802_TS,HAND,RESULT,Y,NR,NR,T,NA,Clam samples collected from exposed mudflat.  
1988-03-01 00:00:00,0.0,2.0,USGS_CLAM,PAPlant,198803_SD,SHOVEL,RESULT,N,Silt/clay ,NR,S,Surface,Samples collected from exposed mudflat.  Sediments analyzed were those passing 1
1988-03-01 00:00:00,-99.0,-99.0,USGS_CLAM,PAPlant,198803_TS,HAND,RESULT,Y,NR,NR,T,NA,Clam samples collected from exposed mudflat.  
1988-04-01 00:00:00,0.0,2.0,USGS_CLAM,PAPlant,198804_SD,SHOVEL,RESULT,N,Silt/clay ,NR,S,Surface,Samples collected from exposed mudflat.  Sediments analyzed were those passing 1
1988-04-01 00:00:00,-99.0,-99.0,USGS_CLAM,PAPlant,198804_TS,HAND,RESULT,Y,NR,NR,T,NA,Clam samples collected from exposed mudflat.  
1988-05-01 00:00:00,0.0,2.0,USGS_CLAM,PAPlant,198805_SD,SHOVEL,RESULT,N,Silt/clay ,NR,S,Surface,Samples collected from exposed mudflat.  Sediments analyzed were those passing 1
1988-05-01 00:00:00,-99.0,-99.0,USGS_CLAM,PAPlant,198805_TS,HAND,RESULT,Y,NR,NR,T,NA,Clam samples collected from exposed mudflat.  
1988-06-01 00:00:00,0.0,2.0,USGS_CLAM,PAPlant,198806_SD,SHOVEL,RESULT,N,Silt/clay ,NR,S,Surface,Samples collected from exposed mudflat.  Sediments analyzed were those passing 1
1988-06-01 00:00:00,-99.0,-99.0,USGS_CLAM,PAPlant,198806_TS,HAND,RESULT,Y,NR,NR,T,NA,Clam samples collected from exposed mudflat.  
1988-07-01 00:00:00,0.0,2.0,USGS_CLAM,PAPlant,198807_SD,SHOVEL,RESULT,N,Silt/clay ,NR,S,Surface,Samples collected from exposed mudflat.  Sediments analyzed were those passing 1
1988-07-01 00:00:00,-99.0,-99.0,USGS_CLAM,PAPlant,198807_TS,HAND,RESULT,Y,NR,NR,T,NA,Clam samples collected from exposed mudflat.  
1988-08-01 00:00:00,0.0,2.0,USGS_CLAM,PAPlant,198808_SD,SHOVEL,RESULT,N,Silt/clay ,NR,S,Surface,Samples collected from exposed mudflat.  Sediments analyzed were those passing 1
1988-08-01 00:00:00,-99.0,-99.0,USGS_CLAM,PAPlant,198808_TS,HAND,RESULT,Y,NR,NR,T,NA,Clam samples collected from exposed mudflat.  
1988-10-01 00:00:00,0.0,2.0,USGS_CLAM,PAPlant,198810_SD,SHOVEL,RESULT,N,Silt/clay ,NR,S,Surface,Samples collected from exposed mudflat.  Sediments analyzed were those passing 1
1988-10-01 00:00:00,-99.0,-99.0,USGS_CLAM,PAPlant,198810_TS,HAND,RESULT,Y,NR,NR,T,NA,Clam samples collected from exposed mudflat.  
1988-11-01 00:00:00,0.0,2.0,USGS_CLAM,PAPlant,198811_SD,SHOVEL,RESULT,N,Silt/clay ,NR,S,Surface,Samples collected from exposed mudflat.  Sediments analyzed were those passing 1
1988-11-01 00:00:00,-99.0,-99.0,USGS_CLAM,PAPlant,198811_TS,HAND,RESULT,Y,NR,NR,T,NA,Clam samples collected from exposed mudflat.  
1989-01-01 00:00:00,0.0,2.0,USGS_CLAM,PAPlant,198901_SD,SHOVEL,RESULT,N,Silt/clay ,NR,S,Surface,Samples collected from exposed mudflat.  Sediments analyzed were those passing 1
1989-01-01 00:00:00,-99.0,-99.0,USGS_CLAM,PAPlant,198901_TS,HAND,RESULT,Y,NR,NR,T,NA,Clam samples collected from exposed mudflat.  
1989-02-01 00:00:00,0.0,2.0,USGS_CLAM,PAPlant,198902_SD,SHOVEL,RESULT,N,Silt/clay ,NR,S,Surface,Samples collected from exposed mudflat.  Sediments analyzed were those passing 1
1989-02-01 00:00:00,-99.0,-99.0,USGS_CLAM,PAPlant,198902_TS,HAND,RESULT,Y,NR,NR,T,NA,Clam samples collected from exposed mudflat.  
1989-03-01 00:00:00,0.0,2.0,USGS_CLAM,PAPlant,198903_SD,SHOVEL,RESULT,N,Silt/clay ,NR,S,Surface,Samples collected from exposed mudflat.  Sediments analyzed were those passing 1
1989-03-01 00:00:00,-99.0,-99.0,USGS_CLAM,PAPlant,198903_TS,HAND,RESULT,Y,NR,NR,T,NA,Clam samples collected from exposed mudflat.  
1989-04-01 00:00:00,0.0,2.0,USGS_CLAM,PAPlant,198904_SD,SHOVEL,RESULT,N,Silt/clay ,NR,S,Surface,Samples collected from exposed mudflat.  Sediments analyzed were those passing 1
1989-04-01 00:00:00,-99.0,-99.0,USGS_CLAM,PAPlant,198904_TS,HAND,RESULT,Y,NR,NR,T,NA,Clam samples collected from exposed mudflat.  
1989-05-01 00:00:00,0.0,2.0,USGS_CLAM,PAPlant,198905_SD,SHOVEL,RESULT,N,Silt/clay ,NR,S,Surface,Samples collected from exposed mudflat.  Sediments analyzed were those passing 1
1989-05-01 00:00:00,-99.0,-99.0,USGS_CLAM,PAPlant,198905_TS,HAND,RESULT,Y,NR,NR,T,NA,Clam samples collected from exposed mudflat.  
1989-06-01 00:00:00,-99.0,-99.0,USGS_CLAM,PAPlant,198906_TS,HAND,RESULT,Y,NR,NR,T,NA,Clam samples collected from exposed mudflat.  
1989-08-01 00:00:00,0.0,2.0,USGS_CLAM,PAPlant,198908_SD,SHOVEL,RESULT,N,Silt/clay ,NR,S,Surface,Samples collected from exposed mudflat.  Sediments analyzed were those passing 1
1989-08-01 00:00:00,-99.0,-99.0,USGS_CLAM,PAPlant,198908_TS,HAND,RESULT,Y,NR,NR,T,NA,Clam samples collected from exposed mudflat.  
1989-10-01 00:00:00,0.0,2.0,USGS_CLAM,PAPlant,198910_SD,SHOVEL,RESULT,N,Silt/clay ,NR,S,Surface,Samples collected from exposed mudflat.  Sediments analyzed were those passing 1
1989-10-01 00:00:00,-99.0,-99.0,USGS_CLAM,PAPlant,198910_TS,HAND,RESULT,Y,NR,NR,T,NA,Clam samples collected from exposed mudflat.  
1989-12-01 00:00:00,0.0,2.0,USGS_CLAM,PAPlant,198912_SD,SHOVEL,RESULT,N,Silt/clay ,NR,S,Surface,Samples collected from exposed mudflat.  Sediments analyzed were those passing 1
1989-12-01 00:00:00,-99.0,-99.0,USGS_CLAM,PAPlant,198912_TS,HAND,RESULT,Y,NR,NR,T,NA,Clam samples collected from exposed mudflat.  
1990-01-01 00:00:00,0.0,2.0,USGS_CLAM,PAPlant,199001_SD,SHOVEL,RESULT,N,Silt/clay ,NR,S,Surface,Samples collected from exposed mudflat.  Sediments analyzed were those passing 1
1990-01-01 00:00:00,-99.0,-99.0,USGS_CLAM,PAPlant,199001_TS,HAND,RESULT,Y,NR,NR,T,NA,Clam samples collected from exposed mudflat.  
1990-02-01 00:00:00,0.0,2.0,USGS_CLAM,PAPlant,199002_SD,SHOVEL,RESULT,N,Silt/clay ,NR,S,Surface,Samples collected from exposed mudflat.  Sediments analyzed were those passing 1
1990-02-01 00:00:00,-99.0,-99.0,USGS_CLAM,PAPlant,199002_TS,HAND,RESULT,Y,NR,NR,T,NA,Clam samples collected from exposed mudflat.  
1990-03-01 00:00:00,0.0,2.0,USGS_CLAM,PAPlant,199003_SD,SHOVEL,RESULT,N,Silt/clay ,NR,S,Surface,Samples collected from exposed mudflat.  Sediments analyzed were those passing 1
1990-03-01 00:00:00,-99.0,-99.0,USGS_CLAM,PAPlant,199003_TS,HAND,RESULT,Y,NR,NR,T,NA,Clam samples collected from exposed mudflat.  
1990-05-01 00:00:00,0.0,2.0,USGS_CLAM,PAPlant,199005_SD,SHOVEL,RESULT,N,Silt/clay ,NR,S,Surface,Samples collected from exposed mudflat.  Sediments analyzed were those passing 1
1990-05-01 00:00:00,-99.0,-99.0,USGS_CLAM,PAPlant,199005_TS,HAND,RESULT,Y,NR,NR,T,NA,Clam samples collected from exposed mudflat.  
1990-06-01 00:00:00,0.0,2.0,USGS_CLAM,PAPlant,199006_SD,SHOVEL,RESULT,N,Silt/clay ,NR,S,Surface,Samples collected from exposed mudflat.  Sediments analyzed were those passing 1
1990-06-01 00:00:00,-99.0,-99.0,USGS_CLAM,PAPlant,199006_TS,HAND,RESULT,Y,NR,NR,T,NA,Clam samples collected from exposed mudflat.  
1990-07-01 00:00:00,0.0,2.0,USGS_CLAM,PAPlant,199007_SD,SHOVEL,RESULT,N,Silt/clay ,NR,S,Surface,Samples collected from exposed mudflat.  Sediments analyzed were those passing 1
1990-07-01 00:00:00,-99.0,-99.0,USGS_CLAM,PAPlant,199007_TS,HAND,RESULT,Y,NR,NR,T,NA,Clam samples collected from exposed mudflat.  
1990-09-01 00:00:00,0.0,2.0,USGS_CLAM,PAPlant,199009_SD,SHOVEL,RESULT,N,Silt/clay ,NR,S,Surface,Samples collected from exposed mudflat.  Sediments analyzed were those passing 1
1990-09-01 00:00:00,-99.0,-99.0,USGS_CLAM,PAPlant,199009_TS,HAND,RESULT,Y,NR,NR,T,NA,Clam samples collected from exposed mudflat.  
1990-10-01 00:00:00,0.0,2.0,USGS_CLAM,PAPlant,199010_SD,SHOVEL,RESULT,N,Silt/clay ,NR,S,Surface,Samples collected from exposed mudflat.  Sediments analyzed were those passing 1
1990-10-01 00:00:00,-99.0,-99.0,USGS_CLAM,PAPlant,199010_TS,HAND,RESULT,Y,NR,NR,T,NA,Clam samples collected from exposed mudflat.  
1990-12-01 00:00:00,0.0,2.0,USGS_CLAM,PAPlant,199012_SD,SHOVEL,RESULT,N,Silt/clay ,NR,S,Surface,Samples collected from exposed mudflat.  Sediments analyzed were those passing 1
1990-12-01 00:00:00,-99.0,-99.0,USGS_CLAM,PAPlant,199012_TS,HAND,RESULT,Y,NR,NR,T,NA,Clam samples collected from exposed mudflat.  
1991-01-01 00:00:00,0.0,2.0,USGS_CLAM,PAPlant,199101_SD,SHOVEL,RESULT,N,Silt/clay ,NR,S,Surface,Samples collected from exposed mudflat.  Sediments analyzed were those passing 1
1991-01-01 00:00:00,-99.0,-99.0,USGS_CLAM,PAPlant,199101_TS,HAND,RESULT,Y,NR,NR,T,NA,Clam samples collected from exposed mudflat.  
1991-03-01 00:00:00,0.0,2.0,USGS_CLAM,PAPlant,199103_SD,SHOVEL,RESULT,N,Silt/clay ,NR,S,Surface,Samples collected from exposed mudflat.  Sediments analyzed were those passing 1
1991-03-01 00:00:00,-99.0,-99.0,USGS_CLAM,PAPlant,199103_TS,HAND,RESULT,Y,NR,NR,T,NA,Clam samples collected from exposed mudflat.  
1991-04-01 00:00:00,0.0,2.0,USGS_CLAM,PAPlant,199104_SD,SHOVEL,RESULT,N,Silt/clay ,NR,S,Surface,Samples collected from exposed mudflat.  Sediments analyzed were those passing 1
1991-04-01 00:00:00,-99.0,-99.0,USGS_CLAM,PAPlant,199104_TS,HAND,RESULT,Y,NR,NR,T,NA,Clam samples collected from exposed mudflat.  
1991-05-01 00:00:00,0.0,2.0,USGS_CLAM,PAPlant,199105_SD,SHOVEL,RESULT,N,Silt/clay ,NR,S,Surface,Samples collected from exposed mudflat.  Sediments analyzed were those passing 1
1991-05-01 00:00:00,-99.0,-99.0,USGS_CLAM,PAPlant,199105_TS,HAND,RESULT,Y,NR,NR,T,NA,Clam samples collected from exposed mudflat.  
1991-06-01 00:00:00,0.0,2.0,USGS_CLAM,PAPlant,199106_SD,SHOVEL,RESULT,N,Silt/clay ,NR,S,Surface,Samples collected from exposed mudflat.  Sediments analyzed were those passing 1
1991-06-01 00:00:00,-99.0,-99.0,USGS_CLAM,PAPlant,199106_TS,HAND,RESULT,Y,NR,NR,T,NA,Clam samples collected from exposed mudflat.  
1991-07-01 00:00:00,0.0,2.0,USGS_CLAM,PAPlant,199107_SD,SHOVEL,RESULT,N,Silt/clay ,NR,S,Surface,Samples collected from exposed mudflat.  Sediments analyzed were those passing 1
1991-07-01 00:00:00,-99.0,-99.0,USGS_CLAM,PAPlant,199107_TS,HAND,RESULT,Y,NR,NR,T,NA,Clam samples collected from exposed mudflat.  
1991-08-01 00:00:00,0.0,2.0,USGS_CLAM,PAPlant,199108_SD,SHOVEL,RESULT,N,Silt/clay ,NR,S,Surface,Samples collected from exposed mudflat.  Sediments analyzed were those passing 1
1991-08-01 00:00:00,-99.0,-99.0,USGS_CLAM,PAPlant,199108_TS,HAND,RESULT,Y,NR,NR,T,NA,Clam samples collected from exposed mudflat.  
1991-09-01 00:00:00,0.0,2.0,USGS_CLAM,PAPlant,199109_SD,SHOVEL,RESULT,N,Silt/clay ,NR,S,Surface,Samples collected from exposed mudflat.  Sediments analyzed were those passing 1
1991-09-01 00:00:00,-99.0,-99.0,USGS_CLAM,PAPlant,199109_TS,HAND,RESULT,Y,NR,NR,T,NA,Clam samples collected from exposed mudflat.  
1991-11-01 00:00:00,0.0,2.0,USGS_CLAM,PAPlant,199111_SD,SHOVEL,RESULT,N,Silt/clay ,NR,S,Surface,Samples collected from exposed mudflat.  Sediments analyzed were those passing 1
1991-11-01 00:00:00,-99.0,-99.0,USGS_CLAM,PAPlant,199111_TS,HAND,RESULT,Y,NR,NR,T,NA,Clam samples collected from exposed mudflat.  
1991-12-01 00:00:00,0.0,2.0,USGS_CLAM,PAPlant,199112_SD,SHOVEL,RESULT,N,Silt/clay ,NR,S,Surface,Samples collected from exposed mudflat.  Sediments analyzed were those passing 1
1991-12-01 00:00:00,-99.0,-99.0,USGS_CLAM,PAPlant,199112_TS,HAND,RESULT,Y,NR,NR,T,NA,Clam samples collected from exposed mudflat.  
1992-01-01 00:00:00,0.0,2.0,USGS_CLAM,PAPlant,199201_SD,SHOVEL,RESULT,N,Silt/clay ,NR,S,Surface,Samples collected from exposed mudflat.  Sediments analyzed were those passing 1
1992-01-01 00:00:00,-99.0,-99.0,USGS_CLAM,PAPlant,199201_TS,HAND,RESULT,Y,NR,NR,T,NA,Clam samples collected from exposed mudflat.  
1992-02-01 00:00:00,0.0,2.0,USGS_CLAM,PAPlant,199202_SD,SHOVEL,RESULT,N,Silt/clay ,NR,S,Surface,Samples collected from exposed mudflat.  Sediments analyzed were those passing 1
1992-02-01 00:00:00,-99.0,-99.0,USGS_CLAM,PAPlant,199202_TS,HAND,RESULT,Y,NR,NR,T,NA,Clam samples collected from exposed mudflat.  
1992-03-01 00:00:00,0.0,2.0,USGS_CLAM,PAPlant,199203_SD,SHOVEL,RESULT,N,Silt/clay ,NR,S,Surface,Samples collected from exposed mudflat.  Sediments analyzed were those passing 1
1992-03-01 00:00:00,-99.0,-99.0,USGS_CLAM,PAPlant,199203_TS,HAND,RESULT,Y,NR,NR,T,NA,Clam samples collected from exposed mudflat.  
1992-05-01 00:00:00,0.0,2.0,USGS_CLAM,PAPlant,199205_SD,SHOVEL,RESULT,N,Silt/clay ,NR,S,Surface,Samples collected from exposed mudflat.  Sediments analyzed were those passing 1
1992-05-01 00:00:00,-99.0,-99.0,USGS_CLAM,PAPlant,199205_TS,HAND,RESULT,Y,NR,NR,T,NA,Clam samples collected from exposed mudflat.  
1992-06-01 00:00:00,0.0,2.0,USGS_CLAM,PAPlant,199206_SD,SHOVEL,RESULT,N,Silt/clay ,NR,S,Surface,Samples collected from exposed mudflat.  Sediments analyzed were those passing 1
1992-06-01 00:00:00,-99.0,-99.0,USGS_CLAM,PAPlant,199206_TS,HAND,RESULT,Y,NR,NR,T,NA,Clam samples collected from exposed mudflat.  
1992-07-01 00:00:00,0.0,2.0,USGS_CLAM,PAPlant,199207_SD,SHOVEL,RESULT,N,Silt/clay ,NR,S,Surface,Samples collected from exposed mudflat.  Sediments analyzed were those passing 1
1992-07-01 00:00:00,-99.0,-99.0,USGS_CLAM,PAPlant,199207_TS,HAND,RESULT,Y,NR,NR,T,NA,Clam samples collected from exposed mudflat.  
1992-08-01 00:00:00,0.0,2.0,USGS_CLAM,PAPlant,199208_SD,SHOVEL,RESULT,N,Silt/clay ,NR,S,Surface,Samples collected from exposed mudflat.  Sediments analyzed were those passing 1
1992-08-01 00:00:00,-99.0,-99.0,USGS_CLAM,PAPlant,199208_TS,HAND,RESULT,Y,NR,NR,T,NA,Clam samples collected from exposed mudflat.  
1992-10-01 00:00:00,0.0,2.0,USGS_CLAM,PAPlant,199210_SD,SHOVEL,RESULT,N,Silt/clay ,NR,S,Surface,Samples collected from exposed mudflat.  Sediments analyzed were those passing 1
1992-10-01 00:00:00,-99.0,-99.0,USGS_CLAM,PAPlant,199210_TS,HAND,RESULT,Y,NR,NR,T,NA,Clam samples collected from exposed mudflat.  
1992-11-01 00:00:00,0.0,2.0,USGS_CLAM,PAPlant,199211_SD,SHOVEL,RESULT,N,Silt/clay ,NR,S,Surface,Samples collected from exposed mudflat.  Sediments analyzed were those passing 1
1992-11-01 00:00:00,-99.0,-99.0,USGS_CLAM,PAPlant,199211_TS,HAND,RESULT,Y,NR,NR,T,NA,Clam samples collected from exposed mudflat.  
1992-12-01 00:00:00,0.0,2.0,USGS_CLAM,PAPlant,199212_SD,SHOVEL,RESULT,N,Silt/clay ,NR,S,Surface,Samples collected from exposed mudflat.  Sediments analyzed were those passing 1
1992-12-01 00:00:00,-99.0,-99.0,USGS_CLAM,PAPlant,199212_TS,HAND,RESULT,Y,NR,NR,T,NA,Clam samples collected from exposed mudflat.  
1993-01-01 00:00:00,0.0,2.0,USGS_CLAM,PAPlant,199301_SD,SHOVEL,RESULT,N,Silt/clay ,NR,S,Surface,Samples collected from exposed mudflat.  Sediments analyzed were those passing 1
1993-01-01 00:00:00,-99.0,-99.0,USGS_CLAM,PAPlant,199301_TS,HAND,RESULT,Y,NR,NR,T,NA,Clam samples collected from exposed mudflat.  
1993-02-01 00:00:00,0.0,2.0,USGS_CLAM,PAPlant,199302_SD,SHOVEL,RESULT,N,Silt/clay ,NR,S,Surface,Samples collected from exposed mudflat.  Sediments analyzed were those passing 1
1993-02-01 00:00:00,-99.0,-99.0,USGS_CLAM,PAPlant,199302_TS,HAND,RESULT,Y,NR,NR,T,NA,Clam samples collected from exposed mudflat.  
1993-03-01 00:00:00,0.0,2.0,USGS_CLAM,PAPlant,199303_SD,SHOVEL,RESULT,N,Silt/clay ,NR,S,Surface,Samples collected from exposed mudflat.  Sediments analyzed were those passing 1
1993-03-01 00:00:00,-99.0,-99.0,USGS_CLAM,PAPlant,199303_TS,HAND,RESULT,Y,NR,NR,T,NA,Clam samples collected from exposed mudflat.  
1993-04-01 00:00:00,0.0,2.0,USGS_CLAM,PAPlant,199304_SD,SHOVEL,RESULT,N,Silt/clay ,NR,S,Surface,Samples collected from exposed mudflat.  Sediments analyzed were those passing 1
1993-05-01 00:00:00,0.0,2.0,USGS_CLAM,PAPlant,199305_SD,SHOVEL,RESULT,N,Silt/clay ,NR,S,Surface,Samples collected from exposed mudflat.  Sediments analyzed were those passing 1
1993-05-01 00:00:00,-99.0,-99.0,USGS_CLAM,PAPlant,199305_TS,HAND,RESULT,Y,NR,NR,T,NA,Clam samples collected from exposed mudflat.  
1993-06-01 00:00:00,0.0,2.0,USGS_CLAM,PAPlant,199306_SD,SHOVEL,RESULT,N,Silt/clay ,NR,S,Surface,Samples collected from exposed mudflat.  Sediments analyzed were those passing 1
1993-07-01 00:00:00,0.0,2.0,USGS_CLAM,PAPlant,199307_SD,SHOVEL,RESULT,N,Silt/clay ,NR,S,Surface,Samples collected from exposed mudflat.  Sediments analyzed were those passing 1
1993-08-01 00:00:00,0.0,2.0,USGS_CLAM,PAPlant,199308_SD,SHOVEL,RESULT,N,Silt/clay ,NR,S,Surface,Samples collected from exposed mudflat.  Sediments analyzed were those passing 1
1993-08-01 00:00:00,-99.0,-99.0,USGS_CLAM,PAPlant,199308_TS,HAND,RESULT,Y,NR,NR,T,NA,Clam samples collected from exposed mudflat.  
1993-09-01 00:00:00,0.0,2.0,USGS_CLAM,PAPlant,199309_SD,SHOVEL,RESULT,N,Silt/clay ,NR,S,Surface,Samples collected from exposed mudflat.  Sediments analyzed were those passing 1
1993-09-01 00:00:00,-99.0,-99.0,USGS_CLAM,PAPlant,199309_TS,HAND,RESULT,Y,NR,NR,T,NA,Clam samples collected from exposed mudflat.  
1993-10-01 00:00:00,0.0,2.0,USGS_CLAM,PAPlant,199310_SD,SHOVEL,RESULT,N,Silt/clay ,NR,S,Surface,Samples collected from exposed mudflat.  Sediments analyzed were those passing 1
1993-10-01 00:00:00,-99.0,-99.0,USGS_CLAM,PAPlant,199310_TS,HAND,RESULT,Y,NR,NR,T,NA,Clam samples collected from exposed mudflat.  
1993-11-01 00:00:00,0.0,2.0,USGS_CLAM,PAPlant,199311_SD,SHOVEL,RESULT,N,Silt/clay ,NR,S,Surface,Samples collected from exposed mudflat.  Sediments analyzed were those passing 1
1993-11-01 00:00:00,-99.0,-99.0,USGS_CLAM,PAPlant,199311_TS,HAND,RESULT,Y,NR,NR,T,NA,Clam samples collected from exposed mudflat.  
1994-01-01 00:00:00,0.0,2.0,USGS_CLAM,PAPlant,199401_SD,SHOVEL,RESULT,N,Silt/clay ,NR,S,Surface,Samples collected from exposed mudflat.  Sediments analyzed were those passing 1
1994-01-01 00:00:00,-99.0,-99.0,USGS_CLAM,PAPlant,199401_TS,HAND,RESULT,Y,NR,NR,T,NA,Clam samples collected from exposed mudflat.  
1994-02-01 00:00:00,0.0,2.0,USGS_CLAM,PAPlant,199402_SD,SHOVEL,RESULT,N,Silt/clay ,NR,S,Surface,Samples collected from exposed mudflat.  Sediments analyzed were those passing 1
1994-02-01 00:00:00,-99.0,-99.0,USGS_CLAM,PAPlant,199402_TS,HAND,RESULT,Y,NR,NR,T,NA,Clam samples collected from exposed mudflat.  
1994-03-01 00:00:00,0.0,2.0,USGS_CLAM,PAPlant,199403_SD,SHOVEL,RESULT,N,Silt/clay ,NR,S,Surface,Samples collected from exposed mudflat.  Sediments analyzed were those passing 1
1994-03-01 00:00:00,-99.0,-99.0,USGS_CLAM,PAPlant,199403_TS,HAND,RESULT,Y,NR,NR,T,NA,Clam samples collected from exposed mudflat.  
1994-04-01 00:00:00,0.0,2.0,USGS_CLAM,PAPlant,199404_SD,SHOVEL,RESULT,N,Silt/clay ,NR,S,Surface,Samples collected from exposed mudflat.  Sediments analyzed were those passing 1
1994-04-01 00:00:00,-99.0,-99.0,USGS_CLAM,PAPlant,199404_TS,HAND,RESULT,Y,NR,NR,T,NA,Clam samples collected from exposed mudflat.  
1994-06-01 00:00:00,0.0,2.0,USGS_CLAM,PAPlant,199406_SD,SHOVEL,RESULT,N,Silt/clay ,NR,S,Surface,Samples collected from exposed mudflat.  Sediments analyzed were those passing 1
1994-06-01 00:00:00,-99.0,-99.0,USGS_CLAM,PAPlant,199406_TS,HAND,RESULT,Y,NR,NR,T,NA,Clam samples collected from exposed mudflat.  
1994-09-01 00:00:00,0.0,2.0,USGS_CLAM,PAPlant,199409_SD,SHOVEL,RESULT,N,Silt/clay ,NR,S,Surface,Samples collected from exposed mudflat.  Sediments analyzed were those passing 1
1994-09-01 00:00:00,-99.0,-99.0,USGS_CLAM,PAPlant,199409_TS,HAND,RESULT,Y,NR,NR,T,NA,Clam samples collected from exposed mudflat.  
1994-10-01 00:00:00,0.0,2.0,USGS_CLAM,PAPlant,199410_SD,SHOVEL,RESULT,N,Silt/clay ,NR,S,Surface,Samples collected from exposed mudflat.  Sediments analyzed were those passing 1
1994-10-01 00:00:00,-99.0,-99.0,USGS_CLAM,PAPlant,199410_TS,HAND,RESULT,Y,NR,NR,T,NA,Clam samples collected from exposed mudflat.  
1994-12-01 00:00:00,0.0,2.0,USGS_CLAM,PAPlant,199412_SD,SHOVEL,RESULT,N,Silt/clay ,NR,S,Surface,Samples collected from exposed mudflat.  Sediments analyzed were those passing 1
1994-12-01 00:00:00,-99.0,-99.0,USGS_CLAM,PAPlant,199412_TS,HAND,RESULT,Y,NR,NR,T,NA,Clam samples collected from exposed mudflat.  
1995-01-01 00:00:00,0.0,2.0,USGS_CLAM,PAPlant,199501_SD,SHOVEL,RESULT,N,Silt/clay ,NR,S,Surface,Samples collected from exposed mudflat.  Sediments analyzed were those passing 1
1995-01-01 00:00:00,-99.0,-99.0,USGS_CLAM,PAPlant,199501_TS,HAND,RESULT,Y,NR,NR,T,NA,Clam samples collected from exposed mudflat.  
1995-02-01 00:00:00,0.0,2.0,USGS_CLAM,PAPlant,199502_SD,SHOVEL,RESULT,N,Silt/clay ,NR,S,Surface,Samples collected from exposed mudflat.  Sediments analyzed were those passing 1
1995-02-01 00:00:00,-99.0,-99.0,USGS_CLAM,PAPlant,199502_TS,HAND,RESULT,Y,NR,NR,T,NA,Clam samples collected from exposed mudflat.  
1995-03-01 00:00:00,0.0,2.0,USGS_CLAM,PAPlant,199503_SD,SHOVEL,RESULT,N,Silt/clay ,NR,S,Surface,Samples collected from exposed mudflat.  Sediments analyzed were those passing 1
1995-03-01 00:00:00,-99.0,-99.0,USGS_CLAM,PAPlant,199503_TS,HAND,RESULT,Y,NR,NR,T,NA,Clam samples collected from exposed mudflat.  
1995-04-01 00:00:00,0.0,2.0,USGS_CLAM,PAPlant,199504_SD,SHOVEL,RESULT,N,Silt/clay ,NR,S,Surface,Samples collected from exposed mudflat.  Sediments analyzed were those passing 1
1995-04-01 00:00:00,-99.0,-99.0,USGS_CLAM,PAPlant,199504_TS,HAND,RESULT,Y,NR,NR,T,NA,Clam samples collected from exposed mudflat.  
1995-06-01 00:00:00,0.0,2.0,USGS_CLAM,PAPlant,199506_SD,SHOVEL,RESULT,N,Silt/clay ,NR,S,Surface,Samples collected from exposed mudflat.  Sediments analyzed were those passing 1
1995-06-01 00:00:00,-99.0,-99.0,USGS_CLAM,PAPlant,199506_TS,HAND,RESULT,Y,NR,NR,T,NA,Clam samples collected from exposed mudflat.  
1995-07-01 00:00:00,0.0,2.0,USGS_CLAM,PAPlant,199507_SD,SHOVEL,RESULT,N,Silt/clay ,NR,S,Surface,Samples collected from exposed mudflat.  Sediments analyzed were those passing 1
1995-07-01 00:00:00,-99.0,-99.0,USGS_CLAM,PAPlant,199507_TS,HAND,RESULT,Y,NR,NR,T,NA,Clam samples collected from exposed mudflat.  
1995-08-01 00:00:00,0.0,2.0,USGS_CLAM,PAPlant,199508_SD,SHOVEL,RESULT,N,Silt/clay ,NR,S,Surface,Samples collected from exposed mudflat.  Sediments analyzed were those passing 1
1995-08-01 00:00:00,-99.0,-99.0,USGS_CLAM,PAPlant,199508_TS,HAND,RESULT,Y,NR,NR,T,NA,Clam samples collected from exposed mudflat.  
1995-09-01 00:00:00,0.0,2.0,USGS_CLAM,PAPlant,199509_SD,SHOVEL,RESULT,N,Silt/clay ,NR,S,Surface,Samples collected from exposed mudflat.  Sediments analyzed were those passing 1
1995-09-01 00:00:00,-99.0,-99.0,USGS_CLAM,PAPlant,199509_TS,HAND,RESULT,Y,NR,NR,T,NA,Clam samples collected from exposed mudflat.  
1995-10-01 00:00:00,0.0,2.0,USGS_CLAM,PAPlant,199510_SD,SHOVEL,RESULT,N,Silt/clay ,NR,S,Surface,Samples collected from exposed mudflat.  Sediments analyzed were those passing 1
1995-10-01 00:00:00,-99.0,-99.0,USGS_CLAM,PAPlant,199510_TS,HAND,RESULT,Y,NR,NR,T,NA,Clam samples collected from exposed mudflat.  
1995-12-01 00:00:00,0.0,2.0,USGS_CLAM,PAPlant,199512_SD,SHOVEL,RESULT,N,Silt/clay ,NR,S,Surface,Samples collected from exposed mudflat.  Sediments analyzed were those passing 1
1995-12-01 00:00:00,-99.0,-99.0,USGS_CLAM,PAPlant,199512_TS,HAND,RESULT,Y,NR,NR,T,NA,Clam samples collected from exposed mudflat.  
1996-01-01 00:00:00,0.0,2.0,USGS_CLAM,PAPlant,199601_SD,SHOVEL,RESULT,N,Silt/clay ,NR,S,Surface,Samples collected from exposed mudflat.  Sediments analyzed were those passing 1
1996-01-01 00:00:00,-99.0,-99.0,USGS_CLAM,PAPlant,199601_TS,HAND,RESULT,Y,NR,NR,T,NA,Clam samples collected from exposed mudflat.  
1996-02-01 00:00:00,0.0,2.0,USGS_CLAM,PAPlant,199602_SD,SHOVEL,RESULT,N,Silt/clay ,NR,S,Surface,Samples collected from exposed mudflat.  Sediments analyzed were those passing 1
1996-02-01 00:00:00,-99.0,-99.0,USGS_CLAM,PAPlant,199602_TS,HAND,RESULT,Y,NR,NR,T,NA,Clam samples collected from exposed mudflat.  
1996-03-01 00:00:00,0.0,2.0,USGS_CLAM,PAPlant,199603_SD,SHOVEL,RESULT,N,Silt/clay ,NR,S,Surface,Samples collected from exposed mudflat.  Sediments analyzed were those passing 1
1996-03-01 00:00:00,-99.0,-99.0,USGS_CLAM,PAPlant,199603_TS,HAND,RESULT,Y,NR,NR,T,NA,Clam samples collected from exposed mudflat.  
1996-04-01 00:00:00,0.0,2.0,USGS_CLAM,PAPlant,199604_SD,SHOVEL,RESULT,N,Silt/clay ,NR,S,Surface,Samples collected from exposed mudflat.  Sediments analyzed were those passing 1
1996-04-01 00:00:00,-99.0,-99.0,USGS_CLAM,PAPlant,199604_TS,HAND,RESULT,Y,NR,NR,T,NA,Clam samples collected from exposed mudflat.  
1996-06-01 00:00:00,0.0,2.0,USGS_CLAM,PAPlant,199606_SD,SHOVEL,RESULT,N,Silt/clay ,NR,S,Surface,Samples collected from exposed mudflat.  Sediments analyzed were those passing 1
1996-06-01 00:00:00,-99.0,-99.0,USGS_CLAM,PAPlant,199606_TS,HAND,RESULT,Y,NR,NR,T,NA,Clam samples collected from exposed mudflat.  
1996-09-01 00:00:00,0.0,2.0,USGS_CLAM,PAPlant,199609_SD,SHOVEL,RESULT,N,Silt/clay ,NR,S,Surface,Samples collected from exposed mudflat.  Sediments analyzed were those passing 1
1996-09-01 00:00:00,-99.0,-99.0,USGS_CLAM,PAPlant,199609_TS,HAND,RESULT,Y,NR,NR,T,NA,Clam samples collected from exposed mudflat.  
1996-12-01 00:00:00,0.0,2.0,USGS_CLAM,PAPlant,199612_SD,SHOVEL,RESULT,N,Silt/clay ,NR,S,Surface,Samples collected from exposed mudflat.  Sediments analyzed were those passing 1
1996-12-01 00:00:00,-99.0,-99.0,USGS_CLAM,PAPlant,199612_TS,HAND,RESULT,Y,NR,NR,T,NA,Clam samples collected from exposed mudflat.  
1997-01-01 00:00:00,0.0,2.0,USGS_CLAM,PAPlant,199701_SD,SHOVEL,RESULT,N,Silt/clay ,NR,S,Surface,Samples collected from exposed mudflat.  Sediments analyzed were those passing 1
1997-01-01 00:00:00,-99.0,-99.0,USGS_CLAM,PAPlant,199701_TS,HAND,RESULT,Y,NR,NR,T,NA,Clam samples collected from exposed mudflat.  
1997-02-01 00:00:00,0.0,2.0,USGS_CLAM,PAPlant,199702_SD,SHOVEL,RESULT,N,Silt/clay ,NR,S,Surface,Samples collected from exposed mudflat.  Sediments analyzed were those passing 1
1997-02-01 00:00:00,-99.0,-99.0,USGS_CLAM,PAPlant,199702_TS,HAND,RESULT,Y,NR,NR,T,NA,Clam samples collected from exposed mudflat.  
1997-03-01 00:00:00,0.0,2.0,USGS_CLAM,PAPlant,199703_SD,SHOVEL,RESULT,N,Silt/clay ,NR,S,Surface,Samples collected from exposed mudflat.  Sediments analyzed were those passing 1
1997-03-01 00:00:00,-99.0,-99.0,USGS_CLAM,PAPlant,199703_TS,HAND,RESULT,Y,NR,NR,T,NA,Clam samples collected from exposed mudflat.  
1997-04-01 00:00:00,0.0,2.0,USGS_CLAM,PAPlant,199704_SD,SHOVEL,RESULT,N,Silt/clay ,NR,S,Surface,Samples collected from exposed mudflat.  Sediments analyzed were those passing 1
1997-04-01 00:00:00,-99.0,-99.0,USGS_CLAM,PAPlant,199704_TS,HAND,RESULT,Y,NR,NR,T,NA,Clam samples collected from exposed mudflat.  
1997-06-01 00:00:00,0.0,2.0,USGS_CLAM,PAPlant,199706_SD,SHOVEL,RESULT,N,Silt/clay ,NR,S,Surface,Samples collected from exposed mudflat.  Sediments analyzed were those passing 1
1997-06-01 00:00:00,-99.0,-99.0,USGS_CLAM,PAPlant,199706_TS,HAND,RESULT,Y,NR,NR,T,NA,Clam samples collected from exposed mudflat.  
1997-09-01 00:00:00,0.0,2.0,USGS_CLAM,PAPlant,199709_SD,SHOVEL,RESULT,N,Silt/clay ,NR,S,Surface,Samples collected from exposed mudflat.  Sediments analyzed were those passing 1
1997-09-01 00:00:00,-99.0,-99.0,USGS_CLAM,PAPlant,199709_TS,HAND,RESULT,Y,NR,NR,T,NA,Clam samples collected from exposed mudflat.  
1997-10-01 00:00:00,0.0,2.0,USGS_CLAM,PAPlant,199710_SD,SHOVEL,RESULT,N,Silt/clay ,NR,S,Surface,Samples collected from exposed mudflat.  Sediments analyzed were those passing 1
1997-10-01 00:00:00,-99.0,-99.0,USGS_CLAM,PAPlant,199710_TS,HAND,RESULT,Y,NR,NR,T,NA,Clam samples collected from exposed mudflat.  
1997-12-01 00:00:00,0.0,2.0,USGS_CLAM,PAPlant,199712_SD,SHOVEL,RESULT,N,Silt/clay ,NR,S,Surface,Samples collected from exposed mudflat.  Sediments analyzed were those passing 1
1997-12-01 00:00:00,-99.0,-99.0,USGS_CLAM,PAPlant,199712_TS,HAND,RESULT,Y,NR,NR,T,NA,Clam samples collected from exposed mudflat.  
1998-01-01 00:00:00,0.0,2.0,USGS_CLAM,PAPlant,199801_SD,SHOVEL,RESULT,N,Silt/clay ,NR,S,Surface,Samples collected from exposed mudflat.  Sediments analyzed were those passing 1
1998-01-01 00:00:00,-99.0,-99.0,USGS_CLAM,PAPlant,199801_TS,HAND,RESULT,Y,NR,NR,T,NA,Clam samples collected from exposed mudflat.  
1998-02-01 00:00:00,0.0,2.0,USGS_CLAM,PAPlant,199802_SD,SHOVEL,RESULT,N,Silt/clay ,NR,S,Surface,Samples collected from exposed mudflat.  Sediments analyzed were those passing 1
1998-02-01 00:00:00,-99.0,-99.0,USGS_CLAM,PAPlant,199802_TS,HAND,RESULT,Y,NR,NR,T,NA,Clam samples collected from exposed mudflat.  
1998-03-01 00:00:00,0.0,2.0,USGS_CLAM,PAPlant,199803_SD,SHOVEL,RESULT,N,Silt/clay ,NR,S,Surface,Samples collected from exposed mudflat.  Sediments analyzed were those passing 1
1998-03-01 00:00:00,-99.0,-99.0,USGS_CLAM,PAPlant,199803_TS,HAND,RESULT,Y,NR,NR,T,NA,Clam samples collected from exposed mudflat.  
1998-04-01 00:00:00,0.0,2.0,USGS_CLAM,PAPlant,199804_SD,SHOVEL,RESULT,N,Silt/clay ,NR,S,Surface,Samples collected from exposed mudflat.  Sediments analyzed were those passing 1
1998-04-01 00:00:00,-99.0,-99.0,USGS_CLAM,PAPlant,199804_TS,HAND,RESULT,Y,NR,NR,T,NA,Clam samples collected from exposed mudflat.  
1998-06-01 00:00:00,0.0,2.0,USGS_CLAM,PAPlant,199806_SD,SHOVEL,RESULT,N,Silt/clay ,NR,S,Surface,Samples collected from exposed mudflat.  Sediments analyzed were those passing 1
1998-06-01 00:00:00,-99.0,-99.0,USGS_CLAM,PAPlant,199806_TS,HAND,RESULT,Y,NR,NR,T,NA,Clam samples collected from exposed mudflat.  
1998-09-01 00:00:00,0.0,2.0,USGS_CLAM,PAPlant,199809_SD,SHOVEL,RESULT,N,Silt/clay ,NR,S,Surface,Samples collected from exposed mudflat.  Sediments analyzed were those passing 1
1998-09-01 00:00:00,-99.0,-99.0,USGS_CLAM,PAPlant,199809_TS,HAND,RESULT,Y,NR,NR,T,NA,Clam samples collected from exposed mudflat.  
1998-10-01 00:00:00,0.0,2.0,USGS_CLAM,PAPlant,199810_SD,SHOVEL,RESULT,N,Silt/clay ,NR,S,Surface,Samples collected from exposed mudflat.  Sediments analyzed were those passing 1
1998-10-01 00:00:00,-99.0,-99.0,USGS_CLAM,PAPlant,199810_TS,HAND,RESULT,Y,NR,NR,T,NA,Clam samples collected from exposed mudflat.  
1998-12-01 00:00:00,0.0,2.0,USGS_CLAM,PAPlant,199812_SD,SHOVEL,RESULT,N,Silt/clay ,NR,S,Surface,Samples collected from exposed mudflat.  Sediments analyzed were those passing 1
1998-12-01 00:00:00,-99.0,-99.0,USGS_CLAM,PAPlant,199812_TS,HAND,RESULT,Y,NR,NR,T,NA,Clam samples collected from exposed mudflat.  
1999-01-01 00:00:00,0.0,2.0,USGS_CLAM,PAPlant,199901_SD,SHOVEL,RESULT,N,Silt/clay ,NR,S,Surface,Samples collected from exposed mudflat.  Sediments analyzed were those passing 1
1999-01-01 00:00:00,-99.0,-99.0,USGS_CLAM,PAPlant,199901_TS,HAND,RESULT,Y,NR,NR,T,NA,Clam samples collected from exposed mudflat.  
1999-02-01 00:00:00,0.0,2.0,USGS_CLAM,PAPlant,199902_SD,SHOVEL,RESULT,N,Silt/clay ,NR,S,Surface,Samples collected from exposed mudflat.  Sediments analyzed were those passing 1
1999-02-01 00:00:00,-99.0,-99.0,USGS_CLAM,PAPlant,199902_TS,HAND,RESULT,Y,NR,NR,T,NA,Clam samples collected from exposed mudflat.  
1999-03-01 00:00:00,0.0,2.0,USGS_CLAM,PAPlant,199903_SD,SHOVEL,RESULT,N,Silt/clay ,NR,S,Surface,Samples collected from exposed mudflat.  Sediments analyzed were those passing 1
1999-03-01 00:00:00,-99.0,-99.0,USGS_CLAM,PAPlant,199903_TS,HAND,RESULT,Y,NR,NR,T,NA,Clam samples collected from exposed mudflat.  
1999-04-01 00:00:00,0.0,2.0,USGS_CLAM,PAPlant,199904_SD,SHOVEL,RESULT,N,Silt/clay ,NR,S,Surface,Samples collected from exposed mudflat.  Sediments analyzed were those passing 1
1999-04-01 00:00:00,-99.0,-99.0,USGS_CLAM,PAPlant,199904_TS,HAND,RESULT,Y,NR,NR,T,NA,Clam samples collected from exposed mudflat.  
1999-05-01 00:00:00,0.0,2.0,USGS_CLAM,PAPlant,199905_SD,SHOVEL,RESULT,N,Silt/clay ,NR,S,Surface,Samples collected from exposed mudflat.  Sediments analyzed were those passing 1
1999-05-01 00:00:00,-99.0,-99.0,USGS_CLAM,PAPlant,199905_TS,HAND,RESULT,Y,NR,NR,T,NA,Clam samples collected from exposed mudflat.  
1999-06-01 00:00:00,0.0,2.0,USGS_CLAM,PAPlant,199906_SD,SHOVEL,RESULT,N,Silt/clay ,NR,S,Surface,Samples collected from exposed mudflat.  Sediments analyzed were those passing 1
1999-06-01 00:00:00,-99.0,-99.0,USGS_CLAM,PAPlant,199906_TS,HAND,RESULT,Y,NR,NR,T,NA,Clam samples collected from exposed mudflat.  
1999-09-01 00:00:00,0.0,2.0,USGS_CLAM,PAPlant,199909_SD,SHOVEL,RESULT,N,Silt/clay ,NR,S,Surface,Samples collected from exposed mudflat.  Sediments analyzed were those passing 1
1999-09-01 00:00:00,-99.0,-99.0,USGS_CLAM,PAPlant,199909_TS,HAND,RESULT,Y,NR,NR,T,NA,Clam samples collected from exposed mudflat.  
1999-11-01 00:00:00,0.0,2.0,USGS_CLAM,PAPlant,199911_SD,SHOVEL,RESULT,N,Silt/clay ,NR,S,Surface,Samples collected from exposed mudflat.  Sediments analyzed were those passing 1
1999-11-01 00:00:00,-99.0,-99.0,USGS_CLAM,PAPlant,199911_TS,HAND,RESULT,Y,NR,NR,T,NA,Clam samples collected from exposed mudflat.  
1999-12-01 00:00:00,0.0,2.0,USGS_CLAM,PAPlant,199912_SD,SHOVEL,RESULT,N,Silt/clay ,NR,S,Surface,Samples collected from exposed mudflat.  Sediments analyzed were those passing 1
1999-12-01 00:00:00,-99.0,-99.0,USGS_CLAM,PAPlant,199912_TS,HAND,RESULT,Y,NR,NR,T,NA,Clam samples collected from exposed mudflat.  
2000-01-01 00:00:00,0.0,2.0,USGS_CLAM,PAPlant,200001_SD,SHOVEL,RESULT,N,Silt/clay ,NR,S,Surface,Samples collected from exposed mudflat.  Sediments analyzed were those passing 1
2000-01-01 00:00:00,-99.0,-99.0,USGS_CLAM,PAPlant,200001_TS,HAND,RESULT,Y,NR,NR,T,NA,Clam samples collected from exposed mudflat.  
2000-02-01 00:00:00,0.0,2.0,USGS_CLAM,PAPlant,200002_SD,SHOVEL,RESULT,N,Silt/clay ,NR,S,Surface,Samples collected from exposed mudflat.  Sediments analyzed were those passing 1
2000-02-01 00:00:00,-99.0,-99.0,USGS_CLAM,PAPlant,200002_TS,HAND,RESULT,Y,NR,NR,T,NA,Clam samples collected from exposed mudflat.  
2000-03-01 00:00:00,0.0,2.0,USGS_CLAM,PAPlant,200003_SD,SHOVEL,RESULT,N,Silt/clay ,NR,S,Surface,Samples collected from exposed mudflat.  Sediments analyzed were those passing 1
2000-03-01 00:00:00,-99.0,-99.0,USGS_CLAM,PAPlant,200003_TS,HAND,RESULT,Y,NR,NR,T,NA,Clam samples collected from exposed mudflat.  
2000-04-01 00:00:00,0.0,2.0,USGS_CLAM,PAPlant,200004_SD,SHOVEL,RESULT,N,Silt/clay ,NR,S,Surface,Samples collected from exposed mudflat.  Sediments analyzed were those passing 1
2000-04-01 00:00:00,-99.0,-99.0,USGS_CLAM,PAPlant,200004_TS,HAND,RESULT,Y,NR,NR,T,NA,Clam samples collected from exposed mudflat.  
2000-06-01 00:00:00,0.0,2.0,USGS_CLAM,PAPlant,200006_SD,SHOVEL,RESULT,N,Silt/clay ,NR,S,Surface,Samples collected from exposed mudflat.  Sediments analyzed were those passing 1
2000-06-01 00:00:00,-99.0,-99.0,USGS_CLAM,PAPlant,200006_TS,HAND,RESULT,Y,NR,NR,T,NA,Clam samples collected from exposed mudflat.  
2000-09-01 00:00:00,0.0,2.0,USGS_CLAM,PAPlant,200009_SD,SHOVEL,RESULT,N,Silt/clay ,NR,S,Surface,Samples collected from exposed mudflat.  Sediments analyzed were those passing 1
2000-09-01 00:00:00,-99.0,-99.0,USGS_CLAM,PAPlant,200009_TS,HAND,RESULT,Y,NR,NR,T,NA,Clam samples collected from exposed mudflat.  
2000-11-01 00:00:00,0.0,2.0,USGS_CLAM,PAPlant,200011_SD,SHOVEL,RESULT,N,Silt/clay ,NR,S,Surface,Samples collected from exposed mudflat.  Sediments analyzed were those passing 1
2000-11-01 00:00:00,-99.0,-99.0,USGS_CLAM,PAPlant,200011_TS,HAND,RESULT,Y,NR,NR,T,NA,Clam samples collected from exposed mudflat.  
2000-12-01 00:00:00,0.0,2.0,USGS_CLAM,PAPlant,200012_SD,SHOVEL,RESULT,N,Silt/clay ,NR,S,Surface,Samples collected from exposed mudflat.  Sediments analyzed were those passing 1
2000-12-01 00:00:00,-99.0,-99.0,USGS_CLAM,PAPlant,200012_TS,HAND,RESULT,Y,NR,NR,T,NA,Clam samples collected from exposed mudflat.  
2001-06-01 00:00:00,0.0,2.0,USGS_CLAM,PAPlant,200016_SD,SHOVEL,RESULT,N,Silt/clay ,NR,S,Surface,Samples collected from exposed mudflat.  Sediments analyzed were those passing 1
2001-01-01 00:00:00,0.0,2.0,USGS_CLAM,PAPlant,200101_SD,SHOVEL,RESULT,N,Silt/clay ,NR,S,Surface,Samples collected from exposed mudflat.  Sediments analyzed were those passing 1
2001-01-01 00:00:00,-99.0,-99.0,USGS_CLAM,PAPlant,200101_TS,HAND,RESULT,Y,NR,NR,T,NA,Clam samples collected from exposed mudflat.  
2001-02-01 00:00:00,0.0,2.0,USGS_CLAM,PAPlant,200102_SD,SHOVEL,RESULT,N,Silt/clay ,NR,S,Surface,Samples collected from exposed mudflat.  Sediments analyzed were those passing 1
2001-02-01 00:00:00,-99.0,-99.0,USGS_CLAM,PAPlant,200102_TS,HAND,RESULT,Y,NR,NR,T,NA,Clam samples collected from exposed mudflat.  
2001-03-01 00:00:00,0.0,2.0,USGS_CLAM,PAPlant,200103_SD,SHOVEL,RESULT,N,Silt/clay ,NR,S,Surface,Samples collected from exposed mudflat.  Sediments analyzed were those passing 1
2001-03-01 00:00:00,-99.0,-99.0,USGS_CLAM,PAPlant,200103_TS,HAND,RESULT,Y,NR,NR,T,NA,Clam samples collected from exposed mudflat.  
2001-04-01 00:00:00,0.0,2.0,USGS_CLAM,PAPlant,200104_SD,SHOVEL,RESULT,N,Silt/clay ,NR,S,Surface,Samples collected from exposed mudflat.  Sediments analyzed were those passing 1
2001-04-01 00:00:00,-99.0,-99.0,USGS_CLAM,PAPlant,200104_TS,HAND,RESULT,Y,NR,NR,T,NA,Clam samples collected from exposed mudflat.  
2001-05-01 00:00:00,0.0,2.0,USGS_CLAM,PAPlant,200105_SD,SHOVEL,RESULT,N,Silt/clay ,NR,S,Surface,Samples collected from exposed mudflat.  Sediments analyzed were those passing 1
2001-05-01 00:00:00,-99.0,-99.0,USGS_CLAM,PAPlant,200105_TS,HAND,RESULT,Y,NR,NR,T,NA,Clam samples collected from exposed mudflat.  
2001-06-01 00:00:00,-99.0,-99.0,USGS_CLAM,PAPlant,200106_TS,HAND,RESULT,Y,NR,NR,T,NA,Clam samples collected from exposed mudflat.  
2001-09-01 00:00:00,0.0,2.0,USGS_CLAM,PAPlant,200109_SD,SHOVEL,RESULT,N,Silt/clay ,NR,S,Surface,Samples collected from exposed mudflat.  Sediments analyzed were those passing 1
2001-09-01 00:00:00,-99.0,-99.0,USGS_CLAM,PAPlant,200109_TS,HAND,RESULT,Y,NR,NR,T,NA,Clam samples collected from exposed mudflat.  
2001-10-01 00:00:00,0.0,2.0,USGS_CLAM,PAPlant,200110_SD,SHOVEL,RESULT,N,Silt/clay ,NR,S,Surface,Samples collected from exposed mudflat.  Sediments analyzed were those passing 1
2001-10-01 00:00:00,-99.0,-99.0,USGS_CLAM,PAPlant,200110_TS,HAND,RESULT,Y,NR,NR,T,NA,Clam samples collected from exposed mudflat.  
2001-12-01 00:00:00,0.0,2.0,USGS_CLAM,PAPlant,200112_SD,SHOVEL,RESULT,N,Silt/clay ,NR,S,Surface,Samples collected from exposed mudflat.  Sediments analyzed were those passing 1
2001-12-01 00:00:00,-99.0,-99.0,USGS_CLAM,PAPlant,200112_TS,HAND,RESULT,Y,NR,NR,T,NA,Clam samples collected from exposed mudflat.  
2002-01-01 00:00:00,0.0,2.0,USGS_CLAM,PAPlant,200201_SD,SHOVEL,RESULT,N,Silt/clay ,NR,S,Surface,Samples collected from exposed mudflat.  Sediments analyzed were those passing 1
2002-01-01 00:00:00,-99.0,-99.0,USGS_CLAM,PAPlant,200201_TS,HAND,RESULT,Y,NR,NR,T,NA,Clam samples collected from exposed mudflat.  
2002-02-01 00:00:00,0.0,2.0,USGS_CLAM,PAPlant,200202_SD,SHOVEL,RESULT,N,Silt/clay ,NR,S,Surface,Samples collected from exposed mudflat.  Sediments analyzed were those passing 1
2002-02-01 00:00:00,-99.0,-99.0,USGS_CLAM,PAPlant,200202_TS,HAND,RESULT,Y,NR,NR,T,NA,Clam samples collected from exposed mudflat.  
2002-03-01 00:00:00,0.0,2.0,USGS_CLAM,PAPlant,200203_SD,SHOVEL,RESULT,N,Silt/clay ,NR,S,Surface,Samples collected from exposed mudflat.  Sediments analyzed were those passing 1
2002-03-01 00:00:00,-99.0,-99.0,USGS_CLAM,PAPlant,200203_TS,HAND,RESULT,Y,NR,NR,T,NA,Clam samples collected from exposed mudflat.  
2002-04-01 00:00:00,0.0,2.0,USGS_CLAM,PAPlant,200204_SD,SHOVEL,RESULT,N,Silt/clay ,NR,S,Surface,Samples collected from exposed mudflat.  Sediments analyzed were those passing 1
2002-04-01 00:00:00,-99.0,-99.0,USGS_CLAM,PAPlant,200204_TS,HAND,RESULT,Y,NR,NR,T,NA,Clam samples collected from exposed mudflat.  
2002-05-01 00:00:00,0.0,2.0,USGS_CLAM,PAPlant,200205_SD,SHOVEL,RESULT,N,Silt/clay ,NR,S,Surface,Samples collected from exposed mudflat.  Sediments analyzed were those passing 1
2002-05-01 00:00:00,-99.0,-99.0,USGS_CLAM,PAPlant,200205_TS,HAND,RESULT,Y,NR,NR,T,NA,Clam samples collected from exposed mudflat.  
2002-06-01 00:00:00,0.0,2.0,USGS_CLAM,PAPlant,200206_SD,SHOVEL,RESULT,N,Silt/clay ,NR,S,Surface,Samples collected from exposed mudflat.  Sediments analyzed were those passing 1
2002-06-01 00:00:00,-99.0,-99.0,USGS_CLAM,PAPlant,200206_TS,HAND,RESULT,Y,NR,NR,T,NA,Clam samples collected from exposed mudflat.  
2002-09-01 00:00:00,0.0,2.0,USGS_CLAM,PAPlant,200209_SD,SHOVEL,RESULT,N,Silt/clay ,NR,S,Surface,Samples collected from exposed mudflat.  Sediments analyzed were those passing 1
2002-09-01 00:00:00,-99.0,-99.0,USGS_CLAM,PAPlant,200209_TS,HAND,RESULT,Y,NR,NR,T,NA,Clam samples collected from exposed mudflat.  
2002-10-01 00:00:00,0.0,2.0,USGS_CLAM,PAPlant,200210_SD,SHOVEL,RESULT,N,Silt/clay ,NR,S,Surface,Samples collected from exposed mudflat.  Sediments analyzed were those passing 1
2002-10-01 00:00:00,-99.0,-99.0,USGS_CLAM,PAPlant,200210_TS,HAND,RESULT,Y,NR,NR,T,NA,Clam samples collected from exposed mudflat.  
2002-12-01 00:00:00,0.0,2.0,USGS_CLAM,PAPlant,200212_SD,SHOVEL,RESULT,N,Silt/clay ,NR,S,Surface,Samples collected from exposed mudflat.  Sediments analyzed were those passing 1
2002-12-01 00:00:00,-99.0,-99.0,USGS_CLAM,PAPlant,200212_TS,HAND,RESULT,Y,NR,NR,T,NA,Clam samples collected from exposed mudflat.  
2003-01-01 00:00:00,0.0,2.0,USGS_CLAM,PAPlant,200301_SD,SHOVEL,RESULT,N,Silt/clay ,NR,S,Surface,Samples collected from exposed mudflat.  Sediments analyzed were those passing 1
2003-01-01 00:00:00,-99.0,-99.0,USGS_CLAM,PAPlant,200301_TS,HAND,RESULT,Y,NR,NR,T,NA,Clam samples collected from exposed mudflat.  
2003-02-01 00:00:00,0.0,2.0,USGS_CLAM,PAPlant,200302_SD,SHOVEL,RESULT,N,Silt/clay ,NR,S,Surface,Samples collected from exposed mudflat.  Sediments analyzed were those passing 1
2003-02-01 00:00:00,-99.0,-99.0,USGS_CLAM,PAPlant,200302_TS,HAND,RESULT,Y,NR,NR,T,NA,Clam samples collected from exposed mudflat.  
2003-03-01 00:00:00,0.0,2.0,USGS_CLAM,PAPlant,200303_SD,SHOVEL,RESULT,N,Silt/clay ,NR,S,Surface,Samples collected from exposed mudflat.  Sediments analyzed were those passing 1
2003-03-01 00:00:00,-99.0,-99.0,USGS_CLAM,PAPlant,200303_TS,HAND,RESULT,Y,NR,NR,T,NA,Clam samples collected from exposed mudflat.  
2003-04-01 00:00:00,0.0,2.0,USGS_CLAM,PAPlant,200304_SD,SHOVEL,RESULT,N,Silt/clay ,NR,S,Surface,Samples collected from exposed mudflat.  Sediments analyzed were those passing 1
2003-04-01 00:00:00,-99.0,-99.0,USGS_CLAM,PAPlant,200304_TS,HAND,RESULT,Y,NR,NR,T,NA,Clam samples collected from exposed mudflat.  
2003-05-01 00:00:00,0.0,2.0,USGS_CLAM,PAPlant,200305_SD,SHOVEL,RESULT,N,Silt/clay ,NR,S,Surface,Samples collected from exposed mudflat.  Sediments analyzed were those passing 1
2003-05-01 00:00:00,-99.0,-99.0,USGS_CLAM,PAPlant,200305_TS,HAND,RESULT,Y,NR,NR,T,NA,Clam samples collected from exposed mudflat.  
2003-06-01 00:00:00,0.0,2.0,USGS_CLAM,PAPlant,200306_SD,SHOVEL,RESULT,N,Silt/clay ,NR,S,Surface,Samples collected from exposed mudflat.  Sediments analyzed were those passing 1
2003-06-01 00:00:00,-99.0,-99.0,USGS_CLAM,PAPlant,200306_TS,HAND,RESULT,Y,NR,NR,T,NA,Clam samples collected from exposed mudflat.  
2003-09-01 00:00:00,0.0,2.0,USGS_CLAM,PAPlant,200309_SD,SHOVEL,RESULT,N,Silt/clay ,NR,S,Surface,Samples collected from exposed mudflat.  Sediments analyzed were those passing 1
2003-09-01 00:00:00,-99.0,-99.0,USGS_CLAM,PAPlant,200309_TS,HAND,RESULT,Y,NR,NR,T,NA,Clam samples collected from exposed mudflat.  
2003-10-01 00:00:00,0.0,2.0,USGS_CLAM,PAPlant,200310_SD,SHOVEL,RESULT,N,Silt/clay ,NR,S,Surface,Samples collected from exposed mudflat.  Sediments analyzed were those passing 1
2003-10-01 00:00:00,-99.0,-99.0,USGS_CLAM,PAPlant,200310_TS,HAND,RESULT,Y,NR,NR,T,NA,Clam samples collected from exposed mudflat.  
2003-12-01 00:00:00,0.0,2.0,USGS_CLAM,PAPlant,200312_SD,SHOVEL,RESULT,N,Silt/clay ,NR,S,Surface,Samples collected from exposed mudflat.  Sediments analyzed were those passing 1
2003-12-01 00:00:00,-99.0,-99.0,USGS_CLAM,PAPlant,200312_TS,HAND,RESULT,Y,NR,NR,T,NA,Clam samples collected from exposed mudflat.  
1998-11-24 00:00:00,0.0,-99.0,USGS9098,GS3023,01,GRAB,RESULT,N,NR,NR,S,Surface,
1998-09-16 00:00:00,0.0,-99.0,USGS9098,GS3024,01,GRAB,RESULT,N,NR,NR,S,Surface,
1998-09-17 00:00:00,0.0,-99.0,USGS9098,GS3025,01,GRAB,RESULT,N,NR,NR,S,Surface,
1998-09-17 00:00:00,0.0,-99.0,USGS9098,GS3026,01,GRAB,RESULT,N,NR,NR,S,Surface,
1998-09-15 00:00:00,0.0,-99.0,USGS9098,GS3027,03,GRAB,RESULT,N,NR,NR,S,Surface,
1998-09-14 00:00:00,0.0,-99.0,USGS9098,GS3028,01,GRAB,RESULT,N,NR,NR,S,Surface,
1991-08-28 00:00:00,0.0,-99.0,USGS9098,GS3034,02,GRAB,RESULT,N,NR,NR,S,Surface,
1993-06-08 00:00:00,0.0,-99.0,USGS9098,GS3034,03,GRAB,RESULT,N,NR,NR,S,Surface,
1993-09-04 00:00:00,0.0,-99.0,USGS9098,GS3034,04,GRAB,RESULT,N,NR,NR,S,Surface,
1992-09-09 00:00:00,0.0,-99.0,USGS9098,GS3034,05,GRAB,RESULT,N,NR,NR,S,Surface,
1990-11-07 00:00:00,0.0,-99.0,USGS9098,GS3034,06,GRAB,RESULT,N,NR,NR,S,Surface,
1991-04-04 00:00:00,0.0,-99.0,USGS9098,GS3034,10,GRAB,RESULT,N,NR,NR,S,Surface,
1998-07-22 00:00:00,0.0,-99.0,USGS9098,GS3813,01,GRAB,RESULT,N,NR,NR,S,Surface,
1998-07-22 00:00:00,0.0,-99.0,USGS9098,GS3816,01,GRAB,RESULT,N,NR,NR,S,Surface,
1998-09-16 00:00:00,0.0,-99.0,USGS9098,GS3865,01,GRAB,RESULT,N,NR,NR,S,Surface,
1998-09-15 00:00:00,0.0,-99.0,USGS9098,GS3866,01,GRAB,RESULT,N,NR,NR,S,Surface,
1998-09-16 00:00:00,0.0,-99.0,USGS9098,GS3867,01,GRAB,RESULT,N,NR,NR,S,Surface,
1998-09-22 00:00:00,0.0,-99.0,USGS9098,GS3871,01,GRAB,RESULT,N,NR,NR,S,Surface,
1998-09-23 00:00:00,0.0,-99.0,USGS9098,GS3872,01,GRAB,RESULT,N,NR,NR,S,Surface,
1998-09-24 00:00:00,0.0,-99.0,USGS9098,GS3873,01,GRAB,RESULT,N,NR,NR,S,Surface,
1992-04-16 00:00:00,0.0,-99.0,USGS9098,GS3885,01,GRAB,RESULT,N,NR,NR,S,Surface,
1998-09-09 00:00:00,0.0,-99.0,USGS9098,GS3885,02,GRAB,RESULT,N,NR,NR,S,Surface,
1993-09-24 00:00:00,0.0,-99.0,USGS9098,GS3885,03,GRAB,RESULT,N,NR,NR,S,Surface,
1994-04-19 00:00:00,0.0,-99.0,USGS9098,GS3885,04,GRAB,RESULT,N,NR,NR,S,Surface,
1994-03-08 00:00:00,0.0,-99.0,USGS9098,GS3885,05,GRAB,RESULT,N,NR,NR,S,Surface,
1995-04-04 00:00:00,0.0,-99.0,USGS9098,GS3885,06,GRAB,RESULT,N,NR,NR,S,Surface,
1995-08-17 00:00:00,0.0,-99.0,USGS9098,GS3885,07,GRAB,RESULT,N,NR,NR,S,Surface,
1997-02-14 00:00:00,0.0,-99.0,USGS9098,GS3885,08,GRAB,RESULT,N,NR,NR,S,Surface,
1998-06-05 00:00:00,0.0,-99.0,USGS9098,GS3885,09,GRAB,RESULT,N,NR,NR,S,Surface,
1991-08-13 00:00:00,0.0,-99.0,USGS9098,GS3885,10,GRAB,RESULT,N,NR,NR,S,Surface,
1997-11-09 00:00:00,0.0,-99.0,USGS9098,GS3885,11,GRAB,RESULT,N,NR,NR,S,Surface,
1991-02-04 00:00:00,0.0,-99.0,USGS9098,GS3885,13,GRAB,RESULT,N,NR,NR,S,Surface,
1992-08-27 00:00:00,0.0,-99.0,USGS9098,GS3885,14,GRAB,RESULT,N,NR,NR,S,Surface,
1990-07-30 00:00:00,0.0,-99.0,USGS9098,GS3885,22,GRAB,RESULT,N,NR,NR,S,Surface,
1998-09-17 00:00:00,0.0,-99.0,VISTA,Control,Control,UNK,CNEG,U,NR,NR,B,CNEG,
1998-09-17 00:00:00,0.0,213.39999389648438,VISTA,MV,MV,PUSH,RESULT,Y,NR,NR,SB,Subsurface,Push Corer
1998-09-02 00:00:00,0.0,-99.0,VISTA,Reference,Reference,UNK,REF,U,NR,NR,SB,Surface,
2000-07-11 00:00:00,0.0,2.0,WEMAP00,1-2,1-2,GRAB,RESULT,N,Fine Sand,Olive Green,SBI,Surface,
2000-07-18 00:00:00,0.0,2.0,WEMAP00,14-1,14-1,GRAB,RESULT,N,Silt/Clay,Gray,SBI,Surface,
2000-07-17 00:00:00,0.0,2.0,WEMAP00,16-1,16-1,GRAB,RESULT,N,Silt/Clay,Gray,SBI,Surface,
2000-07-21 00:00:00,0.0,2.0,WEMAP00,17-1,17-1,GRAB,RESULT,N,Silt/Clay,Brown,SBI,Surface,
2000-07-17 00:00:00,0.0,2.0,WEMAP00,18-1,18-1,GRAB,RESULT,N,Silt/Clay,Gray,SBI,Surface,
2000-07-23 00:00:00,0.0,2.0,WEMAP00,19-2,19-2,GRAB,RESULT,N,Silt/Clay,Brown,SBI,Surface,
2000-07-23 00:00:00,0.0,2.0,WEMAP00,19-3,19-3,GRAB,RESULT,N,NR,Brown,SBI,Surface,
2000-07-21 00:00:00,0.0,2.0,WEMAP00,20-5,20-5,GRAB,RESULT,N,Silt/Clay,Brown,SBI,Surface,
2000-07-21 00:00:00,0.0,2.0,WEMAP00,20-6,20-6,GRAB,RESULT,N,Silt/Clay,Brown,SBI,Surface,
2000-07-11 00:00:00,0.0,2.0,WEMAP00,2-2,2-2,GRAB,RESULT,N,Fine Sand,Brown,SBI,Surface,
2000-07-22 00:00:00,0.0,2.0,WEMAP00,22-1,22-1,GRAB,RESULT,N,Fine Sand with Silt,Gray,SBI,Surface,
2000-07-22 00:00:00,0.0,2.0,WEMAP00,22-3,22-3,GRAB,RESULT,N,Coarse Sand,Brown,SBI,Surface,
2000-07-22 00:00:00,0.0,2.0,WEMAP00,22-6,22-6,GRAB,RESULT,N,Coarse Sand,Brown,SBI,Surface,
2000-07-22 00:00:00,0.0,2.0,WEMAP00,24-2,24-2,GRAB,RESULT,N,Coarse and Fine Sand,Gray,SBI,Surface,
2000-07-24 00:00:00,0.0,2.0,WEMAP00,25-1,25-1,GRAB,RESULT,N,Silt/Clay,Gray,SBI,Surface,
2000-07-24 00:00:00,0.0,2.0,WEMAP00,25-3,25-3,GRAB,RESULT,N,Coarse and Fine Sand,Gray,SBI,Surface,
2000-07-24 00:00:00,0.0,2.0,WEMAP00,26-1,26-1,GRAB,RESULT,N,Silt/Clay,Gray,SBI,Surface,
2000-07-24 00:00:00,0.0,2.0,WEMAP00,26-2,26-2,GRAB,RESULT,N,Silt/Clay,Gray,SBI,Surface,
2000-07-24 00:00:00,0.0,2.0,WEMAP00,28-1,28-1,GRAB,RESULT,N,NR,Brown,SBI,Surface,
2000-07-24 00:00:00,0.0,2.0,WEMAP00,28-4,28-4,GRAB,RESULT,N,Fine Sand with Silt,Gray,SBI,Surface,
2000-07-31 00:00:00,0.0,2.0,WEMAP00,28-5,28-5,GRAB,RESULT,N,Silt/Clay,Gray,SBI,Surface,
2000-07-31 00:00:00,0.0,2.0,WEMAP00,29-2,29-2,GRAB,RESULT,N,Silt/Clay,Gray,SBI,Surface,
2000-07-25 00:00:00,0.0,2.0,WEMAP00,30-1,30-1,GRAB,RESULT,N,Silt/Clay,Brown,SBI,Surface,
2000-07-28 00:00:00,0.0,2.0,WEMAP00,30-3,30-3,GRAB,RESULT,N,Silt/Clay,Gray,SBI,Surface,
2000-07-12 00:00:00,0.0,2.0,WEMAP00,3-1,3-1,GRAB,RESULT,N,Fine Sand with Clay,Brown,SBI,Surface,
2000-07-26 00:00:00,0.0,2.0,WEMAP00,31-2,31-2,GRAB,RESULT,N,Fine Sand with Clay,Gray,SBI,Surface,
2000-08-02 00:00:00,0.0,2.0,WEMAP00,32-2,32-2,GRAB,RESULT,N,Silt/Clay,Black,SBI,Surface,
2000-08-02 00:00:00,0.0,2.0,WEMAP00,32-3,32-3,GRAB,RESULT,N,Mixed,Gray,SBI,Surface,
2000-07-13 00:00:00,0.0,2.0,WEMAP00,3-3,3-3,GRAB,RESULT,N,Silt/Clay,Gray,SBI,Surface,
2000-07-31 00:00:00,0.0,2.0,WEMAP00,33-5,33-5,GRAB,RESULT,N,Fine Sand with mud,Gray,SBI,Surface,
2000-07-27 00:00:00,0.0,2.0,WEMAP00,35-2,35-2,GRAB,RESULT,N,Silt/Clay,Brown,SBI,Surface,
2000-07-28 00:00:00,0.0,2.0,WEMAP00,35-3,35-3,GRAB,RESULT,N,Silt/Clay,Gray,SBI,Surface,
2000-07-29 00:00:00,0.0,2.0,WEMAP00,40-3,40-3,GRAB,RESULT,N,Fine Sand with Silt,Gray,SBI,Surface,
2000-08-01 00:00:00,0.0,2.0,WEMAP00,42-1,42-1,GRAB,RESULT,N,Silt/Clay,Gray,SBI,Surface,
2000-08-01 00:00:00,0.0,2.0,WEMAP00,42-3,42-3,GRAB,RESULT,N,Silt/Clay,Gray,SBI,Surface,
2000-08-01 00:00:00,0.0,2.0,WEMAP00,43-3,43-3,GRAB,RESULT,N,Silt/Clay,Gray,SBI,Surface,
2000-07-19 00:00:00,0.0,2.0,WEMAP00,46-1,46-1,GRAB,RESULT,N,NR,Brown,SBI,Surface,
2000-07-21 00:00:00,0.0,2.0,WEMAP00,46-4,46-4,GRAB,RESULT,N,Silt/Clay,Brown,SBI,Surface,
2000-07-14 00:00:00,0.0,2.0,WEMAP00,5-1,5-1,GRAB,RESULT,N,Silt/Clay,Brown,SBI,Surface,
2000-07-12 00:00:00,0.0,2.0,WEMAP00,6-1,6-1,GRAB,RESULT,N,Mixed,Brown,SBI,Surface,
2000-07-13 00:00:00,0.0,2.0,WEMAP00,6-4,6-4,GRAB,RESULT,N,Silt/Clay,Brown,SBI,Surface,
2000-07-14 00:00:00,0.0,2.0,WEMAP00,7-1,7-1,GRAB,RESULT,N,Silt/Clay,Brown,SBI,Surface,
2000-07-14 00:00:00,0.0,2.0,WEMAP00,7-4,7-4,GRAB,RESULT,N,Silt/Clay,Brown,SBI,Surface,
2000-07-13 00:00:00,0.0,2.0,WEMAP00,7-6,7-6,GRAB,RESULT,N,Silt/Clay,Brown,SBI,Surface,
2000-07-15 00:00:00,0.0,2.0,WEMAP00,8-1,8-1,GRAB,RESULT,N,Coarse and Fine Sand,Brown,SBI,Surface,
2000-08-01 00:00:00,0.0,2.0,WEMAP00,BA21,BA21,GRAB,RESULT,N,Silt/Clay,Gray,SBI,Surface,
2000-07-31 00:00:00,0.0,2.0,WEMAP00,BB70,BB70,GRAB,RESULT,N,Silt/Clay,Gray,SBI,Surface,
2000-07-18 00:00:00,0.0,2.0,WEMAP00,BD22,BD22,GRAB,RESULT,N,Mixed,Gray,SBI,Surface,
2000-07-14 00:00:00,0.0,2.0,WEMAP00,BF21,BF21,GRAB,RESULT,N,Silt/Clay,Brown,SBI,Surface,
1900-01-01 00:00:00,0.0,-99.0,WEMAP00,CA00-0000,CA0000,UNK,CNEG,N,NR,NR,B,CNEG,EMAP Reference Sample
2000-07-31 00:00:00,0.0,2.0,WEMAP00,CA00-0001,01,GRAB,RESULT,N,Fine Sand with mud,Gray,SBI,Surface,
2000-08-08 00:00:00,-99.0,-99.0,WEMAP00,CA00-0001,01A,SEINE,RESULT,Y,NR,NR,T,NA,
2000-07-26 00:00:00,0.0,2.0,WEMAP00,CA00-0002,02,GRAB,RESULT,N,Silt/Clay,Brown,SBI,Surface,
2000-08-15 00:00:00,-99.0,-99.0,WEMAP00,CA00-0002,02A,SEINE,RESULT,Y,NR,NR,T,NA,
2000-08-15 00:00:00,-99.0,-99.0,WEMAP00,CA00-0002,02B,SEINE,RESULT,Y,NR,NR,T,NA,
2000-07-26 00:00:00,0.0,2.0,WEMAP00,CA00-0003,03,GRAB,RESULT,N,Silt/Clay,Gray,SBI,Surface,
2000-08-15 00:00:00,-99.0,-99.0,WEMAP00,CA00-0003,03A,SEINE,RESULT,Y,NR,NR,T,NA,
2000-08-15 00:00:00,-99.0,-99.0,WEMAP00,CA00-0003,03B,SEINE,RESULT,Y,NR,NR,T,NA,
2000-08-02 00:00:00,0.0,2.0,WEMAP00,CA00-0004,04,GRAB,RESULT,N,Silt/Clay,Gray,SBI,Surface,
2000-07-28 00:00:00,-99.0,-99.0,WEMAP00,CA00-0004,04A,SEINE,RESULT,Y,NR,NR,T,NA,
2000-07-27 00:00:00,0.0,2.0,WEMAP00,CA00-0005,05,GRAB,RESULT,N,Silt/Clay,Gray,SBI,Surface,
2000-07-27 00:00:00,0.0,2.0,WEMAP00,CA00-0006,06,GRAB,RESULT,N,Silt/Clay,Brown,SBI,Surface,
2000-08-08 00:00:00,-99.0,-99.0,WEMAP00,CA00-0006,06A,SEINE,RESULT,Y,NR,NR,T,NA,
2000-07-28 00:00:00,0.0,2.0,WEMAP00,CA00-0007,07,GRAB,RESULT,N,Silt/Clay,Brown,SBI,Surface,
2000-07-28 00:00:00,0.0,2.0,WEMAP00,CA00-0008,08,GRAB,RESULT,N,Silt/Clay,Brown,SBI,Surface,
2000-08-17 00:00:00,0.0,2.0,WEMAP00,CA00-0009,09,GRAB,RESULT,Y,Silt/Clay,Gray,SBI,Surface,
2000-07-29 00:00:00,0.0,2.0,WEMAP00,CA00-0010,10,GRAB,RESULT,N,Silt/Clay,Gray,SBI,Surface,
2000-07-29 00:00:00,0.0,2.0,WEMAP00,CA00-0011,11,GRAB,RESULT,N,Mixed,Black,SBI,Surface,
2000-08-17 00:00:00,0.0,2.0,WEMAP00,CA00-0012,12,GRAB,RESULT,Y,Silt/Clay,Gray,SBI,Surface,
2000-08-09 00:00:00,-99.0,-99.0,WEMAP00,CA00-0012,12A,SEINE,RESULT,Y,NR,NR,T,NA,
2000-07-29 00:00:00,0.0,2.0,WEMAP00,CA00-0013,13,GRAB,RESULT,N,Mixed,Brown,SBI,Surface,
2000-08-01 00:00:00,0.0,2.0,WEMAP00,CA00-0014,14,GRAB,RESULT,N,Silt/Clay,Gray,SBI,Surface,
2000-08-11 00:00:00,-99.0,-99.0,WEMAP00,CA00-0014,14A,SEINE,RESULT,Y,NR,NR,T,NA,
2000-08-17 00:00:00,0.0,2.0,WEMAP00,CA00-0015,15,GRAB,RESULT,Y,Silt/Clay,Gray,SBI,Surface,
2000-08-11 00:00:00,-99.0,-99.0,WEMAP00,CA00-0015,15A,SEINE,RESULT,Y,NR,NR,T,NA,
2000-07-20 00:00:00,0.0,2.0,WEMAP00,CA00-0016,16,GRAB,RESULT,N,Silt/Clay,Brown,SBI,Surface,
2000-08-16 00:00:00,-99.0,-99.0,WEMAP00,CA00-0016,16A,SEINE,RESULT,Y,NR,NR,T,NA,
2000-08-16 00:00:00,-99.0,-99.0,WEMAP00,CA00-0016,16B,SEINE,RESULT,Y,NR,NR,T,NA,
2000-07-21 00:00:00,0.0,2.0,WEMAP00,CA00-0017,17,GRAB,RESULT,N,Silt/Clay,Brown,SBI,Surface,
2000-08-10 00:00:00,-99.0,-99.0,WEMAP00,CA00-0017,17A,SEINE,RESULT,Y,NR,NR,T,NA,
2000-08-10 00:00:00,-99.0,-99.0,WEMAP00,CA00-0017,17B,SEINE,RESULT,Y,NR,NR,T,NA,
2000-07-14 00:00:00,0.0,2.0,WEMAP00,CA00-0018,18,GRAB,RESULT,N,Silt/Clay,Gray,SBI,Surface,
2000-07-14 00:00:00,0.0,2.0,WEMAP00,CA00-0019,19,GRAB,RESULT,N,Fine Sand with Silt,Brown,SBI,Surface,
2000-08-02 00:00:00,-99.0,-99.0,WEMAP00,CA00-0019,19A,SEINE,RESULT,Y,NR,NR,T,NA,
2000-07-13 00:00:00,0.0,2.0,WEMAP00,CA00-0020,20,GRAB,RESULT,N,Silt/Clay,Brown,SBI,Surface,
2000-07-14 00:00:00,0.0,2.0,WEMAP00,CA00-0021,21,GRAB,RESULT,N,Silt/Clay,Brown,SBI,Surface,
2000-07-15 00:00:00,0.0,2.0,WEMAP00,CA00-0022,22,GRAB,RESULT,N,Mixed,Brown,SBI,Surface,
2000-07-18 00:00:00,0.0,2.0,WEMAP00,CA00-0023,23,GRAB,RESULT,N,Silt/Clay,Gray,SBI,Surface,
2000-07-15 00:00:00,0.0,2.0,WEMAP00,CA00-0024,24,GRAB,RESULT,N,Mixed,Gray,SBI,Surface,
2000-07-26 00:00:00,-99.0,-99.0,WEMAP00,CA00-0024,24A,SEINE,RESULT,Y,NR,NR,T,NA,
2000-07-15 00:00:00,0.0,2.0,WEMAP00,CA00-0025,25,GRAB,RESULT,N,Silt/Clay,Olive Green,SBI,Surface,
2000-07-26 00:00:00,-99.0,-99.0,WEMAP00,CA00-0025,25A,SEINE,RESULT,Y,NR,NR,T,NA,
2000-07-19 00:00:00,0.0,2.0,WEMAP00,CA00-0026,26,GRAB,RESULT,N,Silt/Clay,Brown,SBI,Surface,
2000-07-19 00:00:00,0.0,2.0,WEMAP00,CA00-0027,27,GRAB,RESULT,N,Silt/Clay,Brown,SBI,Surface,
2000-08-01 00:00:00,-99.0,-99.0,WEMAP00,CA00-0027,27A,SEINE,RESULT,Y,NR,NR,T,NA,
2000-08-16 00:00:00,0.0,2.0,WEMAP00,CA00-0028,28,GRAB,RESULT,Y,Silt/Clay,Brown,SBI,Surface,
2000-07-16 00:00:00,0.0,2.0,WEMAP00,CA00-0029,29,GRAB,RESULT,N,Fine Sand with Mud,Olive Green,SBI,Surface,
2000-07-27 00:00:00,-99.0,-99.0,WEMAP00,CA00-0029,29A,SEINE,RESULT,Y,NR,NR,T,NA,
2000-03-16 00:00:00,0.0,2.0,WEMAP00,CA00-0030,30,GRAB,RESULT,N,Mixed,Brown,SBI,Surface,
2000-07-27 00:00:00,-99.0,-99.0,WEMAP00,CA00-0030,30A,SEINE,RESULT,Y,NR,NR,T,NA,
2000-07-27 00:00:00,-99.0,-99.0,WEMAP00,CA00-0030,30B,SEINE,RESULT,Y,NR,NR,T,NA,
2000-07-19 00:00:00,0.0,2.0,WEMAP00,CA00-0031,31,GRAB,RESULT,N,Silt/Clay,Gray,SBI,Surface,
2000-08-16 00:00:00,-99.0,-99.0,WEMAP00,CA00-0031,31A,SEINE,RESULT,Y,NR,NR,T,NA,
2000-08-16 00:00:00,-99.0,-99.0,WEMAP00,CA00-0031,31B,SEINE,RESULT,Y,NR,NR,T,NA,
2000-07-20 00:00:00,0.0,2.0,WEMAP00,CA00-0032,32,GRAB,RESULT,N,Silt/Clay,Brown,SBI,Surface,
2000-08-15 00:00:00,-99.0,-99.0,WEMAP00,CA00-0032,32A,SEINE,RESULT,Y,NR,NR,T,NA,
2000-08-15 00:00:00,-99.0,-99.0,WEMAP00,CA00-0032,32B,SEINE,RESULT,Y,NR,NR,T,NA,
2000-07-17 00:00:00,0.0,2.0,WEMAP00,CA00-0033,33,GRAB,RESULT,N,Coarse and Fine Sand,Gray,SBI,Surface,
2000-08-15 00:00:00,-99.0,-99.0,WEMAP00,CA00-0033,33A,SEINE,RESULT,Y,NR,NR,T,NA,
2000-07-21 00:00:00,0.0,2.0,WEMAP00,CA00-0034,34,GRAB,RESULT,N,Silt/Clay,Brown,SBI,Surface,
2000-08-10 00:00:00,-99.0,-99.0,WEMAP00,CA00-0034,34A,SEINE,RESULT,Y,NR,NR,T,NA,
2000-08-10 00:00:00,-99.0,-99.0,WEMAP00,CA00-0034,34B,SEINE,RESULT,Y,NR,NR,T,NA,
2000-07-23 00:00:00,0.0,2.0,WEMAP00,CA00-0035,35,GRAB,RESULT,N,Silt/Clay,Gray,SBI,Surface,
2000-08-10 00:00:00,-99.0,-99.0,WEMAP00,CA00-0035,35A,SEINE,RESULT,Y,NR,NR,T,NA,
2000-08-10 00:00:00,-99.0,-99.0,WEMAP00,CA00-0035,35B,SEINE,RESULT,Y,NR,NR,T,NA,
2000-07-26 00:00:00,0.0,2.0,WEMAP00,CA00-0036,36,GRAB,RESULT,N,Silt/Clay,Brown,SBI,Surface,
2000-08-15 00:00:00,-99.0,-99.0,WEMAP00,CA00-0036,36A,SEINE,RESULT,Y,NR,NR,T,NA,
2000-08-15 00:00:00,-99.0,-99.0,WEMAP00,CA00-0036,36B,SEINE,RESULT,Y,NR,NR,T,NA,
2000-07-20 00:00:00,0.0,2.0,WEMAP00,CA00-0037,37,GRAB,RESULT,N,Silt/Clay,Brown,SBI,Surface,
2000-08-16 00:00:00,-99.0,-99.0,WEMAP00,CA00-0037,37A,SEINE,RESULT,Y,NR,NR,T,NA,
2000-08-16 00:00:00,-99.0,-99.0,WEMAP00,CA00-0037,37B,SEINE,RESULT,Y,NR,NR,T,NA,
2000-08-04 00:00:00,0.0,2.0,WEMAP00,CA00-0038,38,GRAB,RESULT,Y,Fine Sand,Gray,SBI,Surface,
2000-08-04 00:00:00,-99.0,-99.0,WEMAP00,CA00-0038,38A,SEINE,RESULT,Y,NR,NR,T,NA,
2000-08-04 00:00:00,-99.0,-99.0,WEMAP00,CA00-0038,38B,SEINE,RESULT,Y,NR,NR,T,NA,
2000-08-04 00:00:00,0.0,2.0,WEMAP00,CA00-0039,39,GRAB,RESULT,Y,Silt/Clay,Gray,SBI,Surface,
2000-08-01 00:00:00,0.0,2.0,WEMAP00,CA00-0040,40,GRAB,RESULT,Y,Silt/Clay,Gray,SBI,Surface,
2000-08-04 00:00:00,0.0,2.0,WEMAP00,CA00-0041,41,GRAB,RESULT,Y,Silt/Clay,Brown,SBI,Surface,
2000-08-02 00:00:00,0.0,2.0,WEMAP00,CA00-0042,42,GRAB,RESULT,Y,Silt/Clay,Gray,SBI,Surface,
2000-08-02 00:00:00,-99.0,-99.0,WEMAP00,CA00-0042,42A,SEINE,RESULT,Y,NR,NR,T,NA,
2000-07-27 00:00:00,0.0,2.0,WEMAP00,CA00-0043,43,GRAB,RESULT,Y,Silt/Clay,Gray,SBI,Surface,
2000-08-03 00:00:00,0.0,2.0,WEMAP00,CA00-0044,44,GRAB,RESULT,Y,Silt/Clay,Gray,SBI,Surface,
2000-08-03 00:00:00,-99.0,-99.0,WEMAP00,CA00-0044,44A,SEINE,RESULT,Y,NR,NR,T,NA,
2000-08-03 00:00:00,-99.0,-99.0,WEMAP00,CA00-0044,44B,SEINE,RESULT,Y,NR,NR,T,NA,
2000-08-03 00:00:00,-99.0,-99.0,WEMAP00,CA00-0044,44C,SEINE,RESULT,Y,NR,NR,T,NA,
2000-07-28 00:00:00,0.0,2.0,WEMAP00,CA00-0045,45,GRAB,RESULT,Y,Silt/Clay,Gray,SBI,Surface,
2000-07-28 00:00:00,-99.0,-99.0,WEMAP00,CA00-0045,45A,SEINE,RESULT,Y,NR,NR,T,NA,
2000-07-24 00:00:00,0.0,2.0,WEMAP00,CA00-0046,46,GRAB,RESULT,Y,Silt/Clay,Gray,SBI,Surface,
2000-07-24 00:00:00,-99.0,-99.0,WEMAP00,CA00-0046,46A,SEINE,RESULT,Y,NR,NR,T,NA,
2000-08-03 00:00:00,0.0,2.0,WEMAP00,CA00-0047,47,GRAB,RESULT,Y,Silt/Clay,Gray,SBI,Surface,
2000-08-03 00:00:00,0.0,2.0,WEMAP00,CA00-0048,48,GRAB,RESULT,Y,Silt/Clay,Gray,SBI,Surface,
2000-08-03 00:00:00,-99.0,-99.0,WEMAP00,CA00-0048,48A,SEINE,RESULT,Y,NR,NR,T,NA,
2000-07-25 00:00:00,0.0,2.0,WEMAP00,CA00-0049,49,GRAB,RESULT,Y,Silt/Clay,Gray,SBI,Surface,
2000-07-25 00:00:00,-99.0,-99.0,WEMAP00,CA00-0049,49A,SEINE,RESULT,Y,NR,NR,T,NA,
2000-07-25 00:00:00,0.0,2.0,WEMAP00,CA00-0050,50,GRAB,RESULT,Y,NR,Gray Brown,SBI,Surface,
2000-07-25 00:00:00,-99.0,-99.0,WEMAP00,CA00-0050,50A,SEINE,RESULT,Y,NR,NR,T,NA,
1900-01-01 00:00:00,0.0,-99.0,WEMAP99,CA99-0000,CA0000,UNK,CNEG,N,NR,NR,B,CNEG,EMAP Reference Sample
1999-08-04 00:00:00,-99.0,-99.0,WEMAP99,CA99-0001,01A,SEINE,RESULT,Y,NR,NR,T,NA,
1999-08-04 00:00:00,0.0,2.0,WEMAP99,CA99-0001,CA3001,GRAB,RESULT,Y,Mixed,Black,SBI,Surface,
1999-08-04 00:00:00,-99.0,-99.0,WEMAP99,CA99-0002,02A,SEINE,RESULT,Y,NR,NR,T,NA,
1999-08-04 00:00:00,-99.0,-99.0,WEMAP99,CA99-0002,02B,SEINE,RESULT,Y,NR,NR,T,NA,
1999-08-04 00:00:00,0.0,2.0,WEMAP99,CA99-0002,CA3002,GRAB,RESULT,Y,Silt/Clay,Gray,SBI,Surface,
1999-08-04 00:00:00,-99.0,-99.0,WEMAP99,CA99-0003,03A,SEINE,RESULT,Y,NR,NR,T,NA,
1999-08-04 00:00:00,-99.0,-99.0,WEMAP99,CA99-0003,03B,SEINE,RESULT,Y,NR,NR,T,NA,
1999-08-04 00:00:00,0.0,2.0,WEMAP99,CA99-0003,CA3003,GRAB,RESULT,Y,Silt/Clay,Gray,SBI,Surface,
1999-08-05 00:00:00,-99.0,-99.0,WEMAP99,CA99-0004,04A,SEINE,RESULT,Y,NR,NR,T,NA,
1999-08-05 00:00:00,0.0,2.0,WEMAP99,CA99-0004,CA3004,GRAB,RESULT,Y,Mixed,Gray,SBI,Surface,
1999-08-05 00:00:00,-99.0,-99.0,WEMAP99,CA99-0005,05A,SEINE,RESULT,Y,NR,NR,T,NA,
1999-08-05 00:00:00,0.0,2.0,WEMAP99,CA99-0005,CA3005,GRAB,RESULT,Y,Mixed,Gray,SBI,Surface,
1999-08-11 00:00:00,-99.0,-99.0,WEMAP99,CA99-0006,06A,SEINE,RESULT,Y,NR,NR,T,NA,
1999-08-11 00:00:00,-99.0,-99.0,WEMAP99,CA99-0006,06B,SEINE,RESULT,Y,NR,NR,T,NA,
1999-08-11 00:00:00,-99.0,-99.0,WEMAP99,CA99-0006,06C,SEINE,RESULT,Y,NR,NR,T,NA,
1999-08-11 00:00:00,-99.0,-99.0,WEMAP99,CA99-0006,06D,SEINE,RESULT,Y,NR,NR,T,NA,
1999-08-11 00:00:00,0.0,2.0,WEMAP99,CA99-0006,CA3006,GRAB,RESULT,Y,Mixed,Gray,SBI,Surface,
1999-08-11 00:00:00,-99.0,-99.0,WEMAP99,CA99-0007,07A,SEINE,RESULT,Y,NR,NR,T,NA,
1999-08-11 00:00:00,-99.0,-99.0,WEMAP99,CA99-0007,07B,SEINE,RESULT,Y,NR,NR,T,NA,
1999-08-11 00:00:00,0.0,2.0,WEMAP99,CA99-0007,CA3007,GRAB,RESULT,Y,Fine Sand,Brown,SBI,Surface,
1999-08-11 00:00:00,-99.0,-99.0,WEMAP99,CA99-0008,08A,SEINE,RESULT,Y,NR,NR,T,NA,
1999-08-11 00:00:00,0.0,2.0,WEMAP99,CA99-0008,CA3008,GRAB,RESULT,Y,Fine Sand,Brown,SBI,Surface,
1999-08-12 00:00:00,-99.0,-99.0,WEMAP99,CA99-0009,09A,SEINE,RESULT,Y,NR,NR,T,NA,
1999-08-12 00:00:00,-99.0,-99.0,WEMAP99,CA99-0009,09B,SEINE,RESULT,Y,NR,NR,T,NA,
1999-08-12 00:00:00,0.0,2.0,WEMAP99,CA99-0009,CA3009,GRAB,RESULT,Y,Mixed,Brown,SBI,Surface,
1999-08-09 00:00:00,-99.0,-99.0,WEMAP99,CA99-0010,10A,SEINE,RESULT,Y,NR,NR,T,NA,
1999-08-09 00:00:00,-99.0,-99.0,WEMAP99,CA99-0010,10B,SEINE,RESULT,Y,NR,NR,T,NA,
1999-08-09 00:00:00,0.0,2.0,WEMAP99,CA99-0010,CA3010,GRAB,RESULT,Y,Fine Sand,Brown,SBI,Surface,
1999-08-09 00:00:00,-99.0,-99.0,WEMAP99,CA99-0011,11A,SEINE,RESULT,Y,NR,NR,T,NA,
1999-08-09 00:00:00,-99.0,-99.0,WEMAP99,CA99-0011,11B,SEINE,RESULT,Y,NR,NR,T,NA,
1999-08-09 00:00:00,0.0,2.0,WEMAP99,CA99-0011,CA3011,GRAB,RESULT,Y,Fine Sand,Brown,SBI,Surface,
1999-08-10 00:00:00,-99.0,-99.0,WEMAP99,CA99-0012,12A,SEINE,RESULT,Y,NR,NR,T,NA,
1999-08-10 00:00:00,-99.0,-99.0,WEMAP99,CA99-0012,12B,SEINE,RESULT,Y,NR,NR,T,NA,
1999-08-10 00:00:00,-99.0,-99.0,WEMAP99,CA99-0012,12C,SEINE,RESULT,Y,NR,NR,T,NA,
1999-08-10 00:00:00,-99.0,-99.0,WEMAP99,CA99-0012,12D,SEINE,RESULT,Y,NR,NR,T,NA,
1999-08-10 00:00:00,0.0,2.0,WEMAP99,CA99-0012,CA3012,GRAB,RESULT,Y,Silt/Clay,Brown,SBI,Surface,
1999-08-10 00:00:00,-99.0,-99.0,WEMAP99,CA99-0013,13A,SEINE,RESULT,Y,NR,NR,T,NA,
1999-08-10 00:00:00,-99.0,-99.0,WEMAP99,CA99-0013,13B,SEINE,RESULT,Y,NR,NR,T,NA,
1999-08-10 00:00:00,-99.0,-99.0,WEMAP99,CA99-0013,13C,SEINE,RESULT,Y,NR,NR,T,NA,
1999-08-10 00:00:00,-99.0,-99.0,WEMAP99,CA99-0013,13D,SEINE,RESULT,Y,NR,NR,T,NA,
1999-08-10 00:00:00,0.0,2.0,WEMAP99,CA99-0013,CA3013,GRAB,RESULT,Y,Fine Sand,Brown,SBI,Surface,
1999-07-19 00:00:00,-99.0,-99.0,WEMAP99,CA99-0014,14A,SEINE,RESULT,Y,NR,NR,T,NA,
1999-07-19 00:00:00,0.0,2.0,WEMAP99,CA99-0014,CA3014,GRAB,RESULT,Y,Coarse Sand,Brown,SBI,Surface,
1999-07-19 00:00:00,0.0,2.0,WEMAP99,CA99-0015,CA3015,GRAB,RESULT,Y,Silt/Clay,Brown,SBI,Surface,
1999-07-20 00:00:00,0.0,2.0,WEMAP99,CA99-0016,CA3016,GRAB,RESULT,Y,Fine Sand,Brown,SBI,Surface,
1999-07-20 00:00:00,0.0,2.0,WEMAP99,CA99-0017,CA3017,GRAB,RESULT,Y,Mixed,Brown,SBI,Surface,
1999-09-20 00:00:00,-99.0,-99.0,WEMAP99,CA99-0018,18A,SEINE,RESULT,Y,NR,NR,T,NA,
1999-09-20 00:00:00,0.0,2.0,WEMAP99,CA99-0018,CA3018,GRAB,RESULT,Y,Coarse Sand,Brown,SBI,Surface,
1999-07-21 00:00:00,0.0,2.0,WEMAP99,CA99-0020,CA3020,GRAB,RESULT,Y,Silt/Clay,Gray,SBI,Surface,
1999-07-22 00:00:00,-99.0,-99.0,WEMAP99,CA99-0021,21A,SEINE,RESULT,Y,NR,NR,T,NA,
1999-07-22 00:00:00,0.0,2.0,WEMAP99,CA99-0021,CA3021,GRAB,RESULT,Y,Mixed,Brown,SBI,Surface,
1999-07-23 00:00:00,-99.0,-99.0,WEMAP99,CA99-0022,22A,SEINE,RESULT,Y,NR,NR,T,NA,
1999-07-23 00:00:00,0.0,2.0,WEMAP99,CA99-0022,CA3022,GRAB,RESULT,Y,Mixed,Gray,SBI,Surface,
1999-07-22 00:00:00,-99.0,-99.0,WEMAP99,CA99-0023,23A,SEINE,RESULT,Y,NR,NR,T,NA,
1999-07-22 00:00:00,0.0,2.0,WEMAP99,CA99-0023,CA3023,GRAB,RESULT,Y,Fine Sand,Gray,SBI,Surface,
1999-07-23 00:00:00,0.0,2.0,WEMAP99,CA99-0025,CA3025,GRAB,RESULT,Y,Mixed,Brown,SBI,Surface,
1999-07-30 00:00:00,0.0,2.0,WEMAP99,CA99-0026,CA3026,GRAB,RESULT,Y,Silt/Clay,Black,SBI,Surface,
1999-07-30 00:00:00,0.0,2.0,WEMAP99,CA99-0028,CA3028,GRAB,RESULT,Y,Silt/Clay,Gray,SBI,Surface,
1999-07-30 00:00:00,-99.0,-99.0,WEMAP99,CA99-0029,29A,SEINE,RESULT,Y,NR,NR,T,NA,
1999-07-30 00:00:00,-99.0,-99.0,WEMAP99,CA99-0029,29B,SEINE,RESULT,Y,NR,NR,T,NA,
1999-07-30 00:00:00,0.0,2.0,WEMAP99,CA99-0029,CA3029,GRAB,RESULT,Y,Silt/Clay,Black,SBI,Surface,
1999-07-29 00:00:00,0.0,2.0,WEMAP99,CA99-0030,CA3030,GRAB,RESULT,Y,Coarse Sand,Brown,SBI,Surface,
1999-07-29 00:00:00,0.0,2.0,WEMAP99,CA99-0031,CA3031,GRAB,RESULT,Y,Coarse Sand,Brown,SBI,Surface,
1999-09-21 00:00:00,0.0,2.0,WEMAP99,CA99-0032,CA3032,GRAB,RESULT,Y,Silt/Clay,Black,SBI,Surface,
1999-07-28 00:00:00,-99.0,-99.0,WEMAP99,CA99-0033,33A,SEINE,RESULT,Y,NR,NR,T,NA,
1999-07-28 00:00:00,-99.0,-99.0,WEMAP99,CA99-0033,33B,SEINE,RESULT,Y,NR,NR,T,NA,
1999-07-28 00:00:00,0.0,2.0,WEMAP99,CA99-0033,CA3033,GRAB,RESULT,Y,Silt/Clay,Gray,SBI,Surface,
1999-07-27 00:00:00,-99.0,-99.0,WEMAP99,CA99-0034,34A,SEINE,RESULT,Y,NR,NR,T,NA,
1999-07-27 00:00:00,0.0,2.0,WEMAP99,CA99-0034,CA3034,GRAB,RESULT,Y,Silt/Clay,Gray,SBI,Surface,
1999-07-26 00:00:00,-99.0,-99.0,WEMAP99,CA99-0035,35A,SEINE,RESULT,Y,NR,NR,T,NA,
1999-07-26 00:00:00,0.0,2.0,WEMAP99,CA99-0035,CA3035,GRAB,RESULT,Y,Silt/Clay,Gray,SBI,Surface,
1999-07-28 00:00:00,-99.0,-99.0,WEMAP99,CA99-0036,36A,SEINE,RESULT,Y,NR,NR,T,NA,
1999-07-28 00:00:00,0.0,2.0,WEMAP99,CA99-0036,CA3036,GRAB,RESULT,Y,Silt/Clay,Gray,SBI,Surface,
1999-07-28 00:00:00,-99.0,-99.0,WEMAP99,CA99-0037,37A,SEINE,RESULT,Y,NR,NR,T,NA,
1999-07-28 00:00:00,0.0,2.0,WEMAP99,CA99-0037,CA3037,GRAB,RESULT,Y,Silt/Clay,Gray,SBI,Surface,
1999-07-27 00:00:00,-99.0,-99.0,WEMAP99,CA99-0038,38A,SEINE,RESULT,Y,NR,NR,T,NA,
1999-07-27 00:00:00,0.0,2.0,WEMAP99,CA99-0038,CA3038,GRAB,RESULT,Y,Silt/Clay,Gray,SBI,Surface,
1999-07-27 00:00:00,-99.0,-99.0,WEMAP99,CA99-0039,39A,SEINE,RESULT,Y,NR,NR,T,NA,
1999-07-27 00:00:00,0.0,2.0,WEMAP99,CA99-0039,CA3039,GRAB,RESULT,Y,Silt/Clay,Gray,SBI,Surface,
1999-08-20 00:00:00,-99.0,-99.0,WEMAP99,CA99-0040,40A,SEINE,RESULT,Y,NR,NR,T,NA,
1999-08-20 00:00:00,0.0,2.0,WEMAP99,CA99-0040,CA3040,GRAB,RESULT,Y,Silt/Clay,Gray,SBI,Surface,
1999-08-20 00:00:00,0.0,2.0,WEMAP99,CA99-0041,CA3041,GRAB,RESULT,Y,Fine Sand,Gray,SBI,Surface,
1999-08-19 00:00:00,-99.0,-99.0,WEMAP99,CA99-0042,42A,SEINE,RESULT,Y,NR,NR,T,NA,
1999-08-19 00:00:00,0.0,2.0,WEMAP99,CA99-0042,CA3042,GRAB,RESULT,Y,Fine Sand,Gray,SBI,Surface,
1999-08-19 00:00:00,-99.0,-99.0,WEMAP99,CA99-0043,43A,SEINE,RESULT,Y,NR,NR,T,NA,
1999-08-19 00:00:00,0.0,2.0,WEMAP99,CA99-0043,CA3043,GRAB,RESULT,Y,Fine Sand,Gray,SBI,Surface,
1999-08-16 00:00:00,0.0,2.0,WEMAP99,CA99-0044,CA3044,GRAB,RESULT,Y,Silt/Clay,Black,SBI,Surface,
1999-08-18 00:00:00,0.0,2.0,WEMAP99,CA99-0045,CA3045,GRAB,RESULT,Y,Mixed,Black,SBI,Surface,
1999-08-18 00:00:00,0.0,2.0,WEMAP99,CA99-0046,CA3046,GRAB,RESULT,Y,Fine Sand,Brown,SBI,Surface,
1999-08-18 00:00:00,-99.0,-99.0,WEMAP99,CA99-0047,47A,SEINE,RESULT,Y,NR,NR,T,NA,
1999-08-18 00:00:00,-99.0,-99.0,WEMAP99,CA99-0047,47B,SEINE,RESULT,Y,NR,NR,T,NA,
1999-08-18 00:00:00,0.0,2.0,WEMAP99,CA99-0047,CA3047,GRAB,RESULT,Y,Silt/Clay,Gray,SBI,Surface,
1999-08-17 00:00:00,-99.0,-99.0,WEMAP99,CA99-0048,48A,SEINE,RESULT,Y,NR,NR,T,NA,
1999-08-17 00:00:00,-99.0,-99.0,WEMAP99,CA99-0048,48B,SEINE,RESULT,Y,NR,NR,T,NA,
1999-08-17 00:00:00,0.0,2.0,WEMAP99,CA99-0048,CA3048,GRAB,RESULT,Y,Silt/Clay,Brown,SBI,Surface,
1999-08-17 00:00:00,-99.0,-99.0,WEMAP99,CA99-0049,49A,SEINE,RESULT,Y,NR,NR,T,NA,
1999-08-17 00:00:00,-99.0,-99.0,WEMAP99,CA99-0049,49B,SEINE,RESULT,Y,NR,NR,T,NA,
1999-08-17 00:00:00,0.0,2.0,WEMAP99,CA99-0049,CA3049,GRAB,RESULT,Y,Silt/Clay,Gray,SBI,Surface,
1999-08-17 00:00:00,-99.0,-99.0,WEMAP99,CA99-0050,50A,SEINE,RESULT,Y,NR,NR,T,NA,
1999-08-17 00:00:00,-99.0,-99.0,WEMAP99,CA99-0050,50B,SEINE,RESULT,Y,NR,NR,T,NA,
1999-08-17 00:00:00,0.0,2.0,WEMAP99,CA99-0050,CA3050,GRAB,RESULT,Y,Silt/Clay,Gray,SBI,Surface,
1999-08-03 00:00:00,-99.0,-99.0,WEMAP99,CA99-0051,51A,SEINE,RESULT,Y,NR,NR,T,NA,
1999-08-03 00:00:00,0.0,2.0,WEMAP99,CA99-0051,CA3051,GRAB,RESULT,Y,Silt/Clay,Brown,SBI,Surface,
1999-08-03 00:00:00,0.0,2.0,WEMAP99,CA99-0052,CA3052,GRAB,RESULT,Y,Mixed,Gray,SBI,Surface,
1999-08-02 00:00:00,-99.0,-99.0,WEMAP99,CA99-0053,53A,SEINE,RESULT,Y,NR,NR,T,NA,
1999-08-02 00:00:00,-99.0,-99.0,WEMAP99,CA99-0053,53B,SEINE,RESULT,Y,NR,NR,T,NA,
1999-08-02 00:00:00,0.0,2.0,WEMAP99,CA99-0053,CA3053,GRAB,RESULT,Y,Mixed,Black,SBI,Surface,
1999-08-03 00:00:00,0.0,2.0,WEMAP99,CA99-0054,CA3054,GRAB,RESULT,Y,Silt/Clay,Black,SBI,Surface,
1999-08-03 00:00:00,0.0,2.0,WEMAP99,CA99-0055,CA3055,GRAB,RESULT,Y,Fine Sand,Brown,SBI,Surface,
1999-08-23 00:00:00,0.0,2.0,WEMAP99,CA99-0056,CA3056,GRAB,RESULT,Y,Silt/Clay,Brown,SB,Surface,
1999-08-23 00:00:00,0.0,2.0,WEMAP99,CA99-0057,CA3057,GRAB,RESULT,Y,Fine Sand,Gray,SBI,Surface,
1999-08-25 00:00:00,-99.0,-99.0,WEMAP99,CA99-0059,59A,SEINE,RESULT,Y,NR,NR,T,NA,
1999-08-25 00:00:00,0.0,2.0,WEMAP99,CA99-0059,CA3059,GRAB,RESULT,Y,Mixed,Brown,SBI,Surface,
1999-08-24 00:00:00,-99.0,-99.0,WEMAP99,CA99-0060,60A,SEINE,RESULT,Y,NR,NR,T,NA,
1999-08-24 00:00:00,0.0,2.0,WEMAP99,CA99-0060,CA3060,GRAB,RESULT,Y,Mixed,Gray,SBI,Surface,
1999-08-24 00:00:00,-99.0,-99.0,WEMAP99,CA99-0061,61A,SEINE,RESULT,Y,NR,NR,T,NA,
1999-08-24 00:00:00,0.0,2.0,WEMAP99,CA99-0061,CA3061,GRAB,RESULT,Y,Fine Sand,Brown,SBI,Surface,
1999-08-24 00:00:00,-99.0,-99.0,WEMAP99,CA99-0062,62A,SEINE,RESULT,Y,NR,NR,T,NA,
1999-08-24 00:00:00,0.0,2.0,WEMAP99,CA99-0062,CA3062,GRAB,RESULT,Y,Fine Sand,Brown,SBI,Surface,
1999-08-26 00:00:00,-99.0,-99.0,WEMAP99,CA99-0063,63A,SEINE,RESULT,Y,NR,NR,T,NA,
1999-08-26 00:00:00,-99.0,-99.0,WEMAP99,CA99-0063,63B,SEINE,RESULT,Y,NR,NR,T,NA,
1999-08-26 00:00:00,0.0,2.0,WEMAP99,CA99-0063,CA3063,GRAB,RESULT,Y,Mixed,Brown,SBI,Surface,
1999-08-26 00:00:00,-99.0,-99.0,WEMAP99,CA99-0064,64A,SEINE,RESULT,Y,NR,NR,T,NA,
1999-08-26 00:00:00,0.0,2.0,WEMAP99,CA99-0064,CA3064,GRAB,RESULT,Y,Silt/Clay,Brown,SBI,Surface,
1999-09-02 00:00:00,0.0,2.0,WEMAP99,CA99-0065,CA3065,GRAB,RESULT,Y,Fine sand,Gray,SBI,Surface,
1999-08-31 00:00:00,0.0,2.0,WEMAP99,CA99-0067,CA3067,GRAB,RESULT,Y,Fine Sand,Brown,SBI,Surface,
1999-08-31 00:00:00,0.0,2.0,WEMAP99,CA99-0068,CA3068,GRAB,RESULT,Y,Fine Sand,Brown,SBI,Surface,
1999-08-31 00:00:00,-99.0,-99.0,WEMAP99,CA99-0069,69A,SEINE,RESULT,Y,NR,NR,T,NA,
1999-08-31 00:00:00,0.0,2.0,WEMAP99,CA99-0069,CA3069,GRAB,RESULT,Y,Fine Sand,Brown,SBI,Surface,
1999-08-31 00:00:00,-99.0,-99.0,WEMAP99,CA99-0070,70A,SEINE,RESULT,Y,NR,NR,T,NA,
1999-08-31 00:00:00,0.0,2.0,WEMAP99,CA99-0070,CA3070,GRAB,RESULT,Y,Fine Sand,Brown,SBI,Surface,
1999-09-01 00:00:00,-99.0,-99.0,WEMAP99,CA99-0071,71A,SEINE,RESULT,Y,NR,NR,T,NA,
1999-09-01 00:00:00,0.0,2.0,WEMAP99,CA99-0071,CA3071,GRAB,RESULT,Y,Mixed,Brown,SBI,Surface,
1999-09-01 00:00:00,-99.0,-99.0,WEMAP99,CA99-0073,73A,SEINE,RESULT,Y,NR,NR,T,NA,
1999-09-01 00:00:00,0.0,2.0,WEMAP99,CA99-0073,CA3073,GRAB,RESULT,Y,Mixed,Brown,SBI,Surface,
1999-09-01 00:00:00,0.0,2.0,WEMAP99,CA99-0074,CA3074,GRAB,RESULT,Y,Mixed,Brown,SBI,Surface,
1999-09-03 00:00:00,0.0,2.0,WEMAP99,CA99-0076,CA3076,GRAB,RESULT,Y,Fine Sand,Brown,SBI,Surface,
1999-09-09 00:00:00,-99.0,-99.0,WEMAP99,CA99-0077,77A,SEINE,RESULT,Y,NR,NR,T,NA,
1999-09-09 00:00:00,-99.0,-99.0,WEMAP99,CA99-0077,77B,SEINE,RESULT,Y,NR,NR,T,NA,
1999-09-09 00:00:00,0.0,2.0,WEMAP99,CA99-0077,CA3077,GRAB,RESULT,Y,Mixed,Brown,SBI,Surface,
1999-09-09 00:00:00,0.0,2.0,WEMAP99,CA99-0078,CA3078,GRAB,RESULT,Y,Mixed,Brown,SBI,Surface,
1999-08-13 00:00:00,-99.0,-99.0,WEMAP99,CA99-0079,79A,SEINE,RESULT,Y,NR,NR,T,NA,
1999-08-13 00:00:00,-99.0,-99.0,WEMAP99,CA99-0079,79B,SEINE,RESULT,Y,NR,NR,T,NA,
1999-08-13 00:00:00,-99.0,-99.0,WEMAP99,CA99-0079,79C,SEINE,RESULT,Y,NR,NR,T,NA,
1999-08-13 00:00:00,0.0,2.0,WEMAP99,CA99-0079,CA3079,GRAB,RESULT,Y,Mixed,Brown,SBI,Surface,
1999-08-26 00:00:00,0.0,2.0,WEMAP99,CA99-0080,CA3080,GRAB,RESULT,Y,Fine Sand,Brown,SBI,Surface,
