Dilution,StudyID,StationID,SampleID,QABatch,EPCode,Reference Code,SpeciesCode,SigEffect,Stat_Test
-99.0,BAYBRIDGE,Access-N-1,Access-N-1,AA_B1,SP,Alc-Env,AA,NSR,T-Test
-99.0,BAYBRIDGE,Access-N-1,Access-N-1,AA_B1,SP,Paradise,AA,NSR,T-Test
-99.0,BAYBRIDGE,Access-N-1,Access-N-1,AA_B1,SP,SF-DODS,AA,NSR,T-Test
-99.0,BAYBRIDGE,Access-N-1,Access-N-1,AA_B1,SP,TUBBS,AA,NSR,T-Test
-99.0,BAYBRIDGE,Access-N-1,Access-N-1,BJune-July 1999,SP,Alc-Env,NC,NSR,T-Test
-99.0,BAYBRIDGE,Access-N-1,Access-N-1,BJune-July 1999,SP,Paradise,NC,SR,T-Test
-99.0,BAYBRIDGE,Access-N-1,Access-N-1,BJune-July 1999,SP,SF-DODS,NC,NSR,T-Test
-99.0,BAYBRIDGE,Access-N-1,Access-N-1,BJune-July 1999,SP,TUBBS,NC,NSR,T-Test
-99.0,BAYBRIDGE,Access-N-2,Access-N-2,AA_B1,SP,Alc-Env,AA,SR,T-Test
-99.0,BAYBRIDGE,Access-N-2,Access-N-2,AA_B1,SP,Paradise,AA,SR,T-Test
-99.0,BAYBRIDGE,Access-N-2,Access-N-2,AA_B1,SP,SF-DODS,AA,NSR,T-Test
-99.0,BAYBRIDGE,Access-N-2,Access-N-2,AA_B1,SP,TUBBS,AA,NSR,T-Test
-99.0,BAYBRIDGE,Access-N-2,Access-N-2,BJune-July 1999,SP,Alc-Env,NC,NSR,T-Test
-99.0,BAYBRIDGE,Access-N-2,Access-N-2,BJune-July 1999,SP,Paradise,NC,NSR,T-Test
-99.0,BAYBRIDGE,Access-N-2,Access-N-2,BJune-July 1999,SP,SF-DODS,NC,NSR,T-Test
-99.0,BAYBRIDGE,Access-N-2,Access-N-2,BJune-July 1999,SP,TUBBS,NC,NSR,T-Test
-99.0,BAYBRIDGE,Access-N-3,Access-N-3,AA_B1,SP,Alc-Env,AA,NSR,T-Test
-99.0,BAYBRIDGE,Access-N-3,Access-N-3,AA_B1,SP,Paradise,AA,NSR,T-Test
-99.0,BAYBRIDGE,Access-N-3,Access-N-3,AA_B1,SP,SF-DODS,AA,NSR,T-Test
-99.0,BAYBRIDGE,Access-N-3,Access-N-3,AA_B1,SP,TUBBS,AA,NSR,T-Test
-99.0,BAYBRIDGE,Access-N-3,Access-N-3,BJune-July 1999,SP,Alc-Env,NC,NSR,T-Test
-99.0,BAYBRIDGE,Access-N-3,Access-N-3,BJune-July 1999,SP,Paradise,NC,SR,T-Test
-99.0,BAYBRIDGE,Access-N-3,Access-N-3,BJune-July 1999,SP,SF-DODS,NC,NSR,T-Test
-99.0,BAYBRIDGE,Access-N-3,Access-N-3,BJune-July 1999,SP,TUBBS,NC,NSR,T-Test
-99.0,BAYBRIDGE,Access-N-4,Access-N-4,AA_B1,SP,Alc-Env,AA,NSR,T-Test
-99.0,BAYBRIDGE,Access-N-4,Access-N-4,AA_B1,SP,Paradise,AA,NSR,T-Test
-99.0,BAYBRIDGE,Access-N-4,Access-N-4,AA_B1,SP,SF-DODS,AA,NSR,T-Test
-99.0,BAYBRIDGE,Access-N-4,Access-N-4,AA_B1,SP,TUBBS,AA,NSR,T-Test
-99.0,BAYBRIDGE,Access-N-4,Access-N-4,BJune-July 1999,SP,Alc-Env,NC,NSR,T-Test
-99.0,BAYBRIDGE,Access-N-4,Access-N-4,BJune-July 1999,SP,Paradise,NC,SR,T-Test
-99.0,BAYBRIDGE,Access-N-4,Access-N-4,BJune-July 1999,SP,SF-DODS,NC,NSR,T-Test
-99.0,BAYBRIDGE,Access-N-4,Access-N-4,BJune-July 1999,SP,TUBBS,NC,NSR,T-Test
-99.0,BAYBRIDGE,Access-N-5,Access-N-5,AA_B1,SP,Alc-Env,AA,NSR,T-Test
-99.0,BAYBRIDGE,Access-N-5,Access-N-5,AA_B1,SP,Paradise,AA,NSR,T-Test
-99.0,BAYBRIDGE,Access-N-5,Access-N-5,AA_B1,SP,SF-DODS,AA,NSR,T-Test
-99.0,BAYBRIDGE,Access-N-5,Access-N-5,AA_B1,SP,TUBBS,AA,NSR,T-Test
-99.0,BAYBRIDGE,Access-N-5,Access-N-5,BJune-July 1999,SP,Alc-Env,NC,SR,T-Test
-99.0,BAYBRIDGE,Access-N-5,Access-N-5,BJune-July 1999,SP,Paradise,NC,SR,T-Test
-99.0,BAYBRIDGE,Access-N-5,Access-N-5,BJune-July 1999,SP,SF-DODS,NC,SR,T-Test
-99.0,BAYBRIDGE,Access-N-5,Access-N-5,BJune-July 1999,SP,TUBBS,NC,SR,T-Test
-99.0,BAYBRIDGE,SFOBB-N-1,SFOBB-N-1,AA_B1,SP,Alc-Env,AA,SR,T-Test
-99.0,BAYBRIDGE,SFOBB-N-1,SFOBB-N-1,AA_B1,SP,Paradise,AA,NSR,T-Test
-99.0,BAYBRIDGE,SFOBB-N-1,SFOBB-N-1,AA_B1,SP,SF-DODS,AA,NSR,T-Test
-99.0,BAYBRIDGE,SFOBB-N-1,SFOBB-N-1,AA_B1,SP,TUBBS,AA,NSR,T-Test
-99.0,BAYBRIDGE,SFOBB-N-1,SFOBB-N-1,BJune-July 1999,SP,Alc-Env,NC,NSR,T-Test
-99.0,BAYBRIDGE,SFOBB-N-1,SFOBB-N-1,BJune-July 1999,SP,Paradise,NC,NSR,T-Test
-99.0,BAYBRIDGE,SFOBB-N-1,SFOBB-N-1,BJune-July 1999,SP,SF-DODS,NC,NSR,T-Test
-99.0,BAYBRIDGE,SFOBB-N-1,SFOBB-N-1,BJune-July 1999,SP,TUBBS,NC,NSR,T-Test
-99.0,BAYBRIDGE,SFOBB-N-2,SFOBB-N-2,AA_B1,SP,Alc-Env,AA,SR,T-Test
-99.0,BAYBRIDGE,SFOBB-N-2,SFOBB-N-2,AA_B1,SP,Paradise,AA,SR,T-Test
-99.0,BAYBRIDGE,SFOBB-N-2,SFOBB-N-2,AA_B1,SP,SF-DODS,AA,NSR,T-Test
-99.0,BAYBRIDGE,SFOBB-N-2,SFOBB-N-2,AA_B1,SP,TUBBS,AA,NSR,T-Test
-99.0,BAYBRIDGE,SFOBB-N-2,SFOBB-N-2,BJune-July 1999,SP,Alc-Env,NC,SR,T-Test
-99.0,BAYBRIDGE,SFOBB-N-2,SFOBB-N-2,BJune-July 1999,SP,Paradise,NC,SR,T-Test
-99.0,BAYBRIDGE,SFOBB-N-2,SFOBB-N-2,BJune-July 1999,SP,SF-DODS,NC,SR,T-Test
-99.0,BAYBRIDGE,SFOBB-N-2,SFOBB-N-2,BJune-July 1999,SP,TUBBS,NC,SR,T-Test
-99.0,BAYBRIDGE,SFOBB-N-3,SFOBB-N-3,AA_B1,SP,Alc-Env,AA,NSR,T-Test
-99.0,BAYBRIDGE,SFOBB-N-3,SFOBB-N-3,AA_B1,SP,Paradise,AA,NSR,T-Test
-99.0,BAYBRIDGE,SFOBB-N-3,SFOBB-N-3,AA_B1,SP,SF-DODS,AA,NSR,T-Test
-99.0,BAYBRIDGE,SFOBB-N-3,SFOBB-N-3,AA_B1,SP,TUBBS,AA,NSR,T-Test
-99.0,BAYBRIDGE,SFOBB-N-3,SFOBB-N-3,BJune-July 1999,SP,Alc-Env,NC,NSR,T-Test
-99.0,BAYBRIDGE,SFOBB-N-3,SFOBB-N-3,BJune-July 1999,SP,Paradise,NC,SR,T-Test
-99.0,BAYBRIDGE,SFOBB-N-3,SFOBB-N-3,BJune-July 1999,SP,SF-DODS,NC,NSR,T-Test
-99.0,BAYBRIDGE,SFOBB-N-3,SFOBB-N-3,BJune-July 1999,SP,TUBBS,NC,NSR,T-Test
-99.0,BAYBRIDGE,SFOBB-N-4,SFOBB-N-4,AA_B1,SP,Alc-Env,AA,NSR,T-Test
-99.0,BAYBRIDGE,SFOBB-N-4,SFOBB-N-4,AA_B1,SP,Paradise,AA,NSR,T-Test
-99.0,BAYBRIDGE,SFOBB-N-4,SFOBB-N-4,AA_B1,SP,SF-DODS,AA,NSR,T-Test
-99.0,BAYBRIDGE,SFOBB-N-4,SFOBB-N-4,AA_B1,SP,TUBBS,AA,NSR,T-Test
-99.0,BAYBRIDGE,SFOBB-N-4,SFOBB-N-4,BJune-July 1999,SP,Alc-Env,NC,SR,T-Test
-99.0,BAYBRIDGE,SFOBB-N-4,SFOBB-N-4,BJune-July 1999,SP,Paradise,NC,SR,T-Test
-99.0,BAYBRIDGE,SFOBB-N-4,SFOBB-N-4,BJune-July 1999,SP,SF-DODS,NC,SR,T-Test
-99.0,BAYBRIDGE,SFOBB-N-4,SFOBB-N-4,BJune-July 1999,SP,TUBBS,NC,NSR,T-Test
-99.0,BAYBRIDGE,SFOBB-N-5,SFOBB-N-5,AA_B1,SP,Alc-Env,AA,NSR,T-Test
-99.0,BAYBRIDGE,SFOBB-N-5,SFOBB-N-5,AA_B1,SP,Paradise,AA,NSR,T-Test
-99.0,BAYBRIDGE,SFOBB-N-5,SFOBB-N-5,AA_B1,SP,SF-DODS,AA,NSR,T-Test
-99.0,BAYBRIDGE,SFOBB-N-5,SFOBB-N-5,AA_B1,SP,TUBBS,AA,NSR,T-Test
-99.0,BAYBRIDGE,SFOBB-N-5,SFOBB-N-5,BJune-July 1999,SP,Alc-Env,NC,SR,T-Test
-99.0,BAYBRIDGE,SFOBB-N-5,SFOBB-N-5,BJune-July 1999,SP,Paradise,NC,SR,T-Test
-99.0,BAYBRIDGE,SFOBB-N-5,SFOBB-N-5,BJune-July 1999,SP,SF-DODS,NC,SR,T-Test
-99.0,BAYBRIDGE,SFOBB-N-5,SFOBB-N-5,BJune-July 1999,SP,TUBBS,NC,SR,T-Test
-99.0,BAYBRIDGE,SFOBB-N-6,SFOBB-N-6,AA_B1,SP,Alc-Env,AA,NSR,T-Test
-99.0,BAYBRIDGE,SFOBB-N-6,SFOBB-N-6,AA_B1,SP,Paradise,AA,NSR,T-Test
-99.0,BAYBRIDGE,SFOBB-N-6,SFOBB-N-6,AA_B1,SP,SF-DODS,AA,NSR,T-Test
-99.0,BAYBRIDGE,SFOBB-N-6,SFOBB-N-6,AA_B1,SP,TUBBS,AA,NSR,T-Test
-99.0,BAYBRIDGE,SFOBB-N-6,SFOBB-N-6,BJune-July 1999,SP,Alc-Env,NC,NSR,T-Test
-99.0,BAYBRIDGE,SFOBB-N-6,SFOBB-N-6,BJune-July 1999,SP,Paradise,NC,NSR,T-Test
-99.0,BAYBRIDGE,SFOBB-N-6,SFOBB-N-6,BJune-July 1999,SP,SF-DODS,NC,NSR,T-Test
-99.0,BAYBRIDGE,SFOBB-N-6,SFOBB-N-6,BJune-July 1999,SP,TUBBS,NC,NSR,T-Test
-99.0,BAYBRIDGE,SFOBB-N-7,SFOBB-N-7,AA_B1,SP,Alc-Env,AA,NSR,T-Test
-99.0,BAYBRIDGE,SFOBB-N-7,SFOBB-N-7,AA_B1,SP,Paradise,AA,NSR,T-Test
-99.0,BAYBRIDGE,SFOBB-N-7,SFOBB-N-7,AA_B1,SP,SF-DODS,AA,NSR,T-Test
-99.0,BAYBRIDGE,SFOBB-N-7,SFOBB-N-7,AA_B1,SP,TUBBS,AA,NSR,T-Test
-99.0,BAYBRIDGE,SFOBB-N-7,SFOBB-N-7,BJune-July 1999,SP,Alc-Env,NC,NSR,T-Test
-99.0,BAYBRIDGE,SFOBB-N-7,SFOBB-N-7,BJune-July 1999,SP,Paradise,NC,SR,T-Test
-99.0,BAYBRIDGE,SFOBB-N-7,SFOBB-N-7,BJune-July 1999,SP,SF-DODS,NC,NSR,T-Test
-99.0,BAYBRIDGE,SFOBB-N-7,SFOBB-N-7,BJune-July 1999,SP,TUBBS,NC,NSR,T-Test
-99.0,OAK_42IIIA_92,AC-1,AC-1,10_SP_CI,SP,Alc-Disp,CI,NSR,Dunn's Test
-99.0,OAK_42IIIA_92,AC-1,AC-1,10_SP_CI,SP,Alc-Env,CI,NSR,Dunn's Test
-99.0,OAK_42IIIA_92,AC-1,AC-1,10_SP_CI,SP,BayFarm,CI,NSR,Dunn's Test
-99.0,OAK_42IIIA_92,AC-1,AC-1,10_SP_CI,SP,PtRey-C,CI,NSR,Dunn's Test
-99.0,OAK_42IIIA_92,AC-1,AC-1,10_SP_CI,SP,PtRey-F,CI,NSR,Dunn's Test
-99.0,OAK_42IIIA_92,AC-1,AC-1,10_SP_CI,SP,SF-DODS,CI,NSR,Dunn's Test
-99.0,OAK_42IIIA_92,AC-1,AC-1,10_SP_MN,SP,Alc-Disp,MN,NSR,Dunn's Test
-99.0,OAK_42IIIA_92,AC-1,AC-1,10_SP_MN,SP,Alc-Env,MN,NSR,Dunn's Test
-99.0,OAK_42IIIA_92,AC-1,AC-1,10_SP_MN,SP,BayFarm,MN,NSR,Dunn's Test
-99.0,OAK_42IIIA_92,AC-1,AC-1,10_SP_MN,SP,PtRey-C,MN,NSR,Dunn's Test
-99.0,OAK_42IIIA_92,AC-1,AC-1,10_SP_MN,SP,PtRey-F,MN,NSR,Dunn's Test
-99.0,OAK_42IIIA_92,AC-1,AC-1,10_SP_MN,SP,SF-DODS,MN,NSR,Dunn's Test
-99.0,OAK_42IIIA_92,AC-1,AC-1,28_SP_MN,SP,Alc-Disp,MN,NSR,Dunn's Test
-99.0,OAK_42IIIA_92,AC-1,AC-1,28_SP_MN,SP,Alc-Env,MN,NSR,Dunn's Test
-99.0,OAK_42IIIA_92,AC-1,AC-1,28_SP_MN,SP,BayFarm,MN,NSR,Dunn's Test
-99.0,OAK_42IIIA_92,AC-1,AC-1,28_SP_MN,SP,PtRey-C,MN,NSR,Dunn's Test
-99.0,OAK_42IIIA_92,AC-1,AC-1,28_SP_MN,SP,PtRey-F,MN,NSR,Dunn's Test
-99.0,OAK_42IIIA_92,AC-1,AC-1,28_SP_MN,SP,SF-DODS,MN,NSR,Dunn's Test
-99.0,OAK_42IIIA_92,AC-1,AC-1,A10_SP_RA,SP,Alc-Disp,RA,NSR,Dunn's Test
-99.0,OAK_42IIIA_92,AC-1,AC-1,A10_SP_RA,SP,Alc-Env,RA,NSR,Dunn's Test
-99.0,OAK_42IIIA_92,AC-1,AC-1,A10_SP_RA,SP,BayFarm,RA,NSR,Dunn's Test
-99.0,OAK_42IIIA_92,AC-1,AC-1,A10_SP_RA,SP,PtRey-C,RA,NSR,Dunn's Test
-99.0,OAK_42IIIA_92,AC-1,AC-1,A10_SP_RA,SP,PtRey-F,RA,NSR,Dunn's Test
-99.0,OAK_42IIIA_92,AC-1,AC-1,A10_SP_RA,SP,SF-DODS,RA,NSR,Dunn's Test
-99.0,OAK_42IIIA_92,AC-1,AC-1,B10_SP_RA,SP,Alc-Disp,RA,NSR,Dunn's Test
-99.0,OAK_42IIIA_92,AC-1,AC-1,B10_SP_RA,SP,Alc-Env,RA,NSR,Dunn's Test
-99.0,OAK_42IIIA_92,AC-1,AC-1,B10_SP_RA,SP,BayFarm,RA,NSR,Dunn's Test
-99.0,OAK_42IIIA_92,AC-1,AC-1,B10_SP_RA,SP,PtRey-C,RA,NSR,Dunn's Test
-99.0,OAK_42IIIA_92,AC-1,AC-1,B10_SP_RA,SP,PtRey-F,RA,NSR,Dunn's Test
-99.0,OAK_42IIIA_92,AC-1,AC-1,B10_SP_RA,SP,SF-DODS,RA,NSR,Dunn's Test
-99.0,OAK_42IIIA_92,AC-1,AC-1,C10_SP_RA,SP,Alc-Disp,RA,NSR,Dunn's Test
-99.0,OAK_42IIIA_92,AC-1,AC-1,C10_SP_RA,SP,Alc-Env,RA,NSR,Dunn's Test
-99.0,OAK_42IIIA_92,AC-1,AC-1,C10_SP_RA,SP,BayFarm,RA,NSR,Dunn's Test
-99.0,OAK_42IIIA_92,AC-1,AC-1,C10_SP_RA,SP,PtRey-C,RA,NSR,Dunn's Test
-99.0,OAK_42IIIA_92,AC-1,AC-1,C10_SP_RA,SP,PtRey-F,RA,NSR,Dunn's Test
-99.0,OAK_42IIIA_92,AC-1,AC-1,C10_SP_RA,SP,SF-DODS,RA,NSR,Dunn's Test
-99.0,OAK_42IIIA_92,AC-3,AC-3,10_SP_CI,SP,Alc-Disp,CI,NSR,Dunn's Test
-99.0,OAK_42IIIA_92,AC-3,AC-3,10_SP_CI,SP,Alc-Env,CI,NSR,Dunn's Test
-99.0,OAK_42IIIA_92,AC-3,AC-3,10_SP_CI,SP,BayFarm,CI,NSR,Dunn's Test
-99.0,OAK_42IIIA_92,AC-3,AC-3,10_SP_CI,SP,PtRey-C,CI,NSR,Dunn's Test
-99.0,OAK_42IIIA_92,AC-3,AC-3,10_SP_CI,SP,PtRey-F,CI,NSR,Dunn's Test
-99.0,OAK_42IIIA_92,AC-3,AC-3,10_SP_CI,SP,SF-DODS,CI,NSR,Dunn's Test
-99.0,OAK_42IIIA_92,AC-3,AC-3,10_SP_MN,SP,Alc-Disp,MN,NSR,Dunn's Test
-99.0,OAK_42IIIA_92,AC-3,AC-3,10_SP_MN,SP,Alc-Env,MN,NSR,Dunn's Test
-99.0,OAK_42IIIA_92,AC-3,AC-3,10_SP_MN,SP,BayFarm,MN,NSR,Dunn's Test
-99.0,OAK_42IIIA_92,AC-3,AC-3,10_SP_MN,SP,PtRey-C,MN,NSR,Dunn's Test
-99.0,OAK_42IIIA_92,AC-3,AC-3,10_SP_MN,SP,PtRey-F,MN,NSR,Dunn's Test
-99.0,OAK_42IIIA_92,AC-3,AC-3,10_SP_MN,SP,SF-DODS,MN,NSR,Dunn's Test
-99.0,OAK_42IIIA_92,AC-3,AC-3,28_SP_MN,SP,Alc-Disp,MN,NSR,Dunn's Test
-99.0,OAK_42IIIA_92,AC-3,AC-3,28_SP_MN,SP,Alc-Env,MN,NSR,Dunn's Test
-99.0,OAK_42IIIA_92,AC-3,AC-3,28_SP_MN,SP,BayFarm,MN,NSR,Dunn's Test
-99.0,OAK_42IIIA_92,AC-3,AC-3,28_SP_MN,SP,PtRey-C,MN,NSR,Dunn's Test
-99.0,OAK_42IIIA_92,AC-3,AC-3,28_SP_MN,SP,PtRey-F,MN,NSR,Dunn's Test
-99.0,OAK_42IIIA_92,AC-3,AC-3,28_SP_MN,SP,SF-DODS,MN,NSR,Dunn's Test
-99.0,OAK_42IIIA_92,AC-3,AC-3,A10_SP_RA,SP,Alc-Disp,RA,NSR,Dunn's Test
-99.0,OAK_42IIIA_92,AC-3,AC-3,A10_SP_RA,SP,Alc-Env,RA,NSR,Dunn's Test
-99.0,OAK_42IIIA_92,AC-3,AC-3,A10_SP_RA,SP,BayFarm,RA,NSR,Dunn's Test
-99.0,OAK_42IIIA_92,AC-3,AC-3,A10_SP_RA,SP,PtRey-C,RA,NSR,Dunn's Test
-99.0,OAK_42IIIA_92,AC-3,AC-3,A10_SP_RA,SP,PtRey-F,RA,NSR,Dunn's Test
-99.0,OAK_42IIIA_92,AC-3,AC-3,A10_SP_RA,SP,SF-DODS,RA,NSR,Dunn's Test
-99.0,OAK_42IIIA_92,AC-3,AC-3,B10_SP_RA,SP,Alc-Disp,RA,NSR,Dunn's Test
-99.0,OAK_42IIIA_92,AC-3,AC-3,B10_SP_RA,SP,Alc-Env,RA,NSR,Dunn's Test
-99.0,OAK_42IIIA_92,AC-3,AC-3,B10_SP_RA,SP,BayFarm,RA,NSR,Dunn's Test
-99.0,OAK_42IIIA_92,AC-3,AC-3,B10_SP_RA,SP,PtRey-C,RA,NSR,Dunn's Test
-99.0,OAK_42IIIA_92,AC-3,AC-3,B10_SP_RA,SP,PtRey-F,RA,NSR,Dunn's Test
-99.0,OAK_42IIIA_92,AC-3,AC-3,B10_SP_RA,SP,SF-DODS,RA,NSR,Dunn's Test
-99.0,OAK_42IIIA_92,AC-3,AC-3,C10_SP_RA,SP,Alc-Disp,RA,NSR,Dunn's Test
-99.0,OAK_42IIIA_92,AC-3,AC-3,C10_SP_RA,SP,Alc-Env,RA,NSR,Dunn's Test
-99.0,OAK_42IIIA_92,AC-3,AC-3,C10_SP_RA,SP,BayFarm,RA,NSR,Dunn's Test
-99.0,OAK_42IIIA_92,AC-3,AC-3,C10_SP_RA,SP,PtRey-C,RA,NSR,Dunn's Test
-99.0,OAK_42IIIA_92,AC-3,AC-3,C10_SP_RA,SP,PtRey-F,RA,NSR,Dunn's Test
-99.0,OAK_42IIIA_92,AC-3,AC-3,C10_SP_RA,SP,SF-DODS,RA,NSR,Dunn's Test
-99.0,OAK_42IIIA_92,I-C10,I-C10,10_SP_CI,SP,Alc-Disp,CI,NSR,Dunn's Test
-99.0,OAK_42IIIA_92,I-C10,I-C10,10_SP_CI,SP,Alc-Env,CI,NSR,Dunn's Test
-99.0,OAK_42IIIA_92,I-C10,I-C10,10_SP_CI,SP,BayFarm,CI,NSR,Dunn's Test
-99.0,OAK_42IIIA_92,I-C10,I-C10,10_SP_CI,SP,PtRey-C,CI,NSR,Dunn's Test
-99.0,OAK_42IIIA_92,I-C10,I-C10,10_SP_CI,SP,PtRey-F,CI,NSR,Dunn's Test
-99.0,OAK_42IIIA_92,I-C10,I-C10,10_SP_CI,SP,SF-DODS,CI,NSR,Dunn's Test
-99.0,OAK_42IIIA_92,I-C10,I-C10,10_SP_MN,SP,Alc-Disp,MN,NSR,Dunn's Test
-99.0,OAK_42IIIA_92,I-C10,I-C10,10_SP_MN,SP,Alc-Env,MN,NSR,Dunn's Test
-99.0,OAK_42IIIA_92,I-C10,I-C10,10_SP_MN,SP,BayFarm,MN,NSR,Dunn's Test
-99.0,OAK_42IIIA_92,I-C10,I-C10,10_SP_MN,SP,PtRey-C,MN,NSR,Dunn's Test
-99.0,OAK_42IIIA_92,I-C10,I-C10,10_SP_MN,SP,PtRey-F,MN,NSR,Dunn's Test
-99.0,OAK_42IIIA_92,I-C10,I-C10,10_SP_MN,SP,SF-DODS,MN,NSR,Dunn's Test
-99.0,OAK_42IIIA_92,I-C10,I-C10,28_SP_MN,SP,Alc-Disp,MN,NSR,Dunn's Test
-99.0,OAK_42IIIA_92,I-C10,I-C10,28_SP_MN,SP,Alc-Env,MN,NSR,Dunn's Test
-99.0,OAK_42IIIA_92,I-C10,I-C10,28_SP_MN,SP,BayFarm,MN,NSR,Dunn's Test
-99.0,OAK_42IIIA_92,I-C10,I-C10,28_SP_MN,SP,PtRey-C,MN,NSR,Dunn's Test
-99.0,OAK_42IIIA_92,I-C10,I-C10,28_SP_MN,SP,PtRey-F,MN,NSR,Dunn's Test
-99.0,OAK_42IIIA_92,I-C10,I-C10,28_SP_MN,SP,SF-DODS,MN,NSR,Dunn's Test
-99.0,OAK_42IIIA_92,I-C10,I-C10,A10_SP_RA,SP,Alc-Disp,RA,NSR,Dunn's Test
-99.0,OAK_42IIIA_92,I-C10,I-C10,A10_SP_RA,SP,Alc-Env,RA,NSR,Dunn's Test
-99.0,OAK_42IIIA_92,I-C10,I-C10,A10_SP_RA,SP,BayFarm,RA,NSR,Dunn's Test
-99.0,OAK_42IIIA_92,I-C10,I-C10,A10_SP_RA,SP,PtRey-C,RA,NSR,Dunn's Test
-99.0,OAK_42IIIA_92,I-C10,I-C10,A10_SP_RA,SP,PtRey-F,RA,NSR,Dunn's Test
-99.0,OAK_42IIIA_92,I-C10,I-C10,A10_SP_RA,SP,SF-DODS,RA,NSR,Dunn's Test
-99.0,OAK_42IIIA_92,I-C10,I-C10,B10_SP_RA,SP,Alc-Disp,RA,NSR,Dunn's Test
-99.0,OAK_42IIIA_92,I-C10,I-C10,B10_SP_RA,SP,Alc-Env,RA,NSR,Dunn's Test
-99.0,OAK_42IIIA_92,I-C10,I-C10,B10_SP_RA,SP,BayFarm,RA,NSR,Dunn's Test
-99.0,OAK_42IIIA_92,I-C10,I-C10,B10_SP_RA,SP,PtRey-C,RA,NSR,Dunn's Test
-99.0,OAK_42IIIA_92,I-C10,I-C10,B10_SP_RA,SP,PtRey-F,RA,NSR,Dunn's Test
-99.0,OAK_42IIIA_92,I-C10,I-C10,B10_SP_RA,SP,SF-DODS,RA,NSR,Dunn's Test
-99.0,OAK_42IIIA_92,I-C10,I-C10,C10_SP_RA,SP,Alc-Disp,RA,NSR,Dunn's Test
-99.0,OAK_42IIIA_92,I-C10,I-C10,C10_SP_RA,SP,Alc-Env,RA,NSR,Dunn's Test
-99.0,OAK_42IIIA_92,I-C10,I-C10,C10_SP_RA,SP,BayFarm,RA,NSR,Dunn's Test
-99.0,OAK_42IIIA_92,I-C10,I-C10,C10_SP_RA,SP,PtRey-C,RA,NSR,Dunn's Test
-99.0,OAK_42IIIA_92,I-C10,I-C10,C10_SP_RA,SP,PtRey-F,RA,NSR,Dunn's Test
-99.0,OAK_42IIIA_92,I-C10,I-C10,C10_SP_RA,SP,SF-DODS,RA,NSR,Dunn's Test
-99.0,OAK_42IIIA_92,I-C10,I-C10R,10_SP_MNR,SP,Alc-Disp,MN,NSR,Dunn's Test
-99.0,OAK_42IIIA_92,I-C10,I-C10R,10_SP_MNR,SP,Alc-Env,MN,NSR,Dunn's Test
-99.0,OAK_42IIIA_92,I-C10,I-C10R,10_SP_MNR,SP,BayFarm,MN,NSR,Dunn's Test
-99.0,OAK_42IIIA_92,I-C10,I-C10R,10_SP_MNR,SP,PtRey-C,MN,NSR,Dunn's Test
-99.0,OAK_42IIIA_92,I-C10,I-C10R,10_SP_MNR,SP,PtRey-F,MN,NSR,Dunn's Test
-99.0,OAK_42IIIA_92,I-C10,I-C10R,10_SP_MNR,SP,SF-DODS,MN,NSR,Dunn's Test
-99.0,OAK_42IIIA_92,I-C10,I-C10R,10_SP_NCR,SP,Alc-Disp,NC,NSR,Dunn's Test
-99.0,OAK_42IIIA_92,I-C10,I-C10R,10_SP_NCR,SP,Alc-Env,NC,NSR,Dunn's Test
-99.0,OAK_42IIIA_92,I-C10,I-C10R,10_SP_NCR,SP,BayFarm,NC,NSR,Dunn's Test
-99.0,OAK_42IIIA_92,I-C10,I-C10R,10_SP_NCR,SP,PtRey-C,NC,NSR,Dunn's Test
-99.0,OAK_42IIIA_92,I-C10,I-C10R,10_SP_NCR,SP,PtRey-F,NC,NSR,Dunn's Test
-99.0,OAK_42IIIA_92,I-C10,I-C10R,10_SP_NCR,SP,SF-DODS,NC,NSR,Dunn's Test
-99.0,OAK_42IIIA_92,I-C11,I-C11,10_SP_CI,SP,Alc-Disp,CI,NSR,Dunn's Test
-99.0,OAK_42IIIA_92,I-C11,I-C11,10_SP_CI,SP,Alc-Env,CI,NSR,Dunn's Test
-99.0,OAK_42IIIA_92,I-C11,I-C11,10_SP_CI,SP,BayFarm,CI,NSR,Dunn's Test
-99.0,OAK_42IIIA_92,I-C11,I-C11,10_SP_CI,SP,PtRey-C,CI,NSR,Dunn's Test
-99.0,OAK_42IIIA_92,I-C11,I-C11,10_SP_CI,SP,PtRey-F,CI,NSR,Dunn's Test
-99.0,OAK_42IIIA_92,I-C11,I-C11,10_SP_CI,SP,SF-DODS,CI,NSR,Dunn's Test
-99.0,OAK_42IIIA_92,I-C11,I-C11,10_SP_MN,SP,Alc-Disp,MN,NSR,Dunn's Test
-99.0,OAK_42IIIA_92,I-C11,I-C11,10_SP_MN,SP,Alc-Env,MN,NSR,Dunn's Test
-99.0,OAK_42IIIA_92,I-C11,I-C11,10_SP_MN,SP,BayFarm,MN,NSR,Dunn's Test
-99.0,OAK_42IIIA_92,I-C11,I-C11,10_SP_MN,SP,PtRey-C,MN,NSR,Dunn's Test
-99.0,OAK_42IIIA_92,I-C11,I-C11,10_SP_MN,SP,PtRey-F,MN,NSR,Dunn's Test
-99.0,OAK_42IIIA_92,I-C11,I-C11,10_SP_MN,SP,SF-DODS,MN,NSR,Dunn's Test
-99.0,OAK_42IIIA_92,I-C11,I-C11,28_SP_MN,SP,Alc-Disp,MN,NSR,Dunn's Test
-99.0,OAK_42IIIA_92,I-C11,I-C11,28_SP_MN,SP,Alc-Env,MN,NSR,Dunn's Test
-99.0,OAK_42IIIA_92,I-C11,I-C11,28_SP_MN,SP,BayFarm,MN,NSR,Dunn's Test
-99.0,OAK_42IIIA_92,I-C11,I-C11,28_SP_MN,SP,PtRey-C,MN,NSR,Dunn's Test
-99.0,OAK_42IIIA_92,I-C11,I-C11,28_SP_MN,SP,PtRey-F,MN,NSR,Dunn's Test
-99.0,OAK_42IIIA_92,I-C11,I-C11,28_SP_MN,SP,SF-DODS,MN,NSR,Dunn's Test
-99.0,OAK_42IIIA_92,I-C11,I-C11,A10_SP_RA,SP,Alc-Disp,RA,NSR,Dunn's Test
-99.0,OAK_42IIIA_92,I-C11,I-C11,A10_SP_RA,SP,Alc-Env,RA,NSR,Dunn's Test
-99.0,OAK_42IIIA_92,I-C11,I-C11,A10_SP_RA,SP,BayFarm,RA,NSR,Dunn's Test
-99.0,OAK_42IIIA_92,I-C11,I-C11,A10_SP_RA,SP,PtRey-C,RA,NSR,Dunn's Test
-99.0,OAK_42IIIA_92,I-C11,I-C11,A10_SP_RA,SP,PtRey-F,RA,NSR,Dunn's Test
-99.0,OAK_42IIIA_92,I-C11,I-C11,A10_SP_RA,SP,SF-DODS,RA,NSR,Dunn's Test
-99.0,OAK_42IIIA_92,I-C11,I-C11,B10_SP_RA,SP,Alc-Disp,RA,NSR,Dunn's Test
-99.0,OAK_42IIIA_92,I-C11,I-C11,B10_SP_RA,SP,Alc-Env,RA,NSR,Dunn's Test
-99.0,OAK_42IIIA_92,I-C11,I-C11,B10_SP_RA,SP,BayFarm,RA,NSR,Dunn's Test
-99.0,OAK_42IIIA_92,I-C11,I-C11,B10_SP_RA,SP,PtRey-C,RA,NSR,Dunn's Test
-99.0,OAK_42IIIA_92,I-C11,I-C11,B10_SP_RA,SP,PtRey-F,RA,NSR,Dunn's Test
-99.0,OAK_42IIIA_92,I-C11,I-C11,B10_SP_RA,SP,SF-DODS,RA,NSR,Dunn's Test
-99.0,OAK_42IIIA_92,I-C11,I-C11,C10_SP_RA,SP,Alc-Disp,RA,NSR,Dunn's Test
-99.0,OAK_42IIIA_92,I-C11,I-C11,C10_SP_RA,SP,Alc-Env,RA,NSR,Dunn's Test
-99.0,OAK_42IIIA_92,I-C11,I-C11,C10_SP_RA,SP,BayFarm,RA,NSR,Dunn's Test
-99.0,OAK_42IIIA_92,I-C11,I-C11,C10_SP_RA,SP,PtRey-C,RA,NSR,Dunn's Test
-99.0,OAK_42IIIA_92,I-C11,I-C11,C10_SP_RA,SP,PtRey-F,RA,NSR,Dunn's Test
-99.0,OAK_42IIIA_92,I-C11,I-C11,C10_SP_RA,SP,SF-DODS,RA,NSR,Dunn's Test
-99.0,OAK_42IIIA_92,I-C11,I-C11R,10_SP_MNR,SP,Alc-Disp,MN,NSR,Dunn's Test
-99.0,OAK_42IIIA_92,I-C11,I-C11R,10_SP_MNR,SP,Alc-Env,MN,NSR,Dunn's Test
-99.0,OAK_42IIIA_92,I-C11,I-C11R,10_SP_MNR,SP,BayFarm,MN,NSR,Dunn's Test
-99.0,OAK_42IIIA_92,I-C11,I-C11R,10_SP_MNR,SP,PtRey-C,MN,NSR,Dunn's Test
-99.0,OAK_42IIIA_92,I-C11,I-C11R,10_SP_MNR,SP,PtRey-F,MN,NSR,Dunn's Test
-99.0,OAK_42IIIA_92,I-C11,I-C11R,10_SP_MNR,SP,SF-DODS,MN,NSR,Dunn's Test
-99.0,OAK_42IIIA_92,I-C11,I-C11R,10_SP_NCR,SP,Alc-Disp,NC,NSR,Dunn's Test
-99.0,OAK_42IIIA_92,I-C11,I-C11R,10_SP_NCR,SP,Alc-Env,NC,NSR,Dunn's Test
-99.0,OAK_42IIIA_92,I-C11,I-C11R,10_SP_NCR,SP,BayFarm,NC,NSR,Dunn's Test
-99.0,OAK_42IIIA_92,I-C11,I-C11R,10_SP_NCR,SP,PtRey-C,NC,SR,Dunn's Test
-99.0,OAK_42IIIA_92,I-C11,I-C11R,10_SP_NCR,SP,PtRey-F,NC,NSR,Dunn's Test
-99.0,OAK_42IIIA_92,I-C11,I-C11R,10_SP_NCR,SP,SF-DODS,NC,NSR,Dunn's Test
-99.0,OAK_42IIIA_92,I-C12,I-C12,10_SP_CI,SP,Alc-Disp,CI,NSR,Dunn's Test
-99.0,OAK_42IIIA_92,I-C12,I-C12,10_SP_CI,SP,Alc-Env,CI,NSR,Dunn's Test
-99.0,OAK_42IIIA_92,I-C12,I-C12,10_SP_CI,SP,BayFarm,CI,NSR,Dunn's Test
-99.0,OAK_42IIIA_92,I-C12,I-C12,10_SP_CI,SP,PtRey-C,CI,NSR,Dunn's Test
-99.0,OAK_42IIIA_92,I-C12,I-C12,10_SP_CI,SP,PtRey-F,CI,NSR,Dunn's Test
-99.0,OAK_42IIIA_92,I-C12,I-C12,10_SP_CI,SP,SF-DODS,CI,NSR,Dunn's Test
-99.0,OAK_42IIIA_92,I-C12,I-C12,10_SP_MN,SP,Alc-Disp,MN,NSR,Dunn's Test
-99.0,OAK_42IIIA_92,I-C12,I-C12,10_SP_MN,SP,Alc-Env,MN,NSR,Dunn's Test
-99.0,OAK_42IIIA_92,I-C12,I-C12,10_SP_MN,SP,BayFarm,MN,NSR,Dunn's Test
-99.0,OAK_42IIIA_92,I-C12,I-C12,10_SP_MN,SP,PtRey-C,MN,NSR,Dunn's Test
-99.0,OAK_42IIIA_92,I-C12,I-C12,10_SP_MN,SP,PtRey-F,MN,NSR,Dunn's Test
-99.0,OAK_42IIIA_92,I-C12,I-C12,10_SP_MN,SP,SF-DODS,MN,NSR,Dunn's Test
-99.0,OAK_42IIIA_92,I-C12,I-C12,28_SP_MN,SP,Alc-Disp,MN,NSR,Dunn's Test
-99.0,OAK_42IIIA_92,I-C12,I-C12,28_SP_MN,SP,Alc-Env,MN,NSR,Dunn's Test
-99.0,OAK_42IIIA_92,I-C12,I-C12,28_SP_MN,SP,BayFarm,MN,NSR,Dunn's Test
-99.0,OAK_42IIIA_92,I-C12,I-C12,28_SP_MN,SP,PtRey-C,MN,NSR,Dunn's Test
-99.0,OAK_42IIIA_92,I-C12,I-C12,28_SP_MN,SP,PtRey-F,MN,NSR,Dunn's Test
-99.0,OAK_42IIIA_92,I-C12,I-C12,28_SP_MN,SP,SF-DODS,MN,NSR,Dunn's Test
-99.0,OAK_42IIIA_92,I-C12,I-C12,A10_SP_RA,SP,Alc-Disp,RA,NSR,Dunn's Test
-99.0,OAK_42IIIA_92,I-C12,I-C12,A10_SP_RA,SP,Alc-Env,RA,NSR,Dunn's Test
-99.0,OAK_42IIIA_92,I-C12,I-C12,A10_SP_RA,SP,BayFarm,RA,NSR,Dunn's Test
-99.0,OAK_42IIIA_92,I-C12,I-C12,A10_SP_RA,SP,PtRey-C,RA,NSR,Dunn's Test
-99.0,OAK_42IIIA_92,I-C12,I-C12,A10_SP_RA,SP,PtRey-F,RA,NSR,Dunn's Test
-99.0,OAK_42IIIA_92,I-C12,I-C12,A10_SP_RA,SP,SF-DODS,RA,NSR,Dunn's Test
-99.0,OAK_42IIIA_92,I-C12,I-C12,B10_SP_RA,SP,Alc-Disp,RA,NSR,Dunn's Test
-99.0,OAK_42IIIA_92,I-C12,I-C12,B10_SP_RA,SP,Alc-Env,RA,NSR,Dunn's Test
-99.0,OAK_42IIIA_92,I-C12,I-C12,B10_SP_RA,SP,BayFarm,RA,NSR,Dunn's Test
-99.0,OAK_42IIIA_92,I-C12,I-C12,B10_SP_RA,SP,PtRey-C,RA,NSR,Dunn's Test
-99.0,OAK_42IIIA_92,I-C12,I-C12,B10_SP_RA,SP,PtRey-F,RA,NSR,Dunn's Test
-99.0,OAK_42IIIA_92,I-C12,I-C12,B10_SP_RA,SP,SF-DODS,RA,NSR,Dunn's Test
-99.0,OAK_42IIIA_92,I-C12,I-C12,C10_SP_RA,SP,Alc-Disp,RA,NSR,Dunn's Test
-99.0,OAK_42IIIA_92,I-C12,I-C12,C10_SP_RA,SP,Alc-Env,RA,NSR,Dunn's Test
-99.0,OAK_42IIIA_92,I-C12,I-C12,C10_SP_RA,SP,BayFarm,RA,NSR,Dunn's Test
-99.0,OAK_42IIIA_92,I-C12,I-C12,C10_SP_RA,SP,PtRey-C,RA,NSR,Dunn's Test
-99.0,OAK_42IIIA_92,I-C12,I-C12,C10_SP_RA,SP,PtRey-F,RA,NSR,Dunn's Test
-99.0,OAK_42IIIA_92,I-C12,I-C12,C10_SP_RA,SP,SF-DODS,RA,NSR,Dunn's Test
-99.0,OAK_42IIIA_92,I-C12,I-C12R,10_SP_MNR,SP,Alc-Disp,MN,NSR,Dunn's Test
-99.0,OAK_42IIIA_92,I-C12,I-C12R,10_SP_MNR,SP,Alc-Env,MN,NSR,Dunn's Test
-99.0,OAK_42IIIA_92,I-C12,I-C12R,10_SP_MNR,SP,BayFarm,MN,NSR,Dunn's Test
-99.0,OAK_42IIIA_92,I-C12,I-C12R,10_SP_MNR,SP,PtRey-C,MN,NSR,Dunn's Test
-99.0,OAK_42IIIA_92,I-C12,I-C12R,10_SP_MNR,SP,PtRey-F,MN,NSR,Dunn's Test
-99.0,OAK_42IIIA_92,I-C12,I-C12R,10_SP_MNR,SP,SF-DODS,MN,NSR,Dunn's Test
-99.0,OAK_42IIIA_92,I-C12,I-C12R,10_SP_NCR,SP,Alc-Disp,NC,NSR,Dunn's Test
-99.0,OAK_42IIIA_92,I-C12,I-C12R,10_SP_NCR,SP,Alc-Env,NC,NSR,Dunn's Test
-99.0,OAK_42IIIA_92,I-C12,I-C12R,10_SP_NCR,SP,BayFarm,NC,NSR,Dunn's Test
-99.0,OAK_42IIIA_92,I-C12,I-C12R,10_SP_NCR,SP,PtRey-C,NC,NSR,Dunn's Test
-99.0,OAK_42IIIA_92,I-C12,I-C12R,10_SP_NCR,SP,PtRey-F,NC,NSR,Dunn's Test
-99.0,OAK_42IIIA_92,I-C12,I-C12R,10_SP_NCR,SP,SF-DODS,NC,NSR,Dunn's Test
-99.0,OAK_42IIIA_92,I-C14,I-C14,10_SP_CI,SP,Alc-Disp,CI,NSR,Dunn's Test
-99.0,OAK_42IIIA_92,I-C14,I-C14,10_SP_CI,SP,Alc-Env,CI,NSR,Dunn's Test
-99.0,OAK_42IIIA_92,I-C14,I-C14,10_SP_CI,SP,BayFarm,CI,NSR,Dunn's Test
-99.0,OAK_42IIIA_92,I-C14,I-C14,10_SP_CI,SP,PtRey-C,CI,NSR,Dunn's Test
-99.0,OAK_42IIIA_92,I-C14,I-C14,10_SP_CI,SP,PtRey-F,CI,NSR,Dunn's Test
-99.0,OAK_42IIIA_92,I-C14,I-C14,10_SP_CI,SP,SF-DODS,CI,NSR,Dunn's Test
-99.0,OAK_42IIIA_92,I-C14,I-C14,10_SP_MN,SP,Alc-Disp,MN,NSR,Dunn's Test
-99.0,OAK_42IIIA_92,I-C14,I-C14,10_SP_MN,SP,Alc-Env,MN,NSR,Dunn's Test
-99.0,OAK_42IIIA_92,I-C14,I-C14,10_SP_MN,SP,BayFarm,MN,NSR,Dunn's Test
-99.0,OAK_42IIIA_92,I-C14,I-C14,10_SP_MN,SP,PtRey-C,MN,NSR,Dunn's Test
-99.0,OAK_42IIIA_92,I-C14,I-C14,10_SP_MN,SP,PtRey-F,MN,NSR,Dunn's Test
-99.0,OAK_42IIIA_92,I-C14,I-C14,10_SP_MN,SP,SF-DODS,MN,NSR,Dunn's Test
-99.0,OAK_42IIIA_92,I-C14,I-C14,28_SP_MN,SP,Alc-Disp,MN,NSR,Dunn's Test
-99.0,OAK_42IIIA_92,I-C14,I-C14,28_SP_MN,SP,Alc-Env,MN,NSR,Dunn's Test
-99.0,OAK_42IIIA_92,I-C14,I-C14,28_SP_MN,SP,BayFarm,MN,NSR,Dunn's Test
-99.0,OAK_42IIIA_92,I-C14,I-C14,28_SP_MN,SP,PtRey-C,MN,NSR,Dunn's Test
-99.0,OAK_42IIIA_92,I-C14,I-C14,28_SP_MN,SP,PtRey-F,MN,NSR,Dunn's Test
-99.0,OAK_42IIIA_92,I-C14,I-C14,28_SP_MN,SP,SF-DODS,MN,NSR,Dunn's Test
-99.0,OAK_42IIIA_92,I-C14,I-C14,A10_SP_RA,SP,Alc-Disp,RA,NSR,Dunn's Test
-99.0,OAK_42IIIA_92,I-C14,I-C14,A10_SP_RA,SP,Alc-Env,RA,NSR,Dunn's Test
-99.0,OAK_42IIIA_92,I-C14,I-C14,A10_SP_RA,SP,BayFarm,RA,NSR,Dunn's Test
-99.0,OAK_42IIIA_92,I-C14,I-C14,A10_SP_RA,SP,PtRey-C,RA,NSR,Dunn's Test
-99.0,OAK_42IIIA_92,I-C14,I-C14,A10_SP_RA,SP,PtRey-F,RA,NSR,Dunn's Test
-99.0,OAK_42IIIA_92,I-C14,I-C14,A10_SP_RA,SP,SF-DODS,RA,NSR,Dunn's Test
-99.0,OAK_42IIIA_92,I-C14,I-C14,B10_SP_RA,SP,Alc-Disp,RA,NSR,Dunn's Test
-99.0,OAK_42IIIA_92,I-C14,I-C14,B10_SP_RA,SP,Alc-Env,RA,NSR,Dunn's Test
-99.0,OAK_42IIIA_92,I-C14,I-C14,B10_SP_RA,SP,BayFarm,RA,NSR,Dunn's Test
-99.0,OAK_42IIIA_92,I-C14,I-C14,B10_SP_RA,SP,PtRey-C,RA,NSR,Dunn's Test
-99.0,OAK_42IIIA_92,I-C14,I-C14,B10_SP_RA,SP,PtRey-F,RA,NSR,Dunn's Test
-99.0,OAK_42IIIA_92,I-C14,I-C14,B10_SP_RA,SP,SF-DODS,RA,NSR,Dunn's Test
-99.0,OAK_42IIIA_92,I-C14,I-C14,C10_SP_RA,SP,Alc-Disp,RA,NSR,Dunn's Test
-99.0,OAK_42IIIA_92,I-C14,I-C14,C10_SP_RA,SP,Alc-Env,RA,NSR,Dunn's Test
-99.0,OAK_42IIIA_92,I-C14,I-C14,C10_SP_RA,SP,BayFarm,RA,NSR,Dunn's Test
-99.0,OAK_42IIIA_92,I-C14,I-C14,C10_SP_RA,SP,PtRey-C,RA,NSR,Dunn's Test
-99.0,OAK_42IIIA_92,I-C14,I-C14,C10_SP_RA,SP,PtRey-F,RA,NSR,Dunn's Test
-99.0,OAK_42IIIA_92,I-C14,I-C14,C10_SP_RA,SP,SF-DODS,RA,NSR,Dunn's Test
-99.0,OAK_42IIIA_92,I-C14,I-C14R,10_SP_MNR,SP,Alc-Disp,MN,NSR,Dunn's Test
-99.0,OAK_42IIIA_92,I-C14,I-C14R,10_SP_MNR,SP,Alc-Env,MN,NSR,Dunn's Test
-99.0,OAK_42IIIA_92,I-C14,I-C14R,10_SP_MNR,SP,BayFarm,MN,NSR,Dunn's Test
-99.0,OAK_42IIIA_92,I-C14,I-C14R,10_SP_MNR,SP,PtRey-C,MN,NSR,Dunn's Test
-99.0,OAK_42IIIA_92,I-C14,I-C14R,10_SP_MNR,SP,PtRey-F,MN,NSR,Dunn's Test
-99.0,OAK_42IIIA_92,I-C14,I-C14R,10_SP_MNR,SP,SF-DODS,MN,NSR,Dunn's Test
-99.0,OAK_42IIIA_92,I-C14,I-C14R,10_SP_NCR,SP,Alc-Disp,NC,NSR,Dunn's Test
-99.0,OAK_42IIIA_92,I-C14,I-C14R,10_SP_NCR,SP,Alc-Env,NC,SR,Dunn's Test
-99.0,OAK_42IIIA_92,I-C14,I-C14R,10_SP_NCR,SP,BayFarm,NC,NSR,Dunn's Test
-99.0,OAK_42IIIA_92,I-C14,I-C14R,10_SP_NCR,SP,PtRey-C,NC,SR,Dunn's Test
-99.0,OAK_42IIIA_92,I-C14,I-C14R,10_SP_NCR,SP,PtRey-F,NC,NSR,Dunn's Test
-99.0,OAK_42IIIA_92,I-C14,I-C14R,10_SP_NCR,SP,SF-DODS,NC,NSR,Dunn's Test
-99.0,OAK_42IIIA_92,I-C15,I-C15,10_SP_CI,SP,Alc-Disp,CI,NSR,Dunn's Test
-99.0,OAK_42IIIA_92,I-C15,I-C15,10_SP_CI,SP,Alc-Env,CI,NSR,Dunn's Test
-99.0,OAK_42IIIA_92,I-C15,I-C15,10_SP_CI,SP,BayFarm,CI,NSR,Dunn's Test
-99.0,OAK_42IIIA_92,I-C15,I-C15,10_SP_CI,SP,PtRey-C,CI,NSR,Dunn's Test
-99.0,OAK_42IIIA_92,I-C15,I-C15,10_SP_CI,SP,PtRey-F,CI,NSR,Dunn's Test
-99.0,OAK_42IIIA_92,I-C15,I-C15,10_SP_CI,SP,SF-DODS,CI,NSR,Dunn's Test
-99.0,OAK_42IIIA_92,I-C15,I-C15,10_SP_MN,SP,Alc-Disp,MN,NSR,Dunn's Test
-99.0,OAK_42IIIA_92,I-C15,I-C15,10_SP_MN,SP,Alc-Env,MN,NSR,Dunn's Test
-99.0,OAK_42IIIA_92,I-C15,I-C15,10_SP_MN,SP,BayFarm,MN,NSR,Dunn's Test
-99.0,OAK_42IIIA_92,I-C15,I-C15,10_SP_MN,SP,PtRey-C,MN,NSR,Dunn's Test
-99.0,OAK_42IIIA_92,I-C15,I-C15,10_SP_MN,SP,PtRey-F,MN,NSR,Dunn's Test
-99.0,OAK_42IIIA_92,I-C15,I-C15,10_SP_MN,SP,SF-DODS,MN,NSR,Dunn's Test
-99.0,OAK_42IIIA_92,I-C15,I-C15,28_SP_MN,SP,Alc-Disp,MN,NSR,Dunn's Test
-99.0,OAK_42IIIA_92,I-C15,I-C15,28_SP_MN,SP,Alc-Env,MN,NSR,Dunn's Test
-99.0,OAK_42IIIA_92,I-C15,I-C15,28_SP_MN,SP,BayFarm,MN,NSR,Dunn's Test
-99.0,OAK_42IIIA_92,I-C15,I-C15,28_SP_MN,SP,PtRey-C,MN,NSR,Dunn's Test
-99.0,OAK_42IIIA_92,I-C15,I-C15,28_SP_MN,SP,PtRey-F,MN,NSR,Dunn's Test
-99.0,OAK_42IIIA_92,I-C15,I-C15,28_SP_MN,SP,SF-DODS,MN,NSR,Dunn's Test
-99.0,OAK_42IIIA_92,I-C15,I-C15,A10_SP_RA,SP,Alc-Disp,RA,NSR,Dunn's Test
-99.0,OAK_42IIIA_92,I-C15,I-C15,A10_SP_RA,SP,Alc-Env,RA,NSR,Dunn's Test
-99.0,OAK_42IIIA_92,I-C15,I-C15,A10_SP_RA,SP,BayFarm,RA,NSR,Dunn's Test
-99.0,OAK_42IIIA_92,I-C15,I-C15,A10_SP_RA,SP,PtRey-C,RA,NSR,Dunn's Test
-99.0,OAK_42IIIA_92,I-C15,I-C15,A10_SP_RA,SP,PtRey-F,RA,NSR,Dunn's Test
-99.0,OAK_42IIIA_92,I-C15,I-C15,A10_SP_RA,SP,SF-DODS,RA,NSR,Dunn's Test
-99.0,OAK_42IIIA_92,I-C15,I-C15,B10_SP_RA,SP,Alc-Disp,RA,NSR,Dunn's Test
-99.0,OAK_42IIIA_92,I-C15,I-C15,B10_SP_RA,SP,Alc-Env,RA,NSR,Dunn's Test
-99.0,OAK_42IIIA_92,I-C15,I-C15,B10_SP_RA,SP,BayFarm,RA,NSR,Dunn's Test
-99.0,OAK_42IIIA_92,I-C15,I-C15,B10_SP_RA,SP,PtRey-C,RA,NSR,Dunn's Test
-99.0,OAK_42IIIA_92,I-C15,I-C15,B10_SP_RA,SP,PtRey-F,RA,NSR,Dunn's Test
-99.0,OAK_42IIIA_92,I-C15,I-C15,B10_SP_RA,SP,SF-DODS,RA,NSR,Dunn's Test
-99.0,OAK_42IIIA_92,I-C15,I-C15,C10_SP_RA,SP,Alc-Disp,RA,NSR,Dunn's Test
-99.0,OAK_42IIIA_92,I-C15,I-C15,C10_SP_RA,SP,Alc-Env,RA,NSR,Dunn's Test
-99.0,OAK_42IIIA_92,I-C15,I-C15,C10_SP_RA,SP,BayFarm,RA,NSR,Dunn's Test
-99.0,OAK_42IIIA_92,I-C15,I-C15,C10_SP_RA,SP,PtRey-C,RA,NSR,Dunn's Test
-99.0,OAK_42IIIA_92,I-C15,I-C15,C10_SP_RA,SP,PtRey-F,RA,NSR,Dunn's Test
-99.0,OAK_42IIIA_92,I-C15,I-C15,C10_SP_RA,SP,SF-DODS,RA,NSR,Dunn's Test
-99.0,OAK_42IIIA_92,I-C15,I-C15R,10_SP_MNR,SP,Alc-Disp,MN,NSR,Dunn's Test
-99.0,OAK_42IIIA_92,I-C15,I-C15R,10_SP_MNR,SP,Alc-Env,MN,NSR,Dunn's Test
-99.0,OAK_42IIIA_92,I-C15,I-C15R,10_SP_MNR,SP,BayFarm,MN,NSR,Dunn's Test
-99.0,OAK_42IIIA_92,I-C15,I-C15R,10_SP_MNR,SP,PtRey-C,MN,NSR,Dunn's Test
-99.0,OAK_42IIIA_92,I-C15,I-C15R,10_SP_MNR,SP,PtRey-F,MN,NSR,Dunn's Test
-99.0,OAK_42IIIA_92,I-C15,I-C15R,10_SP_MNR,SP,SF-DODS,MN,NSR,Dunn's Test
-99.0,OAK_42IIIA_92,I-C15,I-C15R,10_SP_NCR,SP,Alc-Disp,NC,NSR,Dunn's Test
-99.0,OAK_42IIIA_92,I-C15,I-C15R,10_SP_NCR,SP,Alc-Env,NC,SR,Dunn's Test
-99.0,OAK_42IIIA_92,I-C15,I-C15R,10_SP_NCR,SP,BayFarm,NC,SR,Dunn's Test
-99.0,OAK_42IIIA_92,I-C15,I-C15R,10_SP_NCR,SP,PtRey-C,NC,SR,Dunn's Test
-99.0,OAK_42IIIA_92,I-C15,I-C15R,10_SP_NCR,SP,PtRey-F,NC,SR,Dunn's Test
-99.0,OAK_42IIIA_92,I-C15,I-C15R,10_SP_NCR,SP,SF-DODS,NC,SR,Dunn's Test
-99.0,OAK_42IIIA_92,I-C16,I-C16,10_SP_CI,SP,Alc-Disp,CI,NSR,Dunn's Test
-99.0,OAK_42IIIA_92,I-C16,I-C16,10_SP_CI,SP,Alc-Env,CI,NSR,Dunn's Test
-99.0,OAK_42IIIA_92,I-C16,I-C16,10_SP_CI,SP,BayFarm,CI,NSR,Dunn's Test
-99.0,OAK_42IIIA_92,I-C16,I-C16,10_SP_CI,SP,PtRey-C,CI,NSR,Dunn's Test
-99.0,OAK_42IIIA_92,I-C16,I-C16,10_SP_CI,SP,PtRey-F,CI,NSR,Dunn's Test
-99.0,OAK_42IIIA_92,I-C16,I-C16,10_SP_CI,SP,SF-DODS,CI,NSR,Dunn's Test
-99.0,OAK_42IIIA_92,I-C16,I-C16,10_SP_MN,SP,Alc-Disp,MN,NSR,Dunn's Test
-99.0,OAK_42IIIA_92,I-C16,I-C16,10_SP_MN,SP,Alc-Env,MN,NSR,Dunn's Test
-99.0,OAK_42IIIA_92,I-C16,I-C16,10_SP_MN,SP,BayFarm,MN,NSR,Dunn's Test
-99.0,OAK_42IIIA_92,I-C16,I-C16,10_SP_MN,SP,PtRey-C,MN,NSR,Dunn's Test
-99.0,OAK_42IIIA_92,I-C16,I-C16,10_SP_MN,SP,PtRey-F,MN,NSR,Dunn's Test
-99.0,OAK_42IIIA_92,I-C16,I-C16,10_SP_MN,SP,SF-DODS,MN,NSR,Dunn's Test
-99.0,OAK_42IIIA_92,I-C16,I-C16,28_SP_MN,SP,Alc-Disp,MN,NSR,Dunn's Test
-99.0,OAK_42IIIA_92,I-C16,I-C16,28_SP_MN,SP,Alc-Env,MN,NSR,Dunn's Test
-99.0,OAK_42IIIA_92,I-C16,I-C16,28_SP_MN,SP,BayFarm,MN,NSR,Dunn's Test
-99.0,OAK_42IIIA_92,I-C16,I-C16,28_SP_MN,SP,PtRey-C,MN,NSR,Dunn's Test
-99.0,OAK_42IIIA_92,I-C16,I-C16,28_SP_MN,SP,PtRey-F,MN,NSR,Dunn's Test
-99.0,OAK_42IIIA_92,I-C16,I-C16,28_SP_MN,SP,SF-DODS,MN,NSR,Dunn's Test
-99.0,OAK_42IIIA_92,I-C16,I-C16,A10_SP_RA,SP,Alc-Disp,RA,NSR,Dunn's Test
-99.0,OAK_42IIIA_92,I-C16,I-C16,A10_SP_RA,SP,Alc-Env,RA,NSR,Dunn's Test
-99.0,OAK_42IIIA_92,I-C16,I-C16,A10_SP_RA,SP,BayFarm,RA,NSR,Dunn's Test
-99.0,OAK_42IIIA_92,I-C16,I-C16,A10_SP_RA,SP,PtRey-C,RA,NSR,Dunn's Test
-99.0,OAK_42IIIA_92,I-C16,I-C16,A10_SP_RA,SP,PtRey-F,RA,NSR,Dunn's Test
-99.0,OAK_42IIIA_92,I-C16,I-C16,A10_SP_RA,SP,SF-DODS,RA,NSR,Dunn's Test
-99.0,OAK_42IIIA_92,I-C16,I-C16,B10_SP_RA,SP,Alc-Disp,RA,NSR,Dunn's Test
-99.0,OAK_42IIIA_92,I-C16,I-C16,B10_SP_RA,SP,Alc-Env,RA,NSR,Dunn's Test
-99.0,OAK_42IIIA_92,I-C16,I-C16,B10_SP_RA,SP,BayFarm,RA,NSR,Dunn's Test
-99.0,OAK_42IIIA_92,I-C16,I-C16,B10_SP_RA,SP,PtRey-C,RA,NSR,Dunn's Test
-99.0,OAK_42IIIA_92,I-C16,I-C16,B10_SP_RA,SP,PtRey-F,RA,NSR,Dunn's Test
-99.0,OAK_42IIIA_92,I-C16,I-C16,B10_SP_RA,SP,SF-DODS,RA,NSR,Dunn's Test
-99.0,OAK_42IIIA_92,I-C16,I-C16,C10_SP_RA,SP,Alc-Disp,RA,NSR,Dunn's Test
-99.0,OAK_42IIIA_92,I-C16,I-C16,C10_SP_RA,SP,Alc-Env,RA,NSR,Dunn's Test
-99.0,OAK_42IIIA_92,I-C16,I-C16,C10_SP_RA,SP,BayFarm,RA,NSR,Dunn's Test
-99.0,OAK_42IIIA_92,I-C16,I-C16,C10_SP_RA,SP,PtRey-C,RA,NSR,Dunn's Test
-99.0,OAK_42IIIA_92,I-C16,I-C16,C10_SP_RA,SP,PtRey-F,RA,NSR,Dunn's Test
-99.0,OAK_42IIIA_92,I-C16,I-C16,C10_SP_RA,SP,SF-DODS,RA,NSR,Dunn's Test
-99.0,OAK_42IIIA_92,I-C16,I-C16R,10_SP_MNR,SP,Alc-Disp,MN,NSR,Dunn's Test
-99.0,OAK_42IIIA_92,I-C16,I-C16R,10_SP_MNR,SP,Alc-Env,MN,NSR,Dunn's Test
-99.0,OAK_42IIIA_92,I-C16,I-C16R,10_SP_MNR,SP,BayFarm,MN,NSR,Dunn's Test
-99.0,OAK_42IIIA_92,I-C16,I-C16R,10_SP_MNR,SP,PtRey-C,MN,NSR,Dunn's Test
-99.0,OAK_42IIIA_92,I-C16,I-C16R,10_SP_MNR,SP,PtRey-F,MN,NSR,Dunn's Test
-99.0,OAK_42IIIA_92,I-C16,I-C16R,10_SP_MNR,SP,SF-DODS,MN,NSR,Dunn's Test
-99.0,OAK_42IIIA_92,I-C16,I-C16R,10_SP_NCR,SP,Alc-Disp,NC,SR,Dunn's Test
-99.0,OAK_42IIIA_92,I-C16,I-C16R,10_SP_NCR,SP,Alc-Env,NC,SR,Dunn's Test
-99.0,OAK_42IIIA_92,I-C16,I-C16R,10_SP_NCR,SP,BayFarm,NC,SR,Dunn's Test
-99.0,OAK_42IIIA_92,I-C16,I-C16R,10_SP_NCR,SP,PtRey-C,NC,SR,Dunn's Test
-99.0,OAK_42IIIA_92,I-C16,I-C16R,10_SP_NCR,SP,PtRey-F,NC,SR,Dunn's Test
-99.0,OAK_42IIIA_92,I-C16,I-C16R,10_SP_NCR,SP,SF-DODS,NC,SR,Dunn's Test
-99.0,OAK_42IIIA_92,I-C17,I-C17,10_SP_CI,SP,Alc-Disp,CI,NSR,Dunn's Test
-99.0,OAK_42IIIA_92,I-C17,I-C17,10_SP_CI,SP,Alc-Env,CI,NSR,Dunn's Test
-99.0,OAK_42IIIA_92,I-C17,I-C17,10_SP_CI,SP,BayFarm,CI,NSR,Dunn's Test
-99.0,OAK_42IIIA_92,I-C17,I-C17,10_SP_CI,SP,PtRey-C,CI,NSR,Dunn's Test
-99.0,OAK_42IIIA_92,I-C17,I-C17,10_SP_CI,SP,PtRey-F,CI,NSR,Dunn's Test
-99.0,OAK_42IIIA_92,I-C17,I-C17,10_SP_CI,SP,SF-DODS,CI,NSR,Dunn's Test
-99.0,OAK_42IIIA_92,I-C17,I-C17,10_SP_MN,SP,Alc-Disp,MN,NSR,Dunn's Test
-99.0,OAK_42IIIA_92,I-C17,I-C17,10_SP_MN,SP,Alc-Env,MN,NSR,Dunn's Test
-99.0,OAK_42IIIA_92,I-C17,I-C17,10_SP_MN,SP,BayFarm,MN,NSR,Dunn's Test
-99.0,OAK_42IIIA_92,I-C17,I-C17,10_SP_MN,SP,PtRey-C,MN,NSR,Dunn's Test
-99.0,OAK_42IIIA_92,I-C17,I-C17,10_SP_MN,SP,PtRey-F,MN,NSR,Dunn's Test
-99.0,OAK_42IIIA_92,I-C17,I-C17,10_SP_MN,SP,SF-DODS,MN,NSR,Dunn's Test
-99.0,OAK_42IIIA_92,I-C17,I-C17,28_SP_MN,SP,Alc-Disp,MN,NSR,Dunn's Test
-99.0,OAK_42IIIA_92,I-C17,I-C17,28_SP_MN,SP,Alc-Env,MN,NSR,Dunn's Test
-99.0,OAK_42IIIA_92,I-C17,I-C17,28_SP_MN,SP,BayFarm,MN,NSR,Dunn's Test
-99.0,OAK_42IIIA_92,I-C17,I-C17,28_SP_MN,SP,PtRey-C,MN,NSR,Dunn's Test
-99.0,OAK_42IIIA_92,I-C17,I-C17,28_SP_MN,SP,PtRey-F,MN,NSR,Dunn's Test
-99.0,OAK_42IIIA_92,I-C17,I-C17,28_SP_MN,SP,SF-DODS,MN,NSR,Dunn's Test
-99.0,OAK_42IIIA_92,I-C17,I-C17,A10_SP_RA,SP,Alc-Disp,RA,NSR,Dunn's Test
-99.0,OAK_42IIIA_92,I-C17,I-C17,A10_SP_RA,SP,Alc-Env,RA,NSR,Dunn's Test
-99.0,OAK_42IIIA_92,I-C17,I-C17,A10_SP_RA,SP,BayFarm,RA,NSR,Dunn's Test
-99.0,OAK_42IIIA_92,I-C17,I-C17,A10_SP_RA,SP,PtRey-C,RA,NSR,Dunn's Test
-99.0,OAK_42IIIA_92,I-C17,I-C17,A10_SP_RA,SP,PtRey-F,RA,NSR,Dunn's Test
-99.0,OAK_42IIIA_92,I-C17,I-C17,A10_SP_RA,SP,SF-DODS,RA,NSR,Dunn's Test
-99.0,OAK_42IIIA_92,I-C17,I-C17,B10_SP_RA,SP,Alc-Disp,RA,NSR,Dunn's Test
-99.0,OAK_42IIIA_92,I-C17,I-C17,B10_SP_RA,SP,Alc-Env,RA,NSR,Dunn's Test
-99.0,OAK_42IIIA_92,I-C17,I-C17,B10_SP_RA,SP,BayFarm,RA,NSR,Dunn's Test
-99.0,OAK_42IIIA_92,I-C17,I-C17,B10_SP_RA,SP,PtRey-C,RA,NSR,Dunn's Test
-99.0,OAK_42IIIA_92,I-C17,I-C17,B10_SP_RA,SP,PtRey-F,RA,NSR,Dunn's Test
-99.0,OAK_42IIIA_92,I-C17,I-C17,B10_SP_RA,SP,SF-DODS,RA,NSR,Dunn's Test
-99.0,OAK_42IIIA_92,I-C17,I-C17,C10_SP_RA,SP,Alc-Disp,RA,SR,Dunn's Test
-99.0,OAK_42IIIA_92,I-C17,I-C17,C10_SP_RA,SP,Alc-Env,RA,SR,Dunn's Test
-99.0,OAK_42IIIA_92,I-C17,I-C17,C10_SP_RA,SP,BayFarm,RA,NSR,Dunn's Test
-99.0,OAK_42IIIA_92,I-C17,I-C17,C10_SP_RA,SP,PtRey-C,RA,SR,Dunn's Test
-99.0,OAK_42IIIA_92,I-C17,I-C17,C10_SP_RA,SP,PtRey-F,RA,NSR,Dunn's Test
-99.0,OAK_42IIIA_92,I-C17,I-C17,C10_SP_RA,SP,SF-DODS,RA,NSR,Dunn's Test
-99.0,OAK_42IIIA_92,I-C17,I-C17R,10_SP_MNR,SP,Alc-Disp,MN,NSR,Dunn's Test
-99.0,OAK_42IIIA_92,I-C17,I-C17R,10_SP_MNR,SP,Alc-Env,MN,NSR,Dunn's Test
-99.0,OAK_42IIIA_92,I-C17,I-C17R,10_SP_MNR,SP,BayFarm,MN,NSR,Dunn's Test
-99.0,OAK_42IIIA_92,I-C17,I-C17R,10_SP_MNR,SP,PtRey-C,MN,NSR,Dunn's Test
-99.0,OAK_42IIIA_92,I-C17,I-C17R,10_SP_MNR,SP,PtRey-F,MN,NSR,Dunn's Test
-99.0,OAK_42IIIA_92,I-C17,I-C17R,10_SP_MNR,SP,SF-DODS,MN,NSR,Dunn's Test
-99.0,OAK_42IIIA_92,I-C17,I-C17R,10_SP_NCR,SP,Alc-Disp,NC,NSR,Dunn's Test
-99.0,OAK_42IIIA_92,I-C17,I-C17R,10_SP_NCR,SP,Alc-Env,NC,SR,Dunn's Test
-99.0,OAK_42IIIA_92,I-C17,I-C17R,10_SP_NCR,SP,BayFarm,NC,SR,Dunn's Test
-99.0,OAK_42IIIA_92,I-C17,I-C17R,10_SP_NCR,SP,PtRey-C,NC,SR,Dunn's Test
-99.0,OAK_42IIIA_92,I-C17,I-C17R,10_SP_NCR,SP,PtRey-F,NC,SR,Dunn's Test
-99.0,OAK_42IIIA_92,I-C17,I-C17R,10_SP_NCR,SP,SF-DODS,NC,SR,Dunn's Test
-99.0,OAK_42IIIA_92,I-C18,I-C18,10_SP_CI,SP,Alc-Disp,CI,NSR,Dunn's Test
-99.0,OAK_42IIIA_92,I-C18,I-C18,10_SP_CI,SP,Alc-Env,CI,NSR,Dunn's Test
-99.0,OAK_42IIIA_92,I-C18,I-C18,10_SP_CI,SP,BayFarm,CI,NSR,Dunn's Test
-99.0,OAK_42IIIA_92,I-C18,I-C18,10_SP_CI,SP,PtRey-C,CI,NSR,Dunn's Test
-99.0,OAK_42IIIA_92,I-C18,I-C18,10_SP_CI,SP,PtRey-F,CI,NSR,Dunn's Test
-99.0,OAK_42IIIA_92,I-C18,I-C18,10_SP_CI,SP,SF-DODS,CI,NSR,Dunn's Test
-99.0,OAK_42IIIA_92,I-C18,I-C18,10_SP_MN,SP,Alc-Disp,MN,NSR,Dunn's Test
-99.0,OAK_42IIIA_92,I-C18,I-C18,10_SP_MN,SP,Alc-Env,MN,NSR,Dunn's Test
-99.0,OAK_42IIIA_92,I-C18,I-C18,10_SP_MN,SP,BayFarm,MN,NSR,Dunn's Test
-99.0,OAK_42IIIA_92,I-C18,I-C18,10_SP_MN,SP,PtRey-C,MN,NSR,Dunn's Test
-99.0,OAK_42IIIA_92,I-C18,I-C18,10_SP_MN,SP,PtRey-F,MN,NSR,Dunn's Test
-99.0,OAK_42IIIA_92,I-C18,I-C18,10_SP_MN,SP,SF-DODS,MN,NSR,Dunn's Test
-99.0,OAK_42IIIA_92,I-C18,I-C18,28_SP_MN,SP,Alc-Disp,MN,NSR,Dunn's Test
-99.0,OAK_42IIIA_92,I-C18,I-C18,28_SP_MN,SP,Alc-Env,MN,NSR,Dunn's Test
-99.0,OAK_42IIIA_92,I-C18,I-C18,28_SP_MN,SP,BayFarm,MN,NSR,Dunn's Test
-99.0,OAK_42IIIA_92,I-C18,I-C18,28_SP_MN,SP,PtRey-C,MN,NSR,Dunn's Test
-99.0,OAK_42IIIA_92,I-C18,I-C18,28_SP_MN,SP,PtRey-F,MN,NSR,Dunn's Test
-99.0,OAK_42IIIA_92,I-C18,I-C18,28_SP_MN,SP,SF-DODS,MN,NSR,Dunn's Test
-99.0,OAK_42IIIA_92,I-C18,I-C18,A10_SP_RA,SP,Alc-Disp,RA,NSR,Dunn's Test
-99.0,OAK_42IIIA_92,I-C18,I-C18,A10_SP_RA,SP,Alc-Env,RA,NSR,Dunn's Test
-99.0,OAK_42IIIA_92,I-C18,I-C18,A10_SP_RA,SP,BayFarm,RA,NSR,Dunn's Test
-99.0,OAK_42IIIA_92,I-C18,I-C18,A10_SP_RA,SP,PtRey-C,RA,NSR,Dunn's Test
-99.0,OAK_42IIIA_92,I-C18,I-C18,A10_SP_RA,SP,PtRey-F,RA,NSR,Dunn's Test
-99.0,OAK_42IIIA_92,I-C18,I-C18,A10_SP_RA,SP,SF-DODS,RA,NSR,Dunn's Test
-99.0,OAK_42IIIA_92,I-C18,I-C18,B10_SP_RA,SP,Alc-Disp,RA,NSR,Dunn's Test
-99.0,OAK_42IIIA_92,I-C18,I-C18,B10_SP_RA,SP,Alc-Env,RA,NSR,Dunn's Test
-99.0,OAK_42IIIA_92,I-C18,I-C18,B10_SP_RA,SP,BayFarm,RA,NSR,Dunn's Test
-99.0,OAK_42IIIA_92,I-C18,I-C18,B10_SP_RA,SP,PtRey-C,RA,NSR,Dunn's Test
-99.0,OAK_42IIIA_92,I-C18,I-C18,B10_SP_RA,SP,PtRey-F,RA,NSR,Dunn's Test
-99.0,OAK_42IIIA_92,I-C18,I-C18,B10_SP_RA,SP,SF-DODS,RA,NSR,Dunn's Test
-99.0,OAK_42IIIA_92,I-C18,I-C18,C10_SP_RA,SP,Alc-Disp,RA,NSR,Dunn's Test
-99.0,OAK_42IIIA_92,I-C18,I-C18,C10_SP_RA,SP,Alc-Env,RA,NSR,Dunn's Test
-99.0,OAK_42IIIA_92,I-C18,I-C18,C10_SP_RA,SP,BayFarm,RA,NSR,Dunn's Test
-99.0,OAK_42IIIA_92,I-C18,I-C18,C10_SP_RA,SP,PtRey-C,RA,NSR,Dunn's Test
-99.0,OAK_42IIIA_92,I-C18,I-C18,C10_SP_RA,SP,PtRey-F,RA,NSR,Dunn's Test
-99.0,OAK_42IIIA_92,I-C18,I-C18,C10_SP_RA,SP,SF-DODS,RA,NSR,Dunn's Test
-99.0,OAK_42IIIA_92,I-C18,I-C18R,10_SP_MNR,SP,Alc-Disp,MN,NSR,Dunn's Test
-99.0,OAK_42IIIA_92,I-C18,I-C18R,10_SP_MNR,SP,Alc-Env,MN,NSR,Dunn's Test
-99.0,OAK_42IIIA_92,I-C18,I-C18R,10_SP_MNR,SP,BayFarm,MN,NSR,Dunn's Test
-99.0,OAK_42IIIA_92,I-C18,I-C18R,10_SP_MNR,SP,PtRey-C,MN,NSR,Dunn's Test
-99.0,OAK_42IIIA_92,I-C18,I-C18R,10_SP_MNR,SP,PtRey-F,MN,NSR,Dunn's Test
-99.0,OAK_42IIIA_92,I-C18,I-C18R,10_SP_MNR,SP,SF-DODS,MN,NSR,Dunn's Test
-99.0,OAK_42IIIA_92,I-C18,I-C18R,10_SP_NCR,SP,Alc-Disp,NC,SR,Dunn's Test
-99.0,OAK_42IIIA_92,I-C18,I-C18R,10_SP_NCR,SP,Alc-Env,NC,SR,Dunn's Test
-99.0,OAK_42IIIA_92,I-C18,I-C18R,10_SP_NCR,SP,BayFarm,NC,SR,Dunn's Test
-99.0,OAK_42IIIA_92,I-C18,I-C18R,10_SP_NCR,SP,PtRey-C,NC,SR,Dunn's Test
-99.0,OAK_42IIIA_92,I-C18,I-C18R,10_SP_NCR,SP,PtRey-F,NC,SR,Dunn's Test
-99.0,OAK_42IIIA_92,I-C18,I-C18R,10_SP_NCR,SP,SF-DODS,NC,SR,Dunn's Test
-99.0,OAK_42IIIA_92,I-C3,I-C3R,10_SP_MNR,SP,Alc-Disp,MN,NSR,Dunn's Test
-99.0,OAK_42IIIA_92,I-C3,I-C3R,10_SP_MNR,SP,Alc-Env,MN,NSR,Dunn's Test
-99.0,OAK_42IIIA_92,I-C3,I-C3R,10_SP_MNR,SP,BayFarm,MN,NSR,Dunn's Test
-99.0,OAK_42IIIA_92,I-C3,I-C3R,10_SP_MNR,SP,PtRey-C,MN,NSR,Dunn's Test
-99.0,OAK_42IIIA_92,I-C3,I-C3R,10_SP_MNR,SP,PtRey-F,MN,NSR,Dunn's Test
-99.0,OAK_42IIIA_92,I-C3,I-C3R,10_SP_MNR,SP,SF-DODS,MN,NSR,Dunn's Test
-99.0,OAK_42IIIA_92,I-C3,I-C3R,10_SP_NCR,SP,Alc-Disp,NC,NSR,Dunn's Test
-99.0,OAK_42IIIA_92,I-C3,I-C3R,10_SP_NCR,SP,Alc-Env,NC,NSR,Dunn's Test
-99.0,OAK_42IIIA_92,I-C3,I-C3R,10_SP_NCR,SP,BayFarm,NC,NSR,Dunn's Test
-99.0,OAK_42IIIA_92,I-C3,I-C3R,10_SP_NCR,SP,PtRey-C,NC,NSR,Dunn's Test
-99.0,OAK_42IIIA_92,I-C3,I-C3R,10_SP_NCR,SP,PtRey-F,NC,NSR,Dunn's Test
-99.0,OAK_42IIIA_92,I-C3,I-C3R,10_SP_NCR,SP,SF-DODS,NC,NSR,Dunn's Test
-99.0,OAK_42IIIA_92,I-C4,I-C4,10_SP_CI,SP,Alc-Disp,CI,NSR,Dunn's Test
-99.0,OAK_42IIIA_92,I-C4,I-C4,10_SP_CI,SP,Alc-Env,CI,NSR,Dunn's Test
-99.0,OAK_42IIIA_92,I-C4,I-C4,10_SP_CI,SP,BayFarm,CI,NSR,Dunn's Test
-99.0,OAK_42IIIA_92,I-C4,I-C4,10_SP_CI,SP,PtRey-C,CI,NSR,Dunn's Test
-99.0,OAK_42IIIA_92,I-C4,I-C4,10_SP_CI,SP,PtRey-F,CI,NSR,Dunn's Test
-99.0,OAK_42IIIA_92,I-C4,I-C4,10_SP_CI,SP,SF-DODS,CI,NSR,Dunn's Test
-99.0,OAK_42IIIA_92,I-C4,I-C4,10_SP_MN,SP,Alc-Disp,MN,NSR,Dunn's Test
-99.0,OAK_42IIIA_92,I-C4,I-C4,10_SP_MN,SP,Alc-Env,MN,NSR,Dunn's Test
-99.0,OAK_42IIIA_92,I-C4,I-C4,10_SP_MN,SP,BayFarm,MN,NSR,Dunn's Test
-99.0,OAK_42IIIA_92,I-C4,I-C4,10_SP_MN,SP,PtRey-C,MN,NSR,Dunn's Test
-99.0,OAK_42IIIA_92,I-C4,I-C4,10_SP_MN,SP,PtRey-F,MN,NSR,Dunn's Test
-99.0,OAK_42IIIA_92,I-C4,I-C4,10_SP_MN,SP,SF-DODS,MN,NSR,Dunn's Test
-99.0,OAK_42IIIA_92,I-C4,I-C4,28_SP_MN,SP,Alc-Disp,MN,NSR,Dunn's Test
-99.0,OAK_42IIIA_92,I-C4,I-C4,28_SP_MN,SP,Alc-Env,MN,NSR,Dunn's Test
-99.0,OAK_42IIIA_92,I-C4,I-C4,28_SP_MN,SP,BayFarm,MN,NSR,Dunn's Test
-99.0,OAK_42IIIA_92,I-C4,I-C4,28_SP_MN,SP,PtRey-C,MN,NSR,Dunn's Test
-99.0,OAK_42IIIA_92,I-C4,I-C4,28_SP_MN,SP,PtRey-F,MN,NSR,Dunn's Test
-99.0,OAK_42IIIA_92,I-C4,I-C4,28_SP_MN,SP,SF-DODS,MN,NSR,Dunn's Test
-99.0,OAK_42IIIA_92,I-C4,I-C4,A10_SP_RA,SP,Alc-Disp,RA,NSR,Dunn's Test
-99.0,OAK_42IIIA_92,I-C4,I-C4,A10_SP_RA,SP,Alc-Env,RA,NSR,Dunn's Test
-99.0,OAK_42IIIA_92,I-C4,I-C4,A10_SP_RA,SP,BayFarm,RA,NSR,Dunn's Test
-99.0,OAK_42IIIA_92,I-C4,I-C4,A10_SP_RA,SP,PtRey-C,RA,NSR,Dunn's Test
-99.0,OAK_42IIIA_92,I-C4,I-C4,A10_SP_RA,SP,PtRey-F,RA,NSR,Dunn's Test
-99.0,OAK_42IIIA_92,I-C4,I-C4,A10_SP_RA,SP,SF-DODS,RA,NSR,Dunn's Test
-99.0,OAK_42IIIA_92,I-C4,I-C4,B10_SP_RA,SP,Alc-Disp,RA,NSR,Dunn's Test
-99.0,OAK_42IIIA_92,I-C4,I-C4,B10_SP_RA,SP,Alc-Env,RA,NSR,Dunn's Test
-99.0,OAK_42IIIA_92,I-C4,I-C4,B10_SP_RA,SP,BayFarm,RA,NSR,Dunn's Test
-99.0,OAK_42IIIA_92,I-C4,I-C4,B10_SP_RA,SP,PtRey-C,RA,NSR,Dunn's Test
-99.0,OAK_42IIIA_92,I-C4,I-C4,B10_SP_RA,SP,PtRey-F,RA,NSR,Dunn's Test
-99.0,OAK_42IIIA_92,I-C4,I-C4,B10_SP_RA,SP,SF-DODS,RA,NSR,Dunn's Test
-99.0,OAK_42IIIA_92,I-C4,I-C4,C10_SP_RA,SP,Alc-Disp,RA,NSR,Dunn's Test
-99.0,OAK_42IIIA_92,I-C4,I-C4,C10_SP_RA,SP,Alc-Env,RA,NSR,Dunn's Test
-99.0,OAK_42IIIA_92,I-C4,I-C4,C10_SP_RA,SP,BayFarm,RA,NSR,Dunn's Test
-99.0,OAK_42IIIA_92,I-C4,I-C4,C10_SP_RA,SP,PtRey-C,RA,NSR,Dunn's Test
-99.0,OAK_42IIIA_92,I-C4,I-C4,C10_SP_RA,SP,PtRey-F,RA,NSR,Dunn's Test
-99.0,OAK_42IIIA_92,I-C4,I-C4,C10_SP_RA,SP,SF-DODS,RA,NSR,Dunn's Test
-99.0,OAK_42IIIA_92,I-C5,I-C5,10_SP_CI,SP,Alc-Disp,CI,NSR,Dunn's Test
-99.0,OAK_42IIIA_92,I-C5,I-C5,10_SP_CI,SP,Alc-Env,CI,NSR,Dunn's Test
-99.0,OAK_42IIIA_92,I-C5,I-C5,10_SP_CI,SP,BayFarm,CI,NSR,Dunn's Test
-99.0,OAK_42IIIA_92,I-C5,I-C5,10_SP_CI,SP,PtRey-C,CI,NSR,Dunn's Test
-99.0,OAK_42IIIA_92,I-C5,I-C5,10_SP_CI,SP,PtRey-F,CI,NSR,Dunn's Test
-99.0,OAK_42IIIA_92,I-C5,I-C5,10_SP_CI,SP,SF-DODS,CI,NSR,Dunn's Test
-99.0,OAK_42IIIA_92,I-C5,I-C5,10_SP_MN,SP,Alc-Disp,MN,NSR,Dunn's Test
-99.0,OAK_42IIIA_92,I-C5,I-C5,10_SP_MN,SP,Alc-Env,MN,NSR,Dunn's Test
-99.0,OAK_42IIIA_92,I-C5,I-C5,10_SP_MN,SP,BayFarm,MN,NSR,Dunn's Test
-99.0,OAK_42IIIA_92,I-C5,I-C5,10_SP_MN,SP,PtRey-C,MN,NSR,Dunn's Test
-99.0,OAK_42IIIA_92,I-C5,I-C5,10_SP_MN,SP,PtRey-F,MN,NSR,Dunn's Test
-99.0,OAK_42IIIA_92,I-C5,I-C5,10_SP_MN,SP,SF-DODS,MN,NSR,Dunn's Test
-99.0,OAK_42IIIA_92,I-C5,I-C5,28_SP_MN,SP,Alc-Disp,MN,NSR,Dunn's Test
-99.0,OAK_42IIIA_92,I-C5,I-C5,28_SP_MN,SP,Alc-Env,MN,NSR,Dunn's Test
-99.0,OAK_42IIIA_92,I-C5,I-C5,28_SP_MN,SP,BayFarm,MN,NSR,Dunn's Test
-99.0,OAK_42IIIA_92,I-C5,I-C5,28_SP_MN,SP,PtRey-C,MN,NSR,Dunn's Test
-99.0,OAK_42IIIA_92,I-C5,I-C5,28_SP_MN,SP,PtRey-F,MN,NSR,Dunn's Test
-99.0,OAK_42IIIA_92,I-C5,I-C5,28_SP_MN,SP,SF-DODS,MN,NSR,Dunn's Test
-99.0,OAK_42IIIA_92,I-C5,I-C5,A10_SP_RA,SP,Alc-Disp,RA,NSR,Dunn's Test
-99.0,OAK_42IIIA_92,I-C5,I-C5,A10_SP_RA,SP,Alc-Env,RA,NSR,Dunn's Test
-99.0,OAK_42IIIA_92,I-C5,I-C5,A10_SP_RA,SP,BayFarm,RA,NSR,Dunn's Test
-99.0,OAK_42IIIA_92,I-C5,I-C5,A10_SP_RA,SP,PtRey-C,RA,NSR,Dunn's Test
-99.0,OAK_42IIIA_92,I-C5,I-C5,A10_SP_RA,SP,PtRey-F,RA,NSR,Dunn's Test
-99.0,OAK_42IIIA_92,I-C5,I-C5,A10_SP_RA,SP,SF-DODS,RA,NSR,Dunn's Test
-99.0,OAK_42IIIA_92,I-C5,I-C5,B10_SP_RA,SP,Alc-Disp,RA,NSR,Dunn's Test
-99.0,OAK_42IIIA_92,I-C5,I-C5,B10_SP_RA,SP,Alc-Env,RA,NSR,Dunn's Test
-99.0,OAK_42IIIA_92,I-C5,I-C5,B10_SP_RA,SP,BayFarm,RA,NSR,Dunn's Test
-99.0,OAK_42IIIA_92,I-C5,I-C5,B10_SP_RA,SP,PtRey-C,RA,NSR,Dunn's Test
-99.0,OAK_42IIIA_92,I-C5,I-C5,B10_SP_RA,SP,PtRey-F,RA,NSR,Dunn's Test
-99.0,OAK_42IIIA_92,I-C5,I-C5,B10_SP_RA,SP,SF-DODS,RA,NSR,Dunn's Test
-99.0,OAK_42IIIA_92,I-C5,I-C5,C10_SP_RA,SP,Alc-Disp,RA,NSR,Dunn's Test
-99.0,OAK_42IIIA_92,I-C5,I-C5,C10_SP_RA,SP,Alc-Env,RA,NSR,Dunn's Test
-99.0,OAK_42IIIA_92,I-C5,I-C5,C10_SP_RA,SP,BayFarm,RA,NSR,Dunn's Test
-99.0,OAK_42IIIA_92,I-C5,I-C5,C10_SP_RA,SP,PtRey-C,RA,NSR,Dunn's Test
-99.0,OAK_42IIIA_92,I-C5,I-C5,C10_SP_RA,SP,PtRey-F,RA,NSR,Dunn's Test
-99.0,OAK_42IIIA_92,I-C5,I-C5,C10_SP_RA,SP,SF-DODS,RA,NSR,Dunn's Test
-99.0,OAK_42IIIA_92,I-C5,I-C5R,10_SP_MNR,SP,Alc-Disp,MN,NSR,Dunn's Test
-99.0,OAK_42IIIA_92,I-C5,I-C5R,10_SP_MNR,SP,Alc-Env,MN,NSR,Dunn's Test
-99.0,OAK_42IIIA_92,I-C5,I-C5R,10_SP_MNR,SP,BayFarm,MN,NSR,Dunn's Test
-99.0,OAK_42IIIA_92,I-C5,I-C5R,10_SP_MNR,SP,PtRey-C,MN,NSR,Dunn's Test
-99.0,OAK_42IIIA_92,I-C5,I-C5R,10_SP_MNR,SP,PtRey-F,MN,NSR,Dunn's Test
-99.0,OAK_42IIIA_92,I-C5,I-C5R,10_SP_MNR,SP,SF-DODS,MN,NSR,Dunn's Test
-99.0,OAK_42IIIA_92,I-C5,I-C5R,10_SP_NCR,SP,Alc-Disp,NC,NSR,Dunn's Test
-99.0,OAK_42IIIA_92,I-C5,I-C5R,10_SP_NCR,SP,Alc-Env,NC,NSR,Dunn's Test
-99.0,OAK_42IIIA_92,I-C5,I-C5R,10_SP_NCR,SP,BayFarm,NC,NSR,Dunn's Test
-99.0,OAK_42IIIA_92,I-C5,I-C5R,10_SP_NCR,SP,PtRey-C,NC,NSR,Dunn's Test
-99.0,OAK_42IIIA_92,I-C5,I-C5R,10_SP_NCR,SP,PtRey-F,NC,NSR,Dunn's Test
-99.0,OAK_42IIIA_92,I-C5,I-C5R,10_SP_NCR,SP,SF-DODS,NC,NSR,Dunn's Test
-99.0,OAK_42IIIA_92,I-C7,I-C7,10_SP_CI,SP,Alc-Disp,CI,NSR,Dunn's Test
-99.0,OAK_42IIIA_92,I-C7,I-C7,10_SP_CI,SP,Alc-Env,CI,NSR,Dunn's Test
-99.0,OAK_42IIIA_92,I-C7,I-C7,10_SP_CI,SP,BayFarm,CI,NSR,Dunn's Test
-99.0,OAK_42IIIA_92,I-C7,I-C7,10_SP_CI,SP,PtRey-C,CI,NSR,Dunn's Test
-99.0,OAK_42IIIA_92,I-C7,I-C7,10_SP_CI,SP,PtRey-F,CI,NSR,Dunn's Test
-99.0,OAK_42IIIA_92,I-C7,I-C7,10_SP_CI,SP,SF-DODS,CI,NSR,Dunn's Test
-99.0,OAK_42IIIA_92,I-C7,I-C7,10_SP_MN,SP,Alc-Disp,MN,NSR,Dunn's Test
-99.0,OAK_42IIIA_92,I-C7,I-C7,10_SP_MN,SP,Alc-Env,MN,NSR,Dunn's Test
-99.0,OAK_42IIIA_92,I-C7,I-C7,10_SP_MN,SP,BayFarm,MN,NSR,Dunn's Test
-99.0,OAK_42IIIA_92,I-C7,I-C7,10_SP_MN,SP,PtRey-C,MN,NSR,Dunn's Test
-99.0,OAK_42IIIA_92,I-C7,I-C7,10_SP_MN,SP,PtRey-F,MN,NSR,Dunn's Test
-99.0,OAK_42IIIA_92,I-C7,I-C7,10_SP_MN,SP,SF-DODS,MN,NSR,Dunn's Test
-99.0,OAK_42IIIA_92,I-C7,I-C7,28_SP_MN,SP,Alc-Disp,MN,NSR,Dunn's Test
-99.0,OAK_42IIIA_92,I-C7,I-C7,28_SP_MN,SP,Alc-Env,MN,NSR,Dunn's Test
-99.0,OAK_42IIIA_92,I-C7,I-C7,28_SP_MN,SP,BayFarm,MN,NSR,Dunn's Test
-99.0,OAK_42IIIA_92,I-C7,I-C7,28_SP_MN,SP,PtRey-C,MN,NSR,Dunn's Test
-99.0,OAK_42IIIA_92,I-C7,I-C7,28_SP_MN,SP,PtRey-F,MN,NSR,Dunn's Test
-99.0,OAK_42IIIA_92,I-C7,I-C7,28_SP_MN,SP,SF-DODS,MN,NSR,Dunn's Test
-99.0,OAK_42IIIA_92,I-C7,I-C7,A10_SP_RA,SP,Alc-Disp,RA,NSR,Dunn's Test
-99.0,OAK_42IIIA_92,I-C7,I-C7,A10_SP_RA,SP,Alc-Env,RA,NSR,Dunn's Test
-99.0,OAK_42IIIA_92,I-C7,I-C7,A10_SP_RA,SP,BayFarm,RA,NSR,Dunn's Test
-99.0,OAK_42IIIA_92,I-C7,I-C7,A10_SP_RA,SP,PtRey-C,RA,NSR,Dunn's Test
-99.0,OAK_42IIIA_92,I-C7,I-C7,A10_SP_RA,SP,PtRey-F,RA,NSR,Dunn's Test
-99.0,OAK_42IIIA_92,I-C7,I-C7,A10_SP_RA,SP,SF-DODS,RA,NSR,Dunn's Test
-99.0,OAK_42IIIA_92,I-C7,I-C7,B10_SP_RA,SP,Alc-Disp,RA,NSR,Dunn's Test
-99.0,OAK_42IIIA_92,I-C7,I-C7,B10_SP_RA,SP,Alc-Env,RA,NSR,Dunn's Test
-99.0,OAK_42IIIA_92,I-C7,I-C7,B10_SP_RA,SP,BayFarm,RA,NSR,Dunn's Test
-99.0,OAK_42IIIA_92,I-C7,I-C7,B10_SP_RA,SP,PtRey-C,RA,NSR,Dunn's Test
-99.0,OAK_42IIIA_92,I-C7,I-C7,B10_SP_RA,SP,PtRey-F,RA,NSR,Dunn's Test
-99.0,OAK_42IIIA_92,I-C7,I-C7,B10_SP_RA,SP,SF-DODS,RA,NSR,Dunn's Test
-99.0,OAK_42IIIA_92,I-C7,I-C7,C10_SP_RA,SP,Alc-Disp,RA,NSR,Dunn's Test
-99.0,OAK_42IIIA_92,I-C7,I-C7,C10_SP_RA,SP,Alc-Env,RA,NSR,Dunn's Test
-99.0,OAK_42IIIA_92,I-C7,I-C7,C10_SP_RA,SP,BayFarm,RA,NSR,Dunn's Test
-99.0,OAK_42IIIA_92,I-C7,I-C7,C10_SP_RA,SP,PtRey-C,RA,NSR,Dunn's Test
-99.0,OAK_42IIIA_92,I-C7,I-C7,C10_SP_RA,SP,PtRey-F,RA,NSR,Dunn's Test
-99.0,OAK_42IIIA_92,I-C7,I-C7,C10_SP_RA,SP,SF-DODS,RA,NSR,Dunn's Test
-99.0,OAK_42IIIA_92,I-C7,I-C7R,10_SP_MNR,SP,Alc-Disp,MN,NSR,Dunn's Test
-99.0,OAK_42IIIA_92,I-C7,I-C7R,10_SP_MNR,SP,Alc-Env,MN,NSR,Dunn's Test
-99.0,OAK_42IIIA_92,I-C7,I-C7R,10_SP_MNR,SP,BayFarm,MN,NSR,Dunn's Test
-99.0,OAK_42IIIA_92,I-C7,I-C7R,10_SP_MNR,SP,PtRey-C,MN,NSR,Dunn's Test
-99.0,OAK_42IIIA_92,I-C7,I-C7R,10_SP_MNR,SP,PtRey-F,MN,NSR,Dunn's Test
-99.0,OAK_42IIIA_92,I-C7,I-C7R,10_SP_MNR,SP,SF-DODS,MN,NSR,Dunn's Test
-99.0,OAK_42IIIA_92,I-C7,I-C7R,10_SP_NCR,SP,Alc-Disp,NC,NSR,Dunn's Test
-99.0,OAK_42IIIA_92,I-C7,I-C7R,10_SP_NCR,SP,Alc-Env,NC,NSR,Dunn's Test
-99.0,OAK_42IIIA_92,I-C7,I-C7R,10_SP_NCR,SP,BayFarm,NC,NSR,Dunn's Test
-99.0,OAK_42IIIA_92,I-C7,I-C7R,10_SP_NCR,SP,PtRey-C,NC,NSR,Dunn's Test
-99.0,OAK_42IIIA_92,I-C7,I-C7R,10_SP_NCR,SP,PtRey-F,NC,NSR,Dunn's Test
-99.0,OAK_42IIIA_92,I-C7,I-C7R,10_SP_NCR,SP,SF-DODS,NC,NSR,Dunn's Test
-99.0,OAK_42IIIA_92,I-C8,I-C8,10_SP_CI,SP,Alc-Disp,CI,NSR,Dunn's Test
-99.0,OAK_42IIIA_92,I-C8,I-C8,10_SP_CI,SP,Alc-Env,CI,NSR,Dunn's Test
-99.0,OAK_42IIIA_92,I-C8,I-C8,10_SP_CI,SP,BayFarm,CI,NSR,Dunn's Test
-99.0,OAK_42IIIA_92,I-C8,I-C8,10_SP_CI,SP,PtRey-C,CI,NSR,Dunn's Test
-99.0,OAK_42IIIA_92,I-C8,I-C8,10_SP_CI,SP,PtRey-F,CI,NSR,Dunn's Test
-99.0,OAK_42IIIA_92,I-C8,I-C8,10_SP_CI,SP,SF-DODS,CI,NSR,Dunn's Test
-99.0,OAK_42IIIA_92,I-C8,I-C8,10_SP_MN,SP,Alc-Disp,MN,NSR,Dunn's Test
-99.0,OAK_42IIIA_92,I-C8,I-C8,10_SP_MN,SP,Alc-Env,MN,SR,Dunn's Test
-99.0,OAK_42IIIA_92,I-C8,I-C8,10_SP_MN,SP,BayFarm,MN,NSR,Dunn's Test
-99.0,OAK_42IIIA_92,I-C8,I-C8,10_SP_MN,SP,PtRey-C,MN,SR,Dunn's Test
-99.0,OAK_42IIIA_92,I-C8,I-C8,10_SP_MN,SP,PtRey-F,MN,SR,Dunn's Test
-99.0,OAK_42IIIA_92,I-C8,I-C8,10_SP_MN,SP,SF-DODS,MN,NSR,Dunn's Test
-99.0,OAK_42IIIA_92,I-C8,I-C8,28_SP_MN,SP,Alc-Disp,MN,NSR,Dunn's Test
-99.0,OAK_42IIIA_92,I-C8,I-C8,28_SP_MN,SP,Alc-Env,MN,NSR,Dunn's Test
-99.0,OAK_42IIIA_92,I-C8,I-C8,28_SP_MN,SP,BayFarm,MN,NSR,Dunn's Test
-99.0,OAK_42IIIA_92,I-C8,I-C8,28_SP_MN,SP,PtRey-C,MN,NSR,Dunn's Test
-99.0,OAK_42IIIA_92,I-C8,I-C8,28_SP_MN,SP,PtRey-F,MN,NSR,Dunn's Test
-99.0,OAK_42IIIA_92,I-C8,I-C8,28_SP_MN,SP,SF-DODS,MN,NSR,Dunn's Test
-99.0,OAK_42IIIA_92,I-C8,I-C8,A10_SP_RA,SP,Alc-Disp,RA,NSR,Dunn's Test
-99.0,OAK_42IIIA_92,I-C8,I-C8,A10_SP_RA,SP,Alc-Env,RA,NSR,Dunn's Test
-99.0,OAK_42IIIA_92,I-C8,I-C8,A10_SP_RA,SP,BayFarm,RA,NSR,Dunn's Test
-99.0,OAK_42IIIA_92,I-C8,I-C8,A10_SP_RA,SP,PtRey-C,RA,NSR,Dunn's Test
-99.0,OAK_42IIIA_92,I-C8,I-C8,A10_SP_RA,SP,PtRey-F,RA,NSR,Dunn's Test
-99.0,OAK_42IIIA_92,I-C8,I-C8,A10_SP_RA,SP,SF-DODS,RA,NSR,Dunn's Test
-99.0,OAK_42IIIA_92,I-C8,I-C8,B10_SP_RA,SP,Alc-Disp,RA,NSR,Dunn's Test
-99.0,OAK_42IIIA_92,I-C8,I-C8,B10_SP_RA,SP,Alc-Env,RA,NSR,Dunn's Test
-99.0,OAK_42IIIA_92,I-C8,I-C8,B10_SP_RA,SP,BayFarm,RA,NSR,Dunn's Test
-99.0,OAK_42IIIA_92,I-C8,I-C8,B10_SP_RA,SP,PtRey-C,RA,NSR,Dunn's Test
-99.0,OAK_42IIIA_92,I-C8,I-C8,B10_SP_RA,SP,PtRey-F,RA,NSR,Dunn's Test
-99.0,OAK_42IIIA_92,I-C8,I-C8,B10_SP_RA,SP,SF-DODS,RA,NSR,Dunn's Test
-99.0,OAK_42IIIA_92,I-C8,I-C8,C10_SP_RA,SP,Alc-Disp,RA,NSR,Dunn's Test
-99.0,OAK_42IIIA_92,I-C8,I-C8,C10_SP_RA,SP,Alc-Env,RA,SR,Dunn's Test
-99.0,OAK_42IIIA_92,I-C8,I-C8,C10_SP_RA,SP,BayFarm,RA,NSR,Dunn's Test
-99.0,OAK_42IIIA_92,I-C8,I-C8,C10_SP_RA,SP,PtRey-C,RA,SR,Dunn's Test
-99.0,OAK_42IIIA_92,I-C8,I-C8,C10_SP_RA,SP,PtRey-F,RA,NSR,Dunn's Test
-99.0,OAK_42IIIA_92,I-C8,I-C8,C10_SP_RA,SP,SF-DODS,RA,NSR,Dunn's Test
-99.0,OAK_42IIIA_92,I-C8,I-C8R,10_SP_MNR,SP,Alc-Disp,MN,NSR,Dunn's Test
-99.0,OAK_42IIIA_92,I-C8,I-C8R,10_SP_MNR,SP,Alc-Env,MN,NSR,Dunn's Test
-99.0,OAK_42IIIA_92,I-C8,I-C8R,10_SP_MNR,SP,BayFarm,MN,NSR,Dunn's Test
-99.0,OAK_42IIIA_92,I-C8,I-C8R,10_SP_MNR,SP,PtRey-C,MN,NSR,Dunn's Test
-99.0,OAK_42IIIA_92,I-C8,I-C8R,10_SP_MNR,SP,PtRey-F,MN,NSR,Dunn's Test
-99.0,OAK_42IIIA_92,I-C8,I-C8R,10_SP_MNR,SP,SF-DODS,MN,NSR,Dunn's Test
-99.0,OAK_42IIIA_92,I-C8,I-C8R,10_SP_NCR,SP,Alc-Disp,NC,NSR,Dunn's Test
-99.0,OAK_42IIIA_92,I-C8,I-C8R,10_SP_NCR,SP,Alc-Env,NC,NSR,Dunn's Test
-99.0,OAK_42IIIA_92,I-C8,I-C8R,10_SP_NCR,SP,BayFarm,NC,NSR,Dunn's Test
-99.0,OAK_42IIIA_92,I-C8,I-C8R,10_SP_NCR,SP,PtRey-C,NC,NSR,Dunn's Test
-99.0,OAK_42IIIA_92,I-C8,I-C8R,10_SP_NCR,SP,PtRey-F,NC,NSR,Dunn's Test
-99.0,OAK_42IIIA_92,I-C8,I-C8R,10_SP_NCR,SP,SF-DODS,NC,NSR,Dunn's Test
-99.0,OAK_42IIIA_92,I-C9,I-C9,10_SP_CI,SP,Alc-Disp,CI,NSR,Dunn's Test
-99.0,OAK_42IIIA_92,I-C9,I-C9,10_SP_CI,SP,Alc-Env,CI,NSR,Dunn's Test
-99.0,OAK_42IIIA_92,I-C9,I-C9,10_SP_CI,SP,BayFarm,CI,NSR,Dunn's Test
-99.0,OAK_42IIIA_92,I-C9,I-C9,10_SP_CI,SP,PtRey-C,CI,NSR,Dunn's Test
-99.0,OAK_42IIIA_92,I-C9,I-C9,10_SP_CI,SP,PtRey-F,CI,NSR,Dunn's Test
-99.0,OAK_42IIIA_92,I-C9,I-C9,10_SP_CI,SP,SF-DODS,CI,NSR,Dunn's Test
-99.0,OAK_42IIIA_92,I-C9,I-C9,10_SP_MN,SP,Alc-Disp,MN,NSR,Dunn's Test
-99.0,OAK_42IIIA_92,I-C9,I-C9,10_SP_MN,SP,Alc-Env,MN,NSR,Dunn's Test
-99.0,OAK_42IIIA_92,I-C9,I-C9,10_SP_MN,SP,BayFarm,MN,NSR,Dunn's Test
-99.0,OAK_42IIIA_92,I-C9,I-C9,10_SP_MN,SP,PtRey-C,MN,NSR,Dunn's Test
-99.0,OAK_42IIIA_92,I-C9,I-C9,10_SP_MN,SP,PtRey-F,MN,NSR,Dunn's Test
-99.0,OAK_42IIIA_92,I-C9,I-C9,10_SP_MN,SP,SF-DODS,MN,NSR,Dunn's Test
-99.0,OAK_42IIIA_92,I-C9,I-C9,28_SP_MN,SP,Alc-Disp,MN,NSR,Dunn's Test
-99.0,OAK_42IIIA_92,I-C9,I-C9,28_SP_MN,SP,Alc-Env,MN,NSR,Dunn's Test
-99.0,OAK_42IIIA_92,I-C9,I-C9,28_SP_MN,SP,BayFarm,MN,NSR,Dunn's Test
-99.0,OAK_42IIIA_92,I-C9,I-C9,28_SP_MN,SP,PtRey-C,MN,NSR,Dunn's Test
-99.0,OAK_42IIIA_92,I-C9,I-C9,28_SP_MN,SP,PtRey-F,MN,NSR,Dunn's Test
-99.0,OAK_42IIIA_92,I-C9,I-C9,28_SP_MN,SP,SF-DODS,MN,NSR,Dunn's Test
-99.0,OAK_42IIIA_92,I-C9,I-C9,A10_SP_RA,SP,Alc-Disp,RA,NSR,Dunn's Test
-99.0,OAK_42IIIA_92,I-C9,I-C9,A10_SP_RA,SP,Alc-Env,RA,NSR,Dunn's Test
-99.0,OAK_42IIIA_92,I-C9,I-C9,A10_SP_RA,SP,BayFarm,RA,NSR,Dunn's Test
-99.0,OAK_42IIIA_92,I-C9,I-C9,A10_SP_RA,SP,PtRey-C,RA,NSR,Dunn's Test
-99.0,OAK_42IIIA_92,I-C9,I-C9,A10_SP_RA,SP,PtRey-F,RA,NSR,Dunn's Test
-99.0,OAK_42IIIA_92,I-C9,I-C9,A10_SP_RA,SP,SF-DODS,RA,NSR,Dunn's Test
-99.0,OAK_42IIIA_92,I-C9,I-C9,B10_SP_RA,SP,Alc-Disp,RA,NSR,Dunn's Test
-99.0,OAK_42IIIA_92,I-C9,I-C9,B10_SP_RA,SP,Alc-Env,RA,NSR,Dunn's Test
-99.0,OAK_42IIIA_92,I-C9,I-C9,B10_SP_RA,SP,BayFarm,RA,NSR,Dunn's Test
-99.0,OAK_42IIIA_92,I-C9,I-C9,B10_SP_RA,SP,PtRey-C,RA,NSR,Dunn's Test
-99.0,OAK_42IIIA_92,I-C9,I-C9,B10_SP_RA,SP,PtRey-F,RA,NSR,Dunn's Test
-99.0,OAK_42IIIA_92,I-C9,I-C9,B10_SP_RA,SP,SF-DODS,RA,NSR,Dunn's Test
-99.0,OAK_42IIIA_92,I-C9,I-C9,C10_SP_RA,SP,Alc-Disp,RA,SR,Dunn's Test
-99.0,OAK_42IIIA_92,I-C9,I-C9,C10_SP_RA,SP,Alc-Env,RA,SR,Dunn's Test
-99.0,OAK_42IIIA_92,I-C9,I-C9,C10_SP_RA,SP,BayFarm,RA,NSR,Dunn's Test
-99.0,OAK_42IIIA_92,I-C9,I-C9,C10_SP_RA,SP,PtRey-C,RA,SR,Dunn's Test
-99.0,OAK_42IIIA_92,I-C9,I-C9,C10_SP_RA,SP,PtRey-F,RA,NSR,Dunn's Test
-99.0,OAK_42IIIA_92,I-C9,I-C9,C10_SP_RA,SP,SF-DODS,RA,NSR,Dunn's Test
-99.0,OAK_42IIIA_92,I-C9,I-C9R,10_SP_MNR,SP,Alc-Disp,MN,NSR,Dunn's Test
-99.0,OAK_42IIIA_92,I-C9,I-C9R,10_SP_MNR,SP,Alc-Env,MN,NSR,Dunn's Test
-99.0,OAK_42IIIA_92,I-C9,I-C9R,10_SP_MNR,SP,BayFarm,MN,NSR,Dunn's Test
-99.0,OAK_42IIIA_92,I-C9,I-C9R,10_SP_MNR,SP,PtRey-C,MN,NSR,Dunn's Test
-99.0,OAK_42IIIA_92,I-C9,I-C9R,10_SP_MNR,SP,PtRey-F,MN,NSR,Dunn's Test
-99.0,OAK_42IIIA_92,I-C9,I-C9R,10_SP_MNR,SP,SF-DODS,MN,NSR,Dunn's Test
-99.0,OAK_42IIIA_92,I-C9,I-C9R,10_SP_NCR,SP,Alc-Disp,NC,NSR,Dunn's Test
-99.0,OAK_42IIIA_92,I-C9,I-C9R,10_SP_NCR,SP,Alc-Env,NC,NSR,Dunn's Test
-99.0,OAK_42IIIA_92,I-C9,I-C9R,10_SP_NCR,SP,BayFarm,NC,NSR,Dunn's Test
-99.0,OAK_42IIIA_92,I-C9,I-C9R,10_SP_NCR,SP,PtRey-C,NC,NSR,Dunn's Test
-99.0,OAK_42IIIA_92,I-C9,I-C9R,10_SP_NCR,SP,PtRey-F,NC,NSR,Dunn's Test
-99.0,OAK_42IIIA_92,I-C9,I-C9R,10_SP_NCR,SP,SF-DODS,NC,NSR,Dunn's Test
-99.0,OAK_42IIIA_92,I-S1,I-S1,10_SP_CI,SP,Alc-Disp,CI,NSR,Dunn's Test
-99.0,OAK_42IIIA_92,I-S1,I-S1,10_SP_CI,SP,Alc-Env,CI,NSR,Dunn's Test
-99.0,OAK_42IIIA_92,I-S1,I-S1,10_SP_CI,SP,BayFarm,CI,NSR,Dunn's Test
-99.0,OAK_42IIIA_92,I-S1,I-S1,10_SP_CI,SP,PtRey-C,CI,NSR,Dunn's Test
-99.0,OAK_42IIIA_92,I-S1,I-S1,10_SP_CI,SP,PtRey-F,CI,NSR,Dunn's Test
-99.0,OAK_42IIIA_92,I-S1,I-S1,10_SP_CI,SP,SF-DODS,CI,NSR,Dunn's Test
-99.0,OAK_42IIIA_92,I-S1,I-S1,10_SP_MN,SP,Alc-Disp,MN,NSR,Dunn's Test
-99.0,OAK_42IIIA_92,I-S1,I-S1,10_SP_MN,SP,Alc-Env,MN,NSR,Dunn's Test
-99.0,OAK_42IIIA_92,I-S1,I-S1,10_SP_MN,SP,BayFarm,MN,NSR,Dunn's Test
-99.0,OAK_42IIIA_92,I-S1,I-S1,10_SP_MN,SP,PtRey-C,MN,NSR,Dunn's Test
-99.0,OAK_42IIIA_92,I-S1,I-S1,10_SP_MN,SP,PtRey-F,MN,NSR,Dunn's Test
-99.0,OAK_42IIIA_92,I-S1,I-S1,10_SP_MN,SP,SF-DODS,MN,NSR,Dunn's Test
-99.0,OAK_42IIIA_92,I-S1,I-S1,28_SP_MN,SP,Alc-Disp,MN,NSR,Dunn's Test
-99.0,OAK_42IIIA_92,I-S1,I-S1,28_SP_MN,SP,Alc-Env,MN,NSR,Dunn's Test
-99.0,OAK_42IIIA_92,I-S1,I-S1,28_SP_MN,SP,BayFarm,MN,NSR,Dunn's Test
-99.0,OAK_42IIIA_92,I-S1,I-S1,28_SP_MN,SP,PtRey-C,MN,NSR,Dunn's Test
-99.0,OAK_42IIIA_92,I-S1,I-S1,28_SP_MN,SP,PtRey-F,MN,NSR,Dunn's Test
-99.0,OAK_42IIIA_92,I-S1,I-S1,28_SP_MN,SP,SF-DODS,MN,NSR,Dunn's Test
-99.0,OAK_42IIIA_92,I-S1,I-S1,A10_SP_RA,SP,Alc-Disp,RA,NSR,Dunn's Test
-99.0,OAK_42IIIA_92,I-S1,I-S1,A10_SP_RA,SP,Alc-Env,RA,NSR,Dunn's Test
-99.0,OAK_42IIIA_92,I-S1,I-S1,A10_SP_RA,SP,BayFarm,RA,NSR,Dunn's Test
-99.0,OAK_42IIIA_92,I-S1,I-S1,A10_SP_RA,SP,PtRey-C,RA,NSR,Dunn's Test
-99.0,OAK_42IIIA_92,I-S1,I-S1,A10_SP_RA,SP,PtRey-F,RA,NSR,Dunn's Test
-99.0,OAK_42IIIA_92,I-S1,I-S1,A10_SP_RA,SP,SF-DODS,RA,NSR,Dunn's Test
-99.0,OAK_42IIIA_92,I-S1,I-S1,B10_SP_RA,SP,Alc-Disp,RA,NSR,Dunn's Test
-99.0,OAK_42IIIA_92,I-S1,I-S1,B10_SP_RA,SP,Alc-Env,RA,NSR,Dunn's Test
-99.0,OAK_42IIIA_92,I-S1,I-S1,B10_SP_RA,SP,BayFarm,RA,NSR,Dunn's Test
-99.0,OAK_42IIIA_92,I-S1,I-S1,B10_SP_RA,SP,PtRey-C,RA,NSR,Dunn's Test
-99.0,OAK_42IIIA_92,I-S1,I-S1,B10_SP_RA,SP,PtRey-F,RA,NSR,Dunn's Test
-99.0,OAK_42IIIA_92,I-S1,I-S1,B10_SP_RA,SP,SF-DODS,RA,NSR,Dunn's Test
-99.0,OAK_42IIIA_92,I-S1,I-S1,C10_SP_RA,SP,Alc-Disp,RA,NSR,Dunn's Test
-99.0,OAK_42IIIA_92,I-S1,I-S1,C10_SP_RA,SP,Alc-Env,RA,NSR,Dunn's Test
-99.0,OAK_42IIIA_92,I-S1,I-S1,C10_SP_RA,SP,BayFarm,RA,NSR,Dunn's Test
-99.0,OAK_42IIIA_92,I-S1,I-S1,C10_SP_RA,SP,PtRey-C,RA,NSR,Dunn's Test
-99.0,OAK_42IIIA_92,I-S1,I-S1,C10_SP_RA,SP,PtRey-F,RA,NSR,Dunn's Test
-99.0,OAK_42IIIA_92,I-S1,I-S1,C10_SP_RA,SP,SF-DODS,RA,NSR,Dunn's Test
-99.0,OAK_42IIIA_92,I-S1,I-S1R,10_SP_MNR,SP,Alc-Disp,MN,NSR,Dunn's Test
-99.0,OAK_42IIIA_92,I-S1,I-S1R,10_SP_MNR,SP,Alc-Env,MN,NSR,Dunn's Test
-99.0,OAK_42IIIA_92,I-S1,I-S1R,10_SP_MNR,SP,BayFarm,MN,NSR,Dunn's Test
-99.0,OAK_42IIIA_92,I-S1,I-S1R,10_SP_MNR,SP,PtRey-C,MN,NSR,Dunn's Test
-99.0,OAK_42IIIA_92,I-S1,I-S1R,10_SP_MNR,SP,PtRey-F,MN,NSR,Dunn's Test
-99.0,OAK_42IIIA_92,I-S1,I-S1R,10_SP_MNR,SP,SF-DODS,MN,NSR,Dunn's Test
-99.0,OAK_42IIIA_92,I-S1,I-S1R,10_SP_NCR,SP,Alc-Disp,NC,NSR,Dunn's Test
-99.0,OAK_42IIIA_92,I-S1,I-S1R,10_SP_NCR,SP,Alc-Env,NC,NSR,Dunn's Test
-99.0,OAK_42IIIA_92,I-S1,I-S1R,10_SP_NCR,SP,BayFarm,NC,NSR,Dunn's Test
-99.0,OAK_42IIIA_92,I-S1,I-S1R,10_SP_NCR,SP,PtRey-C,NC,NSR,Dunn's Test
-99.0,OAK_42IIIA_92,I-S1,I-S1R,10_SP_NCR,SP,PtRey-F,NC,NSR,Dunn's Test
-99.0,OAK_42IIIA_92,I-S1,I-S1R,10_SP_NCR,SP,SF-DODS,NC,NSR,Dunn's Test
-99.0,OAK_42IIIA_92,I-T1,I-T1,10_SP_CI,SP,Alc-Disp,CI,NSR,Dunn's Test
-99.0,OAK_42IIIA_92,I-T1,I-T1,10_SP_CI,SP,Alc-Env,CI,NSR,Dunn's Test
-99.0,OAK_42IIIA_92,I-T1,I-T1,10_SP_CI,SP,BayFarm,CI,NSR,Dunn's Test
-99.0,OAK_42IIIA_92,I-T1,I-T1,10_SP_CI,SP,PtRey-C,CI,NSR,Dunn's Test
-99.0,OAK_42IIIA_92,I-T1,I-T1,10_SP_CI,SP,PtRey-F,CI,NSR,Dunn's Test
-99.0,OAK_42IIIA_92,I-T1,I-T1,10_SP_CI,SP,SF-DODS,CI,NSR,Dunn's Test
-99.0,OAK_42IIIA_92,I-T1,I-T1,10_SP_MN,SP,Alc-Disp,MN,NSR,Dunn's Test
-99.0,OAK_42IIIA_92,I-T1,I-T1,10_SP_MN,SP,Alc-Env,MN,NSR,Dunn's Test
-99.0,OAK_42IIIA_92,I-T1,I-T1,10_SP_MN,SP,BayFarm,MN,NSR,Dunn's Test
-99.0,OAK_42IIIA_92,I-T1,I-T1,10_SP_MN,SP,PtRey-C,MN,NSR,Dunn's Test
-99.0,OAK_42IIIA_92,I-T1,I-T1,10_SP_MN,SP,PtRey-F,MN,NSR,Dunn's Test
-99.0,OAK_42IIIA_92,I-T1,I-T1,10_SP_MN,SP,SF-DODS,MN,NSR,Dunn's Test
-99.0,OAK_42IIIA_92,I-T1,I-T1,28_SP_MN,SP,Alc-Disp,MN,NSR,Dunn's Test
-99.0,OAK_42IIIA_92,I-T1,I-T1,28_SP_MN,SP,Alc-Env,MN,NSR,Dunn's Test
-99.0,OAK_42IIIA_92,I-T1,I-T1,28_SP_MN,SP,BayFarm,MN,NSR,Dunn's Test
-99.0,OAK_42IIIA_92,I-T1,I-T1,28_SP_MN,SP,PtRey-C,MN,NSR,Dunn's Test
-99.0,OAK_42IIIA_92,I-T1,I-T1,28_SP_MN,SP,PtRey-F,MN,NSR,Dunn's Test
-99.0,OAK_42IIIA_92,I-T1,I-T1,28_SP_MN,SP,SF-DODS,MN,NSR,Dunn's Test
-99.0,OAK_42IIIA_92,I-T1,I-T1,A10_SP_RA,SP,Alc-Disp,RA,NSR,Dunn's Test
-99.0,OAK_42IIIA_92,I-T1,I-T1,A10_SP_RA,SP,Alc-Env,RA,NSR,Dunn's Test
-99.0,OAK_42IIIA_92,I-T1,I-T1,A10_SP_RA,SP,BayFarm,RA,NSR,Dunn's Test
-99.0,OAK_42IIIA_92,I-T1,I-T1,A10_SP_RA,SP,PtRey-C,RA,NSR,Dunn's Test
-99.0,OAK_42IIIA_92,I-T1,I-T1,A10_SP_RA,SP,PtRey-F,RA,NSR,Dunn's Test
-99.0,OAK_42IIIA_92,I-T1,I-T1,A10_SP_RA,SP,SF-DODS,RA,NSR,Dunn's Test
-99.0,OAK_42IIIA_92,I-T1,I-T1,B10_SP_RA,SP,Alc-Disp,RA,NSR,Dunn's Test
-99.0,OAK_42IIIA_92,I-T1,I-T1,B10_SP_RA,SP,Alc-Env,RA,NSR,Dunn's Test
-99.0,OAK_42IIIA_92,I-T1,I-T1,B10_SP_RA,SP,BayFarm,RA,NSR,Dunn's Test
-99.0,OAK_42IIIA_92,I-T1,I-T1,B10_SP_RA,SP,PtRey-C,RA,NSR,Dunn's Test
-99.0,OAK_42IIIA_92,I-T1,I-T1,B10_SP_RA,SP,PtRey-F,RA,NSR,Dunn's Test
-99.0,OAK_42IIIA_92,I-T1,I-T1,B10_SP_RA,SP,SF-DODS,RA,NSR,Dunn's Test
-99.0,OAK_42IIIA_92,I-T1,I-T1,C10_SP_RA,SP,Alc-Disp,RA,NSR,Dunn's Test
-99.0,OAK_42IIIA_92,I-T1,I-T1,C10_SP_RA,SP,Alc-Env,RA,NSR,Dunn's Test
-99.0,OAK_42IIIA_92,I-T1,I-T1,C10_SP_RA,SP,BayFarm,RA,NSR,Dunn's Test
-99.0,OAK_42IIIA_92,I-T1,I-T1,C10_SP_RA,SP,PtRey-C,RA,NSR,Dunn's Test
-99.0,OAK_42IIIA_92,I-T1,I-T1,C10_SP_RA,SP,PtRey-F,RA,NSR,Dunn's Test
-99.0,OAK_42IIIA_92,I-T1,I-T1,C10_SP_RA,SP,SF-DODS,RA,NSR,Dunn's Test
-99.0,OAK_42IIIA_92,I-T1,I-T1R,10_SP_MNR,SP,Alc-Disp,MN,NSR,Dunn's Test
-99.0,OAK_42IIIA_92,I-T1,I-T1R,10_SP_MNR,SP,Alc-Env,MN,NSR,Dunn's Test
-99.0,OAK_42IIIA_92,I-T1,I-T1R,10_SP_MNR,SP,BayFarm,MN,NSR,Dunn's Test
-99.0,OAK_42IIIA_92,I-T1,I-T1R,10_SP_MNR,SP,PtRey-C,MN,NSR,Dunn's Test
-99.0,OAK_42IIIA_92,I-T1,I-T1R,10_SP_MNR,SP,PtRey-F,MN,NSR,Dunn's Test
-99.0,OAK_42IIIA_92,I-T1,I-T1R,10_SP_MNR,SP,SF-DODS,MN,NSR,Dunn's Test
-99.0,OAK_42IIIA_92,I-T1,I-T1R,10_SP_NCR,SP,Alc-Disp,NC,NSR,Dunn's Test
-99.0,OAK_42IIIA_92,I-T1,I-T1R,10_SP_NCR,SP,Alc-Env,NC,SR,Dunn's Test
-99.0,OAK_42IIIA_92,I-T1,I-T1R,10_SP_NCR,SP,BayFarm,NC,NSR,Dunn's Test
-99.0,OAK_42IIIA_92,I-T1,I-T1R,10_SP_NCR,SP,PtRey-C,NC,SR,Dunn's Test
-99.0,OAK_42IIIA_92,I-T1,I-T1R,10_SP_NCR,SP,PtRey-F,NC,NSR,Dunn's Test
-99.0,OAK_42IIIA_92,I-T1,I-T1R,10_SP_NCR,SP,SF-DODS,NC,NSR,Dunn's Test
-99.0,OAK_42IIIA_92,I-T3,I-T3,10_SP_CI,SP,Alc-Disp,CI,NSR,Dunn's Test
-99.0,OAK_42IIIA_92,I-T3,I-T3,10_SP_CI,SP,Alc-Env,CI,NSR,Dunn's Test
-99.0,OAK_42IIIA_92,I-T3,I-T3,10_SP_CI,SP,BayFarm,CI,NSR,Dunn's Test
-99.0,OAK_42IIIA_92,I-T3,I-T3,10_SP_CI,SP,PtRey-C,CI,NSR,Dunn's Test
-99.0,OAK_42IIIA_92,I-T3,I-T3,10_SP_CI,SP,PtRey-F,CI,NSR,Dunn's Test
-99.0,OAK_42IIIA_92,I-T3,I-T3,10_SP_CI,SP,SF-DODS,CI,NSR,Dunn's Test
-99.0,OAK_42IIIA_92,I-T3,I-T3,10_SP_MN,SP,Alc-Disp,MN,NSR,Dunn's Test
-99.0,OAK_42IIIA_92,I-T3,I-T3,10_SP_MN,SP,Alc-Env,MN,NSR,Dunn's Test
-99.0,OAK_42IIIA_92,I-T3,I-T3,10_SP_MN,SP,BayFarm,MN,NSR,Dunn's Test
-99.0,OAK_42IIIA_92,I-T3,I-T3,10_SP_MN,SP,PtRey-C,MN,NSR,Dunn's Test
-99.0,OAK_42IIIA_92,I-T3,I-T3,10_SP_MN,SP,PtRey-F,MN,NSR,Dunn's Test
-99.0,OAK_42IIIA_92,I-T3,I-T3,10_SP_MN,SP,SF-DODS,MN,NSR,Dunn's Test
-99.0,OAK_42IIIA_92,I-T3,I-T3,28_SP_MN,SP,Alc-Disp,MN,NSR,Dunn's Test
-99.0,OAK_42IIIA_92,I-T3,I-T3,28_SP_MN,SP,Alc-Env,MN,NSR,Dunn's Test
-99.0,OAK_42IIIA_92,I-T3,I-T3,28_SP_MN,SP,BayFarm,MN,NSR,Dunn's Test
-99.0,OAK_42IIIA_92,I-T3,I-T3,28_SP_MN,SP,PtRey-C,MN,NSR,Dunn's Test
-99.0,OAK_42IIIA_92,I-T3,I-T3,28_SP_MN,SP,PtRey-F,MN,NSR,Dunn's Test
-99.0,OAK_42IIIA_92,I-T3,I-T3,28_SP_MN,SP,SF-DODS,MN,NSR,Dunn's Test
-99.0,OAK_42IIIA_92,I-T3,I-T3,A10_SP_RA,SP,Alc-Disp,RA,NSR,Dunn's Test
-99.0,OAK_42IIIA_92,I-T3,I-T3,A10_SP_RA,SP,Alc-Env,RA,NSR,Dunn's Test
-99.0,OAK_42IIIA_92,I-T3,I-T3,A10_SP_RA,SP,BayFarm,RA,NSR,Dunn's Test
-99.0,OAK_42IIIA_92,I-T3,I-T3,A10_SP_RA,SP,PtRey-C,RA,NSR,Dunn's Test
-99.0,OAK_42IIIA_92,I-T3,I-T3,A10_SP_RA,SP,PtRey-F,RA,NSR,Dunn's Test
-99.0,OAK_42IIIA_92,I-T3,I-T3,A10_SP_RA,SP,SF-DODS,RA,NSR,Dunn's Test
-99.0,OAK_42IIIA_92,I-T3,I-T3,B10_SP_RA,SP,Alc-Disp,RA,NSR,Dunn's Test
-99.0,OAK_42IIIA_92,I-T3,I-T3,B10_SP_RA,SP,Alc-Env,RA,NSR,Dunn's Test
-99.0,OAK_42IIIA_92,I-T3,I-T3,B10_SP_RA,SP,BayFarm,RA,NSR,Dunn's Test
-99.0,OAK_42IIIA_92,I-T3,I-T3,B10_SP_RA,SP,PtRey-C,RA,NSR,Dunn's Test
-99.0,OAK_42IIIA_92,I-T3,I-T3,B10_SP_RA,SP,PtRey-F,RA,NSR,Dunn's Test
-99.0,OAK_42IIIA_92,I-T3,I-T3,B10_SP_RA,SP,SF-DODS,RA,NSR,Dunn's Test
-99.0,OAK_42IIIA_92,I-T3,I-T3,C10_SP_RA,SP,Alc-Disp,RA,NSR,Dunn's Test
-99.0,OAK_42IIIA_92,I-T3,I-T3,C10_SP_RA,SP,Alc-Env,RA,NSR,Dunn's Test
-99.0,OAK_42IIIA_92,I-T3,I-T3,C10_SP_RA,SP,BayFarm,RA,NSR,Dunn's Test
-99.0,OAK_42IIIA_92,I-T3,I-T3,C10_SP_RA,SP,PtRey-C,RA,NSR,Dunn's Test
-99.0,OAK_42IIIA_92,I-T3,I-T3,C10_SP_RA,SP,PtRey-F,RA,NSR,Dunn's Test
-99.0,OAK_42IIIA_92,I-T3,I-T3,C10_SP_RA,SP,SF-DODS,RA,NSR,Dunn's Test
-99.0,OAK_42IIIA_92,I-T3,I-T3R,10_SP_MNR,SP,Alc-Disp,MN,NSR,Dunn's Test
-99.0,OAK_42IIIA_92,I-T3,I-T3R,10_SP_MNR,SP,Alc-Env,MN,NSR,Dunn's Test
-99.0,OAK_42IIIA_92,I-T3,I-T3R,10_SP_MNR,SP,BayFarm,MN,NSR,Dunn's Test
-99.0,OAK_42IIIA_92,I-T3,I-T3R,10_SP_MNR,SP,PtRey-C,MN,NSR,Dunn's Test
-99.0,OAK_42IIIA_92,I-T3,I-T3R,10_SP_MNR,SP,PtRey-F,MN,NSR,Dunn's Test
-99.0,OAK_42IIIA_92,I-T3,I-T3R,10_SP_MNR,SP,SF-DODS,MN,NSR,Dunn's Test
-99.0,OAK_42IIIA_92,I-T3,I-T3R,10_SP_NCR,SP,Alc-Disp,NC,NSR,Dunn's Test
-99.0,OAK_42IIIA_92,I-T3,I-T3R,10_SP_NCR,SP,Alc-Env,NC,SR,Dunn's Test
-99.0,OAK_42IIIA_92,I-T3,I-T3R,10_SP_NCR,SP,BayFarm,NC,NSR,Dunn's Test
-99.0,OAK_42IIIA_92,I-T3,I-T3R,10_SP_NCR,SP,PtRey-C,NC,SR,Dunn's Test
-99.0,OAK_42IIIA_92,I-T3,I-T3R,10_SP_NCR,SP,PtRey-F,NC,NSR,Dunn's Test
-99.0,OAK_42IIIA_92,I-T3,I-T3R,10_SP_NCR,SP,SF-DODS,NC,NSR,Dunn's Test
-99.0,OAK_42IIIA_92,I-T5,I-T5,10_SP_CI,SP,Alc-Disp,CI,NSR,Dunn's Test
-99.0,OAK_42IIIA_92,I-T5,I-T5,10_SP_CI,SP,Alc-Env,CI,NSR,Dunn's Test
-99.0,OAK_42IIIA_92,I-T5,I-T5,10_SP_CI,SP,BayFarm,CI,NSR,Dunn's Test
-99.0,OAK_42IIIA_92,I-T5,I-T5,10_SP_CI,SP,PtRey-C,CI,NSR,Dunn's Test
-99.0,OAK_42IIIA_92,I-T5,I-T5,10_SP_CI,SP,PtRey-F,CI,NSR,Dunn's Test
-99.0,OAK_42IIIA_92,I-T5,I-T5,10_SP_CI,SP,SF-DODS,CI,NSR,Dunn's Test
-99.0,OAK_42IIIA_92,I-T5,I-T5,10_SP_MN,SP,Alc-Disp,MN,NSR,Dunn's Test
-99.0,OAK_42IIIA_92,I-T5,I-T5,10_SP_MN,SP,Alc-Env,MN,NSR,Dunn's Test
-99.0,OAK_42IIIA_92,I-T5,I-T5,10_SP_MN,SP,BayFarm,MN,NSR,Dunn's Test
-99.0,OAK_42IIIA_92,I-T5,I-T5,10_SP_MN,SP,PtRey-C,MN,NSR,Dunn's Test
-99.0,OAK_42IIIA_92,I-T5,I-T5,10_SP_MN,SP,PtRey-F,MN,NSR,Dunn's Test
-99.0,OAK_42IIIA_92,I-T5,I-T5,10_SP_MN,SP,SF-DODS,MN,NSR,Dunn's Test
-99.0,OAK_42IIIA_92,I-T5,I-T5,28_SP_MN,SP,Alc-Disp,MN,NSR,Dunn's Test
-99.0,OAK_42IIIA_92,I-T5,I-T5,28_SP_MN,SP,Alc-Env,MN,NSR,Dunn's Test
-99.0,OAK_42IIIA_92,I-T5,I-T5,28_SP_MN,SP,BayFarm,MN,NSR,Dunn's Test
-99.0,OAK_42IIIA_92,I-T5,I-T5,28_SP_MN,SP,PtRey-C,MN,NSR,Dunn's Test
-99.0,OAK_42IIIA_92,I-T5,I-T5,28_SP_MN,SP,PtRey-F,MN,NSR,Dunn's Test
-99.0,OAK_42IIIA_92,I-T5,I-T5,28_SP_MN,SP,SF-DODS,MN,NSR,Dunn's Test
-99.0,OAK_42IIIA_92,I-T5,I-T5,A10_SP_RA,SP,Alc-Disp,RA,NSR,Dunn's Test
-99.0,OAK_42IIIA_92,I-T5,I-T5,A10_SP_RA,SP,Alc-Env,RA,NSR,Dunn's Test
-99.0,OAK_42IIIA_92,I-T5,I-T5,A10_SP_RA,SP,BayFarm,RA,NSR,Dunn's Test
-99.0,OAK_42IIIA_92,I-T5,I-T5,A10_SP_RA,SP,PtRey-C,RA,NSR,Dunn's Test
-99.0,OAK_42IIIA_92,I-T5,I-T5,A10_SP_RA,SP,PtRey-F,RA,NSR,Dunn's Test
-99.0,OAK_42IIIA_92,I-T5,I-T5,A10_SP_RA,SP,SF-DODS,RA,NSR,Dunn's Test
-99.0,OAK_42IIIA_92,I-T5,I-T5,B10_SP_RA,SP,Alc-Disp,RA,NSR,Dunn's Test
-99.0,OAK_42IIIA_92,I-T5,I-T5,B10_SP_RA,SP,Alc-Env,RA,NSR,Dunn's Test
-99.0,OAK_42IIIA_92,I-T5,I-T5,B10_SP_RA,SP,BayFarm,RA,NSR,Dunn's Test
-99.0,OAK_42IIIA_92,I-T5,I-T5,B10_SP_RA,SP,PtRey-C,RA,NSR,Dunn's Test
-99.0,OAK_42IIIA_92,I-T5,I-T5,B10_SP_RA,SP,PtRey-F,RA,NSR,Dunn's Test
-99.0,OAK_42IIIA_92,I-T5,I-T5,B10_SP_RA,SP,SF-DODS,RA,NSR,Dunn's Test
-99.0,OAK_42IIIA_92,I-T5,I-T5,C10_SP_RA,SP,Alc-Disp,RA,NSR,Dunn's Test
-99.0,OAK_42IIIA_92,I-T5,I-T5,C10_SP_RA,SP,Alc-Env,RA,NSR,Dunn's Test
-99.0,OAK_42IIIA_92,I-T5,I-T5,C10_SP_RA,SP,BayFarm,RA,NSR,Dunn's Test
-99.0,OAK_42IIIA_92,I-T5,I-T5,C10_SP_RA,SP,PtRey-C,RA,NSR,Dunn's Test
-99.0,OAK_42IIIA_92,I-T5,I-T5,C10_SP_RA,SP,PtRey-F,RA,NSR,Dunn's Test
-99.0,OAK_42IIIA_92,I-T5,I-T5,C10_SP_RA,SP,SF-DODS,RA,NSR,Dunn's Test
-99.0,OAK_42IIIB,I-C2,I-C2,10SP_CI,SP,Alc-Disp,CI,NSR,Dunn's Test (.10)
-99.0,OAK_42IIIB,I-C2,I-C2,10SP_CI,SP,Alc-Env,CI,NSR,Dunn's Test (.10)
-99.0,OAK_42IIIB,I-C2,I-C2,10SP_CI,SP,BayFarm,CI,NSR,Dunn's Test (.10)
-99.0,OAK_42IIIB,I-C2,I-C2,10SP_CI,SP,PtRey-C,CI,NSR,Dunn's Test (.10)
-99.0,OAK_42IIIB,I-C2,I-C2,10SP_CI,SP,PtRey-F,CI,NSR,Dunn's Test (.10)
-99.0,OAK_42IIIB,I-C2,I-C2,10SP_CI,SP,SF-DODS,CI,NSR,Dunn's Test (.10)
-99.0,OAK_42IIIB,I-C2,I-C2,10SP_NC,SP,Alc-Disp,NC,NSR,Dunn's Test (.10)
-99.0,OAK_42IIIB,I-C2,I-C2,10SP_NC,SP,Alc-Env,NC,NSR,Dunn's Test (.10)
-99.0,OAK_42IIIB,I-C2,I-C2,10SP_NC,SP,BayFarm,NC,NSR,Dunn's Test (.10)
-99.0,OAK_42IIIB,I-C2,I-C2,10SP_NC,SP,PtRey-C,NC,NSR,Dunn's Test (.10)
-99.0,OAK_42IIIB,I-C2,I-C2,10SP_NC,SP,PtRey-F,NC,NSR,Dunn's Test (.10)
-99.0,OAK_42IIIB,I-C2,I-C2,10SP_NC,SP,SF-DODS,NC,NSR,Dunn's Test (.10)
-99.0,OAK_42IIIB,I-C2,I-C2,10SP_RA,SP,Alc-Disp,RA,SR,Dunn's Test (.10)
-99.0,OAK_42IIIB,I-C2,I-C2,10SP_RA,SP,Alc-Env,RA,SR,Dunn's Test (.10)
-99.0,OAK_42IIIB,I-C2,I-C2,10SP_RA,SP,BayFarm,RA,NSR,Dunn's Test (.10)
-99.0,OAK_42IIIB,I-C2,I-C2,10SP_RA,SP,PtRey-C,RA,SR,Dunn's Test (.10)
-99.0,OAK_42IIIB,I-C2,I-C2,10SP_RA,SP,PtRey-F,RA,SR,Dunn's Test (.10)
-99.0,OAK_42IIIB,I-C2,I-C2,10SP_RA,SP,SF-DODS,RA,NSR,Dunn's Test (.10)
-99.0,OAK_42IIIB,I-C2,I-C2,28SP_MN,SP,Alc-Disp,MN,NSR,Dunn's Test (.10)
-99.0,OAK_42IIIB,I-C2,I-C2,28SP_MN,SP,Alc-Env,MN,NSR,Dunn's Test (.10)
-99.0,OAK_42IIIB,I-C2,I-C2,28SP_MN,SP,BayFarm,MN,NSR,Dunn's Test (.10)
-99.0,OAK_42IIIB,I-C2,I-C2,28SP_MN,SP,PtRey-C,MN,NSR,Dunn's Test (.10)
-99.0,OAK_42IIIB,I-C2,I-C2,28SP_MN,SP,PtRey-F,MN,NSR,Dunn's Test (.10)
-99.0,OAK_42IIIB,I-C2,I-C2,28SP_MN,SP,SF-DODS,MN,NSR,Dunn's Test (.10)
-99.0,OAK_42IIIB,I-C2,I-C2,28SP_NC,SP,Alc-Disp,NC,NSR,Dunn's Test (.10)
-99.0,OAK_42IIIB,I-C2,I-C2,28SP_NC,SP,Alc-Env,NC,NSR,Dunn's Test (.10)
-99.0,OAK_42IIIB,I-C2,I-C2,28SP_NC,SP,BayFarm,NC,NSR,Dunn's Test (.10)
-99.0,OAK_42IIIB,I-C2,I-C2,28SP_NC,SP,PtRey-C,NC,NSR,Dunn's Test (.10)
-99.0,OAK_42IIIB,I-C2,I-C2,28SP_NC,SP,PtRey-F,NC,NSR,Dunn's Test (.10)
-99.0,OAK_42IIIB,I-C2,I-C2,28SP_NC,SP,SF-DODS,NC,NSR,Dunn's Test (.10)
-99.0,OAK_42IIIB,I-C3,I-C3,10SP_CI,SP,Alc-Disp,CI,NSR,Dunn's Test (.10)
-99.0,OAK_42IIIB,I-C3,I-C3,10SP_CI,SP,Alc-Env,CI,NSR,Dunn's Test (.10)
-99.0,OAK_42IIIB,I-C3,I-C3,10SP_CI,SP,BayFarm,CI,NSR,Dunn's Test (.10)
-99.0,OAK_42IIIB,I-C3,I-C3,10SP_CI,SP,PtRey-C,CI,NSR,Dunn's Test (.10)
-99.0,OAK_42IIIB,I-C3,I-C3,10SP_CI,SP,PtRey-F,CI,NSR,Dunn's Test (.10)
-99.0,OAK_42IIIB,I-C3,I-C3,10SP_CI,SP,SF-DODS,CI,NSR,Dunn's Test (.10)
-99.0,OAK_42IIIB,I-C3,I-C3,10SP_NC,SP,Alc-Disp,NC,NSR,Dunn's Test (.10)
-99.0,OAK_42IIIB,I-C3,I-C3,10SP_NC,SP,Alc-Env,NC,NSR,Dunn's Test (.10)
-99.0,OAK_42IIIB,I-C3,I-C3,10SP_NC,SP,BayFarm,NC,NSR,Dunn's Test (.10)
-99.0,OAK_42IIIB,I-C3,I-C3,10SP_NC,SP,PtRey-C,NC,NSR,Dunn's Test (.10)
-99.0,OAK_42IIIB,I-C3,I-C3,10SP_NC,SP,PtRey-F,NC,NSR,Dunn's Test (.10)
-99.0,OAK_42IIIB,I-C3,I-C3,10SP_NC,SP,SF-DODS,NC,NSR,Dunn's Test (.10)
-99.0,OAK_42IIIB,I-C3,I-C3,10SP_RA,SP,Alc-Disp,RA,NSR,Dunn's Test (.10)
-99.0,OAK_42IIIB,I-C3,I-C3,10SP_RA,SP,Alc-Env,RA,NSR,Dunn's Test (.10)
-99.0,OAK_42IIIB,I-C3,I-C3,10SP_RA,SP,BayFarm,RA,NSR,Dunn's Test (.10)
-99.0,OAK_42IIIB,I-C3,I-C3,10SP_RA,SP,PtRey-C,RA,NSR,Dunn's Test (.10)
-99.0,OAK_42IIIB,I-C3,I-C3,10SP_RA,SP,PtRey-F,RA,NSR,Dunn's Test (.10)
-99.0,OAK_42IIIB,I-C3,I-C3,10SP_RA,SP,SF-DODS,RA,NSR,Dunn's Test (.10)
-99.0,OAK_42IIIB,I-C3,I-C3,28SP_MN,SP,Alc-Disp,MN,NSR,Dunn's Test (.10)
-99.0,OAK_42IIIB,I-C3,I-C3,28SP_MN,SP,Alc-Env,MN,NSR,Dunn's Test (.10)
-99.0,OAK_42IIIB,I-C3,I-C3,28SP_MN,SP,BayFarm,MN,NSR,Dunn's Test (.10)
-99.0,OAK_42IIIB,I-C3,I-C3,28SP_MN,SP,PtRey-C,MN,NSR,Dunn's Test (.10)
-99.0,OAK_42IIIB,I-C3,I-C3,28SP_MN,SP,PtRey-F,MN,NSR,Dunn's Test (.10)
-99.0,OAK_42IIIB,I-C3,I-C3,28SP_MN,SP,SF-DODS,MN,NSR,Dunn's Test (.10)
-99.0,OAK_42IIIB,I-C3,I-C3,28SP_NC,SP,Alc-Disp,NC,NSR,Dunn's Test (.10)
-99.0,OAK_42IIIB,I-C3,I-C3,28SP_NC,SP,Alc-Env,NC,NSR,Dunn's Test (.10)
-99.0,OAK_42IIIB,I-C3,I-C3,28SP_NC,SP,BayFarm,NC,NSR,Dunn's Test (.10)
-99.0,OAK_42IIIB,I-C3,I-C3,28SP_NC,SP,PtRey-C,NC,NSR,Dunn's Test (.10)
-99.0,OAK_42IIIB,I-C3,I-C3,28SP_NC,SP,PtRey-F,NC,NSR,Dunn's Test (.10)
-99.0,OAK_42IIIB,I-C3,I-C3,28SP_NC,SP,SF-DODS,NC,NSR,Dunn's Test (.10)
-99.0,OAK_42IIIB,I-C4,I-C4,10SP_NC,SP,Alc-Disp,NC,NSR,Dunn's Test (.10)
-99.0,OAK_42IIIB,I-C4,I-C4,10SP_NC,SP,Alc-Env,NC,NSR,Dunn's Test (.10)
-99.0,OAK_42IIIB,I-C4,I-C4,10SP_NC,SP,BayFarm,NC,NSR,Dunn's Test (.10)
-99.0,OAK_42IIIB,I-C4,I-C4,10SP_NC,SP,PtRey-C,NC,NSR,Dunn's Test (.10)
-99.0,OAK_42IIIB,I-C4,I-C4,10SP_NC,SP,PtRey-F,NC,NSR,Dunn's Test (.10)
-99.0,OAK_42IIIB,I-C4,I-C4,10SP_NC,SP,SF-DODS,NC,NSR,Dunn's Test (.10)
-99.0,OAK_42IIIB,I-C4,I-C4,28SP_MN,SP,Alc-Disp,MN,NSR,Dunn's Test (.10)
-99.0,OAK_42IIIB,I-C4,I-C4,28SP_MN,SP,Alc-Env,MN,NSR,Dunn's Test (.10)
-99.0,OAK_42IIIB,I-C4,I-C4,28SP_MN,SP,BayFarm,MN,NSR,Dunn's Test (.10)
-99.0,OAK_42IIIB,I-C4,I-C4,28SP_MN,SP,PtRey-C,MN,NSR,Dunn's Test (.10)
-99.0,OAK_42IIIB,I-C4,I-C4,28SP_MN,SP,PtRey-F,MN,NSR,Dunn's Test (.10)
-99.0,OAK_42IIIB,I-C4,I-C4,28SP_MN,SP,SF-DODS,MN,NSR,Dunn's Test (.10)
-99.0,OAK_42IIIB,I-C4,I-C4,28SP_NC,SP,Alc-Disp,NC,NSR,Dunn's Test (.10)
-99.0,OAK_42IIIB,I-C4,I-C4,28SP_NC,SP,Alc-Env,NC,NSR,Dunn's Test (.10)
-99.0,OAK_42IIIB,I-C4,I-C4,28SP_NC,SP,BayFarm,NC,NSR,Dunn's Test (.10)
-99.0,OAK_42IIIB,I-C4,I-C4,28SP_NC,SP,PtRey-C,NC,NSR,Dunn's Test (.10)
-99.0,OAK_42IIIB,I-C4,I-C4,28SP_NC,SP,PtRey-F,NC,NSR,Dunn's Test (.10)
-99.0,OAK_42IIIB,I-C4,I-C4,28SP_NC,SP,SF-DODS,NC,NSR,Dunn's Test (.10)
-99.0,OAK_42IIIB,I-C8,I-C8,10SP_CI,SP,Alc-Disp,CI,NSR,Dunn's Test (.10)
-99.0,OAK_42IIIB,I-C8,I-C8,10SP_CI,SP,Alc-Env,CI,NSR,Dunn's Test (.10)
-99.0,OAK_42IIIB,I-C8,I-C8,10SP_CI,SP,BayFarm,CI,NSR,Dunn's Test (.10)
-99.0,OAK_42IIIB,I-C8,I-C8,10SP_CI,SP,PtRey-C,CI,NSR,Dunn's Test (.10)
-99.0,OAK_42IIIB,I-C8,I-C8,10SP_CI,SP,PtRey-F,CI,NSR,Dunn's Test (.10)
-99.0,OAK_42IIIB,I-C8,I-C8,10SP_CI,SP,SF-DODS,CI,NSR,Dunn's Test (.10)
-99.0,OAK_42IIIB,I-C8,I-C8,10SP_NC,SP,Alc-Disp,NC,NSR,Dunn's Test (.10)
-99.0,OAK_42IIIB,I-C8,I-C8,10SP_NC,SP,Alc-Env,NC,NSR,Dunn's Test (.10)
-99.0,OAK_42IIIB,I-C8,I-C8,10SP_NC,SP,BayFarm,NC,NSR,Dunn's Test (.10)
-99.0,OAK_42IIIB,I-C8,I-C8,10SP_NC,SP,PtRey-C,NC,NSR,Dunn's Test (.10)
-99.0,OAK_42IIIB,I-C8,I-C8,10SP_NC,SP,PtRey-F,NC,NSR,Dunn's Test (.10)
-99.0,OAK_42IIIB,I-C8,I-C8,10SP_NC,SP,SF-DODS,NC,NSR,Dunn's Test (.10)
-99.0,OAK_42IIIB,I-C8,I-C8,10SP_RA,SP,Alc-Disp,RA,NSR,Dunn's Test (.10)
-99.0,OAK_42IIIB,I-C8,I-C8,10SP_RA,SP,Alc-Env,RA,NSR,Dunn's Test (.10)
-99.0,OAK_42IIIB,I-C8,I-C8,10SP_RA,SP,BayFarm,RA,NSR,Dunn's Test (.10)
-99.0,OAK_42IIIB,I-C8,I-C8,10SP_RA,SP,PtRey-C,RA,NSR,Dunn's Test (.10)
-99.0,OAK_42IIIB,I-C8,I-C8,10SP_RA,SP,PtRey-F,RA,NSR,Dunn's Test (.10)
-99.0,OAK_42IIIB,I-C8,I-C8,10SP_RA,SP,SF-DODS,RA,NSR,Dunn's Test (.10)
-99.0,OAK_42IIIB,I-C8,I-C8,28SP_MN,SP,Alc-Disp,MN,NSR,Dunn's Test (.10)
-99.0,OAK_42IIIB,I-C8,I-C8,28SP_MN,SP,Alc-Env,MN,NSR,Dunn's Test (.10)
-99.0,OAK_42IIIB,I-C8,I-C8,28SP_MN,SP,BayFarm,MN,NSR,Dunn's Test (.10)
-99.0,OAK_42IIIB,I-C8,I-C8,28SP_MN,SP,PtRey-C,MN,NSR,Dunn's Test (.10)
-99.0,OAK_42IIIB,I-C8,I-C8,28SP_MN,SP,PtRey-F,MN,NSR,Dunn's Test (.10)
-99.0,OAK_42IIIB,I-C8,I-C8,28SP_MN,SP,SF-DODS,MN,NSR,Dunn's Test (.10)
-99.0,OAK_42IIIB,I-C8,I-C8,28SP_NC,SP,Alc-Disp,NC,NSR,Dunn's Test (.10)
-99.0,OAK_42IIIB,I-C8,I-C8,28SP_NC,SP,Alc-Env,NC,NSR,Dunn's Test (.10)
-99.0,OAK_42IIIB,I-C8,I-C8,28SP_NC,SP,BayFarm,NC,NSR,Dunn's Test (.10)
-99.0,OAK_42IIIB,I-C8,I-C8,28SP_NC,SP,PtRey-C,NC,NSR,Dunn's Test (.10)
-99.0,OAK_42IIIB,I-C8,I-C8,28SP_NC,SP,PtRey-F,NC,NSR,Dunn's Test (.10)
-99.0,OAK_42IIIB,I-C8,I-C8,28SP_NC,SP,SF-DODS,NC,NSR,Dunn's Test (.10)
-99.0,OAK_42IIIB,I-T5,I-T5,10SP_NC,SP,Alc-Disp,NC,NSR,Dunn's Test (.10)
-99.0,OAK_42IIIB,I-T5,I-T5,10SP_NC,SP,Alc-Env,NC,NSR,Dunn's Test (.10)
-99.0,OAK_42IIIB,I-T5,I-T5,10SP_NC,SP,BayFarm,NC,NSR,Dunn's Test (.10)
-99.0,OAK_42IIIB,I-T5,I-T5,10SP_NC,SP,PtRey-C,NC,NSR,Dunn's Test (.10)
-99.0,OAK_42IIIB,I-T5,I-T5,10SP_NC,SP,PtRey-F,NC,NSR,Dunn's Test (.10)
-99.0,OAK_42IIIB,I-T5,I-T5,10SP_NC,SP,SF-DODS,NC,NSR,Dunn's Test (.10)
-99.0,OAK_42IIIB,I-T5,I-T5,28SP_MN,SP,Alc-Disp,MN,NSR,Dunn's Test (.10)
-99.0,OAK_42IIIB,I-T5,I-T5,28SP_MN,SP,Alc-Env,MN,NSR,Dunn's Test (.10)
-99.0,OAK_42IIIB,I-T5,I-T5,28SP_MN,SP,BayFarm,MN,NSR,Dunn's Test (.10)
-99.0,OAK_42IIIB,I-T5,I-T5,28SP_MN,SP,PtRey-C,MN,NSR,Dunn's Test (.10)
-99.0,OAK_42IIIB,I-T5,I-T5,28SP_MN,SP,PtRey-F,MN,NSR,Dunn's Test (.10)
-99.0,OAK_42IIIB,I-T5,I-T5,28SP_MN,SP,SF-DODS,MN,NSR,Dunn's Test (.10)
-99.0,OAK_42IIIB,I-T5,I-T5,28SP_NC,SP,Alc-Disp,NC,NSR,Dunn's Test (.10)
-99.0,OAK_42IIIB,I-T5,I-T5,28SP_NC,SP,Alc-Env,NC,NSR,Dunn's Test (.10)
-99.0,OAK_42IIIB,I-T5,I-T5,28SP_NC,SP,BayFarm,NC,NSR,Dunn's Test (.10)
-99.0,OAK_42IIIB,I-T5,I-T5,28SP_NC,SP,PtRey-C,NC,NSR,Dunn's Test (.10)
-99.0,OAK_42IIIB,I-T5,I-T5,28SP_NC,SP,PtRey-F,NC,NSR,Dunn's Test (.10)
-99.0,OAK_42IIIB,I-T5,I-T5,28SP_NC,SP,SF-DODS,NC,NSR,Dunn's Test (.10)
-99.0,OAK_42IIIB,O-C1,O-C1,10SP_CI,SP,Alc-Disp,CI,NSR,Dunn's Test (.10)
-99.0,OAK_42IIIB,O-C1,O-C1,10SP_CI,SP,Alc-Env,CI,NSR,Dunn's Test (.10)
-99.0,OAK_42IIIB,O-C1,O-C1,10SP_CI,SP,BayFarm,CI,NSR,Dunn's Test (.10)
-99.0,OAK_42IIIB,O-C1,O-C1,10SP_CI,SP,PtRey-C,CI,NSR,Dunn's Test (.10)
-99.0,OAK_42IIIB,O-C1,O-C1,10SP_CI,SP,PtRey-F,CI,NSR,Dunn's Test (.10)
-99.0,OAK_42IIIB,O-C1,O-C1,10SP_CI,SP,SF-DODS,CI,NSR,Dunn's Test (.10)
-99.0,OAK_42IIIB,O-C1,O-C1,10SP_NC,SP,Alc-Disp,NC,SR,Dunn's Test (.10)
-99.0,OAK_42IIIB,O-C1,O-C1,10SP_NC,SP,Alc-Env,NC,NSR,Dunn's Test (.10)
-99.0,OAK_42IIIB,O-C1,O-C1,10SP_NC,SP,BayFarm,NC,NSR,Dunn's Test (.10)
-99.0,OAK_42IIIB,O-C1,O-C1,10SP_NC,SP,PtRey-C,NC,NSR,Dunn's Test (.10)
-99.0,OAK_42IIIB,O-C1,O-C1,10SP_NC,SP,PtRey-F,NC,NSR,Dunn's Test (.10)
-99.0,OAK_42IIIB,O-C1,O-C1,10SP_NC,SP,SF-DODS,NC,NSR,Dunn's Test (.10)
-99.0,OAK_42IIIB,O-C1,O-C1,10SP_RA,SP,Alc-Disp,RA,SR,Dunn's Test (.10)
-99.0,OAK_42IIIB,O-C1,O-C1,10SP_RA,SP,Alc-Env,RA,SR,Dunn's Test (.10)
-99.0,OAK_42IIIB,O-C1,O-C1,10SP_RA,SP,BayFarm,RA,SR,Dunn's Test (.10)
-99.0,OAK_42IIIB,O-C1,O-C1,10SP_RA,SP,PtRey-C,RA,SR,Dunn's Test (.10)
-99.0,OAK_42IIIB,O-C1,O-C1,10SP_RA,SP,PtRey-F,RA,SR,Dunn's Test (.10)
-99.0,OAK_42IIIB,O-C1,O-C1,10SP_RA,SP,SF-DODS,RA,SR,Dunn's Test (.10)
-99.0,OAK_42IIIB,O-C1,O-C1,28SP_MN,SP,Alc-Disp,MN,NSR,Dunn's Test (.10)
-99.0,OAK_42IIIB,O-C1,O-C1,28SP_MN,SP,Alc-Env,MN,NSR,Dunn's Test (.10)
-99.0,OAK_42IIIB,O-C1,O-C1,28SP_MN,SP,BayFarm,MN,NSR,Dunn's Test (.10)
-99.0,OAK_42IIIB,O-C1,O-C1,28SP_MN,SP,PtRey-C,MN,NSR,Dunn's Test (.10)
-99.0,OAK_42IIIB,O-C1,O-C1,28SP_MN,SP,PtRey-F,MN,NSR,Dunn's Test (.10)
-99.0,OAK_42IIIB,O-C1,O-C1,28SP_MN,SP,SF-DODS,MN,NSR,Dunn's Test (.10)
-99.0,OAK_42IIIB,O-C1,O-C1,28SP_NC,SP,Alc-Disp,NC,NSR,Dunn's Test (.10)
-99.0,OAK_42IIIB,O-C1,O-C1,28SP_NC,SP,Alc-Env,NC,NSR,Dunn's Test (.10)
-99.0,OAK_42IIIB,O-C1,O-C1,28SP_NC,SP,BayFarm,NC,NSR,Dunn's Test (.10)
-99.0,OAK_42IIIB,O-C1,O-C1,28SP_NC,SP,PtRey-C,NC,NSR,Dunn's Test (.10)
-99.0,OAK_42IIIB,O-C1,O-C1,28SP_NC,SP,PtRey-F,NC,NSR,Dunn's Test (.10)
-99.0,OAK_42IIIB,O-C1,O-C1,28SP_NC,SP,SF-DODS,NC,NSR,Dunn's Test (.10)
-99.0,OAK_42IIIB,O-C10,O-C10,10SP_CI,SP,Alc-Disp,CI,NSR,Dunn's Test (.10)
-99.0,OAK_42IIIB,O-C10,O-C10,10SP_CI,SP,Alc-Env,CI,NSR,Dunn's Test (.10)
-99.0,OAK_42IIIB,O-C10,O-C10,10SP_CI,SP,BayFarm,CI,NSR,Dunn's Test (.10)
-99.0,OAK_42IIIB,O-C10,O-C10,10SP_CI,SP,PtRey-C,CI,NSR,Dunn's Test (.10)
-99.0,OAK_42IIIB,O-C10,O-C10,10SP_CI,SP,PtRey-F,CI,NSR,Dunn's Test (.10)
-99.0,OAK_42IIIB,O-C10,O-C10,10SP_CI,SP,SF-DODS,CI,NSR,Dunn's Test (.10)
-99.0,OAK_42IIIB,O-C10,O-C10,10SP_NC,SP,Alc-Disp,NC,NSR,Dunn's Test (.10)
-99.0,OAK_42IIIB,O-C10,O-C10,10SP_NC,SP,Alc-Env,NC,NSR,Dunn's Test (.10)
-99.0,OAK_42IIIB,O-C10,O-C10,10SP_NC,SP,BayFarm,NC,NSR,Dunn's Test (.10)
-99.0,OAK_42IIIB,O-C10,O-C10,10SP_NC,SP,PtRey-C,NC,NSR,Dunn's Test (.10)
-99.0,OAK_42IIIB,O-C10,O-C10,10SP_NC,SP,PtRey-F,NC,NSR,Dunn's Test (.10)
-99.0,OAK_42IIIB,O-C10,O-C10,10SP_NC,SP,SF-DODS,NC,NSR,Dunn's Test (.10)
-99.0,OAK_42IIIB,O-C10,O-C10,10SP_RA,SP,Alc-Disp,RA,NSR,Dunn's Test (.10)
-99.0,OAK_42IIIB,O-C10,O-C10,10SP_RA,SP,Alc-Env,RA,NSR,Dunn's Test (.10)
-99.0,OAK_42IIIB,O-C10,O-C10,10SP_RA,SP,BayFarm,RA,NSR,Dunn's Test (.10)
-99.0,OAK_42IIIB,O-C10,O-C10,10SP_RA,SP,PtRey-C,RA,NSR,Dunn's Test (.10)
-99.0,OAK_42IIIB,O-C10,O-C10,10SP_RA,SP,PtRey-F,RA,NSR,Dunn's Test (.10)
-99.0,OAK_42IIIB,O-C10,O-C10,10SP_RA,SP,SF-DODS,RA,NSR,Dunn's Test (.10)
-99.0,OAK_42IIIB,O-C10,O-C10,28SP_MN,SP,Alc-Disp,MN,NSR,Dunn's Test (.10)
-99.0,OAK_42IIIB,O-C10,O-C10,28SP_MN,SP,Alc-Env,MN,NSR,Dunn's Test (.10)
-99.0,OAK_42IIIB,O-C10,O-C10,28SP_MN,SP,BayFarm,MN,NSR,Dunn's Test (.10)
-99.0,OAK_42IIIB,O-C10,O-C10,28SP_MN,SP,PtRey-C,MN,NSR,Dunn's Test (.10)
-99.0,OAK_42IIIB,O-C10,O-C10,28SP_MN,SP,PtRey-F,MN,NSR,Dunn's Test (.10)
-99.0,OAK_42IIIB,O-C10,O-C10,28SP_MN,SP,SF-DODS,MN,NSR,Dunn's Test (.10)
-99.0,OAK_42IIIB,O-C10,O-C10,28SP_NC,SP,Alc-Disp,NC,NSR,Dunn's Test (.10)
-99.0,OAK_42IIIB,O-C10,O-C10,28SP_NC,SP,Alc-Env,NC,NSR,Dunn's Test (.10)
-99.0,OAK_42IIIB,O-C10,O-C10,28SP_NC,SP,BayFarm,NC,NSR,Dunn's Test (.10)
-99.0,OAK_42IIIB,O-C10,O-C10,28SP_NC,SP,PtRey-C,NC,NSR,Dunn's Test (.10)
-99.0,OAK_42IIIB,O-C10,O-C10,28SP_NC,SP,PtRey-F,NC,NSR,Dunn's Test (.10)
-99.0,OAK_42IIIB,O-C10,O-C10,28SP_NC,SP,SF-DODS,NC,NSR,Dunn's Test (.10)
-99.0,OAK_42IIIB,O-C11,O-C11,10SP_CI,SP,Alc-Disp,CI,NSR,Dunn's Test (.10)
-99.0,OAK_42IIIB,O-C11,O-C11,10SP_CI,SP,Alc-Env,CI,NSR,Dunn's Test (.10)
-99.0,OAK_42IIIB,O-C11,O-C11,10SP_CI,SP,BayFarm,CI,NSR,Dunn's Test (.10)
-99.0,OAK_42IIIB,O-C11,O-C11,10SP_CI,SP,PtRey-C,CI,NSR,Dunn's Test (.10)
-99.0,OAK_42IIIB,O-C11,O-C11,10SP_CI,SP,PtRey-F,CI,NSR,Dunn's Test (.10)
-99.0,OAK_42IIIB,O-C11,O-C11,10SP_CI,SP,SF-DODS,CI,NSR,Dunn's Test (.10)
-99.0,OAK_42IIIB,O-C11,O-C11,10SP_NC,SP,Alc-Disp,NC,SR,Dunn's Test (.10)
-99.0,OAK_42IIIB,O-C11,O-C11,10SP_NC,SP,Alc-Env,NC,NSR,Dunn's Test (.10)
-99.0,OAK_42IIIB,O-C11,O-C11,10SP_NC,SP,BayFarm,NC,NSR,Dunn's Test (.10)
-99.0,OAK_42IIIB,O-C11,O-C11,10SP_NC,SP,PtRey-C,NC,NSR,Dunn's Test (.10)
-99.0,OAK_42IIIB,O-C11,O-C11,10SP_NC,SP,PtRey-F,NC,NSR,Dunn's Test (.10)
-99.0,OAK_42IIIB,O-C11,O-C11,10SP_NC,SP,SF-DODS,NC,NSR,Dunn's Test (.10)
-99.0,OAK_42IIIB,O-C11,O-C11,10SP_RA,SP,Alc-Disp,RA,NSR,Dunn's Test (.10)
-99.0,OAK_42IIIB,O-C11,O-C11,10SP_RA,SP,Alc-Env,RA,NSR,Dunn's Test (.10)
-99.0,OAK_42IIIB,O-C11,O-C11,10SP_RA,SP,BayFarm,RA,NSR,Dunn's Test (.10)
-99.0,OAK_42IIIB,O-C11,O-C11,10SP_RA,SP,PtRey-C,RA,NSR,Dunn's Test (.10)
-99.0,OAK_42IIIB,O-C11,O-C11,10SP_RA,SP,PtRey-F,RA,NSR,Dunn's Test (.10)
-99.0,OAK_42IIIB,O-C11,O-C11,10SP_RA,SP,SF-DODS,RA,NSR,Dunn's Test (.10)
-99.0,OAK_42IIIB,O-C11,O-C11,28SP_MN,SP,Alc-Disp,MN,NSR,Dunn's Test (.10)
-99.0,OAK_42IIIB,O-C11,O-C11,28SP_MN,SP,Alc-Env,MN,NSR,Dunn's Test (.10)
-99.0,OAK_42IIIB,O-C11,O-C11,28SP_MN,SP,BayFarm,MN,NSR,Dunn's Test (.10)
-99.0,OAK_42IIIB,O-C11,O-C11,28SP_MN,SP,PtRey-C,MN,NSR,Dunn's Test (.10)
-99.0,OAK_42IIIB,O-C11,O-C11,28SP_MN,SP,PtRey-F,MN,NSR,Dunn's Test (.10)
-99.0,OAK_42IIIB,O-C11,O-C11,28SP_MN,SP,SF-DODS,MN,NSR,Dunn's Test (.10)
-99.0,OAK_42IIIB,O-C11,O-C11,28SP_NC,SP,Alc-Disp,NC,NSR,Dunn's Test (.10)
-99.0,OAK_42IIIB,O-C11,O-C11,28SP_NC,SP,Alc-Env,NC,NSR,Dunn's Test (.10)
-99.0,OAK_42IIIB,O-C11,O-C11,28SP_NC,SP,BayFarm,NC,NSR,Dunn's Test (.10)
-99.0,OAK_42IIIB,O-C11,O-C11,28SP_NC,SP,PtRey-C,NC,NSR,Dunn's Test (.10)
-99.0,OAK_42IIIB,O-C11,O-C11,28SP_NC,SP,PtRey-F,NC,NSR,Dunn's Test (.10)
-99.0,OAK_42IIIB,O-C11,O-C11,28SP_NC,SP,SF-DODS,NC,NSR,Dunn's Test (.10)
-99.0,OAK_42IIIB,O-C12,O-C12,10SP_CI,SP,Alc-Disp,CI,NSR,Dunn's Test (.10)
-99.0,OAK_42IIIB,O-C12,O-C12,10SP_CI,SP,Alc-Env,CI,NSR,Dunn's Test (.10)
-99.0,OAK_42IIIB,O-C12,O-C12,10SP_CI,SP,BayFarm,CI,NSR,Dunn's Test (.10)
-99.0,OAK_42IIIB,O-C12,O-C12,10SP_CI,SP,PtRey-C,CI,NSR,Dunn's Test (.10)
-99.0,OAK_42IIIB,O-C12,O-C12,10SP_CI,SP,PtRey-F,CI,NSR,Dunn's Test (.10)
-99.0,OAK_42IIIB,O-C12,O-C12,10SP_CI,SP,SF-DODS,CI,NSR,Dunn's Test (.10)
-99.0,OAK_42IIIB,O-C12,O-C12,10SP_NC,SP,Alc-Disp,NC,NSR,Dunn's Test (.10)
-99.0,OAK_42IIIB,O-C12,O-C12,10SP_NC,SP,Alc-Env,NC,NSR,Dunn's Test (.10)
-99.0,OAK_42IIIB,O-C12,O-C12,10SP_NC,SP,BayFarm,NC,NSR,Dunn's Test (.10)
-99.0,OAK_42IIIB,O-C12,O-C12,10SP_NC,SP,PtRey-C,NC,NSR,Dunn's Test (.10)
-99.0,OAK_42IIIB,O-C12,O-C12,10SP_NC,SP,PtRey-F,NC,NSR,Dunn's Test (.10)
-99.0,OAK_42IIIB,O-C12,O-C12,10SP_NC,SP,SF-DODS,NC,NSR,Dunn's Test (.10)
-99.0,OAK_42IIIB,O-C12,O-C12,10SP_RA,SP,Alc-Disp,RA,SR,Dunn's Test (.10)
-99.0,OAK_42IIIB,O-C12,O-C12,10SP_RA,SP,Alc-Env,RA,SR,Dunn's Test (.10)
-99.0,OAK_42IIIB,O-C12,O-C12,10SP_RA,SP,BayFarm,RA,NSR,Dunn's Test (.10)
-99.0,OAK_42IIIB,O-C12,O-C12,10SP_RA,SP,PtRey-C,RA,SR,Dunn's Test (.10)
-99.0,OAK_42IIIB,O-C12,O-C12,10SP_RA,SP,PtRey-F,RA,SR,Dunn's Test (.10)
-99.0,OAK_42IIIB,O-C12,O-C12,10SP_RA,SP,SF-DODS,RA,NSR,Dunn's Test (.10)
-99.0,OAK_42IIIB,O-C12,O-C12,28SP_MN,SP,Alc-Disp,MN,NSR,Dunn's Test (.10)
-99.0,OAK_42IIIB,O-C12,O-C12,28SP_MN,SP,Alc-Env,MN,NSR,Dunn's Test (.10)
-99.0,OAK_42IIIB,O-C12,O-C12,28SP_MN,SP,BayFarm,MN,NSR,Dunn's Test (.10)
-99.0,OAK_42IIIB,O-C12,O-C12,28SP_MN,SP,PtRey-C,MN,NSR,Dunn's Test (.10)
-99.0,OAK_42IIIB,O-C12,O-C12,28SP_MN,SP,PtRey-F,MN,NSR,Dunn's Test (.10)
-99.0,OAK_42IIIB,O-C12,O-C12,28SP_MN,SP,SF-DODS,MN,NSR,Dunn's Test (.10)
-99.0,OAK_42IIIB,O-C12,O-C12,28SP_NC,SP,Alc-Disp,NC,NSR,Dunn's Test (.10)
-99.0,OAK_42IIIB,O-C12,O-C12,28SP_NC,SP,Alc-Env,NC,NSR,Dunn's Test (.10)
-99.0,OAK_42IIIB,O-C12,O-C12,28SP_NC,SP,BayFarm,NC,NSR,Dunn's Test (.10)
-99.0,OAK_42IIIB,O-C12,O-C12,28SP_NC,SP,PtRey-C,NC,NSR,Dunn's Test (.10)
-99.0,OAK_42IIIB,O-C12,O-C12,28SP_NC,SP,PtRey-F,NC,NSR,Dunn's Test (.10)
-99.0,OAK_42IIIB,O-C12,O-C12,28SP_NC,SP,SF-DODS,NC,NSR,Dunn's Test (.10)
-99.0,OAK_42IIIB,O-C13,O-C13,10SP_CI,SP,Alc-Disp,CI,NSR,Dunn's Test (.10)
-99.0,OAK_42IIIB,O-C13,O-C13,10SP_CI,SP,Alc-Env,CI,NSR,Dunn's Test (.10)
-99.0,OAK_42IIIB,O-C13,O-C13,10SP_CI,SP,BayFarm,CI,NSR,Dunn's Test (.10)
-99.0,OAK_42IIIB,O-C13,O-C13,10SP_CI,SP,PtRey-C,CI,NSR,Dunn's Test (.10)
-99.0,OAK_42IIIB,O-C13,O-C13,10SP_CI,SP,PtRey-F,CI,NSR,Dunn's Test (.10)
-99.0,OAK_42IIIB,O-C13,O-C13,10SP_CI,SP,SF-DODS,CI,NSR,Dunn's Test (.10)
-99.0,OAK_42IIIB,O-C13,O-C13,10SP_NC,SP,Alc-Disp,NC,SR,Dunn's Test (.10)
-99.0,OAK_42IIIB,O-C13,O-C13,10SP_NC,SP,Alc-Env,NC,SR,Dunn's Test (.10)
-99.0,OAK_42IIIB,O-C13,O-C13,10SP_NC,SP,BayFarm,NC,NSR,Dunn's Test (.10)
-99.0,OAK_42IIIB,O-C13,O-C13,10SP_NC,SP,PtRey-C,NC,NSR,Dunn's Test (.10)
-99.0,OAK_42IIIB,O-C13,O-C13,10SP_NC,SP,PtRey-F,NC,NSR,Dunn's Test (.10)
-99.0,OAK_42IIIB,O-C13,O-C13,10SP_NC,SP,SF-DODS,NC,SR,Dunn's Test (.10)
-99.0,OAK_42IIIB,O-C13,O-C13,10SP_RA,SP,Alc-Disp,RA,NSR,Dunn's Test (.10)
-99.0,OAK_42IIIB,O-C13,O-C13,10SP_RA,SP,Alc-Env,RA,NSR,Dunn's Test (.10)
-99.0,OAK_42IIIB,O-C13,O-C13,10SP_RA,SP,BayFarm,RA,NSR,Dunn's Test (.10)
-99.0,OAK_42IIIB,O-C13,O-C13,10SP_RA,SP,PtRey-C,RA,NSR,Dunn's Test (.10)
-99.0,OAK_42IIIB,O-C13,O-C13,10SP_RA,SP,PtRey-F,RA,NSR,Dunn's Test (.10)
-99.0,OAK_42IIIB,O-C13,O-C13,10SP_RA,SP,SF-DODS,RA,NSR,Dunn's Test (.10)
-99.0,OAK_42IIIB,O-C13,O-C13,28SP_MN,SP,Alc-Disp,MN,NSR,Dunn's Test (.10)
-99.0,OAK_42IIIB,O-C13,O-C13,28SP_MN,SP,Alc-Env,MN,NSR,Dunn's Test (.10)
-99.0,OAK_42IIIB,O-C13,O-C13,28SP_MN,SP,BayFarm,MN,NSR,Dunn's Test (.10)
-99.0,OAK_42IIIB,O-C13,O-C13,28SP_MN,SP,PtRey-C,MN,NSR,Dunn's Test (.10)
-99.0,OAK_42IIIB,O-C13,O-C13,28SP_MN,SP,PtRey-F,MN,NSR,Dunn's Test (.10)
-99.0,OAK_42IIIB,O-C13,O-C13,28SP_MN,SP,SF-DODS,MN,NSR,Dunn's Test (.10)
-99.0,OAK_42IIIB,O-C13,O-C13,28SP_NC,SP,Alc-Disp,NC,NSR,Dunn's Test (.10)
-99.0,OAK_42IIIB,O-C13,O-C13,28SP_NC,SP,Alc-Env,NC,NSR,Dunn's Test (.10)
-99.0,OAK_42IIIB,O-C13,O-C13,28SP_NC,SP,BayFarm,NC,NSR,Dunn's Test (.10)
-99.0,OAK_42IIIB,O-C13,O-C13,28SP_NC,SP,PtRey-C,NC,NSR,Dunn's Test (.10)
-99.0,OAK_42IIIB,O-C13,O-C13,28SP_NC,SP,PtRey-F,NC,NSR,Dunn's Test (.10)
-99.0,OAK_42IIIB,O-C13,O-C13,28SP_NC,SP,SF-DODS,NC,NSR,Dunn's Test (.10)
-99.0,OAK_42IIIB,O-C2,O-C2,10SP_CI,SP,Alc-Disp,CI,NSR,Dunn's Test (.10)
-99.0,OAK_42IIIB,O-C2,O-C2,10SP_CI,SP,Alc-Env,CI,NSR,Dunn's Test (.10)
-99.0,OAK_42IIIB,O-C2,O-C2,10SP_CI,SP,BayFarm,CI,NSR,Dunn's Test (.10)
-99.0,OAK_42IIIB,O-C2,O-C2,10SP_CI,SP,PtRey-C,CI,NSR,Dunn's Test (.10)
-99.0,OAK_42IIIB,O-C2,O-C2,10SP_CI,SP,PtRey-F,CI,NSR,Dunn's Test (.10)
-99.0,OAK_42IIIB,O-C2,O-C2,10SP_CI,SP,SF-DODS,CI,NSR,Dunn's Test (.10)
-99.0,OAK_42IIIB,O-C2,O-C2,10SP_NC,SP,Alc-Disp,NC,NSR,Dunn's Test (.10)
-99.0,OAK_42IIIB,O-C2,O-C2,10SP_NC,SP,Alc-Env,NC,NSR,Dunn's Test (.10)
-99.0,OAK_42IIIB,O-C2,O-C2,10SP_NC,SP,BayFarm,NC,NSR,Dunn's Test (.10)
-99.0,OAK_42IIIB,O-C2,O-C2,10SP_NC,SP,PtRey-C,NC,NSR,Dunn's Test (.10)
-99.0,OAK_42IIIB,O-C2,O-C2,10SP_NC,SP,PtRey-F,NC,NSR,Dunn's Test (.10)
-99.0,OAK_42IIIB,O-C2,O-C2,10SP_NC,SP,SF-DODS,NC,NSR,Dunn's Test (.10)
-99.0,OAK_42IIIB,O-C2,O-C2,10SP_RA,SP,Alc-Disp,RA,SR,Dunn's Test (.10)
-99.0,OAK_42IIIB,O-C2,O-C2,10SP_RA,SP,Alc-Env,RA,SR,Dunn's Test (.10)
-99.0,OAK_42IIIB,O-C2,O-C2,10SP_RA,SP,BayFarm,RA,NSR,Dunn's Test (.10)
-99.0,OAK_42IIIB,O-C2,O-C2,10SP_RA,SP,PtRey-C,RA,SR,Dunn's Test (.10)
-99.0,OAK_42IIIB,O-C2,O-C2,10SP_RA,SP,PtRey-F,RA,SR,Dunn's Test (.10)
-99.0,OAK_42IIIB,O-C2,O-C2,10SP_RA,SP,SF-DODS,RA,NSR,Dunn's Test (.10)
-99.0,OAK_42IIIB,O-C2,O-C2,28SP_MN,SP,Alc-Disp,MN,NSR,Dunn's Test (.10)
-99.0,OAK_42IIIB,O-C2,O-C2,28SP_MN,SP,Alc-Env,MN,NSR,Dunn's Test (.10)
-99.0,OAK_42IIIB,O-C2,O-C2,28SP_MN,SP,BayFarm,MN,NSR,Dunn's Test (.10)
-99.0,OAK_42IIIB,O-C2,O-C2,28SP_MN,SP,PtRey-C,MN,NSR,Dunn's Test (.10)
-99.0,OAK_42IIIB,O-C2,O-C2,28SP_MN,SP,PtRey-F,MN,NSR,Dunn's Test (.10)
-99.0,OAK_42IIIB,O-C2,O-C2,28SP_MN,SP,SF-DODS,MN,NSR,Dunn's Test (.10)
-99.0,OAK_42IIIB,O-C2,O-C2,28SP_NC,SP,Alc-Disp,NC,NSR,Dunn's Test (.10)
-99.0,OAK_42IIIB,O-C2,O-C2,28SP_NC,SP,Alc-Env,NC,NSR,Dunn's Test (.10)
-99.0,OAK_42IIIB,O-C2,O-C2,28SP_NC,SP,BayFarm,NC,NSR,Dunn's Test (.10)
-99.0,OAK_42IIIB,O-C2,O-C2,28SP_NC,SP,PtRey-C,NC,NSR,Dunn's Test (.10)
-99.0,OAK_42IIIB,O-C2,O-C2,28SP_NC,SP,PtRey-F,NC,NSR,Dunn's Test (.10)
-99.0,OAK_42IIIB,O-C2,O-C2,28SP_NC,SP,SF-DODS,NC,NSR,Dunn's Test (.10)
-99.0,OAK_42IIIB,O-C3,O-C3,10SP_CI,SP,Alc-Disp,CI,NSR,Dunn's Test (.10)
-99.0,OAK_42IIIB,O-C3,O-C3,10SP_CI,SP,Alc-Env,CI,NSR,Dunn's Test (.10)
-99.0,OAK_42IIIB,O-C3,O-C3,10SP_CI,SP,BayFarm,CI,NSR,Dunn's Test (.10)
-99.0,OAK_42IIIB,O-C3,O-C3,10SP_CI,SP,PtRey-C,CI,NSR,Dunn's Test (.10)
-99.0,OAK_42IIIB,O-C3,O-C3,10SP_CI,SP,PtRey-F,CI,NSR,Dunn's Test (.10)
-99.0,OAK_42IIIB,O-C3,O-C3,10SP_CI,SP,SF-DODS,CI,NSR,Dunn's Test (.10)
-99.0,OAK_42IIIB,O-C3,O-C3,10SP_NC,SP,Alc-Disp,NC,NSR,Dunn's Test (.10)
-99.0,OAK_42IIIB,O-C3,O-C3,10SP_NC,SP,Alc-Env,NC,NSR,Dunn's Test (.10)
-99.0,OAK_42IIIB,O-C3,O-C3,10SP_NC,SP,BayFarm,NC,NSR,Dunn's Test (.10)
-99.0,OAK_42IIIB,O-C3,O-C3,10SP_NC,SP,PtRey-C,NC,NSR,Dunn's Test (.10)
-99.0,OAK_42IIIB,O-C3,O-C3,10SP_NC,SP,PtRey-F,NC,NSR,Dunn's Test (.10)
-99.0,OAK_42IIIB,O-C3,O-C3,10SP_NC,SP,SF-DODS,NC,NSR,Dunn's Test (.10)
-99.0,OAK_42IIIB,O-C3,O-C3,10SP_RA,SP,Alc-Disp,RA,NSR,Dunn's Test (.10)
-99.0,OAK_42IIIB,O-C3,O-C3,10SP_RA,SP,Alc-Env,RA,NSR,Dunn's Test (.10)
-99.0,OAK_42IIIB,O-C3,O-C3,10SP_RA,SP,BayFarm,RA,NSR,Dunn's Test (.10)
-99.0,OAK_42IIIB,O-C3,O-C3,10SP_RA,SP,PtRey-C,RA,NSR,Dunn's Test (.10)
-99.0,OAK_42IIIB,O-C3,O-C3,10SP_RA,SP,PtRey-F,RA,NSR,Dunn's Test (.10)
-99.0,OAK_42IIIB,O-C3,O-C3,10SP_RA,SP,SF-DODS,RA,NSR,Dunn's Test (.10)
-99.0,OAK_42IIIB,O-C3,O-C3,28SP_MN,SP,Alc-Disp,MN,NSR,Dunn's Test (.10)
-99.0,OAK_42IIIB,O-C3,O-C3,28SP_MN,SP,Alc-Env,MN,NSR,Dunn's Test (.10)
-99.0,OAK_42IIIB,O-C3,O-C3,28SP_MN,SP,BayFarm,MN,NSR,Dunn's Test (.10)
-99.0,OAK_42IIIB,O-C3,O-C3,28SP_MN,SP,PtRey-C,MN,NSR,Dunn's Test (.10)
-99.0,OAK_42IIIB,O-C3,O-C3,28SP_MN,SP,PtRey-F,MN,NSR,Dunn's Test (.10)
-99.0,OAK_42IIIB,O-C3,O-C3,28SP_MN,SP,SF-DODS,MN,NSR,Dunn's Test (.10)
-99.0,OAK_42IIIB,O-C3,O-C3,28SP_NC,SP,Alc-Disp,NC,NSR,Dunn's Test (.10)
-99.0,OAK_42IIIB,O-C3,O-C3,28SP_NC,SP,Alc-Env,NC,NSR,Dunn's Test (.10)
-99.0,OAK_42IIIB,O-C3,O-C3,28SP_NC,SP,BayFarm,NC,NSR,Dunn's Test (.10)
-99.0,OAK_42IIIB,O-C3,O-C3,28SP_NC,SP,PtRey-C,NC,NSR,Dunn's Test (.10)
-99.0,OAK_42IIIB,O-C3,O-C3,28SP_NC,SP,PtRey-F,NC,NSR,Dunn's Test (.10)
-99.0,OAK_42IIIB,O-C3,O-C3,28SP_NC,SP,SF-DODS,NC,NSR,Dunn's Test (.10)
-99.0,OAK_42IIIB,O-C4,O-C4,10SP_CI,SP,Alc-Disp,CI,NSR,Dunn's Test (.10)
-99.0,OAK_42IIIB,O-C4,O-C4,10SP_CI,SP,Alc-Env,CI,NSR,Dunn's Test (.10)
-99.0,OAK_42IIIB,O-C4,O-C4,10SP_CI,SP,BayFarm,CI,NSR,Dunn's Test (.10)
-99.0,OAK_42IIIB,O-C4,O-C4,10SP_CI,SP,PtRey-C,CI,NSR,Dunn's Test (.10)
-99.0,OAK_42IIIB,O-C4,O-C4,10SP_CI,SP,PtRey-F,CI,NSR,Dunn's Test (.10)
-99.0,OAK_42IIIB,O-C4,O-C4,10SP_CI,SP,SF-DODS,CI,NSR,Dunn's Test (.10)
-99.0,OAK_42IIIB,O-C4,O-C4,10SP_NC,SP,Alc-Disp,NC,NSR,Dunn's Test (.10)
-99.0,OAK_42IIIB,O-C4,O-C4,10SP_NC,SP,Alc-Env,NC,NSR,Dunn's Test (.10)
-99.0,OAK_42IIIB,O-C4,O-C4,10SP_NC,SP,BayFarm,NC,NSR,Dunn's Test (.10)
-99.0,OAK_42IIIB,O-C4,O-C4,10SP_NC,SP,PtRey-C,NC,NSR,Dunn's Test (.10)
-99.0,OAK_42IIIB,O-C4,O-C4,10SP_NC,SP,PtRey-F,NC,NSR,Dunn's Test (.10)
-99.0,OAK_42IIIB,O-C4,O-C4,10SP_NC,SP,SF-DODS,NC,NSR,Dunn's Test (.10)
-99.0,OAK_42IIIB,O-C4,O-C4,10SP_RA,SP,Alc-Disp,RA,NSR,Dunn's Test (.10)
-99.0,OAK_42IIIB,O-C4,O-C4,10SP_RA,SP,Alc-Env,RA,NSR,Dunn's Test (.10)
-99.0,OAK_42IIIB,O-C4,O-C4,10SP_RA,SP,BayFarm,RA,NSR,Dunn's Test (.10)
-99.0,OAK_42IIIB,O-C4,O-C4,10SP_RA,SP,PtRey-C,RA,NSR,Dunn's Test (.10)
-99.0,OAK_42IIIB,O-C4,O-C4,10SP_RA,SP,PtRey-F,RA,NSR,Dunn's Test (.10)
-99.0,OAK_42IIIB,O-C4,O-C4,10SP_RA,SP,SF-DODS,RA,NSR,Dunn's Test (.10)
-99.0,OAK_42IIIB,O-C4,O-C4,28SP_MN,SP,Alc-Disp,MN,NSR,Dunn's Test (.10)
-99.0,OAK_42IIIB,O-C4,O-C4,28SP_MN,SP,Alc-Env,MN,NSR,Dunn's Test (.10)
-99.0,OAK_42IIIB,O-C4,O-C4,28SP_MN,SP,BayFarm,MN,NSR,Dunn's Test (.10)
-99.0,OAK_42IIIB,O-C4,O-C4,28SP_MN,SP,PtRey-C,MN,NSR,Dunn's Test (.10)
-99.0,OAK_42IIIB,O-C4,O-C4,28SP_MN,SP,PtRey-F,MN,NSR,Dunn's Test (.10)
-99.0,OAK_42IIIB,O-C4,O-C4,28SP_MN,SP,SF-DODS,MN,NSR,Dunn's Test (.10)
-99.0,OAK_42IIIB,O-C4,O-C4,28SP_NC,SP,Alc-Disp,NC,NSR,Dunn's Test (.10)
-99.0,OAK_42IIIB,O-C4,O-C4,28SP_NC,SP,Alc-Env,NC,NSR,Dunn's Test (.10)
-99.0,OAK_42IIIB,O-C4,O-C4,28SP_NC,SP,BayFarm,NC,NSR,Dunn's Test (.10)
-99.0,OAK_42IIIB,O-C4,O-C4,28SP_NC,SP,PtRey-C,NC,NSR,Dunn's Test (.10)
-99.0,OAK_42IIIB,O-C4,O-C4,28SP_NC,SP,PtRey-F,NC,NSR,Dunn's Test (.10)
-99.0,OAK_42IIIB,O-C4,O-C4,28SP_NC,SP,SF-DODS,NC,NSR,Dunn's Test (.10)
-99.0,OAK_42IIIB,O-C5,O-C5,10SP_CI,SP,Alc-Disp,CI,NSR,Dunn's Test (.10)
-99.0,OAK_42IIIB,O-C5,O-C5,10SP_CI,SP,Alc-Env,CI,NSR,Dunn's Test (.10)
-99.0,OAK_42IIIB,O-C5,O-C5,10SP_CI,SP,BayFarm,CI,NSR,Dunn's Test (.10)
-99.0,OAK_42IIIB,O-C5,O-C5,10SP_CI,SP,PtRey-C,CI,NSR,Dunn's Test (.10)
-99.0,OAK_42IIIB,O-C5,O-C5,10SP_CI,SP,PtRey-F,CI,NSR,Dunn's Test (.10)
-99.0,OAK_42IIIB,O-C5,O-C5,10SP_CI,SP,SF-DODS,CI,NSR,Dunn's Test (.10)
-99.0,OAK_42IIIB,O-C5,O-C5,10SP_NC,SP,Alc-Disp,NC,NSR,Dunn's Test (.10)
-99.0,OAK_42IIIB,O-C5,O-C5,10SP_NC,SP,Alc-Env,NC,NSR,Dunn's Test (.10)
-99.0,OAK_42IIIB,O-C5,O-C5,10SP_NC,SP,BayFarm,NC,NSR,Dunn's Test (.10)
-99.0,OAK_42IIIB,O-C5,O-C5,10SP_NC,SP,PtRey-C,NC,NSR,Dunn's Test (.10)
-99.0,OAK_42IIIB,O-C5,O-C5,10SP_NC,SP,PtRey-F,NC,NSR,Dunn's Test (.10)
-99.0,OAK_42IIIB,O-C5,O-C5,10SP_NC,SP,SF-DODS,NC,NSR,Dunn's Test (.10)
-99.0,OAK_42IIIB,O-C5,O-C5,10SP_RA,SP,Alc-Disp,RA,NSR,Dunn's Test (.10)
-99.0,OAK_42IIIB,O-C5,O-C5,10SP_RA,SP,Alc-Env,RA,NSR,Dunn's Test (.10)
-99.0,OAK_42IIIB,O-C5,O-C5,10SP_RA,SP,BayFarm,RA,NSR,Dunn's Test (.10)
-99.0,OAK_42IIIB,O-C5,O-C5,10SP_RA,SP,PtRey-C,RA,NSR,Dunn's Test (.10)
-99.0,OAK_42IIIB,O-C5,O-C5,10SP_RA,SP,PtRey-F,RA,NSR,Dunn's Test (.10)
-99.0,OAK_42IIIB,O-C5,O-C5,10SP_RA,SP,SF-DODS,RA,NSR,Dunn's Test (.10)
-99.0,OAK_42IIIB,O-C5,O-C5,28SP_MN,SP,Alc-Disp,MN,NSR,Dunn's Test (.10)
-99.0,OAK_42IIIB,O-C5,O-C5,28SP_MN,SP,Alc-Env,MN,NSR,Dunn's Test (.10)
-99.0,OAK_42IIIB,O-C5,O-C5,28SP_MN,SP,BayFarm,MN,NSR,Dunn's Test (.10)
-99.0,OAK_42IIIB,O-C5,O-C5,28SP_MN,SP,PtRey-C,MN,NSR,Dunn's Test (.10)
-99.0,OAK_42IIIB,O-C5,O-C5,28SP_MN,SP,PtRey-F,MN,NSR,Dunn's Test (.10)
-99.0,OAK_42IIIB,O-C5,O-C5,28SP_MN,SP,SF-DODS,MN,NSR,Dunn's Test (.10)
-99.0,OAK_42IIIB,O-C5,O-C5,28SP_NC,SP,Alc-Disp,NC,NSR,Dunn's Test (.10)
-99.0,OAK_42IIIB,O-C5,O-C5,28SP_NC,SP,Alc-Env,NC,NSR,Dunn's Test (.10)
-99.0,OAK_42IIIB,O-C5,O-C5,28SP_NC,SP,BayFarm,NC,NSR,Dunn's Test (.10)
-99.0,OAK_42IIIB,O-C5,O-C5,28SP_NC,SP,PtRey-C,NC,NSR,Dunn's Test (.10)
-99.0,OAK_42IIIB,O-C5,O-C5,28SP_NC,SP,PtRey-F,NC,NSR,Dunn's Test (.10)
-99.0,OAK_42IIIB,O-C5,O-C5,28SP_NC,SP,SF-DODS,NC,NSR,Dunn's Test (.10)
-99.0,OAK_42IIIB,O-C6,O-C6,10SP_CI,SP,Alc-Disp,CI,NSR,Dunn's Test (.10)
-99.0,OAK_42IIIB,O-C6,O-C6,10SP_CI,SP,Alc-Env,CI,NSR,Dunn's Test (.10)
-99.0,OAK_42IIIB,O-C6,O-C6,10SP_CI,SP,BayFarm,CI,NSR,Dunn's Test (.10)
-99.0,OAK_42IIIB,O-C6,O-C6,10SP_CI,SP,PtRey-C,CI,NSR,Dunn's Test (.10)
-99.0,OAK_42IIIB,O-C6,O-C6,10SP_CI,SP,PtRey-F,CI,NSR,Dunn's Test (.10)
-99.0,OAK_42IIIB,O-C6,O-C6,10SP_CI,SP,SF-DODS,CI,NSR,Dunn's Test (.10)
-99.0,OAK_42IIIB,O-C6,O-C6,10SP_NC,SP,Alc-Disp,NC,NSR,Dunn's Test (.10)
-99.0,OAK_42IIIB,O-C6,O-C6,10SP_NC,SP,Alc-Env,NC,NSR,Dunn's Test (.10)
-99.0,OAK_42IIIB,O-C6,O-C6,10SP_NC,SP,BayFarm,NC,NSR,Dunn's Test (.10)
-99.0,OAK_42IIIB,O-C6,O-C6,10SP_NC,SP,PtRey-C,NC,NSR,Dunn's Test (.10)
-99.0,OAK_42IIIB,O-C6,O-C6,10SP_NC,SP,PtRey-F,NC,NSR,Dunn's Test (.10)
-99.0,OAK_42IIIB,O-C6,O-C6,10SP_NC,SP,SF-DODS,NC,NSR,Dunn's Test (.10)
-99.0,OAK_42IIIB,O-C6,O-C6,10SP_RA,SP,Alc-Disp,RA,NSR,Dunn's Test (.10)
-99.0,OAK_42IIIB,O-C6,O-C6,10SP_RA,SP,Alc-Env,RA,NSR,Dunn's Test (.10)
-99.0,OAK_42IIIB,O-C6,O-C6,10SP_RA,SP,BayFarm,RA,NSR,Dunn's Test (.10)
-99.0,OAK_42IIIB,O-C6,O-C6,10SP_RA,SP,PtRey-C,RA,NSR,Dunn's Test (.10)
-99.0,OAK_42IIIB,O-C6,O-C6,10SP_RA,SP,PtRey-F,RA,NSR,Dunn's Test (.10)
-99.0,OAK_42IIIB,O-C6,O-C6,10SP_RA,SP,SF-DODS,RA,NSR,Dunn's Test (.10)
-99.0,OAK_42IIIB,O-C6,O-C6,28SP_MN,SP,Alc-Disp,MN,NSR,Dunn's Test (.10)
-99.0,OAK_42IIIB,O-C6,O-C6,28SP_MN,SP,Alc-Env,MN,NSR,Dunn's Test (.10)
-99.0,OAK_42IIIB,O-C6,O-C6,28SP_MN,SP,BayFarm,MN,NSR,Dunn's Test (.10)
-99.0,OAK_42IIIB,O-C6,O-C6,28SP_MN,SP,PtRey-C,MN,NSR,Dunn's Test (.10)
-99.0,OAK_42IIIB,O-C6,O-C6,28SP_MN,SP,PtRey-F,MN,NSR,Dunn's Test (.10)
-99.0,OAK_42IIIB,O-C6,O-C6,28SP_MN,SP,SF-DODS,MN,NSR,Dunn's Test (.10)
-99.0,OAK_42IIIB,O-C6,O-C6,28SP_NC,SP,Alc-Disp,NC,NSR,Dunn's Test (.10)
-99.0,OAK_42IIIB,O-C6,O-C6,28SP_NC,SP,Alc-Env,NC,NSR,Dunn's Test (.10)
-99.0,OAK_42IIIB,O-C6,O-C6,28SP_NC,SP,BayFarm,NC,NSR,Dunn's Test (.10)
-99.0,OAK_42IIIB,O-C6,O-C6,28SP_NC,SP,PtRey-C,NC,NSR,Dunn's Test (.10)
-99.0,OAK_42IIIB,O-C6,O-C6,28SP_NC,SP,PtRey-F,NC,NSR,Dunn's Test (.10)
-99.0,OAK_42IIIB,O-C6,O-C6,28SP_NC,SP,SF-DODS,NC,NSR,Dunn's Test (.10)
-99.0,OAK_42IIIB,O-C7,O-C7,10SP_CI,SP,Alc-Disp,CI,NSR,Dunn's Test (.10)
-99.0,OAK_42IIIB,O-C7,O-C7,10SP_CI,SP,Alc-Env,CI,NSR,Dunn's Test (.10)
-99.0,OAK_42IIIB,O-C7,O-C7,10SP_CI,SP,BayFarm,CI,NSR,Dunn's Test (.10)
-99.0,OAK_42IIIB,O-C7,O-C7,10SP_CI,SP,PtRey-C,CI,NSR,Dunn's Test (.10)
-99.0,OAK_42IIIB,O-C7,O-C7,10SP_CI,SP,PtRey-F,CI,NSR,Dunn's Test (.10)
-99.0,OAK_42IIIB,O-C7,O-C7,10SP_CI,SP,SF-DODS,CI,NSR,Dunn's Test (.10)
-99.0,OAK_42IIIB,O-C7,O-C7,10SP_NC,SP,Alc-Disp,NC,SR,Dunn's Test (.10)
-99.0,OAK_42IIIB,O-C7,O-C7,10SP_NC,SP,Alc-Env,NC,SR,Dunn's Test (.10)
-99.0,OAK_42IIIB,O-C7,O-C7,10SP_NC,SP,BayFarm,NC,NSR,Dunn's Test (.10)
-99.0,OAK_42IIIB,O-C7,O-C7,10SP_NC,SP,PtRey-C,NC,NSR,Dunn's Test (.10)
-99.0,OAK_42IIIB,O-C7,O-C7,10SP_NC,SP,PtRey-F,NC,SR,Dunn's Test (.10)
-99.0,OAK_42IIIB,O-C7,O-C7,10SP_NC,SP,SF-DODS,NC,SR,Dunn's Test (.10)
-99.0,OAK_42IIIB,O-C7,O-C7,10SP_RA,SP,Alc-Disp,RA,NSR,Dunn's Test (.10)
-99.0,OAK_42IIIB,O-C7,O-C7,10SP_RA,SP,Alc-Env,RA,NSR,Dunn's Test (.10)
-99.0,OAK_42IIIB,O-C7,O-C7,10SP_RA,SP,BayFarm,RA,NSR,Dunn's Test (.10)
-99.0,OAK_42IIIB,O-C7,O-C7,10SP_RA,SP,PtRey-C,RA,NSR,Dunn's Test (.10)
-99.0,OAK_42IIIB,O-C7,O-C7,10SP_RA,SP,PtRey-F,RA,NSR,Dunn's Test (.10)
-99.0,OAK_42IIIB,O-C7,O-C7,10SP_RA,SP,SF-DODS,RA,NSR,Dunn's Test (.10)
-99.0,OAK_42IIIB,O-C7,O-C7,28SP_MN,SP,Alc-Disp,MN,NSR,Dunn's Test (.10)
-99.0,OAK_42IIIB,O-C7,O-C7,28SP_MN,SP,Alc-Env,MN,NSR,Dunn's Test (.10)
-99.0,OAK_42IIIB,O-C7,O-C7,28SP_MN,SP,BayFarm,MN,NSR,Dunn's Test (.10)
-99.0,OAK_42IIIB,O-C7,O-C7,28SP_MN,SP,PtRey-C,MN,NSR,Dunn's Test (.10)
-99.0,OAK_42IIIB,O-C7,O-C7,28SP_MN,SP,PtRey-F,MN,NSR,Dunn's Test (.10)
-99.0,OAK_42IIIB,O-C7,O-C7,28SP_MN,SP,SF-DODS,MN,NSR,Dunn's Test (.10)
-99.0,OAK_42IIIB,O-C7,O-C7,28SP_NC,SP,Alc-Disp,NC,NSR,Dunn's Test (.10)
-99.0,OAK_42IIIB,O-C7,O-C7,28SP_NC,SP,Alc-Env,NC,NSR,Dunn's Test (.10)
-99.0,OAK_42IIIB,O-C7,O-C7,28SP_NC,SP,BayFarm,NC,NSR,Dunn's Test (.10)
-99.0,OAK_42IIIB,O-C7,O-C7,28SP_NC,SP,PtRey-C,NC,NSR,Dunn's Test (.10)
-99.0,OAK_42IIIB,O-C7,O-C7,28SP_NC,SP,PtRey-F,NC,NSR,Dunn's Test (.10)
-99.0,OAK_42IIIB,O-C7,O-C7,28SP_NC,SP,SF-DODS,NC,NSR,Dunn's Test (.10)
-99.0,OAK_42IIIB,O-C8,O-C8,10SP_CI,SP,Alc-Disp,CI,NSR,Dunn's Test (.10)
-99.0,OAK_42IIIB,O-C8,O-C8,10SP_CI,SP,Alc-Env,CI,NSR,Dunn's Test (.10)
-99.0,OAK_42IIIB,O-C8,O-C8,10SP_CI,SP,BayFarm,CI,NSR,Dunn's Test (.10)
-99.0,OAK_42IIIB,O-C8,O-C8,10SP_CI,SP,PtRey-C,CI,NSR,Dunn's Test (.10)
-99.0,OAK_42IIIB,O-C8,O-C8,10SP_CI,SP,PtRey-F,CI,NSR,Dunn's Test (.10)
-99.0,OAK_42IIIB,O-C8,O-C8,10SP_CI,SP,SF-DODS,CI,NSR,Dunn's Test (.10)
-99.0,OAK_42IIIB,O-C8,O-C8,10SP_NC,SP,Alc-Disp,NC,NSR,Dunn's Test (.10)
-99.0,OAK_42IIIB,O-C8,O-C8,10SP_NC,SP,Alc-Env,NC,NSR,Dunn's Test (.10)
-99.0,OAK_42IIIB,O-C8,O-C8,10SP_NC,SP,BayFarm,NC,NSR,Dunn's Test (.10)
-99.0,OAK_42IIIB,O-C8,O-C8,10SP_NC,SP,PtRey-C,NC,NSR,Dunn's Test (.10)
-99.0,OAK_42IIIB,O-C8,O-C8,10SP_NC,SP,PtRey-F,NC,NSR,Dunn's Test (.10)
-99.0,OAK_42IIIB,O-C8,O-C8,10SP_NC,SP,SF-DODS,NC,NSR,Dunn's Test (.10)
-99.0,OAK_42IIIB,O-C8,O-C8,10SP_RA,SP,Alc-Disp,RA,NSR,Dunn's Test (.10)
-99.0,OAK_42IIIB,O-C8,O-C8,10SP_RA,SP,Alc-Env,RA,NSR,Dunn's Test (.10)
-99.0,OAK_42IIIB,O-C8,O-C8,10SP_RA,SP,BayFarm,RA,NSR,Dunn's Test (.10)
-99.0,OAK_42IIIB,O-C8,O-C8,10SP_RA,SP,PtRey-C,RA,NSR,Dunn's Test (.10)
-99.0,OAK_42IIIB,O-C8,O-C8,10SP_RA,SP,PtRey-F,RA,NSR,Dunn's Test (.10)
-99.0,OAK_42IIIB,O-C8,O-C8,10SP_RA,SP,SF-DODS,RA,NSR,Dunn's Test (.10)
-99.0,OAK_42IIIB,O-C8,O-C8,28SP_MN,SP,Alc-Disp,MN,NSR,Dunn's Test (.10)
-99.0,OAK_42IIIB,O-C8,O-C8,28SP_MN,SP,Alc-Env,MN,NSR,Dunn's Test (.10)
-99.0,OAK_42IIIB,O-C8,O-C8,28SP_MN,SP,BayFarm,MN,NSR,Dunn's Test (.10)
-99.0,OAK_42IIIB,O-C8,O-C8,28SP_MN,SP,PtRey-C,MN,NSR,Dunn's Test (.10)
-99.0,OAK_42IIIB,O-C8,O-C8,28SP_MN,SP,PtRey-F,MN,NSR,Dunn's Test (.10)
-99.0,OAK_42IIIB,O-C8,O-C8,28SP_MN,SP,SF-DODS,MN,NSR,Dunn's Test (.10)
-99.0,OAK_42IIIB,O-C8,O-C8,28SP_NC,SP,Alc-Disp,NC,NSR,Dunn's Test (.10)
-99.0,OAK_42IIIB,O-C8,O-C8,28SP_NC,SP,Alc-Env,NC,NSR,Dunn's Test (.10)
-99.0,OAK_42IIIB,O-C8,O-C8,28SP_NC,SP,BayFarm,NC,NSR,Dunn's Test (.10)
-99.0,OAK_42IIIB,O-C8,O-C8,28SP_NC,SP,PtRey-C,NC,NSR,Dunn's Test (.10)
-99.0,OAK_42IIIB,O-C8,O-C8,28SP_NC,SP,PtRey-F,NC,NSR,Dunn's Test (.10)
-99.0,OAK_42IIIB,O-C8,O-C8,28SP_NC,SP,SF-DODS,NC,NSR,Dunn's Test (.10)
-99.0,OAK_42IIIB,O-C9,O-C9,10SP_CI,SP,Alc-Disp,CI,NSR,Dunn's Test (.10)
-99.0,OAK_42IIIB,O-C9,O-C9,10SP_CI,SP,Alc-Env,CI,NSR,Dunn's Test (.10)
-99.0,OAK_42IIIB,O-C9,O-C9,10SP_CI,SP,BayFarm,CI,NSR,Dunn's Test (.10)
-99.0,OAK_42IIIB,O-C9,O-C9,10SP_CI,SP,PtRey-C,CI,NSR,Dunn's Test (.10)
-99.0,OAK_42IIIB,O-C9,O-C9,10SP_CI,SP,PtRey-F,CI,NSR,Dunn's Test (.10)
-99.0,OAK_42IIIB,O-C9,O-C9,10SP_CI,SP,SF-DODS,CI,NSR,Dunn's Test (.10)
-99.0,OAK_42IIIB,O-C9,O-C9,10SP_NC,SP,Alc-Disp,NC,NSR,Dunn's Test (.10)
-99.0,OAK_42IIIB,O-C9,O-C9,10SP_NC,SP,Alc-Env,NC,NSR,Dunn's Test (.10)
-99.0,OAK_42IIIB,O-C9,O-C9,10SP_NC,SP,BayFarm,NC,NSR,Dunn's Test (.10)
-99.0,OAK_42IIIB,O-C9,O-C9,10SP_NC,SP,PtRey-C,NC,NSR,Dunn's Test (.10)
-99.0,OAK_42IIIB,O-C9,O-C9,10SP_NC,SP,PtRey-F,NC,NSR,Dunn's Test (.10)
-99.0,OAK_42IIIB,O-C9,O-C9,10SP_NC,SP,SF-DODS,NC,NSR,Dunn's Test (.10)
-99.0,OAK_42IIIB,O-C9,O-C9,10SP_RA,SP,Alc-Disp,RA,SR,Dunn's Test (.10)
-99.0,OAK_42IIIB,O-C9,O-C9,10SP_RA,SP,Alc-Env,RA,SR,Dunn's Test (.10)
-99.0,OAK_42IIIB,O-C9,O-C9,10SP_RA,SP,BayFarm,RA,NSR,Dunn's Test (.10)
-99.0,OAK_42IIIB,O-C9,O-C9,10SP_RA,SP,PtRey-C,RA,SR,Dunn's Test (.10)
-99.0,OAK_42IIIB,O-C9,O-C9,10SP_RA,SP,PtRey-F,RA,SR,Dunn's Test (.10)
-99.0,OAK_42IIIB,O-C9,O-C9,10SP_RA,SP,SF-DODS,RA,NSR,Dunn's Test (.10)
-99.0,OAK_42IIIB,O-C9,O-C9,28SP_MN,SP,Alc-Disp,MN,NSR,Dunn's Test (.10)
-99.0,OAK_42IIIB,O-C9,O-C9,28SP_MN,SP,Alc-Env,MN,NSR,Dunn's Test (.10)
-99.0,OAK_42IIIB,O-C9,O-C9,28SP_MN,SP,BayFarm,MN,NSR,Dunn's Test (.10)
-99.0,OAK_42IIIB,O-C9,O-C9,28SP_MN,SP,PtRey-C,MN,NSR,Dunn's Test (.10)
-99.0,OAK_42IIIB,O-C9,O-C9,28SP_MN,SP,PtRey-F,MN,NSR,Dunn's Test (.10)
-99.0,OAK_42IIIB,O-C9,O-C9,28SP_MN,SP,SF-DODS,MN,NSR,Dunn's Test (.10)
-99.0,OAK_42IIIB,O-C9,O-C9,28SP_NC,SP,Alc-Disp,NC,NSR,Dunn's Test (.10)
-99.0,OAK_42IIIB,O-C9,O-C9,28SP_NC,SP,Alc-Env,NC,NSR,Dunn's Test (.10)
-99.0,OAK_42IIIB,O-C9,O-C9,28SP_NC,SP,BayFarm,NC,NSR,Dunn's Test (.10)
-99.0,OAK_42IIIB,O-C9,O-C9,28SP_NC,SP,PtRey-C,NC,NSR,Dunn's Test (.10)
-99.0,OAK_42IIIB,O-C9,O-C9,28SP_NC,SP,PtRey-F,NC,NSR,Dunn's Test (.10)
-99.0,OAK_42IIIB,O-C9,O-C9,28SP_NC,SP,SF-DODS,NC,NSR,Dunn's Test (.10)
-99.0,PRCH_T1,TB 1-2,TB 1-2,SP_Static_RA,SP,Alc-Env,RA,NSR,"Dunnett's Test, alpha=0.05, >20% different than RE"
-99.0,PRCH_T1,TB 1-2,TB 1-2,SP_Static_RA,SP,BayFarm,RA,NSR,"Dunnett's Test, alpha=0.05, >20% different than RE"
-99.0,PRCH_T1,TB 1-2,TB 1-2,SP_Static_RA,SP,SF-DODS,RA,NSR,"Dunnett's Test, alpha=0.05, >20% different than RE"
-99.0,PRCH_T1,TB 1-4,TB 1-4,SP_Static_RA,SP,Alc-Env,RA,SR,"Dunnett's Test, alpha=0.05, >20% different than RE"
-99.0,PRCH_T1,TB 1-4,TB 1-4,SP_Static_RA,SP,BayFarm,RA,SR,"Dunnett's Test, alpha=0.05, >20% different than RE"
-99.0,PRCH_T1,TB 1-4,TB 1-4,SP_Static_RA,SP,SF-DODS,RA,NSR,"Dunnett's Test, alpha=0.05, >20% different than RE"
-99.0,PRCH_T1,TB 1-6,TB 1-6,SP_Static_RA,SP,Alc-Env,RA,SR,"Dunnett's Test, alpha=0.05, >20% different than RE"
-99.0,PRCH_T1,TB 1-6,TB 1-6,SP_Static_RA,SP,BayFarm,RA,SR,"Dunnett's Test, alpha=0.05, >20% different than RE"
-99.0,PRCH_T1,TB 1-6,TB 1-6,SP_Static_RA,SP,SF-DODS,RA,SR,"Dunnett's Test, alpha=0.05, >20% different than RE"
-99.0,RH_92,COMP-1,COMP-1,SP_10MN,SP,Alc-Disp,MN,NSR,Dunn's Test
-99.0,RH_92,COMP-1,COMP-1,SP_10MN,SP,Alc-Env,MN,NSR,Dunn's Test
-99.0,RH_92,COMP-1,COMP-1,SP_10MN,SP,BayFarm,MN,NSR,Dunn's Test
-99.0,RH_92,COMP-1,COMP-1,SP_10MN,SP,PtRey-F,MN,NSR,Dunn's Test
-99.0,RH_92,COMP-1,COMP-1,SP_10MN,SP,SF-DODS,MN,NSR,Dunn's Test
-99.0,RH_92,COMP-1,COMP-1,SP_10NC,SP,Alc-Disp,NC,NSR,Dunn's Test
-99.0,RH_92,COMP-1,COMP-1,SP_10NC,SP,Alc-Env,NC,NSR,Dunn's Test
-99.0,RH_92,COMP-1,COMP-1,SP_10NC,SP,BayFarm,NC,NSR,Dunn's Test
-99.0,RH_92,COMP-1,COMP-1,SP_10NC,SP,PtRey-F,NC,NSR,Dunn's Test
-99.0,RH_92,COMP-1,COMP-1,SP_10NC,SP,SF-DODS,NC,NSR,Dunn's Test
-99.0,RH_92,COMP-1,COMP-1,SP_10RA,SP,Alc-Disp,RA,NSR,Dunn's Test
-99.0,RH_92,COMP-1,COMP-1,SP_10RA,SP,Alc-Env,RA,NSR,Dunn's Test
-99.0,RH_92,COMP-1,COMP-1,SP_10RA,SP,BayFarm,RA,NSR,Dunn's Test
-99.0,RH_92,COMP-1,COMP-1,SP_10RA,SP,PtRey-F,RA,NSR,Dunn's Test
-99.0,RH_92,COMP-1,COMP-1,SP_10RA,SP,SF-DODS,RA,NSR,Dunn's Test
-99.0,RH_92,COMP-1,COMP-1,SP_28MN,SP,Alc-Disp,MN,NR,Dunn's Test
-99.0,RH_92,COMP-1,COMP-1,SP_28MN,SP,Alc-Env,MN,NR,Dunn's Test
-99.0,RH_92,COMP-1,COMP-1,SP_28MN,SP,BayFarm,MN,NR,Dunn's Test
-99.0,RH_92,COMP-1,COMP-1,SP_28MN,SP,PtRey-F,MN,NR,Dunn's Test
-99.0,RH_92,COMP-1,COMP-1,SP_28MN,SP,SF-DODS,MN,NR,Dunn's Test
-99.0,RH_92,COMP-1,COMP-1,SP_28NC,SP,Alc-Disp,NC,NR,Dunn's Test
-99.0,RH_92,COMP-1,COMP-1,SP_28NC,SP,Alc-Env,NC,NR,Dunn's Test
-99.0,RH_92,COMP-1,COMP-1,SP_28NC,SP,BayFarm,NC,NR,Dunn's Test
-99.0,RH_92,COMP-1,COMP-1,SP_28NC,SP,PtRey-F,NC,NR,Dunn's Test
-99.0,RH_92,COMP-1,COMP-1,SP_28NC,SP,SF-DODS,NC,NR,Dunn's Test
-99.0,RH_92,COMP-2,COMP-2,SP_10MN,SP,Alc-Disp,MN,NSR,Dunn's Test
-99.0,RH_92,COMP-2,COMP-2,SP_10MN,SP,Alc-Env,MN,NSR,Dunn's Test
-99.0,RH_92,COMP-2,COMP-2,SP_10MN,SP,BayFarm,MN,NSR,Dunn's Test
-99.0,RH_92,COMP-2,COMP-2,SP_10MN,SP,PtRey-F,MN,NSR,Dunn's Test
-99.0,RH_92,COMP-2,COMP-2,SP_10MN,SP,SF-DODS,MN,NSR,Dunn's Test
-99.0,RH_92,COMP-2,COMP-2,SP_10NC,SP,Alc-Disp,NC,NSR,Dunn's Test
-99.0,RH_92,COMP-2,COMP-2,SP_10NC,SP,Alc-Env,NC,NSR,Dunn's Test
-99.0,RH_92,COMP-2,COMP-2,SP_10NC,SP,BayFarm,NC,NSR,Dunn's Test
-99.0,RH_92,COMP-2,COMP-2,SP_10NC,SP,PtRey-F,NC,NSR,Dunn's Test
-99.0,RH_92,COMP-2,COMP-2,SP_10NC,SP,SF-DODS,NC,NSR,Dunn's Test
-99.0,RH_92,COMP-2,COMP-2,SP_10RA,SP,Alc-Disp,RA,NSR,Dunn's Test
-99.0,RH_92,COMP-2,COMP-2,SP_10RA,SP,Alc-Env,RA,NSR,Dunn's Test
-99.0,RH_92,COMP-2,COMP-2,SP_10RA,SP,BayFarm,RA,NSR,Dunn's Test
-99.0,RH_92,COMP-2,COMP-2,SP_10RA,SP,PtRey-F,RA,NSR,Dunn's Test
-99.0,RH_92,COMP-2,COMP-2,SP_10RA,SP,SF-DODS,RA,NSR,Dunn's Test
-99.0,RH_92,COMP-2,COMP-2,SP_28MN,SP,Alc-Disp,MN,NR,Dunn's Test
-99.0,RH_92,COMP-2,COMP-2,SP_28MN,SP,Alc-Env,MN,NR,Dunn's Test
-99.0,RH_92,COMP-2,COMP-2,SP_28MN,SP,BayFarm,MN,NR,Dunn's Test
-99.0,RH_92,COMP-2,COMP-2,SP_28MN,SP,PtRey-F,MN,NR,Dunn's Test
-99.0,RH_92,COMP-2,COMP-2,SP_28MN,SP,SF-DODS,MN,NR,Dunn's Test
-99.0,RH_92,COMP-2,COMP-2,SP_28NC,SP,Alc-Disp,NC,NR,Dunn's Test
-99.0,RH_92,COMP-2,COMP-2,SP_28NC,SP,Alc-Env,NC,NR,Dunn's Test
-99.0,RH_92,COMP-2,COMP-2,SP_28NC,SP,BayFarm,NC,NR,Dunn's Test
-99.0,RH_92,COMP-2,COMP-2,SP_28NC,SP,PtRey-F,NC,NR,Dunn's Test
-99.0,RH_92,COMP-2,COMP-2,SP_28NC,SP,SF-DODS,NC,NR,Dunn's Test
-99.0,RH_92,COMP-3,COMP-3,SP_10MN,SP,Alc-Disp,MN,NSR,Dunn's Test
-99.0,RH_92,COMP-3,COMP-3,SP_10MN,SP,Alc-Env,MN,NSR,Dunn's Test
-99.0,RH_92,COMP-3,COMP-3,SP_10MN,SP,BayFarm,MN,NSR,Dunn's Test
-99.0,RH_92,COMP-3,COMP-3,SP_10MN,SP,PtRey-F,MN,NSR,Dunn's Test
-99.0,RH_92,COMP-3,COMP-3,SP_10MN,SP,SF-DODS,MN,NSR,Dunn's Test
-99.0,RH_92,COMP-3,COMP-3,SP_10NC,SP,Alc-Disp,NC,NSR,Dunn's Test
-99.0,RH_92,COMP-3,COMP-3,SP_10NC,SP,Alc-Env,NC,NSR,Dunn's Test
-99.0,RH_92,COMP-3,COMP-3,SP_10NC,SP,BayFarm,NC,SR,Dunn's Test
-99.0,RH_92,COMP-3,COMP-3,SP_10NC,SP,PtRey-F,NC,NSR,Dunn's Test
-99.0,RH_92,COMP-3,COMP-3,SP_10NC,SP,SF-DODS,NC,NSR,Dunn's Test
-99.0,RH_92,COMP-3,COMP-3,SP_10RA,SP,Alc-Disp,RA,NSR,Dunn's Test
-99.0,RH_92,COMP-3,COMP-3,SP_10RA,SP,Alc-Env,RA,SR,Dunn's Test
-99.0,RH_92,COMP-3,COMP-3,SP_10RA,SP,BayFarm,RA,SR,Dunn's Test
-99.0,RH_92,COMP-3,COMP-3,SP_10RA,SP,PtRey-F,RA,NSR,Dunn's Test
-99.0,RH_92,COMP-3,COMP-3,SP_10RA,SP,SF-DODS,RA,NSR,Dunn's Test
-99.0,RH_92,COMP-3,COMP-3,SP_28MN,SP,Alc-Disp,MN,NR,Dunn's Test
-99.0,RH_92,COMP-3,COMP-3,SP_28MN,SP,Alc-Env,MN,NR,Dunn's Test
-99.0,RH_92,COMP-3,COMP-3,SP_28MN,SP,BayFarm,MN,NR,Dunn's Test
-99.0,RH_92,COMP-3,COMP-3,SP_28MN,SP,PtRey-F,MN,NR,Dunn's Test
-99.0,RH_92,COMP-3,COMP-3,SP_28MN,SP,SF-DODS,MN,NR,Dunn's Test
-99.0,RH_92,COMP-3,COMP-3,SP_28NC,SP,Alc-Disp,NC,NR,Dunn's Test
-99.0,RH_92,COMP-3,COMP-3,SP_28NC,SP,Alc-Env,NC,NR,Dunn's Test
-99.0,RH_92,COMP-3,COMP-3,SP_28NC,SP,BayFarm,NC,NR,Dunn's Test
-99.0,RH_92,COMP-3,COMP-3,SP_28NC,SP,PtRey-F,NC,NR,Dunn's Test
-99.0,RH_92,COMP-3,COMP-3,SP_28NC,SP,SF-DODS,NC,NR,Dunn's Test
-99.0,RH_92,COMP-4,COMP-4,SP_10MN,SP,Alc-Disp,MN,NSR,Dunn's Test
-99.0,RH_92,COMP-4,COMP-4,SP_10MN,SP,Alc-Env,MN,NSR,Dunn's Test
-99.0,RH_92,COMP-4,COMP-4,SP_10MN,SP,BayFarm,MN,NSR,Dunn's Test
-99.0,RH_92,COMP-4,COMP-4,SP_10MN,SP,PtRey-F,MN,NSR,Dunn's Test
-99.0,RH_92,COMP-4,COMP-4,SP_10MN,SP,SF-DODS,MN,NSR,Dunn's Test
-99.0,RH_92,COMP-4,COMP-4,SP_10NC,SP,Alc-Disp,NC,NSR,Dunn's Test
-99.0,RH_92,COMP-4,COMP-4,SP_10NC,SP,Alc-Env,NC,NSR,Dunn's Test
-99.0,RH_92,COMP-4,COMP-4,SP_10NC,SP,BayFarm,NC,SR,Dunn's Test
-99.0,RH_92,COMP-4,COMP-4,SP_10NC,SP,PtRey-F,NC,NSR,Dunn's Test
-99.0,RH_92,COMP-4,COMP-4,SP_10NC,SP,SF-DODS,NC,SR,Dunn's Test
-99.0,RH_92,COMP-4,COMP-4,SP_10RA,SP,Alc-Disp,RA,NSR,Dunn's Test
-99.0,RH_92,COMP-4,COMP-4,SP_10RA,SP,Alc-Env,RA,NSR,Dunn's Test
-99.0,RH_92,COMP-4,COMP-4,SP_10RA,SP,BayFarm,RA,NSR,Dunn's Test
-99.0,RH_92,COMP-4,COMP-4,SP_10RA,SP,PtRey-F,RA,NSR,Dunn's Test
-99.0,RH_92,COMP-4,COMP-4,SP_10RA,SP,SF-DODS,RA,NSR,Dunn's Test
-99.0,RH_92,COMP-4,COMP-4,SP_28MN,SP,Alc-Disp,MN,NR,Dunn's Test
-99.0,RH_92,COMP-4,COMP-4,SP_28MN,SP,Alc-Env,MN,NR,Dunn's Test
-99.0,RH_92,COMP-4,COMP-4,SP_28MN,SP,BayFarm,MN,NR,Dunn's Test
-99.0,RH_92,COMP-4,COMP-4,SP_28MN,SP,PtRey-F,MN,NR,Dunn's Test
-99.0,RH_92,COMP-4,COMP-4,SP_28MN,SP,SF-DODS,MN,NR,Dunn's Test
-99.0,RH_92,COMP-4,COMP-4,SP_28NC,SP,Alc-Disp,NC,NR,Dunn's Test
-99.0,RH_92,COMP-4,COMP-4,SP_28NC,SP,Alc-Env,NC,NR,Dunn's Test
-99.0,RH_92,COMP-4,COMP-4,SP_28NC,SP,BayFarm,NC,NR,Dunn's Test
-99.0,RH_92,COMP-4,COMP-4,SP_28NC,SP,PtRey-F,NC,NR,Dunn's Test
-99.0,RH_92,COMP-4,COMP-4,SP_28NC,SP,SF-DODS,NC,NR,Dunn's Test
-99.0,RH_92,COMP-5,COMP-5,SP_10MN,SP,Alc-Disp,MN,NSR,Dunn's Test
-99.0,RH_92,COMP-5,COMP-5,SP_10MN,SP,Alc-Env,MN,NSR,Dunn's Test
-99.0,RH_92,COMP-5,COMP-5,SP_10MN,SP,BayFarm,MN,NSR,Dunn's Test
-99.0,RH_92,COMP-5,COMP-5,SP_10MN,SP,PtRey-F,MN,NSR,Dunn's Test
-99.0,RH_92,COMP-5,COMP-5,SP_10MN,SP,SF-DODS,MN,NSR,Dunn's Test
-99.0,RH_92,COMP-5,COMP-5,SP_10NC,SP,Alc-Disp,NC,NSR,Dunn's Test
-99.0,RH_92,COMP-5,COMP-5,SP_10NC,SP,Alc-Env,NC,NSR,Dunn's Test
-99.0,RH_92,COMP-5,COMP-5,SP_10NC,SP,BayFarm,NC,NSR,Dunn's Test
-99.0,RH_92,COMP-5,COMP-5,SP_10NC,SP,PtRey-F,NC,NSR,Dunn's Test
-99.0,RH_92,COMP-5,COMP-5,SP_10NC,SP,SF-DODS,NC,NSR,Dunn's Test
-99.0,RH_92,COMP-5,COMP-5,SP_10RA,SP,Alc-Disp,RA,NSR,Dunn's Test
-99.0,RH_92,COMP-5,COMP-5,SP_10RA,SP,Alc-Env,RA,NSR,Dunn's Test
-99.0,RH_92,COMP-5,COMP-5,SP_10RA,SP,BayFarm,RA,NSR,Dunn's Test
-99.0,RH_92,COMP-5,COMP-5,SP_10RA,SP,PtRey-F,RA,NSR,Dunn's Test
-99.0,RH_92,COMP-5,COMP-5,SP_10RA,SP,SF-DODS,RA,NSR,Dunn's Test
-99.0,RH_92,COMP-5,COMP-5,SP_28MN,SP,Alc-Disp,MN,NR,Dunn's Test
-99.0,RH_92,COMP-5,COMP-5,SP_28MN,SP,Alc-Env,MN,NR,Dunn's Test
-99.0,RH_92,COMP-5,COMP-5,SP_28MN,SP,BayFarm,MN,NR,Dunn's Test
-99.0,RH_92,COMP-5,COMP-5,SP_28MN,SP,PtRey-F,MN,NR,Dunn's Test
-99.0,RH_92,COMP-5,COMP-5,SP_28MN,SP,SF-DODS,MN,NR,Dunn's Test
-99.0,RH_92,COMP-5,COMP-5,SP_28NC,SP,Alc-Disp,NC,NR,Dunn's Test
-99.0,RH_92,COMP-5,COMP-5,SP_28NC,SP,Alc-Env,NC,NR,Dunn's Test
-99.0,RH_92,COMP-5,COMP-5,SP_28NC,SP,BayFarm,NC,NR,Dunn's Test
-99.0,RH_92,COMP-5,COMP-5,SP_28NC,SP,PtRey-F,NC,NR,Dunn's Test
-99.0,RH_92,COMP-5,COMP-5,SP_28NC,SP,SF-DODS,NC,NR,Dunn's Test
-99.0,RH_92,COMP-6,COMP-6,SP_10MN,SP,Alc-Disp,MN,NSR,Dunn's Test
-99.0,RH_92,COMP-6,COMP-6,SP_10MN,SP,Alc-Env,MN,NSR,Dunn's Test
-99.0,RH_92,COMP-6,COMP-6,SP_10MN,SP,BayFarm,MN,NSR,Dunn's Test
-99.0,RH_92,COMP-6,COMP-6,SP_10MN,SP,PtRey-F,MN,NSR,Dunn's Test
-99.0,RH_92,COMP-6,COMP-6,SP_10MN,SP,SF-DODS,MN,NSR,Dunn's Test
-99.0,RH_92,COMP-6,COMP-6,SP_10NC,SP,Alc-Disp,NC,NSR,Dunn's Test
-99.0,RH_92,COMP-6,COMP-6,SP_10NC,SP,Alc-Env,NC,NSR,Dunn's Test
-99.0,RH_92,COMP-6,COMP-6,SP_10NC,SP,BayFarm,NC,NSR,Dunn's Test
-99.0,RH_92,COMP-6,COMP-6,SP_10NC,SP,PtRey-F,NC,NSR,Dunn's Test
-99.0,RH_92,COMP-6,COMP-6,SP_10NC,SP,SF-DODS,NC,NSR,Dunn's Test
-99.0,RH_92,COMP-6,COMP-6,SP_10RA,SP,Alc-Disp,RA,NSR,Dunn's Test
-99.0,RH_92,COMP-6,COMP-6,SP_10RA,SP,Alc-Env,RA,NSR,Dunn's Test
-99.0,RH_92,COMP-6,COMP-6,SP_10RA,SP,BayFarm,RA,NSR,Dunn's Test
-99.0,RH_92,COMP-6,COMP-6,SP_10RA,SP,PtRey-F,RA,NSR,Dunn's Test
-99.0,RH_92,COMP-6,COMP-6,SP_10RA,SP,SF-DODS,RA,NSR,Dunn's Test
-99.0,RH_92,COMP-6,COMP-6,SP_28MN,SP,Alc-Disp,MN,NR,Dunn's Test
-99.0,RH_92,COMP-6,COMP-6,SP_28MN,SP,Alc-Env,MN,NR,Dunn's Test
-99.0,RH_92,COMP-6,COMP-6,SP_28MN,SP,BayFarm,MN,NR,Dunn's Test
-99.0,RH_92,COMP-6,COMP-6,SP_28MN,SP,PtRey-F,MN,NR,Dunn's Test
-99.0,RH_92,COMP-6,COMP-6,SP_28MN,SP,SF-DODS,MN,NR,Dunn's Test
-99.0,RH_92,COMP-6,COMP-6,SP_28NC,SP,Alc-Disp,MN,NR,Dunn's Test
-99.0,RH_92,COMP-6,COMP-6,SP_28NC,SP,Alc-Env,MN,NR,Dunn's Test
-99.0,RH_92,COMP-6,COMP-6,SP_28NC,SP,BayFarm,MN,NR,Dunn's Test
-99.0,RH_92,COMP-6,COMP-6,SP_28NC,SP,PtRey-F,MN,NR,Dunn's Test
-99.0,RH_92,COMP-6,COMP-6,SP_28NC,SP,SF-DODS,MN,NR,Dunn's Test
-99.0,RH_92,TC-5,TC-5C,SP_10MN,SP,Alc-Disp,MN,NSR,Dunn's Test
-99.0,RH_92,TC-5,TC-5C,SP_10MN,SP,Alc-Env,MN,NSR,Dunn's Test
-99.0,RH_92,TC-5,TC-5C,SP_10MN,SP,BayFarm,MN,NSR,Dunn's Test
-99.0,RH_92,TC-5,TC-5C,SP_10MN,SP,PtRey-F,MN,NSR,Dunn's Test
-99.0,RH_92,TC-5,TC-5C,SP_10MN,SP,SF-DODS,MN,NSR,Dunn's Test
-99.0,RH_92,TC-5,TC-5C,SP_10NC,SP,Alc-Disp,NC,NSR,Dunn's Test
-99.0,RH_92,TC-5,TC-5C,SP_10NC,SP,Alc-Env,NC,NSR,Dunn's Test
-99.0,RH_92,TC-5,TC-5C,SP_10NC,SP,BayFarm,NC,SR,Dunn's Test
-99.0,RH_92,TC-5,TC-5C,SP_10NC,SP,PtRey-F,NC,NSR,Dunn's Test
-99.0,RH_92,TC-5,TC-5C,SP_10NC,SP,SF-DODS,NC,SR,Dunn's Test
-99.0,RH_92,TC-5,TC-5C,SP_10RA,SP,Alc-Disp,RA,NSR,Dunn's Test
-99.0,RH_92,TC-5,TC-5C,SP_10RA,SP,Alc-Env,RA,NSR,Dunn's Test
-99.0,RH_92,TC-5,TC-5C,SP_10RA,SP,BayFarm,RA,NSR,Dunn's Test
-99.0,RH_92,TC-5,TC-5C,SP_10RA,SP,PtRey-F,RA,NSR,Dunn's Test
-99.0,RH_92,TC-5,TC-5C,SP_10RA,SP,SF-DODS,RA,NSR,Dunn's Test
-99.0,RH_92,TC-5,TC-5C,SP_28MN,SP,Alc-Disp,MN,NR,Dunn's Test
-99.0,RH_92,TC-5,TC-5C,SP_28MN,SP,Alc-Env,MN,NR,Dunn's Test
-99.0,RH_92,TC-5,TC-5C,SP_28MN,SP,BayFarm,MN,NR,Dunn's Test
-99.0,RH_92,TC-5,TC-5C,SP_28MN,SP,PtRey-F,MN,NR,Dunn's Test
-99.0,RH_92,TC-5,TC-5C,SP_28MN,SP,SF-DODS,MN,NR,Dunn's Test
-99.0,RH_92,TC-5,TC-5C,SP_28NC,SP,Alc-Disp,NC,NR,Dunn's Test
-99.0,RH_92,TC-5,TC-5C,SP_28NC,SP,Alc-Env,NC,NR,Dunn's Test
-99.0,RH_92,TC-5,TC-5C,SP_28NC,SP,BayFarm,NC,NR,Dunn's Test
-99.0,RH_92,TC-5,TC-5C,SP_28NC,SP,PtRey-F,NC,NR,Dunn's Test
-99.0,RH_92,TC-5,TC-5C,SP_28NC,SP,SF-DODS,NC,NR,Dunn's Test
-99.0,RH_TURN,OBM-COMP,OBM-COMP,SP_Static_RA,SP,Alc-Env,RA,SRT,"Dunnett's Test, alpha=0.05, >20% lower survival th"
-99.0,RH_TURN,OBM-COMP,OBM-COMP,SP_Static_RA,SP,BayFarm,RA,SRT,"Dunnett's Test, alpha=0.05, >20% lower survival th"
-99.0,RH_TURN,OBM-COMP,OBM-COMP,SP_Static_RA,SP,SF-DODS,RA,NRT,"Dunnett's Test, alpha=0.05, >20% lower survival th"
-99.0,RH_TURN,SF-COMP,SF-COMP,SP_10d_Flow_NC,SP,Alc-Env,NC,SRT,"Dunnett's Test, alpha=0.05, and >10% lower surviva"
-99.0,RH_TURN,SF-COMP,SF-COMP,SP_10d_Flow_NC,SP,BayFarm,NC,NRT,"Dunnett's Test, alpha=0.05, and >10% lower surviva"
-99.0,RH_TURN,SF-COMP,SF-COMP,SP_10d_Flow_NC,SP,SF-DODS,NC,SRT,"Dunnett's Test, alpha=0.05, and >10% lower surviva"
-99.0,RH_TURN,SFW-COMP,SFW-COMP,SP_10d_Flow_NC,SP,Alc-Env,NC,SRT,"Dunnett's Test, alpha=0.05, and >10% lower surviva"
-99.0,RH_TURN,SFW-COMP,SFW-COMP,SP_10d_Flow_NC,SP,BayFarm,NC,NRT,"Dunnett's Test, alpha=0.05, and >10% lower surviva"
-99.0,RH_TURN,SFW-COMP,SFW-COMP,SP_10d_Flow_NC,SP,SF-DODS,NC,SRT,"Dunnett's Test, alpha=0.05, and >10% lower surviva"
-99.0,RH_TURN,SFW-COMP,SFW-COMP,SP_Static_RA,SP,Alc-Env,RA,SRT,"Dunnett's Test, alpha=0.05, >20% lower survival th"
-99.0,RH_TURN,SFW-COMP,SFW-COMP,SP_Static_RA,SP,BayFarm,RA,NRT,"Dunnett's Test, alpha=0.05, >20% lower survival th"
-99.0,RH_TURN,SFW-COMP,SFW-COMP,SP_Static_RA,SP,SF-DODS,RA,NRT,"Dunnett's Test, alpha=0.05, >20% lower survival th"
-99.0,RH_TURN,TB-3,TB-3-L-IS,SP__RA_LT20,SP,Alc-Env,RA,SRT,"Dunnett's Test, alpha=0.05, and >20% lower surviva"
-99.0,RH_TURN,TB-3,TB-3-L-IS,SP__RA_LT20,SP,BayFarm,RA,NRT,"Dunnett's Test, alpha=0.05, and >20% lower surviva"
-99.0,RH_TURN,TB-4,TB-4-L-IS,SP_Static_RA_IS,SP,Alc-Env,RA,SRT,"Dunnett's Test, alpha=0.05, >20% lower survival th"
-99.0,RH_TURN,TB-4,TB-4-L-IS,SP_Static_RA_IS,SP,BayFarm,RA,NRT,"Dunnett's Test, alpha=0.05, >20% lower survival th"
-99.0,RH_TURN,TB-6,TB-6-L-IS,SP_Static_RA_IS,SP,Alc-Env,RA,SRT,"Dunnett's Test, alpha=0.05, >20% lower survival th"
-99.0,RH_TURN,TB-6,TB-6-L-IS,SP_Static_RA_IS,SP,BayFarm,RA,NRT,"Dunnett's Test, alpha=0.05, >20% lower survival th"
-99.0,RH_TURN,TB-7,TB-7-L-IS,SP__RA_LT15,SP,Alc-Env,RA,SRT,"Dunnett's Test, alpha=0.05, >20% lower survival th"
-99.0,RH_TURN,TB-7,TB-7-L-IS,SP__RA_LT15,SP,BayFarm,RA,NRT,"Dunnett's Test, alpha=0.05, >20% lower survival th"
-99.0,RH_TURN,TB-8,TB-8-L-IS,SP_Static_RA_IS,SP,Alc-Env,RA,SRT,"Dunnett's Test, alpha=0.05, >20% lower survival th"
-99.0,RH_TURN,TB-8,TB-8-L-IS,SP_Static_RA_IS,SP,BayFarm,RA,NRT,"Dunnett's Test, alpha=0.05, >20% lower survival th"
-99.0,RH_TURN,TB-9,TB-9-L-IS,SP__RA_LT20,SP,Alc-Env,RA,SRT,"Dunnett's Test, alpha=0.05, and >20% lower surviva"
-99.0,RH_TURN,TB-9,TB-9-L-IS,SP__RA_LT20,SP,BayFarm,RA,NRT,"Dunnett's Test, alpha=0.05, and >20% lower surviva"
-99.0,RH_TURN,TB-COMP,TB-U-COMP,SP_Static_RA,SP,Alc-Env,RA,SRT,"Dunnett's Test, alpha=0.05, >20% lower survival th"
-99.0,RH_TURN,TB-COMP,TB-U-COMP,SP_Static_RA,SP,BayFarm,RA,SRT,"Dunnett's Test, alpha=0.05, >20% lower survival th"
-99.0,RH_TURN,TB-COMP,TB-U-COMP,SP_Static_RA,SP,SF-DODS,RA,NRT,"Dunnett's Test, alpha=0.05, >20% lower survival th"
-99.0,RH_TURN,UIH-COMP,UIH-COMP,SP_Static_RA,SP,Alc-Env,RA,SRT,"Dunnett's Test, alpha=0.05, >20% lower survival th"
-99.0,RH_TURN,UIH-COMP,UIH-COMP,SP_Static_RA,SP,BayFarm,RA,NRT,"Dunnett's Test, alpha=0.05, >20% lower survival th"
-99.0,RH_TURN,UIH-COMP,UIH-COMP,SP_Static_RA,SP,SF-DODS,RA,NRT,"Dunnett's Test, alpha=0.05, >20% lower survival th"
-99.0,SFO,PEBBA1,Comp-B1T,4_AA_SP,SP,SF-DODS,AA,NSR,NA
-99.0,SFO,PEBBA1,Comp-B1T,4_AA_SP,SP,SSFB-N,AA,NSR,NA
-99.0,SFO,PEBBA1,Comp-B1T,4_AA_SP,SP,TUBBS,AA,NSR,NA
-99.0,SFO,PEBBA1,Comp-B1T,5_EE_SP,SP,SF-DODS,EE,TBD,NA
-99.0,SFO,PEBBA1,Comp-B1T,5_EE_SP,SP,SSFB-N,EE,SR,NA
-99.0,SFO,PEBBA1,Comp-B1T,5_EE_SP,SP,TUBBS,EE,TBD,NA
-99.0,SFO,PEBBA1,Comp-B1T,5_MB_SP_10D,SP,SF-DODS,MB,NSR,NA
-99.0,SFO,PEBBA1,Comp-B1T,5_MB_SP_10D,SP,SSFB-N,MB,NSR,NA
-99.0,SFO,PEBBA1,Comp-B1T,5_MB_SP_10D,SP,TUBBS,MB,NSR,NA
-99.0,SFO,PEBBA1,Comp-B1T,5_NC_SP,SP,SF-DODS,NC,NSR,Exceeds LPC for disposal at reference.
-99.0,SFO,PEBBA1,Comp-B1T,5_NC_SP,SP,SSFB-N,NC,NSR,Exceeds LPC for disposal at reference.
-99.0,SFO,PEBBA1,Comp-B1T,5_NC_SP,SP,TUBBS,NC,NSR,Exceeds LPC for disposal at reference.
-99.0,SFO,PEBBA2,Comp-B2T,4_AA_SP,SP,SF-DODS,AA,NSR,NA
-99.0,SFO,PEBBA2,Comp-B2T,4_AA_SP,SP,SSFB-N,AA,NSR,NA
-99.0,SFO,PEBBA2,Comp-B2T,4_AA_SP,SP,TUBBS,AA,NSR,NA
-99.0,SFO,PEBBA2,Comp-B2T,5_EE_SP,SP,SF-DODS,EE,TBD,NA
-99.0,SFO,PEBBA2,Comp-B2T,5_EE_SP,SP,SSFB-N,EE,SR,NA
-99.0,SFO,PEBBA2,Comp-B2T,5_EE_SP,SP,TUBBS,EE,TBD,NA
-99.0,SFO,PEBBA2,Comp-B2T,5_MB_SP_10D,SP,SF-DODS,MB,NSR,NA
-99.0,SFO,PEBBA2,Comp-B2T,5_MB_SP_10D,SP,SSFB-N,MB,NSR,NA
-99.0,SFO,PEBBA2,Comp-B2T,5_MB_SP_10D,SP,TUBBS,MB,NSR,NA
-99.0,SFO,PEBBA2,Comp-B2T,5_NC_SP,SP,SF-DODS,NC,NSR,Exceeds LPC for disposal at reference.
-99.0,SFO,PEBBA2,Comp-B2T,5_NC_SP,SP,SSFB-N,NC,NSR,Exceeds LPC for disposal at reference.
-99.0,SFO,PEBBA2,Comp-B2T,5_NC_SP,SP,TUBBS,NC,NSR,Exceeds LPC for disposal at reference.
-99.0,SFO,PEBBA3,Comp-B3T,3_AA_SP,SP,SF-DODS,AA,NSR,NA
-99.0,SFO,PEBBA3,Comp-B3T,3_AA_SP,SP,SSFB-N,AA,NSR,NA
-99.0,SFO,PEBBA3,Comp-B3T,3_AA_SP,SP,TUBBS,AA,NSR,NA
-99.0,SFO,PEBBA3,Comp-B3T,4_EE_SP,SP,SF-DODS,EE,TBD,NA
-99.0,SFO,PEBBA3,Comp-B3T,4_EE_SP,SP,SSFB-N,EE,SR,NA
-99.0,SFO,PEBBA3,Comp-B3T,4_EE_SP,SP,TUBBS,EE,TBD,NA
-99.0,SFO,PEBBA3,Comp-B3T,4_MB_SP_10D,SP,SF-DODS,MB,NSR,NA
-99.0,SFO,PEBBA3,Comp-B3T,4_MB_SP_10D,SP,SSFB-N,MB,NSR,NA
-99.0,SFO,PEBBA3,Comp-B3T,4_MB_SP_10D,SP,TUBBS,MB,NSR,NA
-99.0,SFO,PEBBA3,Comp-B3T,5_NC_SP,SP,SF-DODS,NC,NSR,Exceeds LPC for disposal at reference.
-99.0,SFO,PEBBA3,Comp-B3T,5_NC_SP,SP,SSFB-N,NC,NSR,Exceeds LPC for disposal at reference.
-99.0,SFO,PEBBA3,Comp-B3T,5_NC_SP,SP,TUBBS,NC,NSR,Exceeds LPC for disposal at reference.
-99.0,SFO,PEBBA4,Comp-B4T,4_AA_SP,SP,SF-DODS,AA,NSR,NA
-99.0,SFO,PEBBA4,Comp-B4T,4_AA_SP,SP,SSFB-N,AA,NSR,NA
-99.0,SFO,PEBBA4,Comp-B4T,4_AA_SP,SP,TUBBS,AA,NSR,NA
-99.0,SFO,PEBBA4,Comp-B4T,4_MB_SP_10D,SP,SF-DODS,MB,NSR,NA
-99.0,SFO,PEBBA4,Comp-B4T,4_MB_SP_10D,SP,SSFB-N,MB,NSR,NA
-99.0,SFO,PEBBA4,Comp-B4T,4_MB_SP_10D,SP,TUBBS,MB,NSR,NA
-99.0,SFO,PEBBA4,Comp-B4T,5_EE_SP,SP,SF-DODS,EE,TBD,NA
-99.0,SFO,PEBBA4,Comp-B4T,5_EE_SP,SP,SSFB-N,EE,SR,NA
-99.0,SFO,PEBBA4,Comp-B4T,5_EE_SP,SP,TUBBS,EE,TBD,NA
-99.0,SFO,PEBBA4,Comp-B4T,5_NC_SP,SP,SF-DODS,NC,NSR,Exceeds LPC for disposal at reference.
-99.0,SFO,PEBBA4,Comp-B4T,5_NC_SP,SP,SSFB-N,NC,NSR,Exceeds LPC for disposal at reference.
-99.0,SFO,PEBBA4,Comp-B4T,5_NC_SP,SP,TUBBS,NC,NSR,Exceeds LPC for disposal at reference.
-99.0,SFO,PEBBA5,Comp-B5T,3_AA_SP,SP,SF-DODS,AA,NSR,NA
-99.0,SFO,PEBBA5,Comp-B5T,3_AA_SP,SP,SSFB-N,AA,NSR,NA
-99.0,SFO,PEBBA5,Comp-B5T,3_AA_SP,SP,TUBBS,AA,NSR,NA
-99.0,SFO,PEBBA5,Comp-B5T,4_EE_SP,SP,SF-DODS,EE,TBD,NA
-99.0,SFO,PEBBA5,Comp-B5T,4_EE_SP,SP,SSFB-N,EE,SR,NA
-99.0,SFO,PEBBA5,Comp-B5T,4_EE_SP,SP,TUBBS,EE,TBD,NA
-99.0,SFO,PEBBA5,Comp-B5T,4_MB_SP_10D,SP,SF-DODS,MB,NSR,NA
-99.0,SFO,PEBBA5,Comp-B5T,4_MB_SP_10D,SP,SSFB-N,MB,NSR,NA
-99.0,SFO,PEBBA5,Comp-B5T,4_MB_SP_10D,SP,TUBBS,MB,NSR,NA
-99.0,SFO,PEBBA5,Comp-B5T,5_NC_SP,SP,SF-DODS,NC,NSR,Exceeds LPC for disposal at reference.
-99.0,SFO,PEBBA5,Comp-B5T,5_NC_SP,SP,SSFB-N,NC,NSR,Exceeds LPC for disposal at reference.
-99.0,SFO,PEBBA5,Comp-B5T,5_NC_SP,SP,TUBBS,NC,NSR,Exceeds LPC for disposal at reference.
-99.0,SFO,PEBBA6,Comp-B6T,4_EE_SP,SP,SF-DODS,EE,TBD,NA
-99.0,SFO,PEBBA6,Comp-B6T,4_EE_SP,SP,SSFB-N,EE,SR,NA
-99.0,SFO,PEBBA6,Comp-B6T,4_EE_SP,SP,TUBBS,EE,TBD,NA
-99.0,SFO,PEBBA6,Comp-B6T,4_MB_SP_10D,SP,SF-DODS,MB,NSR,NA
-99.0,SFO,PEBBA6,Comp-B6T,4_MB_SP_10D,SP,SSFB-N,MB,NSR,NA
-99.0,SFO,PEBBA6,Comp-B6T,4_MB_SP_10D,SP,TUBBS,MB,NSR,NA
-99.0,SFO,PEBBA6,Comp-B6T,5_AA_SP,SP,SF-DODS,AA,NSR,NA
-99.0,SFO,PEBBA6,Comp-B6T,5_AA_SP,SP,SSFB-N,AA,NSR,NA
-99.0,SFO,PEBBA6,Comp-B6T,5_AA_SP,SP,TUBBS,AA,NSR,NA
-99.0,SFO,PEBBA6,Comp-B6T,5_NC_SP,SP,SF-DODS,NC,NSR,Exceeds LPC for disposal at reference.
-99.0,SFO,PEBBA6,Comp-B6T,5_NC_SP,SP,SSFB-N,NC,NSR,Exceeds LPC for disposal at reference.
-99.0,SFO,PEBBA6,Comp-B6T,5_NC_SP,SP,TUBBS,NC,NSR,Exceeds LPC for disposal at reference.
-99.0,SFO,PPEA1,Comp-1T,3_EE_SP,SP,SF-DODS,EE,TBD,NA
-99.0,SFO,PPEA1,Comp-1T,3_EE_SP,SP,SSFB-N,EE,SR,NA
-99.0,SFO,PPEA1,Comp-1T,3_EE_SP,SP,TUBBS,EE,TBD,NA
-99.0,SFO,PPEA1,Comp-1T,3_MB_SP_10D,SP,SF-DODS,MB,NSR,NA
-99.0,SFO,PPEA1,Comp-1T,3_MB_SP_10D,SP,SSFB-N,MB,NSR,NA
-99.0,SFO,PPEA1,Comp-1T,3_MB_SP_10D,SP,TUBBS,MB,NSR,NA
-99.0,SFO,PPEA1,Comp-1T,4_AA_SP,SP,SF-DODS,AA,NSR,NA
-99.0,SFO,PPEA1,Comp-1T,4_AA_SP,SP,SSFB-N,AA,NSR,NA
-99.0,SFO,PPEA1,Comp-1T,4_AA_SP,SP,TUBBS,AA,NSR,NA
-99.0,SFO,PPEA1,Comp-1T,5_NC_SP,SP,SF-DODS,NC,NSR,Exceeds LPC for disposal at reference.
-99.0,SFO,PPEA1,Comp-1T,5_NC_SP,SP,SSFB-N,NC,NSR,Exceeds LPC for disposal at reference.
-99.0,SFO,PPEA1,Comp-1T,5_NC_SP,SP,TUBBS,NC,NSR,Exceeds LPC for disposal at reference.
-99.0,SFO,PPEA1,Comp-1V,3_AA_SP,SP,SF-DODS,AA,NSR,NA
-99.0,SFO,PPEA1,Comp-1V,3_AA_SP,SP,SSFB-N,AA,NSR,NA
-99.0,SFO,PPEA1,Comp-1V,3_AA_SP,SP,TUBBS,AA,NSR,NA
-99.0,SFO,PPEA1,Comp-1V,3_EE_SP,SP,SF-DODS,EE,TBD,NA
-99.0,SFO,PPEA1,Comp-1V,3_EE_SP,SP,SSFB-N,EE,SR,NA
-99.0,SFO,PPEA1,Comp-1V,3_EE_SP,SP,TUBBS,EE,TBD,NA
-99.0,SFO,PPEA1,Comp-1V,3_MB_SP_10D,SP,SF-DODS,MB,NSR,NA
-99.0,SFO,PPEA1,Comp-1V,3_MB_SP_10D,SP,SSFB-N,MB,NSR,NA
-99.0,SFO,PPEA1,Comp-1V,3_MB_SP_10D,SP,TUBBS,MB,NSR,NA
-99.0,SFO,PPEA1,Comp-1V,5_NC_SP,SP,SF-DODS,NC,NSR,Exceeds LPC for disposal at reference.
-99.0,SFO,PPEA1,Comp-1V,5_NC_SP,SP,SSFB-N,NC,NSR,Exceeds LPC for disposal at reference.
-99.0,SFO,PPEA1,Comp-1V,5_NC_SP,SP,TUBBS,NC,NSR,Exceeds LPC for disposal at reference.
-99.0,SFO,PPEA10,Comp-10B,1_AA_SP,SP,SF-DODS,AA,NSR,NA
-99.0,SFO,PPEA10,Comp-10B,1_AA_SP,SP,SSFB-N,AA,NSR,NA
-99.0,SFO,PPEA10,Comp-10B,1_AA_SP,SP,TUBBS,AA,NSR,NA
-99.0,SFO,PPEA10,Comp-10B,1_EE_SP,SP,SF-DODS,EE,TBD,NA
-99.0,SFO,PPEA10,Comp-10B,1_EE_SP,SP,SSFB-N,EE,SR,NA
-99.0,SFO,PPEA10,Comp-10B,1_EE_SP,SP,TUBBS,EE,TBD,NA
-99.0,SFO,PPEA10,Comp-10B,1_EE_SP_R,SP,SF-DODS,EE,TBD,NA
-99.0,SFO,PPEA10,Comp-10B,1_EE_SP_R,SP,SSFB-N,EE,SR,NA
-99.0,SFO,PPEA10,Comp-10B,1_EE_SP_R,SP,TUBBS,EE,TBD,NA
-99.0,SFO,PPEA10,Comp-10B,1_MB_SP_10D,SP,SF-DODS,MB,NSR,NA
-99.0,SFO,PPEA10,Comp-10B,1_MB_SP_10D,SP,SSFB-N,MB,NSR,NA
-99.0,SFO,PPEA10,Comp-10B,1_MB_SP_10D,SP,TUBBS,MB,NSR,NA
-99.0,SFO,PPEA10,Comp-10B,1_NC_SP,SP,SF-DODS,NC,NSR,Exceeds LPC for disposal at reference.
-99.0,SFO,PPEA10,Comp-10B,1_NC_SP,SP,SSFB-N,NC,NSR,Exceeds LPC for disposal at reference.
-99.0,SFO,PPEA10,Comp-10B,1_NC_SP,SP,TUBBS,NC,NSR,Exceeds LPC for disposal at reference.
-99.0,SFO,PPEA10,Comp-10T,1_AA_SP,SP,SF-DODS,AA,NSR,NA
-99.0,SFO,PPEA10,Comp-10T,1_AA_SP,SP,SSFB-N,AA,NSR,NA
-99.0,SFO,PPEA10,Comp-10T,1_AA_SP,SP,TUBBS,AA,NSR,NA
-99.0,SFO,PPEA10,Comp-10T,1_EE_SP,SP,SF-DODS,EE,TBD,NA
-99.0,SFO,PPEA10,Comp-10T,1_EE_SP,SP,SSFB-N,EE,SR,NA
-99.0,SFO,PPEA10,Comp-10T,1_EE_SP,SP,TUBBS,EE,TBD,NA
-99.0,SFO,PPEA10,Comp-10T,1_EE_SP_R,SP,SF-DODS,EE,TBD,NA
-99.0,SFO,PPEA10,Comp-10T,1_EE_SP_R,SP,SSFB-N,EE,SR,NA
-99.0,SFO,PPEA10,Comp-10T,1_EE_SP_R,SP,TUBBS,EE,TBD,NA
-99.0,SFO,PPEA10,Comp-10T,1_MB_SP_10D,SP,SF-DODS,MB,NSR,NA
-99.0,SFO,PPEA10,Comp-10T,1_MB_SP_10D,SP,SSFB-N,MB,NSR,NA
-99.0,SFO,PPEA10,Comp-10T,1_MB_SP_10D,SP,TUBBS,MB,NSR,NA
-99.0,SFO,PPEA10,Comp-10T,1_NC_SP,SP,SF-DODS,NC,NSR,Exceeds LPC for disposal at reference.
-99.0,SFO,PPEA10,Comp-10T,1_NC_SP,SP,SSFB-N,NC,NSR,Exceeds LPC for disposal at reference.
-99.0,SFO,PPEA10,Comp-10T,1_NC_SP,SP,TUBBS,NC,NSR,Exceeds LPC for disposal at reference.
-99.0,SFO,PPEA11,Comp-11T,2_AA_SP,SP,SF-DODS,AA,NSR,NA
-99.0,SFO,PPEA11,Comp-11T,2_AA_SP,SP,SSFB-N,AA,NSR,NA
-99.0,SFO,PPEA11,Comp-11T,2_AA_SP,SP,TUBBS,AA,NSR,NA
-99.0,SFO,PPEA11,Comp-11T,2_EE_SP,SP,SF-DODS,EE,TBD,NA
-99.0,SFO,PPEA11,Comp-11T,2_EE_SP,SP,SSFB-N,EE,SR,NA
-99.0,SFO,PPEA11,Comp-11T,2_EE_SP,SP,TUBBS,EE,TBD,NA
-99.0,SFO,PPEA11,Comp-11T,2_MB_SP_10D,SP,SF-DODS,MB,NSR,NA
-99.0,SFO,PPEA11,Comp-11T,2_MB_SP_10D,SP,SSFB-N,MB,NSR,NA
-99.0,SFO,PPEA11,Comp-11T,2_MB_SP_10D,SP,TUBBS,MB,NSR,NA
-99.0,SFO,PPEA11,Comp-11T,4_NC_SP,SP,SF-DODS,NC,NSR,Exceeds LPC for disposal at reference.
-99.0,SFO,PPEA11,Comp-11T,4_NC_SP,SP,SSFB-N,NC,NSR,Exceeds LPC for disposal at reference.
-99.0,SFO,PPEA11,Comp-11T,4_NC_SP,SP,TUBBS,NC,NSR,Exceeds LPC for disposal at reference.
-99.0,SFO,PPEA11,Comp-11V,2_AA_SP,SP,SF-DODS,AA,NSR,NA
-99.0,SFO,PPEA11,Comp-11V,2_AA_SP,SP,SSFB-N,AA,NSR,NA
-99.0,SFO,PPEA11,Comp-11V,2_AA_SP,SP,TUBBS,AA,NSR,NA
-99.0,SFO,PPEA11,Comp-11V,2_EE_SP,SP,SF-DODS,EE,TBD,NA
-99.0,SFO,PPEA11,Comp-11V,2_EE_SP,SP,SSFB-N,EE,SR,NA
-99.0,SFO,PPEA11,Comp-11V,2_EE_SP,SP,TUBBS,EE,TBD,NA
-99.0,SFO,PPEA11,Comp-11V,2_MB_SP_10D,SP,SF-DODS,MB,NSR,NA
-99.0,SFO,PPEA11,Comp-11V,2_MB_SP_10D,SP,SSFB-N,MB,NSR,NA
-99.0,SFO,PPEA11,Comp-11V,2_MB_SP_10D,SP,TUBBS,MB,NSR,NA
-99.0,SFO,PPEA11,Comp-11V,4_NC_SP,SP,SF-DODS,NC,NSR,Exceeds LPC for disposal at reference.
-99.0,SFO,PPEA11,Comp-11V,4_NC_SP,SP,SSFB-N,NC,NSR,Exceeds LPC for disposal at reference.
-99.0,SFO,PPEA11,Comp-11V,4_NC_SP,SP,TUBBS,NC,NSR,Exceeds LPC for disposal at reference.
-99.0,SFO,PPEA12,Comp-12B,2_AA_SP,SP,SF-DODS,AA,NSR,NA
-99.0,SFO,PPEA12,Comp-12B,2_AA_SP,SP,SSFB-N,AA,NSR,NA
-99.0,SFO,PPEA12,Comp-12B,2_AA_SP,SP,TUBBS,AA,NSR,NA
-99.0,SFO,PPEA12,Comp-12B,2_EE_SP,SP,SF-DODS,EE,TBD,NA
-99.0,SFO,PPEA12,Comp-12B,2_EE_SP,SP,SSFB-N,EE,SR,NA
-99.0,SFO,PPEA12,Comp-12B,2_EE_SP,SP,TUBBS,EE,TBD,NA
-99.0,SFO,PPEA12,Comp-12B,2_MB_SP_10D,SP,SF-DODS,MB,NSR,NA
-99.0,SFO,PPEA12,Comp-12B,2_MB_SP_10D,SP,SSFB-N,MB,NSR,NA
-99.0,SFO,PPEA12,Comp-12B,2_MB_SP_10D,SP,TUBBS,MB,NSR,NA
-99.0,SFO,PPEA12,Comp-12B,4_NC_SP,SP,SF-DODS,NC,NSR,Exceeds LPC for disposal at reference.
-99.0,SFO,PPEA12,Comp-12B,4_NC_SP,SP,SSFB-N,NC,NSR,Exceeds LPC for disposal at reference.
-99.0,SFO,PPEA12,Comp-12B,4_NC_SP,SP,TUBBS,NC,NSR,Exceeds LPC for disposal at reference.
-99.0,SFO,PPEA12,Comp-12T,2_AA_SP,SP,SF-DODS,AA,NSR,NA
-99.0,SFO,PPEA12,Comp-12T,2_AA_SP,SP,SSFB-N,AA,NSR,NA
-99.0,SFO,PPEA12,Comp-12T,2_AA_SP,SP,TUBBS,AA,NSR,NA
-99.0,SFO,PPEA12,Comp-12T,2_EE_SP,SP,SF-DODS,EE,TBD,NA
-99.0,SFO,PPEA12,Comp-12T,2_EE_SP,SP,SSFB-N,EE,SR,NA
-99.0,SFO,PPEA12,Comp-12T,2_EE_SP,SP,TUBBS,EE,TBD,NA
-99.0,SFO,PPEA12,Comp-12T,2_MB_SP_10D,SP,SF-DODS,MB,NSR,NA
-99.0,SFO,PPEA12,Comp-12T,2_MB_SP_10D,SP,SSFB-N,MB,NSR,NA
-99.0,SFO,PPEA12,Comp-12T,2_MB_SP_10D,SP,TUBBS,MB,NSR,NA
-99.0,SFO,PPEA12,Comp-12T,4_NC_SP,SP,SF-DODS,NC,NSR,Exceeds LPC for disposal at reference.
-99.0,SFO,PPEA12,Comp-12T,4_NC_SP,SP,SSFB-N,NC,NSR,Exceeds LPC for disposal at reference.
-99.0,SFO,PPEA12,Comp-12T,4_NC_SP,SP,TUBBS,NC,NSR,Exceeds LPC for disposal at reference.
-99.0,SFO,PPEA13,Comp-13T,2_AA_SP,SP,SF-DODS,AA,NSR,NA
-99.0,SFO,PPEA13,Comp-13T,2_AA_SP,SP,SSFB-N,AA,NSR,NA
-99.0,SFO,PPEA13,Comp-13T,2_AA_SP,SP,TUBBS,AA,NSR,NA
-99.0,SFO,PPEA13,Comp-13T,3_EE_SP,SP,SF-DODS,EE,TBD,NA
-99.0,SFO,PPEA13,Comp-13T,3_EE_SP,SP,SSFB-N,EE,SR,NA
-99.0,SFO,PPEA13,Comp-13T,3_EE_SP,SP,TUBBS,EE,TBD,NA
-99.0,SFO,PPEA13,Comp-13T,3_MB_SP_10D,SP,SF-DODS,MB,NSR,NA
-99.0,SFO,PPEA13,Comp-13T,3_MB_SP_10D,SP,SSFB-N,MB,NSR,NA
-99.0,SFO,PPEA13,Comp-13T,3_MB_SP_10D,SP,TUBBS,MB,NSR,NA
-99.0,SFO,PPEA13,Comp-13T,5_NC_SP,SP,SF-DODS,NC,NSR,Exceeds LPC for disposal at reference.
-99.0,SFO,PPEA13,Comp-13T,5_NC_SP,SP,SSFB-N,NC,NSR,Exceeds LPC for disposal at reference.
-99.0,SFO,PPEA13,Comp-13T,5_NC_SP,SP,TUBBS,NC,NSR,Exceeds LPC for disposal at reference.
-99.0,SFO,PPEA13,Comp-13V,3_AA_SP,SP,SF-DODS,AA,NSR,NA
-99.0,SFO,PPEA13,Comp-13V,3_AA_SP,SP,SSFB-N,AA,NSR,NA
-99.0,SFO,PPEA13,Comp-13V,3_AA_SP,SP,TUBBS,AA,NSR,NA
-99.0,SFO,PPEA13,Comp-13V,3_EE_SP,SP,SF-DODS,EE,TBD,NA
-99.0,SFO,PPEA13,Comp-13V,3_EE_SP,SP,SSFB-N,EE,SR,NA
-99.0,SFO,PPEA13,Comp-13V,3_EE_SP,SP,TUBBS,EE,TBD,NA
-99.0,SFO,PPEA13,Comp-13V,3_MB_SP_10D,SP,SF-DODS,MB,NSR,NA
-99.0,SFO,PPEA13,Comp-13V,3_MB_SP_10D,SP,SSFB-N,MB,NSR,NA
-99.0,SFO,PPEA13,Comp-13V,3_MB_SP_10D,SP,TUBBS,MB,NSR,NA
-99.0,SFO,PPEA13,Comp-13V,5_NC_SP,SP,SF-DODS,NC,NSR,Exceeds LPC for disposal at reference.
-99.0,SFO,PPEA13,Comp-13V,5_NC_SP,SP,SSFB-N,NC,NSR,Exceeds LPC for disposal at reference.
-99.0,SFO,PPEA13,Comp-13V,5_NC_SP,SP,TUBBS,NC,NSR,Exceeds LPC for disposal at reference.
-99.0,SFO,PPEA14,Comp-14T,2_EE_SP,SP,SF-DODS,EE,TBD,NA
-99.0,SFO,PPEA14,Comp-14T,2_EE_SP,SP,SSFB-N,EE,SR,NA
-99.0,SFO,PPEA14,Comp-14T,2_EE_SP,SP,TUBBS,EE,TBD,NA
-99.0,SFO,PPEA14,Comp-14T,2_MB_SP_10D,SP,SF-DODS,MB,NSR,NA
-99.0,SFO,PPEA14,Comp-14T,2_MB_SP_10D,SP,SSFB-N,MB,NSR,NA
-99.0,SFO,PPEA14,Comp-14T,2_MB_SP_10D,SP,TUBBS,MB,NSR,NA
-99.0,SFO,PPEA14,Comp-14T,3_AA_SP,SP,SF-DODS,AA,NSR,NA
-99.0,SFO,PPEA14,Comp-14T,3_AA_SP,SP,SSFB-N,AA,NSR,NA
-99.0,SFO,PPEA14,Comp-14T,3_AA_SP,SP,TUBBS,AA,NSR,NA
-99.0,SFO,PPEA14,Comp-14T,4_NC_SP,SP,SF-DODS,NC,NSR,Exceeds LPC for disposal at reference.
-99.0,SFO,PPEA14,Comp-14T,4_NC_SP,SP,SSFB-N,NC,NSR,Exceeds LPC for disposal at reference.
-99.0,SFO,PPEA14,Comp-14T,4_NC_SP,SP,TUBBS,NC,NSR,Exceeds LPC for disposal at reference.
-99.0,SFO,PPEA15,Comp-15B,4_EE_SP,SP,SF-DODS,EE,TBD,NA
-99.0,SFO,PPEA15,Comp-15B,4_EE_SP,SP,SSFB-N,EE,SR,NA
-99.0,SFO,PPEA15,Comp-15B,4_EE_SP,SP,TUBBS,EE,TBD,NA
-99.0,SFO,PPEA15,Comp-15B,4_MB_SP_10D,SP,SF-DODS,MB,NSR,NA
-99.0,SFO,PPEA15,Comp-15B,4_MB_SP_10D,SP,SSFB-N,MB,NSR,NA
-99.0,SFO,PPEA15,Comp-15B,4_MB_SP_10D,SP,TUBBS,MB,NSR,NA
-99.0,SFO,PPEA15,Comp-15B,5_AA_SP,SP,SF-DODS,AA,NSR,NA
-99.0,SFO,PPEA15,Comp-15B,5_AA_SP,SP,SSFB-N,AA,NSR,NA
-99.0,SFO,PPEA15,Comp-15B,5_AA_SP,SP,TUBBS,AA,NSR,NA
-99.0,SFO,PPEA15,Comp-15B,5_NC_SP,SP,SF-DODS,NC,NSR,Exceeds LPC for disposal at reference.
-99.0,SFO,PPEA15,Comp-15B,5_NC_SP,SP,SSFB-N,NC,NSR,Exceeds LPC for disposal at reference.
-99.0,SFO,PPEA15,Comp-15B,5_NC_SP,SP,TUBBS,NC,SR,Exceeds LPC for disposal at reference.
-99.0,SFO,PPEA15,Comp-15T,3_AA_SP,SP,SF-DODS,AA,NSR,NA
-99.0,SFO,PPEA15,Comp-15T,3_AA_SP,SP,SSFB-N,AA,NSR,NA
-99.0,SFO,PPEA15,Comp-15T,3_AA_SP,SP,TUBBS,AA,NSR,NA
-99.0,SFO,PPEA15,Comp-15T,4_EE_SP,SP,SF-DODS,EE,TBD,NA
-99.0,SFO,PPEA15,Comp-15T,4_EE_SP,SP,SSFB-N,EE,SR,NA
-99.0,SFO,PPEA15,Comp-15T,4_EE_SP,SP,TUBBS,EE,TBD,NA
-99.0,SFO,PPEA15,Comp-15T,4_MB_SP_10D,SP,SF-DODS,MB,NSR,NA
-99.0,SFO,PPEA15,Comp-15T,4_MB_SP_10D,SP,SSFB-N,MB,NSR,NA
-99.0,SFO,PPEA15,Comp-15T,4_MB_SP_10D,SP,TUBBS,MB,NSR,NA
-99.0,SFO,PPEA15,Comp-15T,5_NC_SP,SP,SF-DODS,NC,NSR,Exceeds LPC for disposal at reference.
-99.0,SFO,PPEA15,Comp-15T,5_NC_SP,SP,SSFB-N,NC,NSR,Exceeds LPC for disposal at reference.
-99.0,SFO,PPEA15,Comp-15T,5_NC_SP,SP,TUBBS,NC,NSR,Exceeds LPC for disposal at reference.
-99.0,SFO,PPEA15,Comp-15V,3_AA_SP,SP,SF-DODS,AA,NSR,NA
-99.0,SFO,PPEA15,Comp-15V,3_AA_SP,SP,SSFB-N,AA,NSR,NA
-99.0,SFO,PPEA15,Comp-15V,3_AA_SP,SP,TUBBS,AA,NSR,NA
-99.0,SFO,PPEA15,Comp-15V,4_EE_SP,SP,SF-DODS,EE,TBD,NA
-99.0,SFO,PPEA15,Comp-15V,4_EE_SP,SP,SSFB-N,EE,SR,NA
-99.0,SFO,PPEA15,Comp-15V,4_EE_SP,SP,TUBBS,EE,TBD,NA
-99.0,SFO,PPEA15,Comp-15V,4_MB_SP_10D,SP,SF-DODS,MB,NSR,NA
-99.0,SFO,PPEA15,Comp-15V,4_MB_SP_10D,SP,SSFB-N,MB,NSR,NA
-99.0,SFO,PPEA15,Comp-15V,4_MB_SP_10D,SP,TUBBS,MB,NSR,NA
-99.0,SFO,PPEA15,Comp-15V,6_NC_SP,SP,SF-DODS,NC,NSR,Exceeds LPC for disposal at reference.
-99.0,SFO,PPEA15,Comp-15V,6_NC_SP,SP,SSFB-N,NC,NSR,Exceeds LPC for disposal at reference.
-99.0,SFO,PPEA15,Comp-15V,6_NC_SP,SP,TUBBS,NC,NSR,Exceeds LPC for disposal at reference.
-99.0,SFO,PPEA16,Comp-16T,3_AA_SP,SP,SF-DODS,AA,NSR,NA
-99.0,SFO,PPEA16,Comp-16T,3_AA_SP,SP,SSFB-N,AA,NSR,NA
-99.0,SFO,PPEA16,Comp-16T,3_AA_SP,SP,TUBBS,AA,NSR,NA
-99.0,SFO,PPEA16,Comp-16T,3_EE_SP,SP,SF-DODS,EE,TBD,NA
-99.0,SFO,PPEA16,Comp-16T,3_EE_SP,SP,SSFB-N,EE,SR,NA
-99.0,SFO,PPEA16,Comp-16T,3_EE_SP,SP,TUBBS,EE,TBD,NA
-99.0,SFO,PPEA16,Comp-16T,3_MB_SP_10D,SP,SF-DODS,MB,NSR,NA
-99.0,SFO,PPEA16,Comp-16T,3_MB_SP_10D,SP,SSFB-N,MB,NSR,NA
-99.0,SFO,PPEA16,Comp-16T,3_MB_SP_10D,SP,TUBBS,MB,NSR,NA
-99.0,SFO,PPEA16,Comp-16T,5_NC_SP,SP,SF-DODS,NC,NSR,Exceeds LPC for disposal at reference.
-99.0,SFO,PPEA16,Comp-16T,5_NC_SP,SP,SSFB-N,NC,NSR,Exceeds LPC for disposal at reference.
-99.0,SFO,PPEA16,Comp-16T,5_NC_SP,SP,TUBBS,NC,NSR,Exceeds LPC for disposal at reference.
-99.0,SFO,PPEA17,Comp-17T,3_AA_SP,SP,SF-DODS,AA,NSR,NA
-99.0,SFO,PPEA17,Comp-17T,3_AA_SP,SP,SSFB-N,AA,NSR,NA
-99.0,SFO,PPEA17,Comp-17T,3_AA_SP,SP,TUBBS,AA,NSR,NA
-99.0,SFO,PPEA17,Comp-17T,4_EE_SP,SP,SF-DODS,EE,TBD,NA
-99.0,SFO,PPEA17,Comp-17T,4_EE_SP,SP,SSFB-N,EE,SR,NA
-99.0,SFO,PPEA17,Comp-17T,4_EE_SP,SP,TUBBS,EE,TBD,NA
-99.0,SFO,PPEA17,Comp-17T,4_MB_SP_10D,SP,SF-DODS,MB,NSR,NA
-99.0,SFO,PPEA17,Comp-17T,4_MB_SP_10D,SP,SSFB-N,MB,NSR,NA
-99.0,SFO,PPEA17,Comp-17T,4_MB_SP_10D,SP,TUBBS,MB,NSR,NA
-99.0,SFO,PPEA17,Comp-17T,5_NC_SP,SP,SF-DODS,NC,NSR,Exceeds LPC for disposal at reference.
-99.0,SFO,PPEA17,Comp-17T,5_NC_SP,SP,SSFB-N,NC,NSR,Exceeds LPC for disposal at reference.
-99.0,SFO,PPEA17,Comp-17T,5_NC_SP,SP,TUBBS,NC,NSR,Exceeds LPC for disposal at reference.
-99.0,SFO,PPEA18,Comp-18T,3_AA_SP,SP,SF-DODS,AA,NSR,NA
-99.0,SFO,PPEA18,Comp-18T,3_AA_SP,SP,SSFB-N,AA,NSR,NA
-99.0,SFO,PPEA18,Comp-18T,3_AA_SP,SP,TUBBS,AA,NSR,NA
-99.0,SFO,PPEA18,Comp-18T,4_EE_SP,SP,SF-DODS,EE,TBD,NA
-99.0,SFO,PPEA18,Comp-18T,4_EE_SP,SP,SSFB-N,EE,SR,NA
-99.0,SFO,PPEA18,Comp-18T,4_EE_SP,SP,TUBBS,EE,TBD,NA
-99.0,SFO,PPEA18,Comp-18T,4_MB_SP_10D,SP,SF-DODS,MB,NSR,NA
-99.0,SFO,PPEA18,Comp-18T,4_MB_SP_10D,SP,SSFB-N,MB,NSR,NA
-99.0,SFO,PPEA18,Comp-18T,4_MB_SP_10D,SP,TUBBS,MB,NSR,NA
-99.0,SFO,PPEA18,Comp-18T,5_NC_SP,SP,SF-DODS,NC,NSR,Exceeds LPC for disposal at reference.
-99.0,SFO,PPEA18,Comp-18T,5_NC_SP,SP,SSFB-N,NC,NSR,Exceeds LPC for disposal at reference.
-99.0,SFO,PPEA18,Comp-18T,5_NC_SP,SP,TUBBS,NC,NSR,Exceeds LPC for disposal at reference.
-99.0,SFO,PPEA19,Comp-19B,3_EE_SP,SP,SF-DODS,EE,TBD,NA
-99.0,SFO,PPEA19,Comp-19B,3_EE_SP,SP,SSFB-N,EE,SR,NA
-99.0,SFO,PPEA19,Comp-19B,3_EE_SP,SP,TUBBS,EE,TBD,NA
-99.0,SFO,PPEA19,Comp-19B,3_MB_SP_10D,SP,SF-DODS,MB,NSR,NA
-99.0,SFO,PPEA19,Comp-19B,3_MB_SP_10D,SP,SSFB-N,MB,NSR,NA
-99.0,SFO,PPEA19,Comp-19B,3_MB_SP_10D,SP,TUBBS,MB,NSR,NA
-99.0,SFO,PPEA19,Comp-19B,4_AA_SP,SP,SF-DODS,AA,NSR,NA
-99.0,SFO,PPEA19,Comp-19B,4_AA_SP,SP,SSFB-N,AA,NSR,NA
-99.0,SFO,PPEA19,Comp-19B,4_AA_SP,SP,TUBBS,AA,NSR,NA
-99.0,SFO,PPEA19,Comp-19B,4_NC_SP,SP,SF-DODS,NC,NSR,Exceeds LPC for disposal at reference.
-99.0,SFO,PPEA19,Comp-19B,4_NC_SP,SP,SSFB-N,NC,NSR,Exceeds LPC for disposal at reference.
-99.0,SFO,PPEA19,Comp-19B,4_NC_SP,SP,TUBBS,NC,NSR,Exceeds LPC for disposal at reference.
-99.0,SFO,PPEA19,Comp-19T,2_AA_SP,SP,SF-DODS,AA,NSR,NA
-99.0,SFO,PPEA19,Comp-19T,2_AA_SP,SP,SSFB-N,AA,NSR,NA
-99.0,SFO,PPEA19,Comp-19T,2_AA_SP,SP,TUBBS,AA,NSR,NA
-99.0,SFO,PPEA19,Comp-19T,3_EE_SP,SP,SF-DODS,EE,TBD,NA
-99.0,SFO,PPEA19,Comp-19T,3_EE_SP,SP,SSFB-N,EE,SR,NA
-99.0,SFO,PPEA19,Comp-19T,3_EE_SP,SP,TUBBS,EE,TBD,NA
-99.0,SFO,PPEA19,Comp-19T,3_MB_SP_10D,SP,SF-DODS,MB,NSR,NA
-99.0,SFO,PPEA19,Comp-19T,3_MB_SP_10D,SP,SSFB-N,MB,NSR,NA
-99.0,SFO,PPEA19,Comp-19T,3_MB_SP_10D,SP,TUBBS,MB,NSR,NA
-99.0,SFO,PPEA19,Comp-19T,4_NC_SP,SP,SF-DODS,NC,NSR,Exceeds LPC for disposal at reference.
-99.0,SFO,PPEA19,Comp-19T,4_NC_SP,SP,SSFB-N,NC,NSR,Exceeds LPC for disposal at reference.
-99.0,SFO,PPEA19,Comp-19T,4_NC_SP,SP,TUBBS,NC,NSR,Exceeds LPC for disposal at reference.
-99.0,SFO,PPEA19,Comp-19V,2_AA_SP,SP,SF-DODS,AA,NSR,NA
-99.0,SFO,PPEA19,Comp-19V,2_AA_SP,SP,SSFB-N,AA,NSR,NA
-99.0,SFO,PPEA19,Comp-19V,2_AA_SP,SP,TUBBS,AA,NSR,NA
-99.0,SFO,PPEA19,Comp-19V,3_EE_SP,SP,SF-DODS,EE,TBD,NA
-99.0,SFO,PPEA19,Comp-19V,3_EE_SP,SP,SSFB-N,EE,SR,NA
-99.0,SFO,PPEA19,Comp-19V,3_EE_SP,SP,TUBBS,EE,TBD,NA
-99.0,SFO,PPEA19,Comp-19V,3_MB_SP_10D,SP,SF-DODS,MB,NSR,NA
-99.0,SFO,PPEA19,Comp-19V,3_MB_SP_10D,SP,SSFB-N,MB,NSR,NA
-99.0,SFO,PPEA19,Comp-19V,3_MB_SP_10D,SP,TUBBS,MB,NSR,NA
-99.0,SFO,PPEA19,Comp-19V,4_NC_SP,SP,SF-DODS,NC,NSR,Exceeds LPC for disposal at reference.
-99.0,SFO,PPEA19,Comp-19V,4_NC_SP,SP,SSFB-N,NC,NSR,Exceeds LPC for disposal at reference.
-99.0,SFO,PPEA19,Comp-19V,4_NC_SP,SP,TUBBS,NC,NSR,Exceeds LPC for disposal at reference.
-99.0,SFO,PPEA2,Comp-2T,1_AA_SP,SP,SF-DODS,AA,NSR,NA
-99.0,SFO,PPEA2,Comp-2T,1_AA_SP,SP,SSFB-N,AA,NSR,NA
-99.0,SFO,PPEA2,Comp-2T,1_AA_SP,SP,TUBBS,AA,NSR,NA
-99.0,SFO,PPEA2,Comp-2T,1_EE_SP,SP,SF-DODS,EE,TBD,NA
-99.0,SFO,PPEA2,Comp-2T,1_EE_SP,SP,SSFB-N,EE,SR,NA
-99.0,SFO,PPEA2,Comp-2T,1_EE_SP,SP,TUBBS,EE,TBD,NA
-99.0,SFO,PPEA2,Comp-2T,1_EE_SP_R,SP,SF-DODS,EE,TBD,NA
-99.0,SFO,PPEA2,Comp-2T,1_EE_SP_R,SP,SSFB-N,EE,SR,NA
-99.0,SFO,PPEA2,Comp-2T,1_EE_SP_R,SP,TUBBS,EE,TBD,NA
-99.0,SFO,PPEA2,Comp-2T,1_MB_SP_10D,SP,SF-DODS,MB,NSR,NA
-99.0,SFO,PPEA2,Comp-2T,1_MB_SP_10D,SP,SSFB-N,MB,NSR,NA
-99.0,SFO,PPEA2,Comp-2T,1_MB_SP_10D,SP,TUBBS,MB,NSR,NA
-99.0,SFO,PPEA2,Comp-2T,1_NC_SP,SP,SF-DODS,NC,NSR,Exceeds LPC for disposal at reference.
-99.0,SFO,PPEA2,Comp-2T,1_NC_SP,SP,SSFB-N,NC,NSR,Exceeds LPC for disposal at reference.
-99.0,SFO,PPEA2,Comp-2T,1_NC_SP,SP,TUBBS,NC,NSR,Exceeds LPC for disposal at reference.
-99.0,SFO,PPEA2,Comp-2V,1_AA_SP,SP,SF-DODS,AA,NSR,NA
-99.0,SFO,PPEA2,Comp-2V,1_AA_SP,SP,SSFB-N,AA,NSR,NA
-99.0,SFO,PPEA2,Comp-2V,1_AA_SP,SP,TUBBS,AA,NSR,NA
-99.0,SFO,PPEA2,Comp-2V,1_EE_SP,SP,SF-DODS,EE,TBD,NA
-99.0,SFO,PPEA2,Comp-2V,1_EE_SP,SP,SSFB-N,EE,SR,NA
-99.0,SFO,PPEA2,Comp-2V,1_EE_SP,SP,TUBBS,EE,TBD,NA
-99.0,SFO,PPEA2,Comp-2V,1_EE_SP_R,SP,SF-DODS,EE,TBD,NA
-99.0,SFO,PPEA2,Comp-2V,1_EE_SP_R,SP,SSFB-N,EE,SR,NA
-99.0,SFO,PPEA2,Comp-2V,1_EE_SP_R,SP,TUBBS,EE,TBD,NA
-99.0,SFO,PPEA2,Comp-2V,1_MB_SP_10D,SP,SF-DODS,MB,NSR,NA
-99.0,SFO,PPEA2,Comp-2V,1_MB_SP_10D,SP,SSFB-N,MB,NSR,NA
-99.0,SFO,PPEA2,Comp-2V,1_MB_SP_10D,SP,TUBBS,MB,NSR,NA
-99.0,SFO,PPEA2,Comp-2V,4_NC_SP,SP,SF-DODS,NC,NSR,Exceeds LPC for disposal at reference.
-99.0,SFO,PPEA2,Comp-2V,4_NC_SP,SP,SSFB-N,NC,NSR,Exceeds LPC for disposal at reference.
-99.0,SFO,PPEA2,Comp-2V,4_NC_SP,SP,TUBBS,NC,NSR,Exceeds LPC for disposal at reference.
-99.0,SFO,PPEA20,Comp-20T,3_AA_SP,SP,SF-DODS,AA,NSR,NA
-99.0,SFO,PPEA20,Comp-20T,3_AA_SP,SP,SSFB-N,AA,NSR,NA
-99.0,SFO,PPEA20,Comp-20T,3_AA_SP,SP,TUBBS,AA,NSR,NA
-99.0,SFO,PPEA20,Comp-20T,4_EE_SP,SP,SF-DODS,EE,TBD,NA
-99.0,SFO,PPEA20,Comp-20T,4_EE_SP,SP,SSFB-N,EE,SR,NA
-99.0,SFO,PPEA20,Comp-20T,4_EE_SP,SP,TUBBS,EE,TBD,NA
-99.0,SFO,PPEA20,Comp-20T,4_MB_SP_10D,SP,SF-DODS,MB,NSR,NA
-99.0,SFO,PPEA20,Comp-20T,4_MB_SP_10D,SP,SSFB-N,MB,NSR,NA
-99.0,SFO,PPEA20,Comp-20T,4_MB_SP_10D,SP,TUBBS,MB,NSR,NA
-99.0,SFO,PPEA20,Comp-20T,5_NC_SP,SP,SF-DODS,NC,NSR,Exceeds LPC for disposal at reference.
-99.0,SFO,PPEA20,Comp-20T,5_NC_SP,SP,SSFB-N,NC,NSR,Exceeds LPC for disposal at reference.
-99.0,SFO,PPEA20,Comp-20T,5_NC_SP,SP,TUBBS,NC,NSR,Exceeds LPC for disposal at reference.
-99.0,SFO,PPEA20,Comp-20V,4_EE_SP,SP,SF-DODS,EE,TBD,NA
-99.0,SFO,PPEA20,Comp-20V,4_EE_SP,SP,SSFB-N,EE,SR,NA
-99.0,SFO,PPEA20,Comp-20V,4_EE_SP,SP,TUBBS,EE,TBD,NA
-99.0,SFO,PPEA20,Comp-20V,4_MB_SP_10D,SP,SF-DODS,MB,NSR,NA
-99.0,SFO,PPEA20,Comp-20V,4_MB_SP_10D,SP,SSFB-N,MB,NSR,NA
-99.0,SFO,PPEA20,Comp-20V,4_MB_SP_10D,SP,TUBBS,MB,NSR,NA
-99.0,SFO,PPEA20,Comp-20V,5_AA_SP,SP,SF-DODS,AA,NSR,NA
-99.0,SFO,PPEA20,Comp-20V,5_AA_SP,SP,SSFB-N,AA,NSR,NA
-99.0,SFO,PPEA20,Comp-20V,5_AA_SP,SP,TUBBS,AA,NSR,NA
-99.0,SFO,PPEA20,Comp-20V,5_NC_SP,SP,SF-DODS,NC,NSR,Exceeds LPC for disposal at reference.
-99.0,SFO,PPEA20,Comp-20V,5_NC_SP,SP,SSFB-N,NC,NSR,Exceeds LPC for disposal at reference.
-99.0,SFO,PPEA20,Comp-20V,5_NC_SP,SP,TUBBS,NC,NSR,Exceeds LPC for disposal at reference.
-99.0,SFO,PPEA3,Comp-3B,1_AA_SP,SP,SF-DODS,AA,NSR,NA
-99.0,SFO,PPEA3,Comp-3B,1_AA_SP,SP,SSFB-N,AA,NSR,NA
-99.0,SFO,PPEA3,Comp-3B,1_AA_SP,SP,TUBBS,AA,NSR,NA
-99.0,SFO,PPEA3,Comp-3B,1_EE_SP,SP,SF-DODS,EE,TBD,NA
-99.0,SFO,PPEA3,Comp-3B,1_EE_SP,SP,SSFB-N,EE,SR,NA
-99.0,SFO,PPEA3,Comp-3B,1_EE_SP,SP,TUBBS,EE,TBD,NA
-99.0,SFO,PPEA3,Comp-3B,1_EE_SP_R,SP,SF-DODS,EE,TBD,NA
-99.0,SFO,PPEA3,Comp-3B,1_EE_SP_R,SP,SSFB-N,EE,SR,NA
-99.0,SFO,PPEA3,Comp-3B,1_EE_SP_R,SP,TUBBS,EE,TBD,NA
-99.0,SFO,PPEA3,Comp-3B,1_MB_SP_10D,SP,SF-DODS,MB,NSR,NA
-99.0,SFO,PPEA3,Comp-3B,1_MB_SP_10D,SP,SSFB-N,MB,NSR,NA
-99.0,SFO,PPEA3,Comp-3B,1_MB_SP_10D,SP,TUBBS,MB,NSR,NA
-99.0,SFO,PPEA3,Comp-3B,1_NC_SP,SP,SF-DODS,NC,NSR,Exceeds LPC for disposal at reference.
-99.0,SFO,PPEA3,Comp-3B,1_NC_SP,SP,SSFB-N,NC,SR,Exceeds LPC for disposal at reference.
-99.0,SFO,PPEA3,Comp-3B,1_NC_SP,SP,TUBBS,NC,SR,Exceeds LPC for disposal at reference.
-99.0,SFO,PPEA3,Comp-3T,1_AA_SP,SP,SF-DODS,AA,NSR,NA
-99.0,SFO,PPEA3,Comp-3T,1_AA_SP,SP,SSFB-N,AA,NSR,NA
-99.0,SFO,PPEA3,Comp-3T,1_AA_SP,SP,TUBBS,AA,NSR,NA
-99.0,SFO,PPEA3,Comp-3T,1_EE_SP,SP,SF-DODS,EE,TBD,NA
-99.0,SFO,PPEA3,Comp-3T,1_EE_SP,SP,SSFB-N,EE,SR,NA
-99.0,SFO,PPEA3,Comp-3T,1_EE_SP,SP,TUBBS,EE,TBD,NA
-99.0,SFO,PPEA3,Comp-3T,1_EE_SP_R,SP,SF-DODS,EE,TBD,NA
-99.0,SFO,PPEA3,Comp-3T,1_EE_SP_R,SP,SSFB-N,EE,SR,NA
-99.0,SFO,PPEA3,Comp-3T,1_EE_SP_R,SP,TUBBS,EE,TBD,NA
-99.0,SFO,PPEA3,Comp-3T,1_MB_SP_10D,SP,SF-DODS,MB,NSR,NA
-99.0,SFO,PPEA3,Comp-3T,1_MB_SP_10D,SP,SSFB-N,MB,NSR,NA
-99.0,SFO,PPEA3,Comp-3T,1_MB_SP_10D,SP,TUBBS,MB,NSR,NA
-99.0,SFO,PPEA3,Comp-3T,1_NC_SP,SP,SF-DODS,NC,NSR,Exceeds LPC for disposal at reference.
-99.0,SFO,PPEA3,Comp-3T,1_NC_SP,SP,SSFB-N,NC,NSR,Exceeds LPC for disposal at reference.
-99.0,SFO,PPEA3,Comp-3T,1_NC_SP,SP,TUBBS,NC,NSR,Exceeds LPC for disposal at reference.
-99.0,SFO,PPEA3,Comp-3V,1_AA_SP,SP,SF-DODS,AA,NSR,NA
-99.0,SFO,PPEA3,Comp-3V,1_AA_SP,SP,SSFB-N,AA,NSR,NA
-99.0,SFO,PPEA3,Comp-3V,1_AA_SP,SP,TUBBS,AA,NSR,NA
-99.0,SFO,PPEA3,Comp-3V,1_EE_SP,SP,SF-DODS,EE,TBD,NA
-99.0,SFO,PPEA3,Comp-3V,1_EE_SP,SP,SSFB-N,EE,SR,NA
-99.0,SFO,PPEA3,Comp-3V,1_EE_SP,SP,TUBBS,EE,TBD,NA
-99.0,SFO,PPEA3,Comp-3V,1_EE_SP_R,SP,SF-DODS,EE,TBD,NA
-99.0,SFO,PPEA3,Comp-3V,1_EE_SP_R,SP,SSFB-N,EE,SR,NA
-99.0,SFO,PPEA3,Comp-3V,1_EE_SP_R,SP,TUBBS,EE,TBD,NA
-99.0,SFO,PPEA3,Comp-3V,1_MB_SP_10D,SP,SF-DODS,MB,NSR,NA
-99.0,SFO,PPEA3,Comp-3V,1_MB_SP_10D,SP,SSFB-N,MB,NSR,NA
-99.0,SFO,PPEA3,Comp-3V,1_MB_SP_10D,SP,TUBBS,MB,NSR,NA
-99.0,SFO,PPEA3,Comp-3V,1_NC_SP,SP,SF-DODS,NC,NSR,Exceeds LPC for disposal at reference.
-99.0,SFO,PPEA3,Comp-3V,1_NC_SP,SP,SSFB-N,NC,NSR,Exceeds LPC for disposal at reference.
-99.0,SFO,PPEA3,Comp-3V,1_NC_SP,SP,TUBBS,NC,NSR,Exceeds LPC for disposal at reference.
-99.0,SFO,PPEA4,Comp-4T,1_AA_SP,SP,SF-DODS,AA,NSR,NA
-99.0,SFO,PPEA4,Comp-4T,1_AA_SP,SP,SSFB-N,AA,NSR,NA
-99.0,SFO,PPEA4,Comp-4T,1_AA_SP,SP,TUBBS,AA,NSR,NA
-99.0,SFO,PPEA4,Comp-4T,1_EE_SP,SP,SF-DODS,EE,TBD,NA
-99.0,SFO,PPEA4,Comp-4T,1_EE_SP,SP,SSFB-N,EE,SR,NA
-99.0,SFO,PPEA4,Comp-4T,1_EE_SP,SP,TUBBS,EE,TBD,NA
-99.0,SFO,PPEA4,Comp-4T,1_EE_SP_R,SP,SF-DODS,EE,TBD,NA
-99.0,SFO,PPEA4,Comp-4T,1_EE_SP_R,SP,SSFB-N,EE,SR,NA
-99.0,SFO,PPEA4,Comp-4T,1_EE_SP_R,SP,TUBBS,EE,TBD,NA
-99.0,SFO,PPEA4,Comp-4T,1_MB_SP_10D,SP,SF-DODS,MB,NSR,NA
-99.0,SFO,PPEA4,Comp-4T,1_MB_SP_10D,SP,SSFB-N,MB,NSR,NA
-99.0,SFO,PPEA4,Comp-4T,1_MB_SP_10D,SP,TUBBS,MB,NSR,NA
-99.0,SFO,PPEA4,Comp-4T,4_NC_SP,SP,SF-DODS,NC,NSR,Exceeds LPC for disposal at reference.
-99.0,SFO,PPEA4,Comp-4T,4_NC_SP,SP,SSFB-N,NC,NSR,Exceeds LPC for disposal at reference.
-99.0,SFO,PPEA4,Comp-4T,4_NC_SP,SP,TUBBS,NC,NSR,Exceeds LPC for disposal at reference.
-99.0,SFO,PPEA4,Comp-4V,1_AA_SP,SP,SF-DODS,AA,NSR,NA
-99.0,SFO,PPEA4,Comp-4V,1_AA_SP,SP,SSFB-N,AA,NSR,NA
-99.0,SFO,PPEA4,Comp-4V,1_AA_SP,SP,TUBBS,AA,NSR,NA
-99.0,SFO,PPEA4,Comp-4V,1_EE_SP,SP,SF-DODS,EE,TBD,NA
-99.0,SFO,PPEA4,Comp-4V,1_EE_SP,SP,SSFB-N,EE,SR,NA
-99.0,SFO,PPEA4,Comp-4V,1_EE_SP,SP,TUBBS,EE,TBD,NA
-99.0,SFO,PPEA4,Comp-4V,1_EE_SP_R,SP,SF-DODS,EE,TBD,NA
-99.0,SFO,PPEA4,Comp-4V,1_EE_SP_R,SP,SSFB-N,EE,SR,NA
-99.0,SFO,PPEA4,Comp-4V,1_EE_SP_R,SP,TUBBS,EE,TBD,NA
-99.0,SFO,PPEA4,Comp-4V,1_MB_SP_10D,SP,SF-DODS,MB,NSR,NA
-99.0,SFO,PPEA4,Comp-4V,1_MB_SP_10D,SP,SSFB-N,MB,NSR,NA
-99.0,SFO,PPEA4,Comp-4V,1_MB_SP_10D,SP,TUBBS,MB,NSR,NA
-99.0,SFO,PPEA4,Comp-4V,4_NC_SP,SP,SF-DODS,NC,NSR,Exceeds LPC for disposal at reference.
-99.0,SFO,PPEA4,Comp-4V,4_NC_SP,SP,SSFB-N,NC,NSR,Exceeds LPC for disposal at reference.
-99.0,SFO,PPEA4,Comp-4V,4_NC_SP,SP,TUBBS,NC,SR,Exceeds LPC for disposal at reference.
-99.0,SFO,PPEA5,Comp-5B,3_EE_SP,SP,SF-DODS,EE,TBD,NA
-99.0,SFO,PPEA5,Comp-5B,3_EE_SP,SP,SSFB-N,EE,SR,NA
-99.0,SFO,PPEA5,Comp-5B,3_EE_SP,SP,TUBBS,EE,TBD,NA
-99.0,SFO,PPEA5,Comp-5B,3_MB_SP_10D,SP,SF-DODS,MB,NSR,NA
-99.0,SFO,PPEA5,Comp-5B,3_MB_SP_10D,SP,SSFB-N,MB,NSR,NA
-99.0,SFO,PPEA5,Comp-5B,3_MB_SP_10D,SP,TUBBS,MB,NSR,NA
-99.0,SFO,PPEA5,Comp-5B,4_NC_SP,SP,SF-DODS,NC,NSR,Exceeds LPC for disposal at reference.
-99.0,SFO,PPEA5,Comp-5B,4_NC_SP,SP,SSFB-N,NC,NSR,Exceeds LPC for disposal at reference.
-99.0,SFO,PPEA5,Comp-5B,4_NC_SP,SP,TUBBS,NC,SR,Exceeds LPC for disposal at reference.
-99.0,SFO,PPEA5,Comp-5B,5_AA_SP,SP,SF-DODS,AA,NSR,NA
-99.0,SFO,PPEA5,Comp-5B,5_AA_SP,SP,SSFB-N,AA,NSR,NA
-99.0,SFO,PPEA5,Comp-5B,5_AA_SP,SP,TUBBS,AA,NSR,NA
-99.0,SFO,PPEA5,Comp-5T,2_AA_SP,SP,SF-DODS,AA,NSR,NA
-99.0,SFO,PPEA5,Comp-5T,2_AA_SP,SP,SSFB-N,AA,NSR,NA
-99.0,SFO,PPEA5,Comp-5T,2_AA_SP,SP,TUBBS,AA,NSR,NA
-99.0,SFO,PPEA5,Comp-5T,3_EE_SP,SP,SF-DODS,EE,TBD,NA
-99.0,SFO,PPEA5,Comp-5T,3_EE_SP,SP,SSFB-N,EE,SR,NA
-99.0,SFO,PPEA5,Comp-5T,3_EE_SP,SP,TUBBS,EE,TBD,NA
-99.0,SFO,PPEA5,Comp-5T,3_MB_SP_10D,SP,SF-DODS,MB,NSR,NA
-99.0,SFO,PPEA5,Comp-5T,3_MB_SP_10D,SP,SSFB-N,MB,NSR,NA
-99.0,SFO,PPEA5,Comp-5T,3_MB_SP_10D,SP,TUBBS,MB,NSR,NA
-99.0,SFO,PPEA5,Comp-5T,4_NC_SP,SP,SF-DODS,NC,NSR,Exceeds LPC for disposal at reference.
-99.0,SFO,PPEA5,Comp-5T,4_NC_SP,SP,SSFB-N,NC,NSR,Exceeds LPC for disposal at reference.
-99.0,SFO,PPEA5,Comp-5T,4_NC_SP,SP,TUBBS,NC,NSR,Exceeds LPC for disposal at reference.
-99.0,SFO,PPEA6,Comp-6T,2_AA_SP,SP,SF-DODS,AA,NSR,NA
-99.0,SFO,PPEA6,Comp-6T,2_AA_SP,SP,SSFB-N,AA,NSR,NA
-99.0,SFO,PPEA6,Comp-6T,2_AA_SP,SP,TUBBS,AA,NSR,NA
-99.0,SFO,PPEA6,Comp-6T,2_EE_SP,SP,SF-DODS,EE,TBD,NA
-99.0,SFO,PPEA6,Comp-6T,2_EE_SP,SP,SSFB-N,EE,SR,NA
-99.0,SFO,PPEA6,Comp-6T,2_EE_SP,SP,TUBBS,EE,TBD,NA
-99.0,SFO,PPEA6,Comp-6T,2_MB_SP_10D,SP,SF-DODS,MB,NSR,NA
-99.0,SFO,PPEA6,Comp-6T,2_MB_SP_10D,SP,SSFB-N,MB,NSR,NA
-99.0,SFO,PPEA6,Comp-6T,2_MB_SP_10D,SP,TUBBS,MB,NSR,NA
-99.0,SFO,PPEA6,Comp-6T,4_NC_SP,SP,SF-DODS,NC,NSR,Exceeds LPC for disposal at reference.
-99.0,SFO,PPEA6,Comp-6T,4_NC_SP,SP,SSFB-N,NC,NSR,Exceeds LPC for disposal at reference.
-99.0,SFO,PPEA6,Comp-6T,4_NC_SP,SP,TUBBS,NC,NSR,Exceeds LPC for disposal at reference.
-99.0,SFO,PPEA6,Comp-6V,2_AA_SP,SP,SF-DODS,AA,NSR,NA
-99.0,SFO,PPEA6,Comp-6V,2_AA_SP,SP,SSFB-N,AA,NSR,NA
-99.0,SFO,PPEA6,Comp-6V,2_AA_SP,SP,TUBBS,AA,NSR,NA
-99.0,SFO,PPEA6,Comp-6V,2_EE_SP,SP,SF-DODS,EE,TBD,NA
-99.0,SFO,PPEA6,Comp-6V,2_EE_SP,SP,SSFB-N,EE,SR,NA
-99.0,SFO,PPEA6,Comp-6V,2_EE_SP,SP,TUBBS,EE,TBD,NA
-99.0,SFO,PPEA6,Comp-6V,2_MB_SP_10D,SP,SF-DODS,MB,NSR,NA
-99.0,SFO,PPEA6,Comp-6V,2_MB_SP_10D,SP,SSFB-N,MB,NSR,NA
-99.0,SFO,PPEA6,Comp-6V,2_MB_SP_10D,SP,TUBBS,MB,NSR,NA
-99.0,SFO,PPEA6,Comp-6V,4_NC_SP,SP,SF-DODS,NC,NSR,Exceeds LPC for disposal at reference.
-99.0,SFO,PPEA6,Comp-6V,4_NC_SP,SP,SSFB-N,NC,NSR,Exceeds LPC for disposal at reference.
-99.0,SFO,PPEA6,Comp-6V,4_NC_SP,SP,TUBBS,NC,NSR,Exceeds LPC for disposal at reference.
-99.0,SFO,PPEA7,Comp-7T,2_AA_SP,SP,SF-DODS,AA,NSR,NA
-99.0,SFO,PPEA7,Comp-7T,2_AA_SP,SP,SSFB-N,AA,NSR,NA
-99.0,SFO,PPEA7,Comp-7T,2_AA_SP,SP,TUBBS,AA,NSR,NA
-99.0,SFO,PPEA7,Comp-7T,2_EE_SP,SP,SF-DODS,EE,TBD,NA
-99.0,SFO,PPEA7,Comp-7T,2_EE_SP,SP,SSFB-N,EE,SR,NA
-99.0,SFO,PPEA7,Comp-7T,2_EE_SP,SP,TUBBS,EE,TBD,NA
-99.0,SFO,PPEA7,Comp-7T,2_MB_SP_10D,SP,SF-DODS,MB,NSR,NA
-99.0,SFO,PPEA7,Comp-7T,2_MB_SP_10D,SP,SSFB-N,MB,NSR,NA
-99.0,SFO,PPEA7,Comp-7T,2_MB_SP_10D,SP,TUBBS,MB,NSR,NA
-99.0,SFO,PPEA7,Comp-7T,4_NC_SP,SP,SF-DODS,NC,NSR,Exceeds LPC for disposal at reference.
-99.0,SFO,PPEA7,Comp-7T,4_NC_SP,SP,SSFB-N,NC,NSR,Exceeds LPC for disposal at reference.
-99.0,SFO,PPEA7,Comp-7T,4_NC_SP,SP,TUBBS,NC,NSR,Exceeds LPC for disposal at reference.
-99.0,SFO,PPEA7,Comp-7V,2_EE_SP,SP,SF-DODS,EE,TBD,NA
-99.0,SFO,PPEA7,Comp-7V,2_EE_SP,SP,SSFB-N,EE,SR,NA
-99.0,SFO,PPEA7,Comp-7V,2_EE_SP,SP,TUBBS,EE,TBD,NA
-99.0,SFO,PPEA7,Comp-7V,2_MB_SP_10D,SP,SF-DODS,MB,NSR,NA
-99.0,SFO,PPEA7,Comp-7V,2_MB_SP_10D,SP,SSFB-N,MB,NSR,NA
-99.0,SFO,PPEA7,Comp-7V,2_MB_SP_10D,SP,TUBBS,MB,NSR,NA
-99.0,SFO,PPEA7,Comp-7V,3_AA_SP,SP,SF-DODS,AA,NSR,NA
-99.0,SFO,PPEA7,Comp-7V,3_AA_SP,SP,SSFB-N,AA,NSR,NA
-99.0,SFO,PPEA7,Comp-7V,3_AA_SP,SP,TUBBS,AA,NSR,NA
-99.0,SFO,PPEA7,Comp-7V,4_NC_SP,SP,SF-DODS,NC,NSR,Exceeds LPC for disposal at reference.
-99.0,SFO,PPEA7,Comp-7V,4_NC_SP,SP,SSFB-N,NC,NSR,Exceeds LPC for disposal at reference.
-99.0,SFO,PPEA7,Comp-7V,4_NC_SP,SP,TUBBS,NC,NSR,Exceeds LPC for disposal at reference.
-99.0,SFO,PPEA8,Comp-8B,1_NC_SP,SP,SF-DODS,NC,NSR,Exceeds LPC for disposal at reference.
-99.0,SFO,PPEA8,Comp-8B,1_NC_SP,SP,SSFB-N,NC,NSR,Exceeds LPC for disposal at reference.
-99.0,SFO,PPEA8,Comp-8B,1_NC_SP,SP,TUBBS,NC,SR,Exceeds LPC for disposal at reference.
-99.0,SFO,PPEA8,Comp-8B,2_EE_SP,SP,SF-DODS,EE,TBD,NA
-99.0,SFO,PPEA8,Comp-8B,2_EE_SP,SP,SSFB-N,EE,SR,NA
-99.0,SFO,PPEA8,Comp-8B,2_EE_SP,SP,TUBBS,EE,TBD,NA
-99.0,SFO,PPEA8,Comp-8B,2_MB_SP_10D,SP,SF-DODS,MB,NSR,NA
-99.0,SFO,PPEA8,Comp-8B,2_MB_SP_10D,SP,SSFB-N,MB,NSR,NA
-99.0,SFO,PPEA8,Comp-8B,2_MB_SP_10D,SP,TUBBS,MB,NSR,NA
-99.0,SFO,PPEA8,Comp-8B,4_AA_SP,SP,SF-DODS,AA,NSR,NA
-99.0,SFO,PPEA8,Comp-8B,4_AA_SP,SP,SSFB-N,AA,NSR,NA
-99.0,SFO,PPEA8,Comp-8B,4_AA_SP,SP,TUBBS,AA,NSR,NA
-99.0,SFO,PPEA8,Comp-8T,1_AA_SP,SP,SF-DODS,AA,NSR,NA
-99.0,SFO,PPEA8,Comp-8T,1_AA_SP,SP,SSFB-N,AA,NSR,NA
-99.0,SFO,PPEA8,Comp-8T,1_AA_SP,SP,TUBBS,AA,NSR,NA
-99.0,SFO,PPEA8,Comp-8T,1_EE_SP,SP,SF-DODS,EE,TBD,NA
-99.0,SFO,PPEA8,Comp-8T,1_EE_SP,SP,SSFB-N,EE,SR,NA
-99.0,SFO,PPEA8,Comp-8T,1_EE_SP,SP,TUBBS,EE,TBD,NA
-99.0,SFO,PPEA8,Comp-8T,1_EE_SP_R,SP,SF-DODS,EE,TBD,NA
-99.0,SFO,PPEA8,Comp-8T,1_EE_SP_R,SP,SSFB-N,EE,SR,NA
-99.0,SFO,PPEA8,Comp-8T,1_EE_SP_R,SP,TUBBS,EE,TBD,NA
-99.0,SFO,PPEA8,Comp-8T,1_MB_SP_10D,SP,SF-DODS,MB,NSR,NA
-99.0,SFO,PPEA8,Comp-8T,1_MB_SP_10D,SP,SSFB-N,MB,NSR,NA
-99.0,SFO,PPEA8,Comp-8T,1_MB_SP_10D,SP,TUBBS,MB,NSR,NA
-99.0,SFO,PPEA8,Comp-8T,1_NC_SP,SP,SF-DODS,NC,NSR,Exceeds LPC for disposal at reference.
-99.0,SFO,PPEA8,Comp-8T,1_NC_SP,SP,SSFB-N,NC,NSR,Exceeds LPC for disposal at reference.
-99.0,SFO,PPEA8,Comp-8T,1_NC_SP,SP,TUBBS,NC,NSR,Exceeds LPC for disposal at reference.
-99.0,SFO,PPEA8,Comp-8V,1_AA_SP,SP,SF-DODS,AA,NSR,NA
-99.0,SFO,PPEA8,Comp-8V,1_AA_SP,SP,SSFB-N,AA,NSR,NA
-99.0,SFO,PPEA8,Comp-8V,1_AA_SP,SP,TUBBS,AA,NSR,NA
-99.0,SFO,PPEA8,Comp-8V,1_EE_SP,SP,SF-DODS,EE,TBD,NA
-99.0,SFO,PPEA8,Comp-8V,1_EE_SP,SP,SSFB-N,EE,SR,NA
-99.0,SFO,PPEA8,Comp-8V,1_EE_SP,SP,TUBBS,EE,TBD,NA
-99.0,SFO,PPEA8,Comp-8V,1_EE_SP_R,SP,SF-DODS,EE,TBD,NA
-99.0,SFO,PPEA8,Comp-8V,1_EE_SP_R,SP,SSFB-N,EE,SR,NA
-99.0,SFO,PPEA8,Comp-8V,1_EE_SP_R,SP,TUBBS,EE,TBD,NA
-99.0,SFO,PPEA8,Comp-8V,1_MB_SP_10D,SP,SF-DODS,MB,NSR,NA
-99.0,SFO,PPEA8,Comp-8V,1_MB_SP_10D,SP,SSFB-N,MB,NSR,NA
-99.0,SFO,PPEA8,Comp-8V,1_MB_SP_10D,SP,TUBBS,MB,NSR,NA
-99.0,SFO,PPEA8,Comp-8V,4_NC_SP,SP,SF-DODS,NC,NSR,Exceeds LPC for disposal at reference.
-99.0,SFO,PPEA8,Comp-8V,4_NC_SP,SP,SSFB-N,NC,NSR,Exceeds LPC for disposal at reference.
-99.0,SFO,PPEA8,Comp-8V,4_NC_SP,SP,TUBBS,NC,NSR,Exceeds LPC for disposal at reference.
-99.0,SFO,PPEA9,Comp-9T,2_AA_SP,SP,SF-DODS,AA,NSR,NA
-99.0,SFO,PPEA9,Comp-9T,2_AA_SP,SP,SSFB-N,AA,NSR,NA
-99.0,SFO,PPEA9,Comp-9T,2_AA_SP,SP,TUBBS,AA,NSR,NA
-99.0,SFO,PPEA9,Comp-9T,2_EE_SP,SP,SF-DODS,EE,TBD,NA
-99.0,SFO,PPEA9,Comp-9T,2_EE_SP,SP,SSFB-N,EE,SR,NA
-99.0,SFO,PPEA9,Comp-9T,2_EE_SP,SP,TUBBS,EE,TBD,NA
-99.0,SFO,PPEA9,Comp-9T,2_MB_SP_10D,SP,SF-DODS,MB,NSR,NA
-99.0,SFO,PPEA9,Comp-9T,2_MB_SP_10D,SP,SSFB-N,MB,NSR,NA
-99.0,SFO,PPEA9,Comp-9T,2_MB_SP_10D,SP,TUBBS,MB,NSR,NA
-99.0,SFO,PPEA9,Comp-9T,4_NC_SP,SP,SF-DODS,NC,NSR,Exceeds LPC for disposal at reference.
-99.0,SFO,PPEA9,Comp-9T,4_NC_SP,SP,SSFB-N,NC,NSR,Exceeds LPC for disposal at reference.
-99.0,SFO,PPEA9,Comp-9T,4_NC_SP,SP,TUBBS,NC,NSR,Exceeds LPC for disposal at reference.
-99.0,SFO,PPEA9,Comp-9V,2_AA_SP,SP,SF-DODS,AA,NSR,NA
-99.0,SFO,PPEA9,Comp-9V,2_AA_SP,SP,SSFB-N,AA,NSR,NA
-99.0,SFO,PPEA9,Comp-9V,2_AA_SP,SP,TUBBS,AA,NSR,NA
-99.0,SFO,PPEA9,Comp-9V,3_EE_SP,SP,SF-DODS,EE,TBD,NA
-99.0,SFO,PPEA9,Comp-9V,3_EE_SP,SP,SSFB-N,EE,SR,NA
-99.0,SFO,PPEA9,Comp-9V,3_EE_SP,SP,TUBBS,EE,TBD,NA
-99.0,SFO,PPEA9,Comp-9V,3_MB_SP_10D,SP,SF-DODS,MB,NSR,NA
-99.0,SFO,PPEA9,Comp-9V,3_MB_SP_10D,SP,SSFB-N,MB,NSR,NA
-99.0,SFO,PPEA9,Comp-9V,3_MB_SP_10D,SP,TUBBS,MB,NSR,NA
-99.0,SFO,PPEA9,Comp-9V,4_NC_SP,SP,SF-DODS,NC,NSR,Exceeds LPC for disposal at reference.
-99.0,SFO,PPEA9,Comp-9V,4_NC_SP,SP,SSFB-N,NC,NSR,Exceeds LPC for disposal at reference.
-99.0,SFO,PPEA9,Comp-9V,4_NC_SP,SP,TUBBS,NC,NSR,Exceeds LPC for disposal at reference.
-99.0,SFO,PRB21,Comp-21B,5_AA_SP,SP,SF-DODS,AA,NSR,NA
-99.0,SFO,PRB21,Comp-21B,5_AA_SP,SP,SSFB-N,AA,NSR,NA
-99.0,SFO,PRB21,Comp-21B,5_AA_SP,SP,TUBBS,AA,NSR,NA
-99.0,SFO,PRB21,Comp-21B,5_EE_SP,SP,SF-DODS,EE,TBD,NA
-99.0,SFO,PRB21,Comp-21B,5_EE_SP,SP,SSFB-N,EE,SR,NA
-99.0,SFO,PRB21,Comp-21B,5_EE_SP,SP,TUBBS,EE,TBD,NA
-99.0,SFO,PRB21,Comp-21B,5_MB_SP_10D,SP,SF-DODS,MB,NSR,NA
-99.0,SFO,PRB21,Comp-21B,5_MB_SP_10D,SP,SSFB-N,MB,NSR,NA
-99.0,SFO,PRB21,Comp-21B,5_MB_SP_10D,SP,TUBBS,MB,NSR,NA
-99.0,SFO,PRB21,Comp-21B,5_NC_SP,SP,SF-DODS,NC,NSR,Exceeds LPC for disposal at reference.
-99.0,SFO,PRB21,Comp-21B,5_NC_SP,SP,SSFB-N,NC,NSR,Exceeds LPC for disposal at reference.
-99.0,SFO,PRB21,Comp-21B,5_NC_SP,SP,TUBBS,NC,NSR,Exceeds LPC for disposal at reference.
-99.0,SFO,PRB21,Comp-21T,4_AA_SP,SP,SF-DODS,AA,NSR,NA
-99.0,SFO,PRB21,Comp-21T,4_AA_SP,SP,SSFB-N,AA,NSR,NA
-99.0,SFO,PRB21,Comp-21T,4_AA_SP,SP,TUBBS,AA,NSR,NA
-99.0,SFO,PRB21,Comp-21T,5_EE_SP,SP,SF-DODS,EE,TBD,NA
-99.0,SFO,PRB21,Comp-21T,5_EE_SP,SP,SSFB-N,EE,SR,NA
-99.0,SFO,PRB21,Comp-21T,5_EE_SP,SP,TUBBS,EE,TBD,NA
-99.0,SFO,PRB21,Comp-21T,5_MB_SP_10D,SP,SF-DODS,MB,NSR,NA
-99.0,SFO,PRB21,Comp-21T,5_MB_SP_10D,SP,SSFB-N,MB,NSR,NA
-99.0,SFO,PRB21,Comp-21T,5_MB_SP_10D,SP,TUBBS,MB,NSR,NA
-99.0,SFO,PRB21,Comp-21T,5_NC_SP,SP,SF-DODS,NC,NSR,Exceeds LPC for disposal at reference.
-99.0,SFO,PRB21,Comp-21T,5_NC_SP,SP,SSFB-N,NC,NSR,Exceeds LPC for disposal at reference.
-99.0,SFO,PRB21,Comp-21T,5_NC_SP,SP,TUBBS,NC,NSR,Exceeds LPC for disposal at reference.
-99.0,SFO,PRB22,Comp-22B,4_AA_SP,SP,SF-DODS,AA,NSR,NA
-99.0,SFO,PRB22,Comp-22B,4_AA_SP,SP,SSFB-N,AA,NSR,NA
-99.0,SFO,PRB22,Comp-22B,4_AA_SP,SP,TUBBS,AA,NSR,NA
-99.0,SFO,PRB22,Comp-22B,5_EE_SP,SP,SF-DODS,EE,TBD,NA
-99.0,SFO,PRB22,Comp-22B,5_EE_SP,SP,SSFB-N,EE,SR,NA
-99.0,SFO,PRB22,Comp-22B,5_EE_SP,SP,TUBBS,EE,TBD,NA
-99.0,SFO,PRB22,Comp-22B,5_MB_SP_10D,SP,SF-DODS,MB,NSR,NA
-99.0,SFO,PRB22,Comp-22B,5_MB_SP_10D,SP,SSFB-N,MB,NSR,NA
-99.0,SFO,PRB22,Comp-22B,5_MB_SP_10D,SP,TUBBS,MB,NSR,NA
-99.0,SFO,PRB22,Comp-22B,5_NC_SP,SP,SF-DODS,NC,NSR,Exceeds LPC for disposal at reference.
-99.0,SFO,PRB22,Comp-22B,5_NC_SP,SP,SSFB-N,NC,NSR,Exceeds LPC for disposal at reference.
-99.0,SFO,PRB22,Comp-22B,5_NC_SP,SP,TUBBS,NC,NSR,Exceeds LPC for disposal at reference.
-99.0,SFO,PRB22,Comp-22T,4_AA_SP,SP,SF-DODS,AA,NSR,NA
-99.0,SFO,PRB22,Comp-22T,4_AA_SP,SP,SSFB-N,AA,NSR,NA
-99.0,SFO,PRB22,Comp-22T,4_AA_SP,SP,TUBBS,AA,NSR,NA
-99.0,SFO,PRB22,Comp-22T,5_EE_SP,SP,SF-DODS,EE,TBD,NA
-99.0,SFO,PRB22,Comp-22T,5_EE_SP,SP,SSFB-N,EE,SR,NA
-99.0,SFO,PRB22,Comp-22T,5_EE_SP,SP,TUBBS,EE,TBD,NA
-99.0,SFO,PRB22,Comp-22T,5_MB_SP_10D,SP,SF-DODS,MB,NSR,NA
-99.0,SFO,PRB22,Comp-22T,5_MB_SP_10D,SP,SSFB-N,MB,NSR,NA
-99.0,SFO,PRB22,Comp-22T,5_MB_SP_10D,SP,TUBBS,MB,NSR,NA
-99.0,SFO,PRB22,Comp-22T,5_NC_SP,SP,SF-DODS,NC,NSR,Exceeds LPC for disposal at reference.
-99.0,SFO,PRB22,Comp-22T,5_NC_SP,SP,SSFB-N,NC,NSR,Exceeds LPC for disposal at reference.
-99.0,SFO,PRB22,Comp-22T,5_NC_SP,SP,TUBBS,NC,NSR,Exceeds LPC for disposal at reference.
-99.0,SUIS_BULLHD,BHC-A-L,BHC-A-L,SP_Static_EE,SP,Alc-Env,EE,NSR,"Dunnett's Test, alpha=0.05"
-99.0,SUIS_BULLHD,BHC-A-L,BHC-A-L,SP_Static_EE,SP,BayFarm,EE,NSR,"Dunnett's Test, alpha=0.05"
-99.0,SUIS_BULLHD,BHC-A-L,BHC-A-L,SP_Static_RA,REB,Alc-Env,RA,NSR,"Dunnett's Test, alpha=0.05"
-99.0,SUIS_BULLHD,BHC-A-L,BHC-A-L,SP_Static_RA,REB,BayFarm,RA,NSR,"Dunnett's Test, alpha=0.05"
-99.0,SUIS_BULLHD,BHC-A-L,BHC-A-L,SP_Static_RA,SP,Alc-Env,RA,NSR,"Dunnett's Test, alpha=0.05"
-99.0,SUIS_BULLHD,BHC-A-L,BHC-A-L,SP_Static_RA,SP,BayFarm,RA,NSR,"Dunnett's Test, alpha=0.05"
-99.0,SUIS_BULLHD,BHC-A-U,BHC-A-U,SP_Static_EE,SP,Alc-Env,EE,NSR,"Dunnett's Test, alpha=0.05"
-99.0,SUIS_BULLHD,BHC-A-U,BHC-A-U,SP_Static_EE,SP,BayFarm,EE,NSR,"Dunnett's Test, alpha=0.05"
-99.0,SUIS_BULLHD,BHC-A-U,BHC-A-U,SP_Static_RA,REB,Alc-Env,RA,NSR,"Dunnett's Test, alpha=0.05"
-99.0,SUIS_BULLHD,BHC-A-U,BHC-A-U,SP_Static_RA,REB,BayFarm,RA,NSR,"Dunnett's Test, alpha=0.05"
-99.0,SUIS_BULLHD,BHC-A-U,BHC-A-U,SP_Static_RA,SP,Alc-Env,RA,NSR,"Dunnett's Test, alpha=0.05"
-99.0,SUIS_BULLHD,BHC-A-U,BHC-A-U,SP_Static_RA,SP,BayFarm,RA,NSR,"Dunnett's Test, alpha=0.05"
-99.0,SUIS_BULLHD,BHC-B,BHC-B,SP_Static_EE,SP,Alc-Env,EE,SR,"Dunnett's Test, alpha=0.05"
-99.0,SUIS_BULLHD,BHC-B,BHC-B,SP_Static_EE,SP,BayFarm,EE,NSR,"Dunnett's Test, alpha=0.05"
-99.0,SUIS_BULLHD,BHC-B,BHC-B,SP_Static_RA,REB,Alc-Env,RA,SR,"Dunnett's Test, alpha=0.05"
-99.0,SUIS_BULLHD,BHC-B,BHC-B,SP_Static_RA,REB,BayFarm,RA,NSR,"Dunnett's Test, alpha=0.05"
-99.0,SUIS_BULLHD,BHC-B,BHC-B,SP_Static_RA,SP,Alc-Env,RA,SR,"Dunnett's Test, alpha=0.05"
-99.0,SUIS_BULLHD,BHC-B,BHC-B,SP_Static_RA,SP,BayFarm,RA,NSR,"Dunnett's Test, alpha=0.05"
-99.0,SUIS_BULLHD,TB-C,TB-C,SP_Static_EE,SP,Alc-Env,EE,NSR,"Dunnett's Test, alpha=0.05"
-99.0,SUIS_BULLHD,TB-C,TB-C,SP_Static_EE,SP,BayFarm,EE,NSR,"Dunnett's Test, alpha=0.05"
-99.0,SUIS_BULLHD,TB-C,TB-C,SP_Static_RA,REB,Alc-Env,RA,NSR,"Dunnett's Test, alpha=0.05"
-99.0,SUIS_BULLHD,TB-C,TB-C,SP_Static_RA,REB,BayFarm,RA,NSR,"Dunnett's Test, alpha=0.05"
-99.0,SUIS_BULLHD,TB-C,TB-C,SP_Static_RA,SP,Alc-Env,RA,NSR,"Dunnett's Test, alpha=0.05"
-99.0,SUIS_BULLHD,TB-C,TB-C,SP_Static_RA,SP,BayFarm,RA,NSR,"Dunnett's Test, alpha=0.05"
-99.0,SUIS_BULLHD,TB-D-L,TB-D-L,SP_Static_EE,SP,Alc-Env,EE,NSR,"Dunnett's Test, alpha=0.05"
-99.0,SUIS_BULLHD,TB-D-L,TB-D-L,SP_Static_EE,SP,BayFarm,EE,NSR,"Dunnett's Test, alpha=0.05"
-99.0,SUIS_BULLHD,TB-D-L,TB-D-L,SP_Static_RA,REB,Alc-Env,RA,NSR,"Dunnett's Test, alpha=0.05"
-99.0,SUIS_BULLHD,TB-D-L,TB-D-L,SP_Static_RA,REB,BayFarm,RA,NSR,"Dunnett's Test, alpha=0.05"
-99.0,SUIS_BULLHD,TB-D-L,TB-D-L,SP_Static_RA,SP,Alc-Env,RA,NSR,"Dunnett's Test, alpha=0.05"
-99.0,SUIS_BULLHD,TB-D-L,TB-D-L,SP_Static_RA,SP,BayFarm,RA,NSR,"Dunnett's Test, alpha=0.05"
-99.0,SUIS_BULLHD,TB-D-U,TB-D-U,SP_Static_EE,SP,Alc-Env,EE,NSR,"Dunnett's Test, alpha=0.05"
-99.0,SUIS_BULLHD,TB-D-U,TB-D-U,SP_Static_EE,SP,BayFarm,EE,NSR,"Dunnett's Test, alpha=0.05"
-99.0,SUIS_BULLHD,TB-D-U,TB-D-U,SP_Static_RA,REB,Alc-Env,RA,NSR,"Dunnett's Test, alpha=0.05"
-99.0,SUIS_BULLHD,TB-D-U,TB-D-U,SP_Static_RA,REB,BayFarm,RA,NSR,"Dunnett's Test, alpha=0.05"
-99.0,SUIS_BULLHD,TB-D-U,TB-D-U,SP_Static_RA,SP,Alc-Env,RA,NSR,"Dunnett's Test, alpha=0.05"
-99.0,SUIS_BULLHD,TB-D-U,TB-D-U,SP_Static_RA,SP,BayFarm,RA,NSR,"Dunnett's Test, alpha=0.05"
-99.0,SUIS_BULLHD,TB-E-L,TB-E-L,SP_Static_EE,SP,Alc-Env,EE,SR,"Dunnett's Test, alpha=0.05"
-99.0,SUIS_BULLHD,TB-E-L,TB-E-L,SP_Static_EE,SP,BayFarm,EE,NSR,"Dunnett's Test, alpha=0.05"
-99.0,SUIS_BULLHD,TB-E-L,TB-E-L,SP_Static_RA,REB,Alc-Env,RA,SR,"Dunnett's Test, alpha=0.05"
-99.0,SUIS_BULLHD,TB-E-L,TB-E-L,SP_Static_RA,REB,BayFarm,RA,SR,"Dunnett's Test, alpha=0.05"
-99.0,SUIS_BULLHD,TB-E-L,TB-E-L,SP_Static_RA,SP,Alc-Env,RA,SR,"Dunnett's Test, alpha=0.05"
-99.0,SUIS_BULLHD,TB-E-L,TB-E-L,SP_Static_RA,SP,BayFarm,RA,SR,"Dunnett's Test, alpha=0.05"
-99.0,SUIS_BULLHD,TB-E-L,TB-E-L-MA,SP_Static_EE,SP,Alc-Env,EE,SR,"Dunnett's Test, alpha=0.05"
-99.0,SUIS_BULLHD,TB-E-L,TB-E-L-MA,SP_Static_EE,SP,BayFarm,EE,NSR,"Dunnett's Test, alpha=0.05"
-99.0,SUIS_BULLHD,TB-E-L,TB-E-L-MA,SP_Static_RA,REB,Alc-Env,RA,SR,"Dunnett's Test, alpha=0.05"
-99.0,SUIS_BULLHD,TB-E-L,TB-E-L-MA,SP_Static_RA,REB,BayFarm,RA,NSR,"Dunnett's Test, alpha=0.05"
-99.0,SUIS_BULLHD,TB-E-L,TB-E-L-MA,SP_Static_RA,SP,Alc-Env,RA,SR,"Dunnett's Test, alpha=0.05"
-99.0,SUIS_BULLHD,TB-E-L,TB-E-L-MA,SP_Static_RA,SP,BayFarm,RA,NSR,"Dunnett's Test, alpha=0.05"
-99.0,SUIS_BULLHD,TB-E-U,TB-E-U,SP_Static_EE,SP,Alc-Env,EE,NSR,"Dunnett's Test, alpha=0.05"
-99.0,SUIS_BULLHD,TB-E-U,TB-E-U,SP_Static_EE,SP,BayFarm,EE,NSR,"Dunnett's Test, alpha=0.05"
-99.0,SUIS_BULLHD,TB-E-U,TB-E-U,SP_Static_RA,REB,Alc-Env,RA,NSR,"Dunnett's Test, alpha=0.05"
-99.0,SUIS_BULLHD,TB-E-U,TB-E-U,SP_Static_RA,REB,BayFarm,RA,NSR,"Dunnett's Test, alpha=0.05"
-99.0,SUIS_BULLHD,TB-E-U,TB-E-U,SP_Static_RA,SP,Alc-Env,RA,NSR,"Dunnett's Test, alpha=0.05"
-99.0,SUIS_BULLHD,TB-E-U,TB-E-U,SP_Static_RA,SP,BayFarm,RA,NSR,"Dunnett's Test, alpha=0.05"
